2025-05-21 22:16:16,464 - __main__ - INFO - Connected to bridge server
2025-05-21 22:16:16,464 - __main__ - INFO - Sent registration message
2025-05-21 22:16:16,464 - __main__ - ERROR - Unexpected response to registration: {'type': 'welcome', 'payload': {'client_id': '4cc97899-d933-4a8b-a09c-82736ab7ae35', 'message': 'Connected to bridge server', 'timestamp': '2025-05-21T22:16:16.463938'}}
2025-05-21 22:16:16,464 - __main__ - ERROR - Failed to register with bridge server
2025-05-21 22:16:21,469 - __main__ - INFO - Connected to bridge server
2025-05-21 22:16:21,469 - __main__ - INFO - Sent registration message
2025-05-21 22:16:21,469 - __main__ - ERROR - Unexpected response to registration: {'type': 'welcome', 'payload': {'client_id': '859cc3f9-6e4a-40ad-b27b-42155d587dde', 'message': 'Connected to bridge server', 'timestamp': '2025-05-21T22:16:21.469376'}}
2025-05-21 22:16:21,469 - __main__ - ERROR - Failed to register with bridge server
2025-05-21 22:16:26,477 - __main__ - INFO - Connected to bridge server
2025-05-21 22:16:26,477 - __main__ - INFO - Sent registration message
2025-05-21 22:16:26,477 - __main__ - ERROR - Unexpected response to registration: {'type': 'welcome', 'payload': {'client_id': '32cfd0f9-692e-474c-8c83-f31feb8b507f', 'message': 'Connected to bridge server', 'timestamp': '2025-05-21T22:16:26.476794'}}
2025-05-21 22:16:26,477 - __main__ - ERROR - Failed to register with bridge server
2025-05-21 22:16:31,481 - __main__ - INFO - Connected to bridge server
2025-05-21 22:16:31,482 - __main__ - INFO - Sent registration message
2025-05-21 22:16:31,482 - __main__ - ERROR - Unexpected response to registration: {'type': 'welcome', 'payload': {'client_id': 'eaf1e279-b9d2-437c-99ce-275f72a002a5', 'message': 'Connected to bridge server', 'timestamp': '2025-05-21T22:16:31.481324'}}
2025-05-21 22:16:31,482 - __main__ - ERROR - Failed to register with bridge server
2025-05-21 22:16:36,489 - __main__ - INFO - Connected to bridge server
2025-05-21 22:16:36,490 - __main__ - INFO - Sent registration message
2025-05-21 22:16:36,490 - __main__ - ERROR - Unexpected response to registration: {'type': 'welcome', 'payload': {'client_id': 'faced61c-f194-4673-93a6-d573f1f4a8d5', 'message': 'Connected to bridge server', 'timestamp': '2025-05-21T22:16:36.489314'}}
2025-05-21 22:16:36,490 - __main__ - ERROR - Failed to register with bridge server
2025-05-21 22:16:41,497 - __main__ - INFO - Connected to bridge server
2025-05-21 22:16:41,498 - __main__ - INFO - Sent registration message
2025-05-21 22:16:41,499 - __main__ - ERROR - Unexpected response to registration: {'type': 'welcome', 'payload': {'client_id': 'a6d4cec8-3e18-46db-bf8f-3dc0203bb4a6', 'message': 'Connected to bridge server', 'timestamp': '2025-05-21T22:16:41.497640'}}
2025-05-21 22:16:41,499 - __main__ - ERROR - Failed to register with bridge server
2025-05-21 22:16:46,505 - __main__ - INFO - Connected to bridge server
2025-05-21 22:16:46,506 - __main__ - INFO - Sent registration message
2025-05-21 22:16:46,506 - __main__ - ERROR - Unexpected response to registration: {'type': 'welcome', 'payload': {'client_id': '0dcc1fbf-d7c5-4562-bcf7-372d8430e971', 'message': 'Connected to bridge server', 'timestamp': '2025-05-21T22:16:46.505635'}}
2025-05-21 22:16:46,506 - __main__ - ERROR - Failed to register with bridge server
2025-05-21 22:16:51,514 - __main__ - INFO - Connected to bridge server
2025-05-21 22:16:51,515 - __main__ - INFO - Sent registration message
2025-05-21 22:16:51,515 - __main__ - ERROR - Unexpected response to registration: {'type': 'welcome', 'payload': {'client_id': 'd1db36e5-4917-49aa-a657-8caba3a433c5', 'message': 'Connected to bridge server', 'timestamp': '2025-05-21T22:16:51.513737'}}
2025-05-21 22:16:51,515 - __main__ - ERROR - Failed to register with bridge server
2025-05-21 22:16:56,519 - __main__ - INFO - Connected to bridge server
2025-05-21 22:16:56,520 - __main__ - INFO - Sent registration message
2025-05-21 22:16:56,520 - __main__ - ERROR - Unexpected response to registration: {'type': 'welcome', 'payload': {'client_id': '1ef097b1-b594-4e57-940b-2f19e2a55ee9', 'message': 'Connected to bridge server', 'timestamp': '2025-05-21T22:16:56.519720'}}
2025-05-21 22:16:56,520 - __main__ - ERROR - Failed to register with bridge server
2025-05-21 22:17:01,534 - __main__ - INFO - Connected to bridge server
2025-05-21 22:17:01,535 - __main__ - INFO - Sent registration message
2025-05-21 22:17:01,535 - __main__ - ERROR - Unexpected response to registration: {'type': 'welcome', 'payload': {'client_id': 'dea9d09b-e14e-424c-8b31-673ba6fd6174', 'message': 'Connected to bridge server', 'timestamp': '2025-05-21T22:17:01.533925'}}
2025-05-21 22:17:01,535 - __main__ - ERROR - Failed to register with bridge server
2025-05-21 22:17:06,542 - __main__ - INFO - Connected to bridge server
2025-05-21 22:17:06,543 - __main__ - INFO - Sent registration message
2025-05-21 22:17:06,543 - __main__ - ERROR - Unexpected response to registration: {'type': 'welcome', 'payload': {'client_id': 'e3208af1-05f9-4e43-a183-3d4a72e55643', 'message': 'Connected to bridge server', 'timestamp': '2025-05-21T22:17:06.542334'}}
2025-05-21 22:17:06,543 - __main__ - ERROR - Failed to register with bridge server
2025-05-21 22:17:11,771 - __main__ - INFO - Connected to bridge server
2025-05-21 22:17:11,772 - __main__ - INFO - Sent registration message
2025-05-21 22:17:11,772 - __main__ - ERROR - Unexpected response to registration: {'type': 'welcome', 'payload': {'client_id': '320af977-8ddb-4fb8-b74a-3f49fedfe500', 'message': 'Connected to bridge server', 'timestamp': '2025-05-21T22:17:11.770841'}}
2025-05-21 22:17:11,772 - __main__ - ERROR - Failed to register with bridge server
2025-05-21 22:17:16,778 - __main__ - INFO - Connected to bridge server
2025-05-21 22:17:16,778 - __main__ - INFO - Sent registration message
2025-05-21 22:17:16,778 - __main__ - ERROR - Unexpected response to registration: {'type': 'welcome', 'payload': {'client_id': '66c60bb2-5d33-49cf-974d-dbb340dc24a8', 'message': 'Connected to bridge server', 'timestamp': '2025-05-21T22:17:16.778152'}}
2025-05-21 22:17:16,778 - __main__ - ERROR - Failed to register with bridge server
2025-05-21 22:17:21,786 - __main__ - INFO - Connected to bridge server
2025-05-21 22:17:21,788 - __main__ - INFO - Sent registration message
2025-05-21 22:17:21,788 - __main__ - ERROR - Unexpected response to registration: {'type': 'welcome', 'payload': {'client_id': '98a4cf05-6f91-4ce9-b6ec-16f1b6a1166a', 'message': 'Connected to bridge server', 'timestamp': '2025-05-21T22:17:21.786386'}}
2025-05-21 22:17:21,788 - __main__ - ERROR - Failed to register with bridge server
2025-05-21 22:17:26,800 - __main__ - INFO - Connected to bridge server
2025-05-21 22:17:26,801 - __main__ - INFO - Sent registration message
2025-05-21 22:17:26,802 - __main__ - ERROR - Unexpected response to registration: {'type': 'welcome', 'payload': {'client_id': 'd8620bed-16d7-4deb-b045-88c585f40457', 'message': 'Connected to bridge server', 'timestamp': '2025-05-21T22:17:26.800361'}}
2025-05-21 22:17:26,802 - __main__ - ERROR - Failed to register with bridge server
2025-05-21 22:17:31,809 - __main__ - INFO - Connected to bridge server
2025-05-21 22:17:31,810 - __main__ - INFO - Sent registration message
2025-05-21 22:17:31,810 - __main__ - ERROR - Unexpected response to registration: {'type': 'welcome', 'payload': {'client_id': 'deb268f3-abcf-4daa-9226-e4cee47fc5f1', 'message': 'Connected to bridge server', 'timestamp': '2025-05-21T22:17:31.809620'}}
2025-05-21 22:17:31,811 - __main__ - ERROR - Failed to register with bridge server
2025-05-21 22:17:36,824 - __main__ - INFO - Connected to bridge server
2025-05-21 22:17:36,826 - __main__ - INFO - Sent registration message
2025-05-21 22:17:36,826 - __main__ - ERROR - Unexpected response to registration: {'type': 'welcome', 'payload': {'client_id': '6662ceee-8014-4c76-a147-317ba071dbf4', 'message': 'Connected to bridge server', 'timestamp': '2025-05-21T22:17:36.822174'}}
2025-05-21 22:17:36,826 - __main__ - ERROR - Failed to register with bridge server
2025-05-21 22:17:41,840 - __main__ - INFO - Connected to bridge server
2025-05-21 22:17:41,841 - __main__ - INFO - Sent registration message
2025-05-21 22:17:41,841 - __main__ - ERROR - Unexpected response to registration: {'type': 'welcome', 'payload': {'client_id': 'c19f9e5c-f4db-424b-ab34-d2da20e3d401', 'message': 'Connected to bridge server', 'timestamp': '2025-05-21T22:17:41.839345'}}
2025-05-21 22:17:41,841 - __main__ - ERROR - Failed to register with bridge server
2025-05-21 22:17:46,850 - __main__ - INFO - Connected to bridge server
2025-05-21 22:17:46,850 - __main__ - INFO - Sent registration message
2025-05-21 22:17:46,851 - __main__ - ERROR - Unexpected response to registration: {'type': 'welcome', 'payload': {'client_id': '268e7003-35a1-4513-9c4b-9567be36dd88', 'message': 'Connected to bridge server', 'timestamp': '2025-05-21T22:17:46.850089'}}
2025-05-21 22:17:46,851 - __main__ - ERROR - Failed to register with bridge server
2025-05-21 22:17:51,860 - __main__ - INFO - Connected to bridge server
2025-05-21 22:17:51,861 - __main__ - INFO - Sent registration message
2025-05-21 22:17:51,861 - __main__ - ERROR - Unexpected response to registration: {'type': 'welcome', 'payload': {'client_id': '9b3cf9a5-10f7-4cce-a20e-9b4f626a5c53', 'message': 'Connected to bridge server', 'timestamp': '2025-05-21T22:17:51.860073'}}
2025-05-21 22:17:51,861 - __main__ - ERROR - Failed to register with bridge server
2025-05-21 22:17:56,868 - __main__ - INFO - Connected to bridge server
2025-05-21 22:17:56,869 - __main__ - INFO - Sent registration message
2025-05-21 22:17:56,869 - __main__ - ERROR - Unexpected response to registration: {'type': 'welcome', 'payload': {'client_id': '67411bff-7252-45b6-a2da-dc65245e86d2', 'message': 'Connected to bridge server', 'timestamp': '2025-05-21T22:17:56.868491'}}
2025-05-21 22:17:56,869 - __main__ - ERROR - Failed to register with bridge server
2025-05-21 22:18:01,885 - __main__ - INFO - Connected to bridge server
2025-05-21 22:18:01,886 - __main__ - INFO - Sent registration message
2025-05-21 22:18:01,886 - __main__ - ERROR - Unexpected response to registration: {'type': 'welcome', 'payload': {'client_id': '9bc0bbae-1c1e-423e-8c55-e6f2165bbc2d', 'message': 'Connected to bridge server', 'timestamp': '2025-05-21T22:18:01.883762'}}
2025-05-21 22:18:01,886 - __main__ - ERROR - Failed to register with bridge server
2025-05-21 22:18:06,898 - __main__ - INFO - Connected to bridge server
2025-05-21 22:18:06,899 - __main__ - INFO - Sent registration message
2025-05-21 22:18:06,900 - __main__ - ERROR - Unexpected response to registration: {'type': 'welcome', 'payload': {'client_id': '3c3929de-b7c1-4ad2-9d06-fb4d912de84a', 'message': 'Connected to bridge server', 'timestamp': '2025-05-21T22:18:06.897856'}}
2025-05-21 22:18:06,900 - __main__ - ERROR - Failed to register with bridge server
2025-05-21 22:18:11,906 - __main__ - INFO - Connected to bridge server
2025-05-21 22:18:11,906 - __main__ - INFO - Sent registration message
2025-05-21 22:18:11,906 - __main__ - ERROR - Unexpected response to registration: {'type': 'welcome', 'payload': {'client_id': '3fa85106-f118-4626-9ebd-fe7d2e736b1e', 'message': 'Connected to bridge server', 'timestamp': '2025-05-21T22:18:11.906090'}}
2025-05-21 22:18:11,906 - __main__ - ERROR - Failed to register with bridge server
2025-05-21 22:18:16,940 - __main__ - INFO - Connected to bridge server
2025-05-21 22:18:16,942 - __main__ - INFO - Sent registration message
2025-05-21 22:18:16,942 - __main__ - ERROR - Unexpected response to registration: {'type': 'welcome', 'payload': {'client_id': '80b6edc4-50f7-41cd-affb-8128b99198a8', 'message': 'Connected to bridge server', 'timestamp': '2025-05-21T22:18:16.924640'}}
2025-05-21 22:18:16,943 - __main__ - ERROR - Failed to register with bridge server
2025-05-21 22:18:21,955 - __main__ - INFO - Connected to bridge server
2025-05-21 22:18:21,955 - __main__ - INFO - Sent registration message
2025-05-21 22:18:21,955 - __main__ - ERROR - Unexpected response to registration: {'type': 'welcome', 'payload': {'client_id': 'dd9aefd0-5913-4038-a0e2-cb02f0479940', 'message': 'Connected to bridge server', 'timestamp': '2025-05-21T22:18:21.954780'}}
2025-05-21 22:18:21,955 - __main__ - ERROR - Failed to register with bridge server
2025-05-21 22:18:27,004 - __main__ - INFO - Connected to bridge server
2025-05-21 22:18:27,006 - __main__ - INFO - Sent registration message
2025-05-21 22:18:27,006 - __main__ - ERROR - Unexpected response to registration: {'type': 'welcome', 'payload': {'client_id': '36f7f6a0-67ec-48ff-b378-c49e54880467', 'message': 'Connected to bridge server', 'timestamp': '2025-05-21T22:18:27.002005'}}
2025-05-21 22:18:27,006 - __main__ - ERROR - Failed to register with bridge server
2025-05-21 22:18:32,020 - __main__ - INFO - Connected to bridge server
2025-05-21 22:18:32,021 - __main__ - INFO - Sent registration message
2025-05-21 22:18:32,021 - __main__ - ERROR - Unexpected response to registration: {'type': 'welcome', 'payload': {'client_id': '1c1e88d8-1617-417e-afd6-45f54660c19e', 'message': 'Connected to bridge server', 'timestamp': '2025-05-21T22:18:32.018928'}}
2025-05-21 22:18:32,021 - __main__ - ERROR - Failed to register with bridge server
2025-05-21 22:18:37,026 - __main__ - INFO - Connected to bridge server
2025-05-21 22:18:37,026 - __main__ - INFO - Sent registration message
2025-05-21 22:18:37,026 - __main__ - ERROR - Unexpected response to registration: {'type': 'welcome', 'payload': {'client_id': 'b93ff393-e4b4-469a-baae-7fd49b9ddf9a', 'message': 'Connected to bridge server', 'timestamp': '2025-05-21T22:18:37.025961'}}
2025-05-21 22:18:37,026 - __main__ - ERROR - Failed to register with bridge server
2025-05-21 22:18:58,140 - __main__ - INFO - Connected to bridge server
2025-05-21 22:18:58,140 - __main__ - INFO - Sent registration message
2025-05-21 22:18:58,140 - __main__ - ERROR - Unexpected response to registration: {'type': 'welcome', 'payload': {'client_id': '2d546f2e-07a1-4f19-af9f-3690375b2d02', 'message': 'Connected to bridge server', 'timestamp': '2025-05-21T22:18:58.140026'}}
2025-05-21 22:18:58,140 - __main__ - ERROR - Failed to register with bridge server
2025-05-21 22:19:03,146 - __main__ - INFO - Connected to bridge server
2025-05-21 22:19:03,146 - __main__ - INFO - Sent registration message
2025-05-21 22:19:03,147 - __main__ - ERROR - Unexpected response to registration: {'type': 'welcome', 'payload': {'client_id': '967b51e3-720b-47c3-a855-eb4e18badef8', 'message': 'Connected to bridge server', 'timestamp': '2025-05-21T22:19:03.146106'}}
2025-05-21 22:19:03,147 - __main__ - ERROR - Failed to register with bridge server
2025-05-21 22:19:08,154 - __main__ - INFO - Connected to bridge server
2025-05-21 22:19:08,155 - __main__ - INFO - Sent registration message
2025-05-21 22:19:08,155 - __main__ - ERROR - Unexpected response to registration: {'type': 'welcome', 'payload': {'client_id': 'dee6f28a-a659-4379-b409-1fffcb145a4e', 'message': 'Connected to bridge server', 'timestamp': '2025-05-21T22:19:08.153849'}}
2025-05-21 22:19:08,155 - __main__ - ERROR - Failed to register with bridge server
2025-05-21 22:19:13,162 - __main__ - INFO - Connected to bridge server
2025-05-21 22:19:13,162 - __main__ - INFO - Sent registration message
2025-05-21 22:19:13,163 - __main__ - ERROR - Unexpected response to registration: {'type': 'welcome', 'payload': {'client_id': 'cbea2084-da7d-4912-a08f-81d2ce8707f0', 'message': 'Connected to bridge server', 'timestamp': '2025-05-21T22:19:13.162096'}}
2025-05-21 22:19:13,163 - __main__ - ERROR - Failed to register with bridge server
2025-05-21 22:19:18,167 - __main__ - INFO - Connected to bridge server
2025-05-21 22:19:18,168 - __main__ - INFO - Sent registration message
2025-05-21 22:19:18,168 - __main__ - ERROR - Unexpected response to registration: {'type': 'welcome', 'payload': {'client_id': '52f3d507-7d7f-44ea-8752-66d58bc5eace', 'message': 'Connected to bridge server', 'timestamp': '2025-05-21T22:19:18.167795'}}
2025-05-21 22:19:18,168 - __main__ - ERROR - Failed to register with bridge server
2025-05-21 22:19:23,174 - __main__ - INFO - Connected to bridge server
2025-05-21 22:19:23,175 - __main__ - INFO - Sent registration message
2025-05-21 22:19:23,175 - __main__ - ERROR - Unexpected response to registration: {'type': 'welcome', 'payload': {'client_id': '0cfd28ce-8807-44cd-adac-a6dbb11fe855', 'message': 'Connected to bridge server', 'timestamp': '2025-05-21T22:19:23.174623'}}
2025-05-21 22:19:23,175 - __main__ - ERROR - Failed to register with bridge server
2025-05-21 22:19:28,180 - __main__ - INFO - Connected to bridge server
2025-05-21 22:19:28,180 - __main__ - INFO - Sent registration message
2025-05-21 22:19:28,181 - __main__ - ERROR - Unexpected response to registration: {'type': 'welcome', 'payload': {'client_id': '1cf0d476-66e4-4b80-920d-d1e52ba49cde', 'message': 'Connected to bridge server', 'timestamp': '2025-05-21T22:19:28.180626'}}
2025-05-21 22:19:28,181 - __main__ - ERROR - Failed to register with bridge server
2025-05-21 22:19:33,188 - __main__ - INFO - Connected to bridge server
2025-05-21 22:19:33,189 - __main__ - INFO - Sent registration message
2025-05-21 22:19:33,189 - __main__ - ERROR - Unexpected response to registration: {'type': 'welcome', 'payload': {'client_id': '2149f610-4826-48c6-ba9f-790655c38380', 'message': 'Connected to bridge server', 'timestamp': '2025-05-21T22:19:33.188638'}}
2025-05-21 22:19:33,189 - __main__ - ERROR - Failed to register with bridge server
2025-05-21 22:19:38,196 - __main__ - INFO - Connected to bridge server
2025-05-21 22:19:38,196 - __main__ - INFO - Sent registration message
2025-05-21 22:19:38,196 - __main__ - ERROR - Unexpected response to registration: {'type': 'welcome', 'payload': {'client_id': '9bc76536-49a7-4077-bbb3-c46490754a2a', 'message': 'Connected to bridge server', 'timestamp': '2025-05-21T22:19:38.195950'}}
2025-05-21 22:19:38,196 - __main__ - ERROR - Failed to register with bridge server
2025-05-21 22:19:43,205 - __main__ - INFO - Connected to bridge server
2025-05-21 22:19:43,206 - __main__ - INFO - Sent registration message
2025-05-21 22:19:43,206 - __main__ - ERROR - Unexpected response to registration: {'type': 'welcome', 'payload': {'client_id': 'd12a2040-da97-48da-855e-edf59c45e6c0', 'message': 'Connected to bridge server', 'timestamp': '2025-05-21T22:19:43.205201'}}
2025-05-21 22:19:43,206 - __main__ - ERROR - Failed to register with bridge server
2025-05-21 22:19:48,213 - __main__ - INFO - Connected to bridge server
2025-05-21 22:19:48,213 - __main__ - INFO - Sent registration message
2025-05-21 22:19:48,214 - __main__ - ERROR - Unexpected response to registration: {'type': 'welcome', 'payload': {'client_id': 'e6ab866d-836b-437a-9c23-4cae780ee25d', 'message': 'Connected to bridge server', 'timestamp': '2025-05-21T22:19:48.213327'}}
2025-05-21 22:19:48,214 - __main__ - ERROR - Failed to register with bridge server
2025-05-21 22:19:53,222 - __main__ - INFO - Connected to bridge server
2025-05-21 22:19:53,222 - __main__ - INFO - Sent registration message
2025-05-21 22:19:53,223 - __main__ - ERROR - Unexpected response to registration: {'type': 'welcome', 'payload': {'client_id': '53926fc0-dac8-42ca-bb58-281a11a7d447', 'message': 'Connected to bridge server', 'timestamp': '2025-05-21T22:19:53.222045'}}
2025-05-21 22:19:53,223 - __main__ - ERROR - Failed to register with bridge server
2025-05-21 22:19:58,230 - __main__ - INFO - Connected to bridge server
2025-05-21 22:19:58,230 - __main__ - INFO - Sent registration message
2025-05-21 22:19:58,231 - __main__ - ERROR - Unexpected response to registration: {'type': 'welcome', 'payload': {'client_id': 'f8a8a897-a5b6-4bf8-b13c-e27e198ce981', 'message': 'Connected to bridge server', 'timestamp': '2025-05-21T22:19:58.230193'}}
2025-05-21 22:19:58,231 - __main__ - ERROR - Failed to register with bridge server
2025-05-21 22:20:03,239 - __main__ - INFO - Connected to bridge server
2025-05-21 22:20:03,241 - __main__ - INFO - Sent registration message
2025-05-21 22:20:03,243 - __main__ - ERROR - Unexpected response to registration: {'type': 'welcome', 'payload': {'client_id': '40e699df-01b6-4e18-a9ee-cc2748f6e7b8', 'message': 'Connected to bridge server', 'timestamp': '2025-05-21T22:20:03.239509'}}
2025-05-21 22:20:03,244 - __main__ - ERROR - Failed to register with bridge server
2025-05-21 22:20:08,251 - __main__ - INFO - Connected to bridge server
2025-05-21 22:20:08,252 - __main__ - INFO - Sent registration message
2025-05-21 22:20:08,252 - __main__ - ERROR - Unexpected response to registration: {'type': 'welcome', 'payload': {'client_id': '4433c661-93b8-42f4-8535-f21acc6f7f8c', 'message': 'Connected to bridge server', 'timestamp': '2025-05-21T22:20:08.251320'}}
2025-05-21 22:20:08,252 - __main__ - ERROR - Failed to register with bridge server
2025-05-21 22:20:13,260 - __main__ - INFO - Connected to bridge server
2025-05-21 22:20:13,262 - __main__ - INFO - Sent registration message
2025-05-21 22:20:13,262 - __main__ - ERROR - Unexpected response to registration: {'type': 'welcome', 'payload': {'client_id': 'e76465bd-bc78-48b2-9398-81675cc964be', 'message': 'Connected to bridge server', 'timestamp': '2025-05-21T22:20:13.260267'}}
2025-05-21 22:20:13,262 - __main__ - ERROR - Failed to register with bridge server
2025-05-21 22:20:18,267 - __main__ - INFO - Connected to bridge server
2025-05-21 22:20:18,267 - __main__ - INFO - Sent registration message
2025-05-21 22:20:18,267 - __main__ - ERROR - Unexpected response to registration: {'type': 'welcome', 'payload': {'client_id': '82ef0017-999d-4b0c-a9ae-56bf4a35bfed', 'message': 'Connected to bridge server', 'timestamp': '2025-05-21T22:20:18.267041'}}
2025-05-21 22:20:18,267 - __main__ - ERROR - Failed to register with bridge server
2025-05-21 22:20:23,272 - __main__ - INFO - Connected to bridge server
2025-05-21 22:20:23,272 - __main__ - INFO - Sent registration message
2025-05-21 22:20:23,272 - __main__ - ERROR - Unexpected response to registration: {'type': 'welcome', 'payload': {'client_id': '203bcda1-af05-4c7b-b027-ff78c80dea5b', 'message': 'Connected to bridge server', 'timestamp': '2025-05-21T22:20:23.271869'}}
2025-05-21 22:20:23,272 - __main__ - ERROR - Failed to register with bridge server
2025-05-21 22:20:28,280 - __main__ - INFO - Connected to bridge server
2025-05-21 22:20:28,281 - __main__ - INFO - Sent registration message
2025-05-21 22:20:28,281 - __main__ - ERROR - Unexpected response to registration: {'type': 'welcome', 'payload': {'client_id': '3708526d-7d3f-41fc-9cc9-74203b4c1ac2', 'message': 'Connected to bridge server', 'timestamp': '2025-05-21T22:20:28.280451'}}
2025-05-21 22:20:28,281 - __main__ - ERROR - Failed to register with bridge server
2025-05-21 22:20:33,287 - __main__ - INFO - Connected to bridge server
2025-05-21 22:20:33,288 - __main__ - INFO - Sent registration message
2025-05-21 22:20:33,288 - __main__ - ERROR - Unexpected response to registration: {'type': 'welcome', 'payload': {'client_id': 'fac17094-9908-4607-937e-2c9b347e3d21', 'message': 'Connected to bridge server', 'timestamp': '2025-05-21T22:20:33.287568'}}
2025-05-21 22:20:33,288 - __main__ - ERROR - Failed to register with bridge server
2025-05-21 22:20:38,296 - __main__ - INFO - Connected to bridge server
2025-05-21 22:20:38,297 - __main__ - INFO - Sent registration message
2025-05-21 22:20:38,298 - __main__ - ERROR - Unexpected response to registration: {'type': 'welcome', 'payload': {'client_id': '413d3411-dd9d-4798-b4a1-32382f58452a', 'message': 'Connected to bridge server', 'timestamp': '2025-05-21T22:20:38.296358'}}
2025-05-21 22:20:38,298 - __main__ - ERROR - Failed to register with bridge server
2025-05-21 22:20:43,418 - __main__ - INFO - Connected to bridge server
2025-05-21 22:20:43,418 - __main__ - INFO - Sent registration message
2025-05-21 22:20:43,418 - __main__ - ERROR - Unexpected response to registration: {'type': 'welcome', 'payload': {'client_id': 'dad7fcff-6515-460e-9195-e3cfccaf96ce', 'message': 'Connected to bridge server', 'timestamp': '2025-05-21T22:20:43.418056'}}
2025-05-21 22:20:43,418 - __main__ - ERROR - Failed to register with bridge server
2025-05-21 22:20:48,426 - __main__ - INFO - Connected to bridge server
2025-05-21 22:20:48,427 - __main__ - INFO - Sent registration message
2025-05-21 22:20:48,428 - __main__ - ERROR - Unexpected response to registration: {'type': 'welcome', 'payload': {'client_id': 'b2f82efe-f0f2-405f-b894-d4f40bb99531', 'message': 'Connected to bridge server', 'timestamp': '2025-05-21T22:20:48.426530'}}
2025-05-21 22:20:48,428 - __main__ - ERROR - Failed to register with bridge server
2025-05-21 22:20:53,435 - __main__ - INFO - Connected to bridge server
2025-05-21 22:20:53,435 - __main__ - INFO - Sent registration message
2025-05-21 22:20:53,435 - __main__ - ERROR - Unexpected response to registration: {'type': 'welcome', 'payload': {'client_id': '77d256f8-8d14-4197-9848-d87d3c08ce03', 'message': 'Connected to bridge server', 'timestamp': '2025-05-21T22:20:53.434932'}}
2025-05-21 22:20:53,436 - __main__ - ERROR - Failed to register with bridge server
2025-05-21 22:20:58,443 - __main__ - INFO - Connected to bridge server
2025-05-21 22:20:58,443 - __main__ - INFO - Sent registration message
2025-05-21 22:20:58,443 - __main__ - ERROR - Unexpected response to registration: {'type': 'welcome', 'payload': {'client_id': 'f98c1d19-41e7-4192-ac2c-fb6f88dba0ca', 'message': 'Connected to bridge server', 'timestamp': '2025-05-21T22:20:58.442906'}}
2025-05-21 22:20:58,443 - __main__ - ERROR - Failed to register with bridge server
2025-05-21 22:21:03,451 - __main__ - INFO - Connected to bridge server
2025-05-21 22:21:03,452 - __main__ - INFO - Sent registration message
2025-05-21 22:21:03,452 - __main__ - ERROR - Unexpected response to registration: {'type': 'welcome', 'payload': {'client_id': '0d311ef8-d41b-4749-ae63-b3dc0c624409', 'message': 'Connected to bridge server', 'timestamp': '2025-05-21T22:21:03.450967'}}
2025-05-21 22:21:03,452 - __main__ - ERROR - Failed to register with bridge server
2025-05-21 22:21:08,459 - __main__ - INFO - Connected to bridge server
2025-05-21 22:21:08,459 - __main__ - INFO - Sent registration message
2025-05-21 22:21:08,460 - __main__ - ERROR - Unexpected response to registration: {'type': 'welcome', 'payload': {'client_id': '35c24ded-77a3-4558-a417-020dcba01f8d', 'message': 'Connected to bridge server', 'timestamp': '2025-05-21T22:21:08.459165'}}
2025-05-21 22:21:08,460 - __main__ - ERROR - Failed to register with bridge server
2025-05-21 22:21:13,469 - __main__ - INFO - Connected to bridge server
2025-05-21 22:21:13,470 - __main__ - INFO - Sent registration message
2025-05-21 22:21:13,470 - __main__ - ERROR - Unexpected response to registration: {'type': 'welcome', 'payload': {'client_id': '80b09669-c1a2-45d5-80d0-cf497c7b4a2c', 'message': 'Connected to bridge server', 'timestamp': '2025-05-21T22:21:13.469255'}}
2025-05-21 22:21:13,470 - __main__ - ERROR - Failed to register with bridge server
2025-05-21 22:21:18,475 - __main__ - INFO - Connected to bridge server
2025-05-21 22:21:18,476 - __main__ - INFO - Sent registration message
2025-05-21 22:21:18,476 - __main__ - ERROR - Unexpected response to registration: {'type': 'welcome', 'payload': {'client_id': '3fb44d76-e918-413c-9b26-795360ac5b91', 'message': 'Connected to bridge server', 'timestamp': '2025-05-21T22:21:18.475311'}}
2025-05-21 22:21:18,476 - __main__ - ERROR - Failed to register with bridge server
2025-05-21 22:21:23,489 - __main__ - INFO - Connected to bridge server
2025-05-21 22:21:23,490 - __main__ - INFO - Sent registration message
2025-05-21 22:21:23,490 - __main__ - ERROR - Unexpected response to registration: {'type': 'welcome', 'payload': {'client_id': '03e16960-7caa-4596-9d07-34025bd8a1e5', 'message': 'Connected to bridge server', 'timestamp': '2025-05-21T22:21:23.488560'}}
2025-05-21 22:21:23,490 - __main__ - ERROR - Failed to register with bridge server
2025-05-21 22:21:28,498 - __main__ - INFO - Connected to bridge server
2025-05-21 22:21:28,498 - __main__ - INFO - Sent registration message
2025-05-21 22:21:28,499 - __main__ - ERROR - Unexpected response to registration: {'type': 'welcome', 'payload': {'client_id': '35339e35-d171-4793-9d9f-3b73b0254c85', 'message': 'Connected to bridge server', 'timestamp': '2025-05-21T22:21:28.498302'}}
2025-05-21 22:21:28,499 - __main__ - ERROR - Failed to register with bridge server
2025-05-21 22:21:33,508 - __main__ - INFO - Connected to bridge server
2025-05-21 22:21:33,510 - __main__ - INFO - Sent registration message
2025-05-21 22:21:33,510 - __main__ - ERROR - Unexpected response to registration: {'type': 'welcome', 'payload': {'client_id': '6bd6995d-c20f-4597-b9b9-96a5af824bc6', 'message': 'Connected to bridge server', 'timestamp': '2025-05-21T22:21:33.508696'}}
2025-05-21 22:21:33,510 - __main__ - ERROR - Failed to register with bridge server
2025-05-21 22:21:38,517 - __main__ - INFO - Connected to bridge server
2025-05-21 22:21:38,518 - __main__ - INFO - Sent registration message
2025-05-21 22:21:38,518 - __main__ - ERROR - Unexpected response to registration: {'type': 'welcome', 'payload': {'client_id': '21974f93-5cb8-4bb3-9a00-4c2f16dad364', 'message': 'Connected to bridge server', 'timestamp': '2025-05-21T22:21:38.517706'}}
2025-05-21 22:21:38,518 - __main__ - ERROR - Failed to register with bridge server
2025-05-21 22:21:43,526 - __main__ - INFO - Connected to bridge server
2025-05-21 22:21:43,526 - __main__ - INFO - Sent registration message
2025-05-21 22:21:43,526 - __main__ - ERROR - Unexpected response to registration: {'type': 'welcome', 'payload': {'client_id': 'bd481ae4-a1a6-452a-ae4d-febfd25ca5d7', 'message': 'Connected to bridge server', 'timestamp': '2025-05-21T22:21:43.526338'}}
2025-05-21 22:21:43,526 - __main__ - ERROR - Failed to register with bridge server
2025-05-21 22:21:48,531 - __main__ - INFO - Connected to bridge server
2025-05-21 22:21:48,531 - __main__ - INFO - Sent registration message
2025-05-21 22:21:48,532 - __main__ - ERROR - Unexpected response to registration: {'type': 'welcome', 'payload': {'client_id': '33704a3d-c488-4e2d-b04f-ded410371cf9', 'message': 'Connected to bridge server', 'timestamp': '2025-05-21T22:21:48.531225'}}
2025-05-21 22:21:48,532 - __main__ - ERROR - Failed to register with bridge server
2025-05-21 22:21:53,539 - __main__ - INFO - Connected to bridge server
2025-05-21 22:21:53,539 - __main__ - INFO - Sent registration message
2025-05-21 22:21:53,540 - __main__ - ERROR - Unexpected response to registration: {'type': 'welcome', 'payload': {'client_id': '8d30ab17-70ce-4957-a737-9c5234639524', 'message': 'Connected to bridge server', 'timestamp': '2025-05-21T22:21:53.539423'}}
2025-05-21 22:21:53,540 - __main__ - ERROR - Failed to register with bridge server
2025-05-21 22:21:58,544 - __main__ - INFO - Connected to bridge server
2025-05-21 22:21:58,544 - __main__ - INFO - Sent registration message
2025-05-21 22:21:58,544 - __main__ - ERROR - Unexpected response to registration: {'type': 'welcome', 'payload': {'client_id': '70fec3e5-f15f-41a4-86a5-84a8a0e858d4', 'message': 'Connected to bridge server', 'timestamp': '2025-05-21T22:21:58.544392'}}
2025-05-21 22:21:58,544 - __main__ - ERROR - Failed to register with bridge server
2025-05-21 22:22:03,551 - __main__ - INFO - Connected to bridge server
2025-05-21 22:22:03,551 - __main__ - INFO - Sent registration message
2025-05-21 22:22:03,552 - __main__ - ERROR - Unexpected response to registration: {'type': 'welcome', 'payload': {'client_id': '401a1d69-c55a-48d7-8eab-cdd8c6cb2ce5', 'message': 'Connected to bridge server', 'timestamp': '2025-05-21T22:22:03.550881'}}
2025-05-21 22:22:03,552 - __main__ - ERROR - Failed to register with bridge server
2025-05-21 22:22:08,556 - __main__ - INFO - Connected to bridge server
2025-05-21 22:22:08,556 - __main__ - INFO - Sent registration message
2025-05-21 22:22:08,556 - __main__ - ERROR - Unexpected response to registration: {'type': 'welcome', 'payload': {'client_id': '4311ecb7-80f7-4998-aaf4-1178bf117322', 'message': 'Connected to bridge server', 'timestamp': '2025-05-21T22:22:08.556411'}}
2025-05-21 22:22:08,556 - __main__ - ERROR - Failed to register with bridge server
2025-05-21 22:22:13,560 - __main__ - INFO - Connected to bridge server
2025-05-21 22:22:13,561 - __main__ - INFO - Sent registration message
2025-05-21 22:22:13,561 - __main__ - ERROR - Unexpected response to registration: {'type': 'welcome', 'payload': {'client_id': '30b05d7c-d198-4f2d-8220-27b87fea16b5', 'message': 'Connected to bridge server', 'timestamp': '2025-05-21T22:22:13.560406'}}
2025-05-21 22:22:13,562 - __main__ - ERROR - Failed to register with bridge server
2025-05-21 22:22:18,565 - __main__ - INFO - Connected to bridge server
2025-05-21 22:22:18,566 - __main__ - INFO - Sent registration message
2025-05-21 22:22:18,566 - __main__ - ERROR - Unexpected response to registration: {'type': 'welcome', 'payload': {'client_id': '9ad45cae-8676-4242-ad31-969da97bfa86', 'message': 'Connected to bridge server', 'timestamp': '2025-05-21T22:22:18.565752'}}
2025-05-21 22:22:18,566 - __main__ - ERROR - Failed to register with bridge server
2025-05-21 22:22:23,572 - __main__ - INFO - Connected to bridge server
2025-05-21 22:22:23,572 - __main__ - INFO - Sent registration message
2025-05-21 22:22:23,572 - __main__ - ERROR - Unexpected response to registration: {'type': 'welcome', 'payload': {'client_id': '9ce8b4f2-3c69-4676-afd2-aaef7082413d', 'message': 'Connected to bridge server', 'timestamp': '2025-05-21T22:22:23.572129'}}
2025-05-21 22:22:23,572 - __main__ - ERROR - Failed to register with bridge server
2025-05-21 22:22:28,582 - __main__ - INFO - Connected to bridge server
2025-05-21 22:22:28,582 - __main__ - INFO - Sent registration message
2025-05-21 22:22:28,583 - __main__ - ERROR - Unexpected response to registration: {'type': 'welcome', 'payload': {'client_id': '46c5b794-655a-4d3c-ab49-ea921e8b4b10', 'message': 'Connected to bridge server', 'timestamp': '2025-05-21T22:22:28.581996'}}
2025-05-21 22:22:28,583 - __main__ - ERROR - Failed to register with bridge server
2025-05-21 22:22:33,590 - __main__ - INFO - Connected to bridge server
2025-05-21 22:22:33,592 - __main__ - INFO - Sent registration message
2025-05-21 22:22:33,592 - __main__ - ERROR - Unexpected response to registration: {'type': 'welcome', 'payload': {'client_id': '5090007f-33dc-4f36-a67a-489dc879328a', 'message': 'Connected to bridge server', 'timestamp': '2025-05-21T22:22:33.590419'}}
2025-05-21 22:22:33,592 - __main__ - ERROR - Failed to register with bridge server
2025-05-21 22:22:38,600 - __main__ - INFO - Connected to bridge server
2025-05-21 22:22:38,600 - __main__ - INFO - Sent registration message
2025-05-21 22:22:38,600 - __main__ - ERROR - Unexpected response to registration: {'type': 'welcome', 'payload': {'client_id': '259de9db-0e41-4d6e-b1fa-4793740c7fac', 'message': 'Connected to bridge server', 'timestamp': '2025-05-21T22:22:38.600348'}}
2025-05-21 22:22:38,600 - __main__ - ERROR - Failed to register with bridge server
2025-05-21 22:22:43,610 - __main__ - INFO - Connected to bridge server
2025-05-21 22:22:43,611 - __main__ - INFO - Sent registration message
2025-05-21 22:22:43,611 - __main__ - ERROR - Unexpected response to registration: {'type': 'welcome', 'payload': {'client_id': '2086331f-83db-490d-a1f6-7b00ea5ad00e', 'message': 'Connected to bridge server', 'timestamp': '2025-05-21T22:22:43.610429'}}
2025-05-21 22:22:43,611 - __main__ - ERROR - Failed to register with bridge server
2025-05-21 22:22:48,655 - __main__ - INFO - Connected to bridge server
2025-05-21 22:22:48,658 - __main__ - INFO - Sent registration message
2025-05-21 22:22:48,666 - __main__ - ERROR - Unexpected response to registration: {'type': 'welcome', 'payload': {'client_id': '2b3cef47-3cd0-4a04-a3e3-3971d39a0f91', 'message': 'Connected to bridge server', 'timestamp': '2025-05-21T22:22:48.655293'}}
2025-05-21 22:22:48,667 - __main__ - ERROR - Failed to register with bridge server
2025-05-21 22:22:53,686 - __main__ - INFO - Connected to bridge server
2025-05-21 22:22:53,687 - __main__ - INFO - Sent registration message
2025-05-21 22:22:53,688 - __main__ - ERROR - Unexpected response to registration: {'type': 'welcome', 'payload': {'client_id': '7bd37b9a-4679-4907-9594-2a66e352c828', 'message': 'Connected to bridge server', 'timestamp': '2025-05-21T22:22:53.686138'}}
2025-05-21 22:22:53,688 - __main__ - ERROR - Failed to register with bridge server
2025-05-21 22:22:58,871 - __main__ - INFO - Connected to bridge server
2025-05-21 22:22:58,871 - __main__ - INFO - Sent registration message
2025-05-21 22:22:58,871 - __main__ - ERROR - Unexpected response to registration: {'type': 'welcome', 'payload': {'client_id': '5609be17-6561-4d77-b61e-673588cab9b4', 'message': 'Connected to bridge server', 'timestamp': '2025-05-21T22:22:58.870904'}}
2025-05-21 22:22:58,871 - __main__ - ERROR - Failed to register with bridge server
2025-05-21 22:23:03,879 - __main__ - INFO - Connected to bridge server
2025-05-21 22:23:03,879 - __main__ - INFO - Sent registration message
2025-05-21 22:23:03,879 - __main__ - ERROR - Unexpected response to registration: {'type': 'welcome', 'payload': {'client_id': '0ab7f32d-2d6e-4bdd-914b-649f90085393', 'message': 'Connected to bridge server', 'timestamp': '2025-05-21T22:23:03.878886'}}
2025-05-21 22:23:03,879 - __main__ - ERROR - Failed to register with bridge server
2025-05-21 22:23:08,883 - __main__ - INFO - Connected to bridge server
2025-05-21 22:23:08,883 - __main__ - INFO - Sent registration message
2025-05-21 22:23:08,883 - __main__ - ERROR - Unexpected response to registration: {'type': 'welcome', 'payload': {'client_id': '5eeb077b-ae88-43c9-9dee-ca240dcb9312', 'message': 'Connected to bridge server', 'timestamp': '2025-05-21T22:23:08.883111'}}
2025-05-21 22:23:08,883 - __main__ - ERROR - Failed to register with bridge server
2025-05-21 22:23:13,985 - __main__ - INFO - Connected to bridge server
2025-05-21 22:23:13,986 - __main__ - INFO - Sent registration message
2025-05-21 22:23:13,987 - __main__ - ERROR - Unexpected response to registration: {'type': 'welcome', 'payload': {'client_id': 'bf3c81df-b44d-456d-b8fa-fa835365b9ca', 'message': 'Connected to bridge server', 'timestamp': '2025-05-21T22:23:13.985540'}}
2025-05-21 22:23:13,987 - __main__ - ERROR - Failed to register with bridge server
2025-05-21 22:23:18,997 - __main__ - INFO - Connected to bridge server
2025-05-21 22:23:18,998 - __main__ - INFO - Sent registration message
2025-05-21 22:23:18,998 - __main__ - ERROR - Unexpected response to registration: {'type': 'welcome', 'payload': {'client_id': '5e5b065a-5a2c-4efb-b7ed-582830235d15', 'message': 'Connected to bridge server', 'timestamp': '2025-05-21T22:23:18.997528'}}
2025-05-21 22:23:18,998 - __main__ - ERROR - Failed to register with bridge server
2025-05-21 22:23:24,005 - __main__ - INFO - Connected to bridge server
2025-05-21 22:23:24,006 - __main__ - INFO - Sent registration message
2025-05-21 22:23:24,006 - __main__ - ERROR - Unexpected response to registration: {'type': 'welcome', 'payload': {'client_id': 'c31be2cf-7e2d-4c7c-8d59-d48f6ef59cbe', 'message': 'Connected to bridge server', 'timestamp': '2025-05-21T22:23:24.005570'}}
2025-05-21 22:23:24,006 - __main__ - ERROR - Failed to register with bridge server
2025-05-21 22:23:29,012 - __main__ - INFO - Connected to bridge server
2025-05-21 22:23:29,013 - __main__ - INFO - Sent registration message
2025-05-21 22:23:29,013 - __main__ - ERROR - Unexpected response to registration: {'type': 'welcome', 'payload': {'client_id': '81949bf5-832c-4bb1-9433-b4c966fd7e43', 'message': 'Connected to bridge server', 'timestamp': '2025-05-21T22:23:29.012621'}}
2025-05-21 22:23:29,013 - __main__ - ERROR - Failed to register with bridge server
2025-05-21 22:23:34,018 - __main__ - INFO - Connected to bridge server
2025-05-21 22:23:34,018 - __main__ - INFO - Sent registration message
2025-05-21 22:23:34,018 - __main__ - ERROR - Unexpected response to registration: {'type': 'welcome', 'payload': {'client_id': '55e09850-b76b-43da-930f-a8968a3344f6', 'message': 'Connected to bridge server', 'timestamp': '2025-05-21T22:23:34.017775'}}
2025-05-21 22:23:34,018 - __main__ - ERROR - Failed to register with bridge server
2025-05-21 22:23:39,021 - __main__ - INFO - Connected to bridge server
2025-05-21 22:23:39,021 - __main__ - INFO - Sent registration message
2025-05-21 22:23:39,022 - __main__ - ERROR - Unexpected response to registration: {'type': 'welcome', 'payload': {'client_id': '4e679946-237c-4fc8-97ab-7644f5dfb065', 'message': 'Connected to bridge server', 'timestamp': '2025-05-21T22:23:39.021652'}}
2025-05-21 22:23:39,022 - __main__ - ERROR - Failed to register with bridge server
2025-05-21 22:23:44,026 - __main__ - INFO - Connected to bridge server
2025-05-21 22:23:44,027 - __main__ - INFO - Sent registration message
2025-05-21 22:23:44,027 - __main__ - ERROR - Unexpected response to registration: {'type': 'welcome', 'payload': {'client_id': '41aeeb48-a8d3-4c54-bd78-8c407d89773a', 'message': 'Connected to bridge server', 'timestamp': '2025-05-21T22:23:44.026292'}}
2025-05-21 22:23:44,027 - __main__ - ERROR - Failed to register with bridge server
2025-05-21 22:23:49,033 - __main__ - INFO - Connected to bridge server
2025-05-21 22:23:49,034 - __main__ - INFO - Sent registration message
2025-05-21 22:23:49,034 - __main__ - ERROR - Unexpected response to registration: {'type': 'welcome', 'payload': {'client_id': '8e516bba-189d-4b0c-bc2b-58a0d1c4b0d8', 'message': 'Connected to bridge server', 'timestamp': '2025-05-21T22:23:49.033707'}}
2025-05-21 22:23:49,034 - __main__ - ERROR - Failed to register with bridge server
2025-05-21 22:23:54,042 - __main__ - INFO - Connected to bridge server
2025-05-21 22:23:54,042 - __main__ - INFO - Sent registration message
2025-05-21 22:23:54,042 - __main__ - ERROR - Unexpected response to registration: {'type': 'welcome', 'payload': {'client_id': 'fa0826f4-5685-4763-ba6d-393d047746e0', 'message': 'Connected to bridge server', 'timestamp': '2025-05-21T22:23:54.041572'}}
2025-05-21 22:23:54,042 - __main__ - ERROR - Failed to register with bridge server
2025-05-21 22:23:59,046 - __main__ - INFO - Connected to bridge server
2025-05-21 22:23:59,047 - __main__ - INFO - Sent registration message
2025-05-21 22:23:59,047 - __main__ - ERROR - Unexpected response to registration: {'type': 'welcome', 'payload': {'client_id': '4b137e3a-f32c-4f6e-9631-c426ba5dc759', 'message': 'Connected to bridge server', 'timestamp': '2025-05-21T22:23:59.046784'}}
2025-05-21 22:23:59,047 - __main__ - ERROR - Failed to register with bridge server
2025-05-21 22:24:04,054 - __main__ - INFO - Connected to bridge server
2025-05-21 22:24:04,055 - __main__ - INFO - Sent registration message
2025-05-21 22:24:04,055 - __main__ - ERROR - Unexpected response to registration: {'type': 'welcome', 'payload': {'client_id': 'c2b99271-fa91-4e9a-b92c-5acf9786fab7', 'message': 'Connected to bridge server', 'timestamp': '2025-05-21T22:24:04.054523'}}
2025-05-21 22:24:04,055 - __main__ - ERROR - Failed to register with bridge server
2025-05-21 22:24:09,063 - __main__ - INFO - Connected to bridge server
2025-05-21 22:24:09,063 - __main__ - INFO - Sent registration message
2025-05-21 22:24:09,064 - __main__ - ERROR - Unexpected response to registration: {'type': 'welcome', 'payload': {'client_id': '34ee52c1-d590-45d8-8a22-74c076342cf9', 'message': 'Connected to bridge server', 'timestamp': '2025-05-21T22:24:09.063092'}}
2025-05-21 22:24:09,064 - __main__ - ERROR - Failed to register with bridge server
2025-05-21 22:24:14,073 - __main__ - INFO - Connected to bridge server
2025-05-21 22:24:14,074 - __main__ - INFO - Sent registration message
2025-05-21 22:24:14,074 - __main__ - ERROR - Unexpected response to registration: {'type': 'welcome', 'payload': {'client_id': '2e4ba769-9cf2-44d2-8973-4631df883a35', 'message': 'Connected to bridge server', 'timestamp': '2025-05-21T22:24:14.073034'}}
2025-05-21 22:24:14,074 - __main__ - ERROR - Failed to register with bridge server
2025-05-21 22:24:19,078 - __main__ - INFO - Connected to bridge server
2025-05-21 22:24:19,078 - __main__ - INFO - Sent registration message
2025-05-21 22:24:19,078 - __main__ - ERROR - Unexpected response to registration: {'type': 'welcome', 'payload': {'client_id': '061da5ca-81b9-413c-a2f0-72cc633eb20f', 'message': 'Connected to bridge server', 'timestamp': '2025-05-21T22:24:19.078351'}}
2025-05-21 22:24:19,078 - __main__ - ERROR - Failed to register with bridge server
2025-05-21 22:24:24,085 - __main__ - INFO - Connected to bridge server
2025-05-21 22:24:24,086 - __main__ - INFO - Sent registration message
2025-05-21 22:24:24,086 - __main__ - ERROR - Unexpected response to registration: {'type': 'welcome', 'payload': {'client_id': '3ad6bbea-d7b3-445b-b37a-ecd81a97ec93', 'message': 'Connected to bridge server', 'timestamp': '2025-05-21T22:24:24.085288'}}
2025-05-21 22:24:24,086 - __main__ - ERROR - Failed to register with bridge server
2025-05-21 22:24:29,093 - __main__ - INFO - Connected to bridge server
2025-05-21 22:24:29,093 - __main__ - INFO - Sent registration message
2025-05-21 22:24:29,093 - __main__ - ERROR - Unexpected response to registration: {'type': 'welcome', 'payload': {'client_id': '106bf6a5-08bf-4e79-a742-8b01c7a0f470', 'message': 'Connected to bridge server', 'timestamp': '2025-05-21T22:24:29.093109'}}
2025-05-21 22:24:29,094 - __main__ - ERROR - Failed to register with bridge server
2025-05-21 22:24:34,100 - __main__ - INFO - Connected to bridge server
2025-05-21 22:24:34,101 - __main__ - INFO - Sent registration message
2025-05-21 22:24:34,101 - __main__ - ERROR - Unexpected response to registration: {'type': 'welcome', 'payload': {'client_id': 'f8f3e8be-c407-42d3-8597-62b8627a850b', 'message': 'Connected to bridge server', 'timestamp': '2025-05-21T22:24:34.100765'}}
2025-05-21 22:24:34,101 - __main__ - ERROR - Failed to register with bridge server
2025-05-21 22:24:39,106 - __main__ - INFO - Connected to bridge server
2025-05-21 22:24:39,106 - __main__ - INFO - Sent registration message
2025-05-21 22:24:39,106 - __main__ - ERROR - Unexpected response to registration: {'type': 'welcome', 'payload': {'client_id': '822e2bd5-f783-4d6a-9256-4b833094d8e8', 'message': 'Connected to bridge server', 'timestamp': '2025-05-21T22:24:39.105892'}}
2025-05-21 22:24:39,106 - __main__ - ERROR - Failed to register with bridge server
2025-05-21 22:24:44,113 - __main__ - INFO - Connected to bridge server
2025-05-21 22:24:44,114 - __main__ - INFO - Sent registration message
2025-05-21 22:24:44,114 - __main__ - ERROR - Unexpected response to registration: {'type': 'welcome', 'payload': {'client_id': 'd1f2639d-311a-47b5-bc2b-c65aa5b0d395', 'message': 'Connected to bridge server', 'timestamp': '2025-05-21T22:24:44.113625'}}
2025-05-21 22:24:44,114 - __main__ - ERROR - Failed to register with bridge server
2025-05-21 22:24:49,122 - __main__ - INFO - Connected to bridge server
2025-05-21 22:24:49,122 - __main__ - INFO - Sent registration message
2025-05-21 22:24:49,122 - __main__ - ERROR - Unexpected response to registration: {'type': 'welcome', 'payload': {'client_id': '446d1629-2517-4e2f-9968-b9d7e8fe6a09', 'message': 'Connected to bridge server', 'timestamp': '2025-05-21T22:24:49.121858'}}
2025-05-21 22:24:49,122 - __main__ - ERROR - Failed to register with bridge server
2025-05-21 22:24:54,131 - __main__ - INFO - Connected to bridge server
2025-05-21 22:24:54,132 - __main__ - INFO - Sent registration message
2025-05-21 22:24:54,132 - __main__ - ERROR - Unexpected response to registration: {'type': 'welcome', 'payload': {'client_id': 'b97b2d24-ff9c-4baf-99f4-b821d8bf1135', 'message': 'Connected to bridge server', 'timestamp': '2025-05-21T22:24:54.129800'}}
2025-05-21 22:24:54,132 - __main__ - ERROR - Failed to register with bridge server
2025-05-21 22:24:59,140 - __main__ - INFO - Connected to bridge server
2025-05-21 22:24:59,141 - __main__ - INFO - Sent registration message
2025-05-21 22:24:59,141 - __main__ - ERROR - Unexpected response to registration: {'type': 'welcome', 'payload': {'client_id': '5332d9b5-42ef-4ae3-ba03-9e637ecad960', 'message': 'Connected to bridge server', 'timestamp': '2025-05-21T22:24:59.140751'}}
2025-05-21 22:24:59,141 - __main__ - ERROR - Failed to register with bridge server
2025-05-21 22:25:04,149 - __main__ - INFO - Connected to bridge server
2025-05-21 22:25:04,149 - __main__ - INFO - Sent registration message
2025-05-21 22:25:04,150 - __main__ - ERROR - Unexpected response to registration: {'type': 'welcome', 'payload': {'client_id': '6167fb2a-faea-4118-b2e5-576b21bbf84c', 'message': 'Connected to bridge server', 'timestamp': '2025-05-21T22:25:04.149317'}}
2025-05-21 22:25:04,150 - __main__ - ERROR - Failed to register with bridge server
2025-05-21 22:25:09,157 - __main__ - INFO - Connected to bridge server
2025-05-21 22:25:09,157 - __main__ - INFO - Sent registration message
2025-05-21 22:25:09,157 - __main__ - ERROR - Unexpected response to registration: {'type': 'welcome', 'payload': {'client_id': 'fa736425-5b89-4f64-b65a-f72a25542609', 'message': 'Connected to bridge server', 'timestamp': '2025-05-21T22:25:09.156815'}}
2025-05-21 22:25:09,157 - __main__ - ERROR - Failed to register with bridge server
2025-05-21 22:25:14,165 - __main__ - INFO - Connected to bridge server
2025-05-21 22:25:14,165 - __main__ - INFO - Sent registration message
2025-05-21 22:25:14,165 - __main__ - ERROR - Unexpected response to registration: {'type': 'welcome', 'payload': {'client_id': '67a3d670-ad39-4ce7-add9-dc6d6a9593c3', 'message': 'Connected to bridge server', 'timestamp': '2025-05-21T22:25:14.164837'}}
2025-05-21 22:25:14,165 - __main__ - ERROR - Failed to register with bridge server
2025-05-21 22:25:19,173 - __main__ - INFO - Connected to bridge server
2025-05-21 22:25:19,173 - __main__ - INFO - Sent registration message
2025-05-21 22:25:19,174 - __main__ - ERROR - Unexpected response to registration: {'type': 'welcome', 'payload': {'client_id': '8c77d95d-4874-45a5-ab29-b21aa3108439', 'message': 'Connected to bridge server', 'timestamp': '2025-05-21T22:25:19.173268'}}
2025-05-21 22:25:19,174 - __main__ - ERROR - Failed to register with bridge server
2025-05-21 22:25:24,181 - __main__ - INFO - Connected to bridge server
2025-05-21 22:25:24,182 - __main__ - INFO - Sent registration message
2025-05-21 22:25:24,182 - __main__ - ERROR - Unexpected response to registration: {'type': 'welcome', 'payload': {'client_id': '75b17d19-0e2c-4a97-9843-399557ac40bb', 'message': 'Connected to bridge server', 'timestamp': '2025-05-21T22:25:24.181617'}}
2025-05-21 22:25:24,182 - __main__ - ERROR - Failed to register with bridge server
2025-05-21 22:25:29,190 - __main__ - INFO - Connected to bridge server
2025-05-21 22:25:29,190 - __main__ - INFO - Sent registration message
2025-05-21 22:25:29,191 - __main__ - ERROR - Unexpected response to registration: {'type': 'welcome', 'payload': {'client_id': 'c62f7cb3-9ab2-4555-bc46-f201e7458bbe', 'message': 'Connected to bridge server', 'timestamp': '2025-05-21T22:25:29.190130'}}
2025-05-21 22:25:29,191 - __main__ - ERROR - Failed to register with bridge server
2025-05-21 22:25:34,198 - __main__ - INFO - Connected to bridge server
2025-05-21 22:25:34,198 - __main__ - INFO - Sent registration message
2025-05-21 22:25:34,198 - __main__ - ERROR - Unexpected response to registration: {'type': 'welcome', 'payload': {'client_id': '430e1d5f-40d3-4bf2-8e88-3e1263914120', 'message': 'Connected to bridge server', 'timestamp': '2025-05-21T22:25:34.197924'}}
2025-05-21 22:25:34,198 - __main__ - ERROR - Failed to register with bridge server
2025-05-21 22:25:39,206 - __main__ - INFO - Connected to bridge server
2025-05-21 22:25:39,206 - __main__ - INFO - Sent registration message
2025-05-21 22:25:39,207 - __main__ - ERROR - Unexpected response to registration: {'type': 'welcome', 'payload': {'client_id': '37c0fdc9-d743-4c5c-8767-e0aae1a1fce7', 'message': 'Connected to bridge server', 'timestamp': '2025-05-21T22:25:39.206154'}}
2025-05-21 22:25:39,207 - __main__ - ERROR - Failed to register with bridge server
2025-05-21 22:25:44,214 - __main__ - INFO - Connected to bridge server
2025-05-21 22:25:44,214 - __main__ - INFO - Sent registration message
2025-05-21 22:25:44,214 - __main__ - ERROR - Unexpected response to registration: {'type': 'welcome', 'payload': {'client_id': '471f8f31-84c8-43c3-8b35-073863963160', 'message': 'Connected to bridge server', 'timestamp': '2025-05-21T22:25:44.213941'}}
2025-05-21 22:25:44,214 - __main__ - ERROR - Failed to register with bridge server
2025-05-21 22:25:49,221 - __main__ - INFO - Connected to bridge server
2025-05-21 22:25:49,222 - __main__ - INFO - Sent registration message
2025-05-21 22:25:49,222 - __main__ - ERROR - Unexpected response to registration: {'type': 'welcome', 'payload': {'client_id': '4a558d7f-db72-4900-9cda-3d3df161453d', 'message': 'Connected to bridge server', 'timestamp': '2025-05-21T22:25:49.221577'}}
2025-05-21 22:25:49,222 - __main__ - ERROR - Failed to register with bridge server
2025-05-21 22:25:54,230 - __main__ - INFO - Connected to bridge server
2025-05-21 22:25:54,230 - __main__ - INFO - Sent registration message
2025-05-21 22:25:54,230 - __main__ - ERROR - Unexpected response to registration: {'type': 'welcome', 'payload': {'client_id': '3b73a581-6fa4-49bc-a1fe-1ff7b0d35cde', 'message': 'Connected to bridge server', 'timestamp': '2025-05-21T22:25:54.229949'}}
2025-05-21 22:25:54,231 - __main__ - ERROR - Failed to register with bridge server
2025-05-21 22:25:59,238 - __main__ - INFO - Connected to bridge server
2025-05-21 22:25:59,239 - __main__ - INFO - Sent registration message
2025-05-21 22:25:59,239 - __main__ - ERROR - Unexpected response to registration: {'type': 'welcome', 'payload': {'client_id': 'ee772be2-3090-4e5d-961d-4148fda4d1cb', 'message': 'Connected to bridge server', 'timestamp': '2025-05-21T22:25:59.238708'}}
2025-05-21 22:25:59,239 - __main__ - ERROR - Failed to register with bridge server
2025-05-21 22:26:04,246 - __main__ - INFO - Connected to bridge server
2025-05-21 22:26:04,247 - __main__ - INFO - Sent registration message
2025-05-21 22:26:04,247 - __main__ - ERROR - Unexpected response to registration: {'type': 'welcome', 'payload': {'client_id': 'e359fa81-7887-4532-9c0f-3b95fce2eac2', 'message': 'Connected to bridge server', 'timestamp': '2025-05-21T22:26:04.246642'}}
2025-05-21 22:26:04,247 - __main__ - ERROR - Failed to register with bridge server
2025-05-21 22:26:09,255 - __main__ - INFO - Connected to bridge server
2025-05-21 22:26:09,256 - __main__ - INFO - Sent registration message
2025-05-21 22:26:09,256 - __main__ - ERROR - Unexpected response to registration: {'type': 'welcome', 'payload': {'client_id': '3fe598a5-d4c6-4ba9-87d9-f72d426e5f14', 'message': 'Connected to bridge server', 'timestamp': '2025-05-21T22:26:09.255653'}}
2025-05-21 22:26:09,256 - __main__ - ERROR - Failed to register with bridge server
2025-05-21 22:26:14,263 - __main__ - INFO - Connected to bridge server
2025-05-21 22:26:14,264 - __main__ - INFO - Sent registration message
2025-05-21 22:26:14,264 - __main__ - ERROR - Unexpected response to registration: {'type': 'welcome', 'payload': {'client_id': '8648c251-b662-4aea-9592-45e6591b21dd', 'message': 'Connected to bridge server', 'timestamp': '2025-05-21T22:26:14.263560'}}
2025-05-21 22:26:14,264 - __main__ - ERROR - Failed to register with bridge server
2025-05-21 22:26:19,273 - __main__ - INFO - Connected to bridge server
2025-05-21 22:26:19,273 - __main__ - INFO - Sent registration message
2025-05-21 22:26:19,274 - __main__ - ERROR - Unexpected response to registration: {'type': 'welcome', 'payload': {'client_id': '8204524e-c2ba-4cf6-be9d-08988a9f8e11', 'message': 'Connected to bridge server', 'timestamp': '2025-05-21T22:26:19.272968'}}
2025-05-21 22:26:19,274 - __main__ - ERROR - Failed to register with bridge server
2025-05-21 22:26:24,281 - __main__ - INFO - Connected to bridge server
2025-05-21 22:26:24,282 - __main__ - INFO - Sent registration message
2025-05-21 22:26:24,282 - __main__ - ERROR - Unexpected response to registration: {'type': 'welcome', 'payload': {'client_id': '72b25939-9b12-4300-9c06-06c26bd9f667', 'message': 'Connected to bridge server', 'timestamp': '2025-05-21T22:26:24.281616'}}
2025-05-21 22:26:24,282 - __main__ - ERROR - Failed to register with bridge server
2025-05-21 22:26:29,286 - __main__ - INFO - Connected to bridge server
2025-05-21 22:26:29,286 - __main__ - INFO - Sent registration message
2025-05-21 22:26:29,286 - __main__ - ERROR - Unexpected response to registration: {'type': 'welcome', 'payload': {'client_id': '831131ed-1966-42b4-b07a-3625bd04cc14', 'message': 'Connected to bridge server', 'timestamp': '2025-05-21T22:26:29.285964'}}
2025-05-21 22:26:29,286 - __main__ - ERROR - Failed to register with bridge server
2025-05-21 22:26:34,301 - __main__ - INFO - Connected to bridge server
2025-05-21 22:26:34,302 - __main__ - INFO - Sent registration message
2025-05-21 22:26:34,302 - __main__ - ERROR - Unexpected response to registration: {'type': 'welcome', 'payload': {'client_id': '4f35ba6f-d76b-46cf-9b04-d85ffcd781db', 'message': 'Connected to bridge server', 'timestamp': '2025-05-21T22:26:34.301578'}}
2025-05-21 22:26:34,302 - __main__ - ERROR - Failed to register with bridge server
2025-05-21 22:26:39,310 - __main__ - INFO - Connected to bridge server
2025-05-21 22:26:39,310 - __main__ - INFO - Sent registration message
2025-05-21 22:26:39,310 - __main__ - ERROR - Unexpected response to registration: {'type': 'welcome', 'payload': {'client_id': '50a9ee4d-bd8d-4c06-97b0-686e8b2e0c0b', 'message': 'Connected to bridge server', 'timestamp': '2025-05-21T22:26:39.310008'}}
2025-05-21 22:26:39,311 - __main__ - ERROR - Failed to register with bridge server
2025-05-21 22:26:44,318 - __main__ - INFO - Connected to bridge server
2025-05-21 22:26:44,318 - __main__ - INFO - Sent registration message
2025-05-21 22:26:44,318 - __main__ - ERROR - Unexpected response to registration: {'type': 'welcome', 'payload': {'client_id': '35e8a829-ec65-4fdb-8cfc-35c0a4de7fed', 'message': 'Connected to bridge server', 'timestamp': '2025-05-21T22:26:44.317846'}}
2025-05-21 22:26:44,318 - __main__ - ERROR - Failed to register with bridge server
2025-05-21 22:26:49,326 - __main__ - INFO - Connected to bridge server
2025-05-21 22:26:49,327 - __main__ - INFO - Sent registration message
2025-05-21 22:26:49,327 - __main__ - ERROR - Unexpected response to registration: {'type': 'welcome', 'payload': {'client_id': '6162c083-b423-4d30-b5d4-cbc89585ef82', 'message': 'Connected to bridge server', 'timestamp': '2025-05-21T22:26:49.326671'}}
2025-05-21 22:26:49,327 - __main__ - ERROR - Failed to register with bridge server
2025-05-21 22:26:54,334 - __main__ - INFO - Connected to bridge server
2025-05-21 22:26:54,334 - __main__ - INFO - Sent registration message
2025-05-21 22:26:54,335 - __main__ - ERROR - Unexpected response to registration: {'type': 'welcome', 'payload': {'client_id': '03de2a94-5131-40b6-8b3a-8c1d5da75da1', 'message': 'Connected to bridge server', 'timestamp': '2025-05-21T22:26:54.334325'}}
2025-05-21 22:26:54,335 - __main__ - ERROR - Failed to register with bridge server
2025-05-21 22:26:59,342 - __main__ - INFO - Connected to bridge server
2025-05-21 22:26:59,343 - __main__ - INFO - Sent registration message
2025-05-21 22:26:59,343 - __main__ - ERROR - Unexpected response to registration: {'type': 'welcome', 'payload': {'client_id': 'e8bb8f2a-5d59-4c09-b2ec-6781066bd50d', 'message': 'Connected to bridge server', 'timestamp': '2025-05-21T22:26:59.342518'}}
2025-05-21 22:26:59,343 - __main__ - ERROR - Failed to register with bridge server
2025-05-21 22:27:04,351 - __main__ - INFO - Connected to bridge server
2025-05-21 22:27:04,351 - __main__ - INFO - Sent registration message
2025-05-21 22:27:04,351 - __main__ - ERROR - Unexpected response to registration: {'type': 'welcome', 'payload': {'client_id': '9edf16e2-aac5-4287-9295-e4b3cff0bbfe', 'message': 'Connected to bridge server', 'timestamp': '2025-05-21T22:27:04.350906'}}
2025-05-21 22:27:04,351 - __main__ - ERROR - Failed to register with bridge server
2025-05-21 22:27:09,357 - __main__ - INFO - Connected to bridge server
2025-05-21 22:27:09,358 - __main__ - INFO - Sent registration message
2025-05-21 22:27:09,358 - __main__ - ERROR - Unexpected response to registration: {'type': 'welcome', 'payload': {'client_id': '0ff193ea-b973-42a9-8425-93355b086366', 'message': 'Connected to bridge server', 'timestamp': '2025-05-21T22:27:09.357662'}}
2025-05-21 22:27:09,358 - __main__ - ERROR - Failed to register with bridge server
2025-05-21 22:27:14,368 - __main__ - INFO - Connected to bridge server
2025-05-21 22:27:14,368 - __main__ - INFO - Sent registration message
2025-05-21 22:27:14,368 - __main__ - ERROR - Unexpected response to registration: {'type': 'welcome', 'payload': {'client_id': 'cb7ead2b-083f-4b3b-bfb1-b670054cf2cf', 'message': 'Connected to bridge server', 'timestamp': '2025-05-21T22:27:14.368363'}}
2025-05-21 22:27:14,368 - __main__ - ERROR - Failed to register with bridge server
2025-05-21 22:27:19,378 - __main__ - INFO - Connected to bridge server
2025-05-21 22:27:19,379 - __main__ - INFO - Sent registration message
2025-05-21 22:27:19,379 - __main__ - ERROR - Unexpected response to registration: {'type': 'welcome', 'payload': {'client_id': '0e4858d8-751b-447c-a3c9-7b185b8de6c2', 'message': 'Connected to bridge server', 'timestamp': '2025-05-21T22:27:19.378328'}}
2025-05-21 22:27:19,379 - __main__ - ERROR - Failed to register with bridge server
2025-05-21 22:27:24,390 - __main__ - INFO - Connected to bridge server
2025-05-21 22:27:24,390 - __main__ - INFO - Sent registration message
2025-05-21 22:27:24,390 - __main__ - ERROR - Unexpected response to registration: {'type': 'welcome', 'payload': {'client_id': '08fb3094-7f40-48d7-a2f2-099167c2b507', 'message': 'Connected to bridge server', 'timestamp': '2025-05-21T22:27:24.389678'}}
2025-05-21 22:27:24,390 - __main__ - ERROR - Failed to register with bridge server
2025-05-21 22:27:29,398 - __main__ - INFO - Connected to bridge server
2025-05-21 22:27:29,399 - __main__ - INFO - Sent registration message
2025-05-21 22:27:29,399 - __main__ - ERROR - Unexpected response to registration: {'type': 'welcome', 'payload': {'client_id': 'e2e1ccbf-c874-41bd-82db-59bd3fecbae2', 'message': 'Connected to bridge server', 'timestamp': '2025-05-21T22:27:29.397904'}}
2025-05-21 22:27:29,399 - __main__ - ERROR - Failed to register with bridge server
2025-05-21 22:27:34,405 - __main__ - INFO - Connected to bridge server
2025-05-21 22:27:34,405 - __main__ - INFO - Sent registration message
2025-05-21 22:27:34,405 - __main__ - ERROR - Unexpected response to registration: {'type': 'welcome', 'payload': {'client_id': '49fbba6a-6988-4b95-83f9-26cbde7a47c1', 'message': 'Connected to bridge server', 'timestamp': '2025-05-21T22:27:34.405449'}}
2025-05-21 22:27:34,405 - __main__ - ERROR - Failed to register with bridge server
2025-05-21 22:27:39,411 - __main__ - INFO - Connected to bridge server
2025-05-21 22:27:39,411 - __main__ - INFO - Sent registration message
2025-05-21 22:27:39,411 - __main__ - ERROR - Unexpected response to registration: {'type': 'welcome', 'payload': {'client_id': 'df9b165a-d848-48a4-bb21-adab796350a6', 'message': 'Connected to bridge server', 'timestamp': '2025-05-21T22:27:39.411134'}}
2025-05-21 22:27:39,411 - __main__ - ERROR - Failed to register with bridge server
2025-05-21 22:27:44,416 - __main__ - INFO - Connected to bridge server
2025-05-21 22:27:44,416 - __main__ - INFO - Sent registration message
2025-05-21 22:27:44,416 - __main__ - ERROR - Unexpected response to registration: {'type': 'welcome', 'payload': {'client_id': 'a8f8c2af-28df-4280-a203-d12581bff550', 'message': 'Connected to bridge server', 'timestamp': '2025-05-21T22:27:44.416399'}}
2025-05-21 22:27:44,416 - __main__ - ERROR - Failed to register with bridge server
2025-05-21 22:27:49,426 - __main__ - INFO - Connected to bridge server
2025-05-21 22:27:49,427 - __main__ - INFO - Sent registration message
2025-05-21 22:27:49,427 - __main__ - ERROR - Unexpected response to registration: {'type': 'welcome', 'payload': {'client_id': '6779de6f-4562-401c-aa70-e5ceb25d3b4a', 'message': 'Connected to bridge server', 'timestamp': '2025-05-21T22:27:49.426162'}}
2025-05-21 22:27:49,427 - __main__ - ERROR - Failed to register with bridge server
2025-05-21 22:27:54,435 - __main__ - INFO - Connected to bridge server
2025-05-21 22:27:54,435 - __main__ - INFO - Sent registration message
2025-05-21 22:27:54,436 - __main__ - ERROR - Unexpected response to registration: {'type': 'welcome', 'payload': {'client_id': '11ade7f8-7998-458e-a25a-aefc436d11f1', 'message': 'Connected to bridge server', 'timestamp': '2025-05-21T22:27:54.435230'}}
2025-05-21 22:27:54,436 - __main__ - ERROR - Failed to register with bridge server
2025-05-21 22:27:59,443 - __main__ - INFO - Connected to bridge server
2025-05-21 22:27:59,443 - __main__ - INFO - Sent registration message
2025-05-21 22:27:59,443 - __main__ - ERROR - Unexpected response to registration: {'type': 'welcome', 'payload': {'client_id': 'cc998f22-5e4b-42db-81a4-30c8f730a575', 'message': 'Connected to bridge server', 'timestamp': '2025-05-21T22:27:59.443090'}}
2025-05-21 22:27:59,444 - __main__ - ERROR - Failed to register with bridge server
2025-05-21 22:28:04,451 - __main__ - INFO - Connected to bridge server
2025-05-21 22:28:04,452 - __main__ - INFO - Sent registration message
2025-05-21 22:28:04,452 - __main__ - ERROR - Unexpected response to registration: {'type': 'welcome', 'payload': {'client_id': 'ee2f5d3a-60f4-4faa-9bdc-59c9d3415ff6', 'message': 'Connected to bridge server', 'timestamp': '2025-05-21T22:28:04.451717'}}
2025-05-21 22:28:04,452 - __main__ - ERROR - Failed to register with bridge server
2025-05-21 22:28:09,461 - __main__ - INFO - Connected to bridge server
2025-05-21 22:28:09,461 - __main__ - INFO - Sent registration message
2025-05-21 22:28:09,461 - __main__ - ERROR - Unexpected response to registration: {'type': 'welcome', 'payload': {'client_id': 'e9e84a12-f99f-4874-82d2-247aeaf3d82b', 'message': 'Connected to bridge server', 'timestamp': '2025-05-21T22:28:09.460806'}}
2025-05-21 22:28:09,461 - __main__ - ERROR - Failed to register with bridge server
2025-05-21 22:28:14,470 - __main__ - INFO - Connected to bridge server
2025-05-21 22:28:14,470 - __main__ - INFO - Sent registration message
2025-05-21 22:28:14,471 - __main__ - ERROR - Unexpected response to registration: {'type': 'welcome', 'payload': {'client_id': 'dbd4d848-6aa9-4482-8163-a4b32b9beadd', 'message': 'Connected to bridge server', 'timestamp': '2025-05-21T22:28:14.470366'}}
2025-05-21 22:28:14,471 - __main__ - ERROR - Failed to register with bridge server
2025-05-21 22:28:19,478 - __main__ - INFO - Connected to bridge server
2025-05-21 22:28:19,478 - __main__ - INFO - Sent registration message
2025-05-21 22:28:19,479 - __main__ - ERROR - Unexpected response to registration: {'type': 'welcome', 'payload': {'client_id': '9b83e10d-0443-4c16-9afa-ab273de20c16', 'message': 'Connected to bridge server', 'timestamp': '2025-05-21T22:28:19.478253'}}
2025-05-21 22:28:19,479 - __main__ - ERROR - Failed to register with bridge server
2025-05-21 22:28:24,487 - __main__ - INFO - Connected to bridge server
2025-05-21 22:28:24,487 - __main__ - INFO - Sent registration message
2025-05-21 22:28:24,488 - __main__ - ERROR - Unexpected response to registration: {'type': 'welcome', 'payload': {'client_id': 'bf5eb1f8-4309-4e64-87a0-d9a07a708984', 'message': 'Connected to bridge server', 'timestamp': '2025-05-21T22:28:24.487159'}}
2025-05-21 22:28:24,488 - __main__ - ERROR - Failed to register with bridge server
2025-05-21 22:28:29,494 - __main__ - INFO - Connected to bridge server
2025-05-21 22:28:29,494 - __main__ - INFO - Sent registration message
2025-05-21 22:28:29,494 - __main__ - ERROR - Unexpected response to registration: {'type': 'welcome', 'payload': {'client_id': '8efbf24d-f5d1-41dc-b619-75882fff3232', 'message': 'Connected to bridge server', 'timestamp': '2025-05-21T22:28:29.493962'}}
2025-05-21 22:28:29,494 - __main__ - ERROR - Failed to register with bridge server
2025-05-21 22:28:34,515 - __main__ - INFO - Connected to bridge server
2025-05-21 22:28:34,515 - __main__ - INFO - Sent registration message
2025-05-21 22:28:34,515 - __main__ - ERROR - Unexpected response to registration: {'type': 'welcome', 'payload': {'client_id': '568e7b6a-8943-4081-aef7-5ea5aa220353', 'message': 'Connected to bridge server', 'timestamp': '2025-05-21T22:28:34.514943'}}
2025-05-21 22:28:34,516 - __main__ - ERROR - Failed to register with bridge server
2025-05-21 22:28:39,523 - __main__ - INFO - Connected to bridge server
2025-05-21 22:28:39,523 - __main__ - INFO - Sent registration message
2025-05-21 22:28:39,523 - __main__ - ERROR - Unexpected response to registration: {'type': 'welcome', 'payload': {'client_id': '28ea144e-2b64-4455-bcbe-192ddeecb2b0', 'message': 'Connected to bridge server', 'timestamp': '2025-05-21T22:28:39.523248'}}
2025-05-21 22:28:39,523 - __main__ - ERROR - Failed to register with bridge server
2025-05-21 22:28:44,532 - __main__ - INFO - Connected to bridge server
2025-05-21 22:28:44,533 - __main__ - INFO - Sent registration message
2025-05-21 22:28:44,534 - __main__ - ERROR - Unexpected response to registration: {'type': 'welcome', 'payload': {'client_id': '5baf6c97-6a68-43e6-bd76-8c698c4f1e10', 'message': 'Connected to bridge server', 'timestamp': '2025-05-21T22:28:44.532680'}}
2025-05-21 22:28:44,534 - __main__ - ERROR - Failed to register with bridge server
2025-05-21 22:28:49,541 - __main__ - INFO - Connected to bridge server
2025-05-21 22:28:49,541 - __main__ - INFO - Sent registration message
2025-05-21 22:28:49,542 - __main__ - ERROR - Unexpected response to registration: {'type': 'welcome', 'payload': {'client_id': 'f3ed5aa3-4cf9-4a08-a0ed-1de4a033535a', 'message': 'Connected to bridge server', 'timestamp': '2025-05-21T22:28:49.541089'}}
2025-05-21 22:28:49,542 - __main__ - ERROR - Failed to register with bridge server
2025-05-21 22:28:54,551 - __main__ - INFO - Connected to bridge server
2025-05-21 22:28:54,552 - __main__ - INFO - Sent registration message
2025-05-21 22:28:54,552 - __main__ - ERROR - Unexpected response to registration: {'type': 'welcome', 'payload': {'client_id': 'c5f50133-5878-4c82-b533-0abc0841fa20', 'message': 'Connected to bridge server', 'timestamp': '2025-05-21T22:28:54.551280'}}
2025-05-21 22:28:54,552 - __main__ - ERROR - Failed to register with bridge server
2025-05-21 22:28:59,556 - __main__ - INFO - Connected to bridge server
2025-05-21 22:28:59,556 - __main__ - INFO - Sent registration message
2025-05-21 22:28:59,556 - __main__ - ERROR - Unexpected response to registration: {'type': 'welcome', 'payload': {'client_id': 'cf2fc654-2307-428a-8a05-fcb45733242f', 'message': 'Connected to bridge server', 'timestamp': '2025-05-21T22:28:59.556418'}}
2025-05-21 22:28:59,556 - __main__ - ERROR - Failed to register with bridge server
2025-05-21 22:29:04,570 - __main__ - INFO - Connected to bridge server
2025-05-21 22:29:04,571 - __main__ - INFO - Sent registration message
2025-05-21 22:29:04,571 - __main__ - ERROR - Unexpected response to registration: {'type': 'welcome', 'payload': {'client_id': '612ce69c-5bd7-4b9a-b56b-eaf8fdaffb5e', 'message': 'Connected to bridge server', 'timestamp': '2025-05-21T22:29:04.569465'}}
2025-05-21 22:29:04,571 - __main__ - ERROR - Failed to register with bridge server
2025-05-21 22:29:09,577 - __main__ - INFO - Connected to bridge server
2025-05-21 22:29:09,578 - __main__ - INFO - Sent registration message
2025-05-21 22:29:09,578 - __main__ - ERROR - Unexpected response to registration: {'type': 'welcome', 'payload': {'client_id': '6b90348e-c5dc-40cd-b491-93573a67480f', 'message': 'Connected to bridge server', 'timestamp': '2025-05-21T22:29:09.577407'}}
2025-05-21 22:29:09,578 - __main__ - ERROR - Failed to register with bridge server
2025-05-21 22:29:14,585 - __main__ - INFO - Connected to bridge server
2025-05-21 22:29:14,586 - __main__ - INFO - Sent registration message
2025-05-21 22:29:14,586 - __main__ - ERROR - Unexpected response to registration: {'type': 'welcome', 'payload': {'client_id': '31d921e8-6f46-4430-a39a-2617c12ac9f3', 'message': 'Connected to bridge server', 'timestamp': '2025-05-21T22:29:14.585423'}}
2025-05-21 22:29:14,586 - __main__ - ERROR - Failed to register with bridge server
2025-05-21 22:29:19,593 - __main__ - INFO - Connected to bridge server
2025-05-21 22:29:19,594 - __main__ - INFO - Sent registration message
2025-05-21 22:29:19,594 - __main__ - ERROR - Unexpected response to registration: {'type': 'welcome', 'payload': {'client_id': 'b910da43-077d-45be-9913-d98aa25765e1', 'message': 'Connected to bridge server', 'timestamp': '2025-05-21T22:29:19.593617'}}
2025-05-21 22:29:19,594 - __main__ - ERROR - Failed to register with bridge server
2025-05-21 22:29:24,601 - __main__ - INFO - Connected to bridge server
2025-05-21 22:29:24,601 - __main__ - INFO - Sent registration message
2025-05-21 22:29:24,602 - __main__ - ERROR - Unexpected response to registration: {'type': 'welcome', 'payload': {'client_id': '3cd05ba4-e84e-463b-ba1e-e0d7e6b5706d', 'message': 'Connected to bridge server', 'timestamp': '2025-05-21T22:29:24.601171'}}
2025-05-21 22:29:24,602 - __main__ - ERROR - Failed to register with bridge server
2025-05-21 22:29:29,608 - __main__ - INFO - Connected to bridge server
2025-05-21 22:29:29,609 - __main__ - INFO - Sent registration message
2025-05-21 22:29:29,609 - __main__ - ERROR - Unexpected response to registration: {'type': 'welcome', 'payload': {'client_id': '2d827bc4-c7f9-4f63-821e-3190d702587b', 'message': 'Connected to bridge server', 'timestamp': '2025-05-21T22:29:29.608269'}}
2025-05-21 22:29:29,609 - __main__ - ERROR - Failed to register with bridge server
2025-05-21 22:29:34,616 - __main__ - INFO - Connected to bridge server
2025-05-21 22:29:34,616 - __main__ - INFO - Sent registration message
2025-05-21 22:29:34,616 - __main__ - ERROR - Unexpected response to registration: {'type': 'welcome', 'payload': {'client_id': '367bc3bc-c941-414e-bcee-a4992ffe0189', 'message': 'Connected to bridge server', 'timestamp': '2025-05-21T22:29:34.615839'}}
2025-05-21 22:29:34,616 - __main__ - ERROR - Failed to register with bridge server
2025-05-21 22:29:39,625 - __main__ - INFO - Connected to bridge server
2025-05-21 22:29:39,626 - __main__ - INFO - Sent registration message
2025-05-21 22:29:39,626 - __main__ - ERROR - Unexpected response to registration: {'type': 'welcome', 'payload': {'client_id': '4d695bfc-6313-47dd-b172-abf60a184934', 'message': 'Connected to bridge server', 'timestamp': '2025-05-21T22:29:39.625134'}}
2025-05-21 22:29:39,626 - __main__ - ERROR - Failed to register with bridge server
2025-05-21 22:29:44,643 - __main__ - INFO - Connected to bridge server
2025-05-21 22:29:44,644 - __main__ - INFO - Sent registration message
2025-05-21 22:29:44,644 - __main__ - ERROR - Unexpected response to registration: {'type': 'welcome', 'payload': {'client_id': '720a42ec-3d9d-4c68-984a-b90e988c537f', 'message': 'Connected to bridge server', 'timestamp': '2025-05-21T22:29:44.642587'}}
2025-05-21 22:29:44,644 - __main__ - ERROR - Failed to register with bridge server
2025-05-21 22:29:49,649 - __main__ - INFO - Connected to bridge server
2025-05-21 22:29:49,650 - __main__ - INFO - Sent registration message
2025-05-21 22:29:49,650 - __main__ - ERROR - Unexpected response to registration: {'type': 'welcome', 'payload': {'client_id': '9ade9ba0-7167-4537-bbf7-bbad4397dc35', 'message': 'Connected to bridge server', 'timestamp': '2025-05-21T22:29:49.649603'}}
2025-05-21 22:29:49,650 - __main__ - ERROR - Failed to register with bridge server
2025-05-21 22:29:54,656 - __main__ - INFO - Connected to bridge server
2025-05-21 22:29:54,657 - __main__ - INFO - Sent registration message
2025-05-21 22:29:54,657 - __main__ - ERROR - Unexpected response to registration: {'type': 'welcome', 'payload': {'client_id': '28beadf9-60f2-4429-8961-fe920d1f3492', 'message': 'Connected to bridge server', 'timestamp': '2025-05-21T22:29:54.656314'}}
2025-05-21 22:29:54,657 - __main__ - ERROR - Failed to register with bridge server
2025-05-21 22:29:59,661 - __main__ - INFO - Connected to bridge server
2025-05-21 22:29:59,661 - __main__ - INFO - Sent registration message
2025-05-21 22:29:59,661 - __main__ - ERROR - Unexpected response to registration: {'type': 'welcome', 'payload': {'client_id': '6ee4426e-5cd8-4be2-9501-8b2f212d98d5', 'message': 'Connected to bridge server', 'timestamp': '2025-05-21T22:29:59.661246'}}
2025-05-21 22:29:59,661 - __main__ - ERROR - Failed to register with bridge server
2025-05-21 22:30:04,666 - __main__ - INFO - Connected to bridge server
2025-05-21 22:30:04,666 - __main__ - INFO - Sent registration message
2025-05-21 22:30:04,666 - __main__ - ERROR - Unexpected response to registration: {'type': 'welcome', 'payload': {'client_id': '24eb9556-d593-4081-9d9f-a5c9406f971d', 'message': 'Connected to bridge server', 'timestamp': '2025-05-21T22:30:04.666069'}}
2025-05-21 22:30:04,666 - __main__ - ERROR - Failed to register with bridge server
2025-05-21 22:30:09,674 - __main__ - INFO - Connected to bridge server
2025-05-21 22:30:09,674 - __main__ - INFO - Sent registration message
2025-05-21 22:30:09,674 - __main__ - ERROR - Unexpected response to registration: {'type': 'welcome', 'payload': {'client_id': 'a308c7fb-07ad-43dd-9040-cd797e685bac', 'message': 'Connected to bridge server', 'timestamp': '2025-05-21T22:30:09.674155'}}
2025-05-21 22:30:09,675 - __main__ - ERROR - Failed to register with bridge server
2025-05-21 22:30:14,678 - __main__ - INFO - Connected to bridge server
2025-05-21 22:30:14,678 - __main__ - INFO - Sent registration message
2025-05-21 22:30:14,679 - __main__ - ERROR - Unexpected response to registration: {'type': 'welcome', 'payload': {'client_id': '165ca7cb-8361-490a-9bd5-3da93faf3cb6', 'message': 'Connected to bridge server', 'timestamp': '2025-05-21T22:30:14.678694'}}
2025-05-21 22:30:14,679 - __main__ - ERROR - Failed to register with bridge server
2025-05-21 22:30:19,687 - __main__ - INFO - Connected to bridge server
2025-05-21 22:30:19,688 - __main__ - INFO - Sent registration message
2025-05-21 22:30:19,688 - __main__ - ERROR - Unexpected response to registration: {'type': 'welcome', 'payload': {'client_id': 'b7464612-7660-4f7a-a1c7-d0c20709e5de', 'message': 'Connected to bridge server', 'timestamp': '2025-05-21T22:30:19.687129'}}
2025-05-21 22:30:19,688 - __main__ - ERROR - Failed to register with bridge server
2025-05-21 22:30:24,692 - __main__ - INFO - Connected to bridge server
2025-05-21 22:30:24,692 - __main__ - INFO - Sent registration message
2025-05-21 22:30:24,692 - __main__ - ERROR - Unexpected response to registration: {'type': 'welcome', 'payload': {'client_id': '76633023-d4fc-411b-93f2-a6622f1d3986', 'message': 'Connected to bridge server', 'timestamp': '2025-05-21T22:30:24.692326'}}
2025-05-21 22:30:24,692 - __main__ - ERROR - Failed to register with bridge server
2025-05-21 22:30:29,696 - __main__ - INFO - Connected to bridge server
2025-05-21 22:30:29,696 - __main__ - INFO - Sent registration message
2025-05-21 22:30:29,696 - __main__ - ERROR - Unexpected response to registration: {'type': 'welcome', 'payload': {'client_id': 'b5225cfa-bcd0-47bd-8f7b-97da9798af6a', 'message': 'Connected to bridge server', 'timestamp': '2025-05-21T22:30:29.696063'}}
2025-05-21 22:30:29,696 - __main__ - ERROR - Failed to register with bridge server
2025-05-21 22:30:34,701 - __main__ - INFO - Connected to bridge server
2025-05-21 22:30:34,701 - __main__ - INFO - Sent registration message
2025-05-21 22:30:34,701 - __main__ - ERROR - Unexpected response to registration: {'type': 'welcome', 'payload': {'client_id': '88117436-d5f0-489b-8729-64a9e13f1167', 'message': 'Connected to bridge server', 'timestamp': '2025-05-21T22:30:34.700738'}}
2025-05-21 22:30:34,701 - __main__ - ERROR - Failed to register with bridge server
2025-05-21 22:30:39,705 - __main__ - INFO - Connected to bridge server
2025-05-21 22:30:39,705 - __main__ - INFO - Sent registration message
2025-05-21 22:30:39,706 - __main__ - ERROR - Unexpected response to registration: {'type': 'welcome', 'payload': {'client_id': '53724409-f200-4738-93c0-d75d0b06001f', 'message': 'Connected to bridge server', 'timestamp': '2025-05-21T22:30:39.705360'}}
2025-05-21 22:30:39,706 - __main__ - ERROR - Failed to register with bridge server
2025-05-21 22:30:44,714 - __main__ - INFO - Connected to bridge server
2025-05-21 22:30:44,714 - __main__ - INFO - Sent registration message
2025-05-21 22:30:44,715 - __main__ - ERROR - Unexpected response to registration: {'type': 'welcome', 'payload': {'client_id': 'e15c864b-812c-4f85-9f3c-8f4a5d1ebb15', 'message': 'Connected to bridge server', 'timestamp': '2025-05-21T22:30:44.713969'}}
2025-05-21 22:30:44,715 - __main__ - ERROR - Failed to register with bridge server
2025-05-21 22:30:49,720 - __main__ - INFO - Connected to bridge server
2025-05-21 22:30:49,721 - __main__ - INFO - Sent registration message
2025-05-21 22:30:49,721 - __main__ - ERROR - Unexpected response to registration: {'type': 'welcome', 'payload': {'client_id': '5c3a87df-56d2-4b6a-b020-775225fcc066', 'message': 'Connected to bridge server', 'timestamp': '2025-05-21T22:30:49.720430'}}
2025-05-21 22:30:49,721 - __main__ - ERROR - Failed to register with bridge server
2025-05-21 22:30:54,725 - __main__ - INFO - Connected to bridge server
2025-05-21 22:30:54,725 - __main__ - INFO - Sent registration message
2025-05-21 22:30:54,725 - __main__ - ERROR - Unexpected response to registration: {'type': 'welcome', 'payload': {'client_id': '46703301-7034-47a2-bebe-bbf6fdcb7a33', 'message': 'Connected to bridge server', 'timestamp': '2025-05-21T22:30:54.725404'}}
2025-05-21 22:30:54,725 - __main__ - ERROR - Failed to register with bridge server
2025-05-21 22:30:59,729 - __main__ - INFO - Connected to bridge server
2025-05-21 22:30:59,729 - __main__ - INFO - Sent registration message
2025-05-21 22:30:59,730 - __main__ - ERROR - Unexpected response to registration: {'type': 'welcome', 'payload': {'client_id': '38b1f49c-55ed-4191-8e02-19fad5d7d3dc', 'message': 'Connected to bridge server', 'timestamp': '2025-05-21T22:30:59.729572'}}
2025-05-21 22:30:59,730 - __main__ - ERROR - Failed to register with bridge server
2025-05-21 22:31:04,734 - __main__ - INFO - Connected to bridge server
2025-05-21 22:31:04,734 - __main__ - INFO - Sent registration message
2025-05-21 22:31:04,734 - __main__ - ERROR - Unexpected response to registration: {'type': 'welcome', 'payload': {'client_id': '62675089-4f06-4b39-9a09-ade65af58416', 'message': 'Connected to bridge server', 'timestamp': '2025-05-21T22:31:04.734030'}}
2025-05-21 22:31:04,734 - __main__ - ERROR - Failed to register with bridge server
2025-05-21 22:31:09,740 - __main__ - INFO - Connected to bridge server
2025-05-21 22:31:09,740 - __main__ - INFO - Sent registration message
2025-05-21 22:31:09,741 - __main__ - ERROR - Unexpected response to registration: {'type': 'welcome', 'payload': {'client_id': 'dd2071d6-a825-4078-ac67-a90c8f31065b', 'message': 'Connected to bridge server', 'timestamp': '2025-05-21T22:31:09.739987'}}
2025-05-21 22:31:09,741 - __main__ - ERROR - Failed to register with bridge server
2025-05-21 22:31:14,745 - __main__ - INFO - Connected to bridge server
2025-05-21 22:31:14,745 - __main__ - INFO - Sent registration message
2025-05-21 22:31:14,745 - __main__ - ERROR - Unexpected response to registration: {'type': 'welcome', 'payload': {'client_id': '8faee728-73ae-4845-8142-dca9218d3905', 'message': 'Connected to bridge server', 'timestamp': '2025-05-21T22:31:14.745163'}}
2025-05-21 22:31:14,745 - __main__ - ERROR - Failed to register with bridge server
2025-05-21 22:31:19,754 - __main__ - INFO - Connected to bridge server
2025-05-21 22:31:19,755 - __main__ - INFO - Sent registration message
2025-05-21 22:31:19,755 - __main__ - ERROR - Unexpected response to registration: {'type': 'welcome', 'payload': {'client_id': 'ed5c89fe-93be-4d5e-8788-51c0b8801235', 'message': 'Connected to bridge server', 'timestamp': '2025-05-21T22:31:19.754253'}}
2025-05-21 22:31:19,755 - __main__ - ERROR - Failed to register with bridge server
2025-05-21 22:31:24,759 - __main__ - INFO - Connected to bridge server
2025-05-21 22:31:24,760 - __main__ - INFO - Sent registration message
2025-05-21 22:31:24,760 - __main__ - ERROR - Unexpected response to registration: {'type': 'welcome', 'payload': {'client_id': '17221bad-2119-41f1-b01f-8df131942790', 'message': 'Connected to bridge server', 'timestamp': '2025-05-21T22:31:24.759558'}}
2025-05-21 22:31:24,760 - __main__ - ERROR - Failed to register with bridge server
2025-05-21 22:31:29,772 - __main__ - INFO - Connected to bridge server
2025-05-21 22:31:29,773 - __main__ - INFO - Sent registration message
2025-05-21 22:31:29,773 - __main__ - ERROR - Unexpected response to registration: {'type': 'welcome', 'payload': {'client_id': '4833cd81-0aef-428c-b6db-ad4d64e0184b', 'message': 'Connected to bridge server', 'timestamp': '2025-05-21T22:31:29.772649'}}
2025-05-21 22:31:29,773 - __main__ - ERROR - Failed to register with bridge server
2025-05-21 22:31:34,781 - __main__ - INFO - Connected to bridge server
2025-05-21 22:31:34,782 - __main__ - INFO - Sent registration message
2025-05-21 22:31:34,782 - __main__ - ERROR - Unexpected response to registration: {'type': 'welcome', 'payload': {'client_id': '6fde03b5-9e33-42d0-82ac-9f8b779a9ce0', 'message': 'Connected to bridge server', 'timestamp': '2025-05-21T22:31:34.781600'}}
2025-05-21 22:31:34,783 - __main__ - ERROR - Failed to register with bridge server
2025-05-21 22:31:39,786 - __main__ - INFO - Connected to bridge server
2025-05-21 22:31:39,786 - __main__ - INFO - Sent registration message
2025-05-21 22:31:39,787 - __main__ - ERROR - Unexpected response to registration: {'type': 'welcome', 'payload': {'client_id': '1bac9024-5ebd-4c2c-8581-38c43e8dcff3', 'message': 'Connected to bridge server', 'timestamp': '2025-05-21T22:31:39.786637'}}
2025-05-21 22:31:39,787 - __main__ - ERROR - Failed to register with bridge server
2025-05-21 22:31:44,792 - __main__ - INFO - Connected to bridge server
2025-05-21 22:31:44,792 - __main__ - INFO - Sent registration message
2025-05-21 22:31:44,792 - __main__ - ERROR - Unexpected response to registration: {'type': 'welcome', 'payload': {'client_id': 'fc15a16a-ca98-47d4-b09b-972dd1439123', 'message': 'Connected to bridge server', 'timestamp': '2025-05-21T22:31:44.791894'}}
2025-05-21 22:31:44,792 - __main__ - ERROR - Failed to register with bridge server
2025-05-21 22:31:49,797 - __main__ - INFO - Connected to bridge server
2025-05-21 22:31:49,797 - __main__ - INFO - Sent registration message
2025-05-21 22:31:49,797 - __main__ - ERROR - Unexpected response to registration: {'type': 'welcome', 'payload': {'client_id': 'dafb5d78-a940-42a5-b505-670e9176f8b2', 'message': 'Connected to bridge server', 'timestamp': '2025-05-21T22:31:49.796952'}}
2025-05-21 22:31:49,797 - __main__ - ERROR - Failed to register with bridge server
2025-05-21 22:31:54,801 - __main__ - INFO - Connected to bridge server
2025-05-21 22:31:54,802 - __main__ - INFO - Sent registration message
2025-05-21 22:31:54,802 - __main__ - ERROR - Unexpected response to registration: {'type': 'welcome', 'payload': {'client_id': 'cacee0bb-e895-4ec9-b062-715703f91e20', 'message': 'Connected to bridge server', 'timestamp': '2025-05-21T22:31:54.801653'}}
2025-05-21 22:31:54,802 - __main__ - ERROR - Failed to register with bridge server
2025-05-21 22:31:59,806 - __main__ - INFO - Connected to bridge server
2025-05-21 22:31:59,807 - __main__ - INFO - Sent registration message
2025-05-21 22:31:59,807 - __main__ - ERROR - Unexpected response to registration: {'type': 'welcome', 'payload': {'client_id': 'a083d2d2-fec2-4c37-8b99-2c75b8062b72', 'message': 'Connected to bridge server', 'timestamp': '2025-05-21T22:31:59.806628'}}
2025-05-21 22:31:59,807 - __main__ - ERROR - Failed to register with bridge server
2025-05-21 22:32:04,815 - __main__ - INFO - Connected to bridge server
2025-05-21 22:32:04,816 - __main__ - INFO - Sent registration message
2025-05-21 22:32:04,816 - __main__ - ERROR - Unexpected response to registration: {'type': 'welcome', 'payload': {'client_id': '180f9257-5f7d-4c92-af24-a194acd3b591', 'message': 'Connected to bridge server', 'timestamp': '2025-05-21T22:32:04.815277'}}
2025-05-21 22:32:04,816 - __main__ - ERROR - Failed to register with bridge server
2025-05-21 22:32:09,820 - __main__ - INFO - Connected to bridge server
2025-05-21 22:32:09,820 - __main__ - INFO - Sent registration message
2025-05-21 22:32:09,820 - __main__ - ERROR - Unexpected response to registration: {'type': 'welcome', 'payload': {'client_id': '57fa1f5b-5e99-482f-8d72-a5dad43c8e6f', 'message': 'Connected to bridge server', 'timestamp': '2025-05-21T22:32:09.820433'}}
2025-05-21 22:32:09,820 - __main__ - ERROR - Failed to register with bridge server
2025-05-21 22:32:14,829 - __main__ - INFO - Connected to bridge server
2025-05-21 22:32:14,830 - __main__ - INFO - Sent registration message
2025-05-21 22:32:14,831 - __main__ - ERROR - Unexpected response to registration: {'type': 'welcome', 'payload': {'client_id': '570c557f-abef-4409-9bb4-eeab1be67af9', 'message': 'Connected to bridge server', 'timestamp': '2025-05-21T22:32:14.829625'}}
2025-05-21 22:32:14,831 - __main__ - ERROR - Failed to register with bridge server
2025-05-21 22:32:19,835 - __main__ - INFO - Connected to bridge server
2025-05-21 22:32:19,835 - __main__ - INFO - Sent registration message
2025-05-21 22:32:19,835 - __main__ - ERROR - Unexpected response to registration: {'type': 'welcome', 'payload': {'client_id': 'cc6d2118-a08d-4d1f-a525-7ae9b37b1d98', 'message': 'Connected to bridge server', 'timestamp': '2025-05-21T22:32:19.835170'}}
2025-05-21 22:32:19,835 - __main__ - ERROR - Failed to register with bridge server
2025-05-21 22:32:24,841 - __main__ - INFO - Connected to bridge server
2025-05-21 22:32:24,842 - __main__ - INFO - Sent registration message
2025-05-21 22:32:24,842 - __main__ - ERROR - Unexpected response to registration: {'type': 'welcome', 'payload': {'client_id': '3bb8c69e-41e9-4e69-a071-7afeaad2783b', 'message': 'Connected to bridge server', 'timestamp': '2025-05-21T22:32:24.841580'}}
2025-05-21 22:32:24,842 - __main__ - ERROR - Failed to register with bridge server
2025-05-21 22:32:29,845 - __main__ - INFO - Connected to bridge server
2025-05-21 22:32:29,845 - __main__ - INFO - Sent registration message
2025-05-21 22:32:29,846 - __main__ - ERROR - Unexpected response to registration: {'type': 'welcome', 'payload': {'client_id': '397fba12-6e2a-4d5d-83fd-5b3994536ce9', 'message': 'Connected to bridge server', 'timestamp': '2025-05-21T22:32:29.845568'}}
2025-05-21 22:32:29,846 - __main__ - ERROR - Failed to register with bridge server
2025-05-21 22:32:34,852 - __main__ - INFO - Connected to bridge server
2025-05-21 22:32:34,853 - __main__ - INFO - Sent registration message
2025-05-21 22:32:34,853 - __main__ - ERROR - Unexpected response to registration: {'type': 'welcome', 'payload': {'client_id': '7d4bc201-d076-4df6-ab67-5a44d8e751e7', 'message': 'Connected to bridge server', 'timestamp': '2025-05-21T22:32:34.852046'}}
2025-05-21 22:32:34,853 - __main__ - ERROR - Failed to register with bridge server
2025-05-21 22:32:39,858 - __main__ - INFO - Connected to bridge server
2025-05-21 22:32:39,858 - __main__ - INFO - Sent registration message
2025-05-21 22:32:39,858 - __main__ - ERROR - Unexpected response to registration: {'type': 'welcome', 'payload': {'client_id': '7445326a-4283-4496-954f-caece106958c', 'message': 'Connected to bridge server', 'timestamp': '2025-05-21T22:32:39.858132'}}
2025-05-21 22:32:39,858 - __main__ - ERROR - Failed to register with bridge server
2025-05-21 22:32:44,866 - __main__ - INFO - Connected to bridge server
2025-05-21 22:32:44,866 - __main__ - INFO - Sent registration message
2025-05-21 22:32:44,867 - __main__ - ERROR - Unexpected response to registration: {'type': 'welcome', 'payload': {'client_id': '97f6fa19-8e9a-43e3-89e9-5138c48cdbf4', 'message': 'Connected to bridge server', 'timestamp': '2025-05-21T22:32:44.865959'}}
2025-05-21 22:32:44,867 - __main__ - ERROR - Failed to register with bridge server
2025-05-21 22:32:49,875 - __main__ - INFO - Connected to bridge server
2025-05-21 22:32:49,875 - __main__ - INFO - Sent registration message
2025-05-21 22:32:49,876 - __main__ - ERROR - Unexpected response to registration: {'type': 'welcome', 'payload': {'client_id': 'e3bd024c-2720-4c77-85ec-53e8de3af8e4', 'message': 'Connected to bridge server', 'timestamp': '2025-05-21T22:32:49.875293'}}
2025-05-21 22:32:49,876 - __main__ - ERROR - Failed to register with bridge server
2025-05-21 22:32:54,883 - __main__ - INFO - Connected to bridge server
2025-05-21 22:32:54,883 - __main__ - INFO - Sent registration message
2025-05-21 22:32:54,884 - __main__ - ERROR - Unexpected response to registration: {'type': 'welcome', 'payload': {'client_id': '5179322c-660c-4047-9155-0d2825dd0b08', 'message': 'Connected to bridge server', 'timestamp': '2025-05-21T22:32:54.882981'}}
2025-05-21 22:32:54,884 - __main__ - ERROR - Failed to register with bridge server
2025-05-21 22:32:59,893 - __main__ - INFO - Connected to bridge server
2025-05-21 22:32:59,894 - __main__ - INFO - Sent registration message
2025-05-21 22:32:59,894 - __main__ - ERROR - Unexpected response to registration: {'type': 'welcome', 'payload': {'client_id': '298d7b97-6e89-48fe-a753-1c28297ad56a', 'message': 'Connected to bridge server', 'timestamp': '2025-05-21T22:32:59.893354'}}
2025-05-21 22:32:59,894 - __main__ - ERROR - Failed to register with bridge server
2025-05-21 22:33:04,899 - __main__ - INFO - Connected to bridge server
2025-05-21 22:33:04,899 - __main__ - INFO - Sent registration message
2025-05-21 22:33:04,900 - __main__ - ERROR - Unexpected response to registration: {'type': 'welcome', 'payload': {'client_id': '5fa656f9-d67c-4289-9d99-23956bcb3033', 'message': 'Connected to bridge server', 'timestamp': '2025-05-21T22:33:04.899441'}}
2025-05-21 22:33:04,900 - __main__ - ERROR - Failed to register with bridge server
2025-05-21 22:33:09,906 - __main__ - INFO - Connected to bridge server
2025-05-21 22:33:09,906 - __main__ - INFO - Sent registration message
2025-05-21 22:33:09,906 - __main__ - ERROR - Unexpected response to registration: {'type': 'welcome', 'payload': {'client_id': '6560ec2e-e7ee-4a84-8110-9b6ef9c4dc4e', 'message': 'Connected to bridge server', 'timestamp': '2025-05-21T22:33:09.906242'}}
2025-05-21 22:33:09,906 - __main__ - ERROR - Failed to register with bridge server
2025-05-21 22:33:14,912 - __main__ - INFO - Connected to bridge server
2025-05-21 22:33:14,912 - __main__ - INFO - Sent registration message
2025-05-21 22:33:14,913 - __main__ - ERROR - Unexpected response to registration: {'type': 'welcome', 'payload': {'client_id': '9c54d99b-3efb-4749-875f-bb665b4119dd', 'message': 'Connected to bridge server', 'timestamp': '2025-05-21T22:33:14.912455'}}
2025-05-21 22:33:14,913 - __main__ - ERROR - Failed to register with bridge server
2025-05-21 22:33:19,919 - __main__ - INFO - Connected to bridge server
2025-05-21 22:33:19,920 - __main__ - INFO - Sent registration message
2025-05-21 22:33:19,920 - __main__ - ERROR - Unexpected response to registration: {'type': 'welcome', 'payload': {'client_id': '3c5c8cac-40d9-45af-9d5b-460161ba2e0e', 'message': 'Connected to bridge server', 'timestamp': '2025-05-21T22:33:19.919383'}}
2025-05-21 22:33:19,920 - __main__ - ERROR - Failed to register with bridge server
2025-05-21 22:33:24,929 - __main__ - INFO - Connected to bridge server
2025-05-21 22:33:24,929 - __main__ - INFO - Sent registration message
2025-05-21 22:33:24,929 - __main__ - ERROR - Unexpected response to registration: {'type': 'welcome', 'payload': {'client_id': '57c9982a-7656-49ed-9034-e292badff613', 'message': 'Connected to bridge server', 'timestamp': '2025-05-21T22:33:24.928571'}}
2025-05-21 22:33:24,929 - __main__ - ERROR - Failed to register with bridge server
2025-05-21 22:33:29,938 - __main__ - INFO - Connected to bridge server
2025-05-21 22:33:29,939 - __main__ - INFO - Sent registration message
2025-05-21 22:33:29,939 - __main__ - ERROR - Unexpected response to registration: {'type': 'welcome', 'payload': {'client_id': '2d7587fd-c4f1-4b94-a582-45f669c9c63e', 'message': 'Connected to bridge server', 'timestamp': '2025-05-21T22:33:29.938473'}}
2025-05-21 22:33:29,939 - __main__ - ERROR - Failed to register with bridge server
2025-05-21 22:33:34,945 - __main__ - INFO - Connected to bridge server
2025-05-21 22:33:34,945 - __main__ - INFO - Sent registration message
2025-05-21 22:33:34,945 - __main__ - ERROR - Unexpected response to registration: {'type': 'welcome', 'payload': {'client_id': '35a7556e-93b5-4846-9ae0-a78b302c70fb', 'message': 'Connected to bridge server', 'timestamp': '2025-05-21T22:33:34.944995'}}
2025-05-21 22:33:34,945 - __main__ - ERROR - Failed to register with bridge server
2025-05-21 22:33:39,955 - __main__ - INFO - Connected to bridge server
2025-05-21 22:33:39,955 - __main__ - INFO - Sent registration message
2025-05-21 22:33:39,956 - __main__ - ERROR - Unexpected response to registration: {'type': 'welcome', 'payload': {'client_id': '017483ef-5b7f-4392-bc79-a8582f534909', 'message': 'Connected to bridge server', 'timestamp': '2025-05-21T22:33:39.954797'}}
2025-05-21 22:33:39,956 - __main__ - ERROR - Failed to register with bridge server
2025-05-21 22:33:44,960 - __main__ - INFO - Connected to bridge server
2025-05-21 22:33:44,961 - __main__ - INFO - Sent registration message
2025-05-21 22:33:44,961 - __main__ - ERROR - Unexpected response to registration: {'type': 'welcome', 'payload': {'client_id': '063c921d-c59e-4a0f-96bc-8d29eade35d7', 'message': 'Connected to bridge server', 'timestamp': '2025-05-21T22:33:44.960024'}}
2025-05-21 22:33:44,961 - __main__ - ERROR - Failed to register with bridge server
2025-05-21 22:33:49,965 - __main__ - INFO - Connected to bridge server
2025-05-21 22:33:49,965 - __main__ - INFO - Sent registration message
2025-05-21 22:33:49,965 - __main__ - ERROR - Unexpected response to registration: {'type': 'welcome', 'payload': {'client_id': '90a2861a-7b33-42f7-9469-24ffcc8e5a95', 'message': 'Connected to bridge server', 'timestamp': '2025-05-21T22:33:49.965057'}}
2025-05-21 22:33:49,965 - __main__ - ERROR - Failed to register with bridge server
2025-05-21 22:33:54,969 - __main__ - INFO - Connected to bridge server
2025-05-21 22:33:54,970 - __main__ - INFO - Sent registration message
2025-05-21 22:33:54,970 - __main__ - ERROR - Unexpected response to registration: {'type': 'welcome', 'payload': {'client_id': '780d473f-052f-47eb-99c5-7e6fd4b99260', 'message': 'Connected to bridge server', 'timestamp': '2025-05-21T22:33:54.969605'}}
2025-05-21 22:33:54,970 - __main__ - ERROR - Failed to register with bridge server
2025-05-21 22:33:59,975 - __main__ - INFO - Connected to bridge server
2025-05-21 22:33:59,976 - __main__ - INFO - Sent registration message
2025-05-21 22:33:59,976 - __main__ - ERROR - Unexpected response to registration: {'type': 'welcome', 'payload': {'client_id': '18d3d18b-b875-4a88-940f-3f6c7e1fb173', 'message': 'Connected to bridge server', 'timestamp': '2025-05-21T22:33:59.975753'}}
2025-05-21 22:33:59,976 - __main__ - ERROR - Failed to register with bridge server
2025-05-21 22:34:04,982 - __main__ - INFO - Connected to bridge server
2025-05-21 22:34:04,982 - __main__ - INFO - Sent registration message
2025-05-21 22:34:04,982 - __main__ - ERROR - Unexpected response to registration: {'type': 'welcome', 'payload': {'client_id': 'a27c0c7b-086b-4404-8981-994590d38c3b', 'message': 'Connected to bridge server', 'timestamp': '2025-05-21T22:34:04.982304'}}
2025-05-21 22:34:04,982 - __main__ - ERROR - Failed to register with bridge server
2025-05-21 22:34:09,990 - __main__ - INFO - Connected to bridge server
2025-05-21 22:34:09,991 - __main__ - INFO - Sent registration message
2025-05-21 22:34:09,991 - __main__ - ERROR - Unexpected response to registration: {'type': 'welcome', 'payload': {'client_id': '1e6ea68d-55c5-4170-8c34-2a44f6af52dd', 'message': 'Connected to bridge server', 'timestamp': '2025-05-21T22:34:09.990735'}}
2025-05-21 22:34:09,991 - __main__ - ERROR - Failed to register with bridge server
2025-05-21 22:34:14,995 - __main__ - INFO - Connected to bridge server
2025-05-21 22:34:14,995 - __main__ - INFO - Sent registration message
2025-05-21 22:34:14,996 - __main__ - ERROR - Unexpected response to registration: {'type': 'welcome', 'payload': {'client_id': '2569c7db-591c-4ba8-a384-49d231b8ea36', 'message': 'Connected to bridge server', 'timestamp': '2025-05-21T22:34:14.995640'}}
2025-05-21 22:34:14,996 - __main__ - ERROR - Failed to register with bridge server
2025-05-21 22:34:20,000 - __main__ - INFO - Connected to bridge server
2025-05-21 22:34:20,001 - __main__ - INFO - Sent registration message
2025-05-21 22:34:20,001 - __main__ - ERROR - Unexpected response to registration: {'type': 'welcome', 'payload': {'client_id': '7839ce31-7db9-493a-bb3b-b9b531741d0b', 'message': 'Connected to bridge server', 'timestamp': '2025-05-21T22:34:20.000363'}}
2025-05-21 22:34:20,001 - __main__ - ERROR - Failed to register with bridge server
2025-05-21 22:34:25,006 - __main__ - INFO - Connected to bridge server
2025-05-21 22:34:25,007 - __main__ - INFO - Sent registration message
2025-05-21 22:34:25,007 - __main__ - ERROR - Unexpected response to registration: {'type': 'welcome', 'payload': {'client_id': '69ae924e-0625-4c1c-9d40-4139c10e0550', 'message': 'Connected to bridge server', 'timestamp': '2025-05-21T22:34:25.006713'}}
2025-05-21 22:34:25,007 - __main__ - ERROR - Failed to register with bridge server
2025-05-21 22:34:30,015 - __main__ - INFO - Connected to bridge server
2025-05-21 22:34:30,016 - __main__ - INFO - Sent registration message
2025-05-21 22:34:30,017 - __main__ - ERROR - Unexpected response to registration: {'type': 'welcome', 'payload': {'client_id': 'ca2c1c37-edde-44b8-8f0e-74ce106ccf38', 'message': 'Connected to bridge server', 'timestamp': '2025-05-21T22:34:30.015659'}}
2025-05-21 22:34:30,017 - __main__ - ERROR - Failed to register with bridge server
2025-05-21 22:34:35,022 - __main__ - INFO - Connected to bridge server
2025-05-21 22:34:35,023 - __main__ - INFO - Sent registration message
2025-05-21 22:34:35,023 - __main__ - ERROR - Unexpected response to registration: {'type': 'welcome', 'payload': {'client_id': '9c9e1229-27b5-49e0-aad9-03e436d1d00e', 'message': 'Connected to bridge server', 'timestamp': '2025-05-21T22:34:35.022788'}}
2025-05-21 22:34:35,023 - __main__ - ERROR - Failed to register with bridge server
2025-05-21 22:34:40,030 - __main__ - INFO - Connected to bridge server
2025-05-21 22:34:40,031 - __main__ - INFO - Sent registration message
2025-05-21 22:34:40,031 - __main__ - ERROR - Unexpected response to registration: {'type': 'welcome', 'payload': {'client_id': '65221996-5027-4b3b-bab7-2e8ef77038cc', 'message': 'Connected to bridge server', 'timestamp': '2025-05-21T22:34:40.030654'}}
2025-05-21 22:34:40,031 - __main__ - ERROR - Failed to register with bridge server
2025-05-21 22:34:45,037 - __main__ - INFO - Connected to bridge server
2025-05-21 22:34:45,038 - __main__ - INFO - Sent registration message
2025-05-21 22:34:45,038 - __main__ - ERROR - Unexpected response to registration: {'type': 'welcome', 'payload': {'client_id': 'd2b95137-3750-486e-b323-132a9b6000d1', 'message': 'Connected to bridge server', 'timestamp': '2025-05-21T22:34:45.037690'}}
2025-05-21 22:34:45,038 - __main__ - ERROR - Failed to register with bridge server
2025-05-21 22:34:50,046 - __main__ - INFO - Connected to bridge server
2025-05-21 22:34:50,046 - __main__ - INFO - Sent registration message
2025-05-21 22:34:50,047 - __main__ - ERROR - Unexpected response to registration: {'type': 'welcome', 'payload': {'client_id': '02ee69d3-af11-4294-bd1c-0727b99e70df', 'message': 'Connected to bridge server', 'timestamp': '2025-05-21T22:34:50.046338'}}
2025-05-21 22:34:50,047 - __main__ - ERROR - Failed to register with bridge server
2025-05-21 22:34:55,053 - __main__ - INFO - Connected to bridge server
2025-05-21 22:34:55,054 - __main__ - INFO - Sent registration message
2025-05-21 22:34:55,054 - __main__ - ERROR - Unexpected response to registration: {'type': 'welcome', 'payload': {'client_id': 'ed818a29-8437-4aab-81c9-357e4b656fc4', 'message': 'Connected to bridge server', 'timestamp': '2025-05-21T22:34:55.053629'}}
2025-05-21 22:34:55,054 - __main__ - ERROR - Failed to register with bridge server
2025-05-21 22:35:00,059 - __main__ - INFO - Connected to bridge server
2025-05-21 22:35:00,059 - __main__ - INFO - Sent registration message
2025-05-21 22:35:00,059 - __main__ - ERROR - Unexpected response to registration: {'type': 'welcome', 'payload': {'client_id': '96bdfacf-5dae-4a89-a967-2470e1954aff', 'message': 'Connected to bridge server', 'timestamp': '2025-05-21T22:35:00.059425'}}
2025-05-21 22:35:00,060 - __main__ - ERROR - Failed to register with bridge server
2025-05-21 22:35:05,067 - __main__ - INFO - Connected to bridge server
2025-05-21 22:35:05,068 - __main__ - INFO - Sent registration message
2025-05-21 22:35:05,068 - __main__ - ERROR - Unexpected response to registration: {'type': 'welcome', 'payload': {'client_id': '7dc46a01-3543-46a5-af22-190e9b20d680', 'message': 'Connected to bridge server', 'timestamp': '2025-05-21T22:35:05.067444'}}
2025-05-21 22:35:05,068 - __main__ - ERROR - Failed to register with bridge server
2025-05-21 22:35:10,073 - __main__ - INFO - Connected to bridge server
2025-05-21 22:35:10,073 - __main__ - INFO - Sent registration message
2025-05-21 22:35:10,073 - __main__ - ERROR - Unexpected response to registration: {'type': 'welcome', 'payload': {'client_id': '642279d3-00b5-4b11-857d-8b1aba8ca2a5', 'message': 'Connected to bridge server', 'timestamp': '2025-05-21T22:35:10.073356'}}
2025-05-21 22:35:10,073 - __main__ - ERROR - Failed to register with bridge server
2025-05-21 22:35:15,084 - __main__ - INFO - Connected to bridge server
2025-05-21 22:35:15,085 - __main__ - INFO - Sent registration message
2025-05-21 22:35:15,086 - __main__ - ERROR - Unexpected response to registration: {'type': 'welcome', 'payload': {'client_id': '5aeda779-4786-4c11-913b-821d9f5ef593', 'message': 'Connected to bridge server', 'timestamp': '2025-05-21T22:35:15.084555'}}
2025-05-21 22:35:15,086 - __main__ - ERROR - Failed to register with bridge server
2025-05-21 22:35:20,090 - __main__ - INFO - Connected to bridge server
2025-05-21 22:35:20,090 - __main__ - INFO - Sent registration message
2025-05-21 22:35:20,090 - __main__ - ERROR - Unexpected response to registration: {'type': 'welcome', 'payload': {'client_id': 'ff8f9c15-a061-447b-bf51-9439dc0659f0', 'message': 'Connected to bridge server', 'timestamp': '2025-05-21T22:35:20.090193'}}
2025-05-21 22:35:20,090 - __main__ - ERROR - Failed to register with bridge server
2025-05-21 22:35:25,099 - __main__ - INFO - Connected to bridge server
2025-05-21 22:35:25,100 - __main__ - INFO - Sent registration message
2025-05-21 22:35:25,100 - __main__ - ERROR - Unexpected response to registration: {'type': 'welcome', 'payload': {'client_id': '2a17d18a-fc3e-4937-88a2-0f371f5f31bd', 'message': 'Connected to bridge server', 'timestamp': '2025-05-21T22:35:25.099298'}}
2025-05-21 22:35:25,100 - __main__ - ERROR - Failed to register with bridge server
2025-05-21 22:35:30,104 - __main__ - INFO - Connected to bridge server
2025-05-21 22:35:30,105 - __main__ - INFO - Sent registration message
2025-05-21 22:35:30,105 - __main__ - ERROR - Unexpected response to registration: {'type': 'welcome', 'payload': {'client_id': 'faa91841-7ecf-463c-8c08-c7c4d3ad1b6c', 'message': 'Connected to bridge server', 'timestamp': '2025-05-21T22:35:30.104706'}}
2025-05-21 22:35:30,105 - __main__ - ERROR - Failed to register with bridge server
2025-05-21 22:35:35,109 - __main__ - INFO - Connected to bridge server
2025-05-21 22:35:35,109 - __main__ - INFO - Sent registration message
2025-05-21 22:35:35,109 - __main__ - ERROR - Unexpected response to registration: {'type': 'welcome', 'payload': {'client_id': 'b90500d8-caa0-4e1e-823e-d19499ae6694', 'message': 'Connected to bridge server', 'timestamp': '2025-05-21T22:35:35.108953'}}
2025-05-21 22:35:35,109 - __main__ - ERROR - Failed to register with bridge server
2025-05-21 22:35:40,114 - __main__ - INFO - Connected to bridge server
2025-05-21 22:35:40,115 - __main__ - INFO - Sent registration message
2025-05-21 22:35:40,115 - __main__ - ERROR - Unexpected response to registration: {'type': 'welcome', 'payload': {'client_id': '38b92555-2f9c-44fc-9704-a8be340a57ad', 'message': 'Connected to bridge server', 'timestamp': '2025-05-21T22:35:40.114648'}}
2025-05-21 22:35:40,115 - __main__ - ERROR - Failed to register with bridge server
2025-05-21 22:35:45,119 - __main__ - INFO - Connected to bridge server
2025-05-21 22:35:45,119 - __main__ - INFO - Sent registration message
2025-05-21 22:35:45,119 - __main__ - ERROR - Unexpected response to registration: {'type': 'welcome', 'payload': {'client_id': '7988337a-b539-4160-8183-bbac9001647a', 'message': 'Connected to bridge server', 'timestamp': '2025-05-21T22:35:45.119030'}}
2025-05-21 22:35:45,119 - __main__ - ERROR - Failed to register with bridge server
2025-05-21 22:35:50,125 - __main__ - INFO - Connected to bridge server
2025-05-21 22:35:50,126 - __main__ - INFO - Sent registration message
2025-05-21 22:35:50,126 - __main__ - ERROR - Unexpected response to registration: {'type': 'welcome', 'payload': {'client_id': '10e99e88-e460-41ea-8a4b-fee885003de9', 'message': 'Connected to bridge server', 'timestamp': '2025-05-21T22:35:50.125659'}}
2025-05-21 22:35:50,126 - __main__ - ERROR - Failed to register with bridge server
2025-05-21 22:35:55,134 - __main__ - INFO - Connected to bridge server
2025-05-21 22:35:55,135 - __main__ - INFO - Sent registration message
2025-05-21 22:35:55,135 - __main__ - ERROR - Unexpected response to registration: {'type': 'welcome', 'payload': {'client_id': 'bdbd0798-af5a-464d-a42c-94a06ee5f21a', 'message': 'Connected to bridge server', 'timestamp': '2025-05-21T22:35:55.134162'}}
2025-05-21 22:35:55,135 - __main__ - ERROR - Failed to register with bridge server
2025-05-21 22:36:00,141 - __main__ - INFO - Connected to bridge server
2025-05-21 22:36:00,142 - __main__ - INFO - Sent registration message
2025-05-21 22:36:00,142 - __main__ - ERROR - Unexpected response to registration: {'type': 'welcome', 'payload': {'client_id': '39ac66d9-a1f0-439e-b0b2-1d63d3448d04', 'message': 'Connected to bridge server', 'timestamp': '2025-05-21T22:36:00.141763'}}
2025-05-21 22:36:00,142 - __main__ - ERROR - Failed to register with bridge server
2025-05-21 22:36:05,147 - __main__ - INFO - Connected to bridge server
2025-05-21 22:36:05,147 - __main__ - INFO - Sent registration message
2025-05-21 22:36:05,148 - __main__ - ERROR - Unexpected response to registration: {'type': 'welcome', 'payload': {'client_id': '99f63416-c71b-4dd3-bfb2-d1f84d8d24e8', 'message': 'Connected to bridge server', 'timestamp': '2025-05-21T22:36:05.147018'}}
2025-05-21 22:36:05,148 - __main__ - ERROR - Failed to register with bridge server
2025-05-21 22:36:10,155 - __main__ - INFO - Connected to bridge server
2025-05-21 22:36:10,155 - __main__ - INFO - Sent registration message
2025-05-21 22:36:10,155 - __main__ - ERROR - Unexpected response to registration: {'type': 'welcome', 'payload': {'client_id': 'ef66b0b3-55b9-40ed-bc9f-a5a109e1fdb8', 'message': 'Connected to bridge server', 'timestamp': '2025-05-21T22:36:10.154911'}}
2025-05-21 22:36:10,156 - __main__ - ERROR - Failed to register with bridge server
2025-05-21 22:36:15,162 - __main__ - INFO - Connected to bridge server
2025-05-21 22:36:15,163 - __main__ - INFO - Sent registration message
2025-05-21 22:36:15,163 - __main__ - ERROR - Unexpected response to registration: {'type': 'welcome', 'payload': {'client_id': '4be81ad2-b654-4557-8f06-1663b163c953', 'message': 'Connected to bridge server', 'timestamp': '2025-05-21T22:36:15.162713'}}
2025-05-21 22:36:15,163 - __main__ - ERROR - Failed to register with bridge server
2025-05-21 22:36:20,167 - __main__ - INFO - Connected to bridge server
2025-05-21 22:36:20,168 - __main__ - INFO - Sent registration message
2025-05-21 22:36:20,168 - __main__ - ERROR - Unexpected response to registration: {'type': 'welcome', 'payload': {'client_id': '66130164-1711-45ea-8682-deae22653295', 'message': 'Connected to bridge server', 'timestamp': '2025-05-21T22:36:20.167710'}}
2025-05-21 22:36:20,168 - __main__ - ERROR - Failed to register with bridge server
2025-05-21 22:36:25,175 - __main__ - INFO - Connected to bridge server
2025-05-21 22:36:25,175 - __main__ - INFO - Sent registration message
2025-05-21 22:36:25,175 - __main__ - ERROR - Unexpected response to registration: {'type': 'welcome', 'payload': {'client_id': '52b26eff-dd67-4145-aaae-df91b621221c', 'message': 'Connected to bridge server', 'timestamp': '2025-05-21T22:36:25.175083'}}
2025-05-21 22:36:25,176 - __main__ - ERROR - Failed to register with bridge server
2025-05-21 22:36:30,185 - __main__ - INFO - Connected to bridge server
2025-05-21 22:36:30,185 - __main__ - INFO - Sent registration message
2025-05-21 22:36:30,185 - __main__ - ERROR - Unexpected response to registration: {'type': 'welcome', 'payload': {'client_id': 'c56bb172-c7f4-4ff6-8350-31de78fd9634', 'message': 'Connected to bridge server', 'timestamp': '2025-05-21T22:36:30.185013'}}
2025-05-21 22:36:30,186 - __main__ - ERROR - Failed to register with bridge server
2025-05-21 22:36:35,192 - __main__ - INFO - Connected to bridge server
2025-05-21 22:36:35,192 - __main__ - INFO - Sent registration message
2025-05-21 22:36:35,193 - __main__ - ERROR - Unexpected response to registration: {'type': 'welcome', 'payload': {'client_id': '207315cf-e00f-43b6-99ed-2fb276ddd445', 'message': 'Connected to bridge server', 'timestamp': '2025-05-21T22:36:35.192374'}}
2025-05-21 22:36:35,193 - __main__ - ERROR - Failed to register with bridge server
2025-05-21 22:36:40,196 - __main__ - INFO - Connected to bridge server
2025-05-21 22:36:40,196 - __main__ - INFO - Sent registration message
2025-05-21 22:36:40,196 - __main__ - ERROR - Unexpected response to registration: {'type': 'welcome', 'payload': {'client_id': '59350212-8254-4aeb-8278-e02739ec2adc', 'message': 'Connected to bridge server', 'timestamp': '2025-05-21T22:36:40.196306'}}
2025-05-21 22:36:40,196 - __main__ - ERROR - Failed to register with bridge server
2025-05-21 22:36:45,200 - __main__ - INFO - Connected to bridge server
2025-05-21 22:36:45,201 - __main__ - INFO - Sent registration message
2025-05-21 22:36:45,201 - __main__ - ERROR - Unexpected response to registration: {'type': 'welcome', 'payload': {'client_id': 'f1e208da-e35e-44ac-a7b7-50f982196387', 'message': 'Connected to bridge server', 'timestamp': '2025-05-21T22:36:45.200838'}}
2025-05-21 22:36:45,201 - __main__ - ERROR - Failed to register with bridge server
2025-05-21 22:36:50,208 - __main__ - INFO - Connected to bridge server
2025-05-21 22:36:50,208 - __main__ - INFO - Sent registration message
2025-05-21 22:36:50,208 - __main__ - ERROR - Unexpected response to registration: {'type': 'welcome', 'payload': {'client_id': 'ed20b9cc-924d-4eaf-9956-a5e45ab5e1b8', 'message': 'Connected to bridge server', 'timestamp': '2025-05-21T22:36:50.208009'}}
2025-05-21 22:36:50,209 - __main__ - ERROR - Failed to register with bridge server
2025-05-21 22:36:55,219 - __main__ - INFO - Connected to bridge server
2025-05-21 22:36:55,220 - __main__ - INFO - Sent registration message
2025-05-21 22:36:55,220 - __main__ - ERROR - Unexpected response to registration: {'type': 'welcome', 'payload': {'client_id': 'a766f408-0b19-47f4-b2d3-e5e886113b24', 'message': 'Connected to bridge server', 'timestamp': '2025-05-21T22:36:55.219431'}}
2025-05-21 22:36:55,220 - __main__ - ERROR - Failed to register with bridge server
2025-05-21 22:37:00,228 - __main__ - INFO - Connected to bridge server
2025-05-21 22:37:00,228 - __main__ - INFO - Sent registration message
2025-05-21 22:37:00,228 - __main__ - ERROR - Unexpected response to registration: {'type': 'welcome', 'payload': {'client_id': '656c7a5e-e2eb-4623-b343-bb22801cd702', 'message': 'Connected to bridge server', 'timestamp': '2025-05-21T22:37:00.227888'}}
2025-05-21 22:37:00,228 - __main__ - ERROR - Failed to register with bridge server
2025-05-21 22:37:05,234 - __main__ - INFO - Connected to bridge server
2025-05-21 22:37:05,234 - __main__ - INFO - Sent registration message
2025-05-21 22:37:05,234 - __main__ - ERROR - Unexpected response to registration: {'type': 'welcome', 'payload': {'client_id': 'da0688a4-e6ca-4da3-8f4c-3c5eb1ac4264', 'message': 'Connected to bridge server', 'timestamp': '2025-05-21T22:37:05.233804'}}
2025-05-21 22:37:05,234 - __main__ - ERROR - Failed to register with bridge server
2025-05-21 22:37:10,239 - __main__ - INFO - Connected to bridge server
2025-05-21 22:37:10,239 - __main__ - INFO - Sent registration message
2025-05-21 22:37:10,239 - __main__ - ERROR - Unexpected response to registration: {'type': 'welcome', 'payload': {'client_id': 'b7e7a5e7-a1ea-4735-80d4-a1d5eb21867d', 'message': 'Connected to bridge server', 'timestamp': '2025-05-21T22:37:10.239182'}}
2025-05-21 22:37:10,239 - __main__ - ERROR - Failed to register with bridge server
2025-05-21 22:37:15,244 - __main__ - INFO - Connected to bridge server
2025-05-21 22:37:15,245 - __main__ - INFO - Sent registration message
2025-05-21 22:37:15,245 - __main__ - ERROR - Unexpected response to registration: {'type': 'welcome', 'payload': {'client_id': '191fd1b9-e3c7-469e-bba9-df1d0931506a', 'message': 'Connected to bridge server', 'timestamp': '2025-05-21T22:37:15.244770'}}
2025-05-21 22:37:15,245 - __main__ - ERROR - Failed to register with bridge server
2025-05-21 22:37:20,256 - __main__ - INFO - Connected to bridge server
2025-05-21 22:37:20,256 - __main__ - INFO - Sent registration message
2025-05-21 22:37:20,257 - __main__ - ERROR - Unexpected response to registration: {'type': 'welcome', 'payload': {'client_id': '7a048840-fe12-4b0e-ba38-65da0afdfb4f', 'message': 'Connected to bridge server', 'timestamp': '2025-05-21T22:37:20.255641'}}
2025-05-21 22:37:20,257 - __main__ - ERROR - Failed to register with bridge server
2025-05-21 22:37:25,264 - __main__ - INFO - Connected to bridge server
2025-05-21 22:37:25,265 - __main__ - INFO - Sent registration message
2025-05-21 22:37:25,265 - __main__ - ERROR - Unexpected response to registration: {'type': 'welcome', 'payload': {'client_id': '55232251-8769-4506-8c16-d674728c2ee6', 'message': 'Connected to bridge server', 'timestamp': '2025-05-21T22:37:25.264624'}}
2025-05-21 22:37:25,265 - __main__ - ERROR - Failed to register with bridge server
2025-05-21 22:37:30,269 - __main__ - INFO - Connected to bridge server
2025-05-21 22:37:30,269 - __main__ - INFO - Sent registration message
2025-05-21 22:37:30,270 - __main__ - ERROR - Unexpected response to registration: {'type': 'welcome', 'payload': {'client_id': 'f93d43f5-b6b3-4c0f-b4f7-b1410efa34a3', 'message': 'Connected to bridge server', 'timestamp': '2025-05-21T22:37:30.269653'}}
2025-05-21 22:37:30,270 - __main__ - ERROR - Failed to register with bridge server
2025-05-21 22:37:35,274 - __main__ - INFO - Connected to bridge server
2025-05-21 22:37:35,274 - __main__ - INFO - Sent registration message
2025-05-21 22:37:35,274 - __main__ - ERROR - Unexpected response to registration: {'type': 'welcome', 'payload': {'client_id': 'acf02deb-137d-45fd-9ed0-5e42a282caa7', 'message': 'Connected to bridge server', 'timestamp': '2025-05-21T22:37:35.274035'}}
2025-05-21 22:37:35,274 - __main__ - ERROR - Failed to register with bridge server
2025-05-21 22:37:40,278 - __main__ - INFO - Connected to bridge server
2025-05-21 22:37:40,278 - __main__ - INFO - Sent registration message
2025-05-21 22:37:40,279 - __main__ - ERROR - Unexpected response to registration: {'type': 'welcome', 'payload': {'client_id': 'd886bdb2-de4f-4bce-9dcf-e589b56dee81', 'message': 'Connected to bridge server', 'timestamp': '2025-05-21T22:37:40.278388'}}
2025-05-21 22:37:40,279 - __main__ - ERROR - Failed to register with bridge server
2025-05-21 22:37:45,284 - __main__ - INFO - Connected to bridge server
2025-05-21 22:37:45,285 - __main__ - INFO - Sent registration message
2025-05-21 22:37:45,285 - __main__ - ERROR - Unexpected response to registration: {'type': 'welcome', 'payload': {'client_id': '4148940a-8b8b-4836-96d7-6c232e4817c4', 'message': 'Connected to bridge server', 'timestamp': '2025-05-21T22:37:45.284550'}}
2025-05-21 22:37:45,285 - __main__ - ERROR - Failed to register with bridge server
2025-05-21 22:37:50,289 - __main__ - INFO - Connected to bridge server
2025-05-21 22:37:50,289 - __main__ - INFO - Sent registration message
2025-05-21 22:37:50,289 - __main__ - ERROR - Unexpected response to registration: {'type': 'welcome', 'payload': {'client_id': '99a2cd9d-a586-4372-85dd-640de61828f7', 'message': 'Connected to bridge server', 'timestamp': '2025-05-21T22:37:50.289076'}}
2025-05-21 22:37:50,289 - __main__ - ERROR - Failed to register with bridge server
2025-05-21 22:37:55,298 - __main__ - INFO - Connected to bridge server
2025-05-21 22:37:55,299 - __main__ - INFO - Sent registration message
2025-05-21 22:37:55,299 - __main__ - ERROR - Unexpected response to registration: {'type': 'welcome', 'payload': {'client_id': 'b5a82bc4-7eb3-4e0c-ad73-2844707be64d', 'message': 'Connected to bridge server', 'timestamp': '2025-05-21T22:37:55.297941'}}
2025-05-21 22:37:55,299 - __main__ - ERROR - Failed to register with bridge server
2025-05-21 22:38:00,304 - __main__ - INFO - Connected to bridge server
2025-05-21 22:38:00,304 - __main__ - INFO - Sent registration message
2025-05-21 22:38:00,304 - __main__ - ERROR - Unexpected response to registration: {'type': 'welcome', 'payload': {'client_id': 'c3db46a0-f8ca-48c0-ab89-aa1d65ff2580', 'message': 'Connected to bridge server', 'timestamp': '2025-05-21T22:38:00.303994'}}
2025-05-21 22:38:00,304 - __main__ - ERROR - Failed to register with bridge server
2025-05-21 22:38:05,316 - __main__ - INFO - Connected to bridge server
2025-05-21 22:38:05,317 - __main__ - INFO - Sent registration message
2025-05-21 22:38:05,317 - __main__ - ERROR - Unexpected response to registration: {'type': 'welcome', 'payload': {'client_id': '2e950c85-bc4a-4252-a942-5671f74ce8b8', 'message': 'Connected to bridge server', 'timestamp': '2025-05-21T22:38:05.316117'}}
2025-05-21 22:38:05,317 - __main__ - ERROR - Failed to register with bridge server
2025-05-21 22:38:10,325 - __main__ - INFO - Connected to bridge server
2025-05-21 22:38:10,325 - __main__ - INFO - Sent registration message
2025-05-21 22:38:10,326 - __main__ - ERROR - Unexpected response to registration: {'type': 'welcome', 'payload': {'client_id': '41f0b830-ddff-4389-a4aa-5da5e713c588', 'message': 'Connected to bridge server', 'timestamp': '2025-05-21T22:38:10.325096'}}
2025-05-21 22:38:10,326 - __main__ - ERROR - Failed to register with bridge server
2025-05-21 22:38:15,333 - __main__ - INFO - Connected to bridge server
2025-05-21 22:38:15,334 - __main__ - INFO - Sent registration message
2025-05-21 22:38:15,334 - __main__ - ERROR - Unexpected response to registration: {'type': 'welcome', 'payload': {'client_id': 'f1b7da26-1d75-4359-b24e-943d2bb6c88a', 'message': 'Connected to bridge server', 'timestamp': '2025-05-21T22:38:15.333504'}}
2025-05-21 22:38:15,334 - __main__ - ERROR - Failed to register with bridge server
2025-05-21 22:38:20,342 - __main__ - INFO - Connected to bridge server
2025-05-21 22:38:20,342 - __main__ - INFO - Sent registration message
2025-05-21 22:38:20,343 - __main__ - ERROR - Unexpected response to registration: {'type': 'welcome', 'payload': {'client_id': '2cdccb7f-0c1a-4bbd-aed6-ce2a91eafb89', 'message': 'Connected to bridge server', 'timestamp': '2025-05-21T22:38:20.342172'}}
2025-05-21 22:38:20,343 - __main__ - ERROR - Failed to register with bridge server
2025-05-21 22:38:25,350 - __main__ - INFO - Connected to bridge server
2025-05-21 22:38:25,351 - __main__ - INFO - Sent registration message
2025-05-21 22:38:25,351 - __main__ - ERROR - Unexpected response to registration: {'type': 'welcome', 'payload': {'client_id': '5c873285-92ab-4a1c-96fe-1da7acdc7f6d', 'message': 'Connected to bridge server', 'timestamp': '2025-05-21T22:38:25.350323'}}
2025-05-21 22:38:25,351 - __main__ - ERROR - Failed to register with bridge server
2025-05-21 22:38:30,358 - __main__ - INFO - Connected to bridge server
2025-05-21 22:38:30,359 - __main__ - INFO - Sent registration message
2025-05-21 22:38:30,359 - __main__ - ERROR - Unexpected response to registration: {'type': 'welcome', 'payload': {'client_id': 'dfc1107d-43d3-4020-a1f3-e2128e6a478b', 'message': 'Connected to bridge server', 'timestamp': '2025-05-21T22:38:30.358607'}}
2025-05-21 22:38:30,359 - __main__ - ERROR - Failed to register with bridge server
2025-05-21 22:38:35,365 - __main__ - INFO - Connected to bridge server
2025-05-21 22:38:35,365 - __main__ - INFO - Sent registration message
2025-05-21 22:38:35,365 - __main__ - ERROR - Unexpected response to registration: {'type': 'welcome', 'payload': {'client_id': '97a3b6aa-ea9f-4ba1-a880-f5f85162fb84', 'message': 'Connected to bridge server', 'timestamp': '2025-05-21T22:38:35.365397'}}
2025-05-21 22:38:35,366 - __main__ - ERROR - Failed to register with bridge server
2025-05-21 22:38:40,389 - __main__ - INFO - Connected to bridge server
2025-05-21 22:38:40,390 - __main__ - INFO - Sent registration message
2025-05-21 22:38:40,390 - __main__ - ERROR - Unexpected response to registration: {'type': 'welcome', 'payload': {'client_id': '0c8008b0-6c4f-481d-ab3a-ae27fe0bdf49', 'message': 'Connected to bridge server', 'timestamp': '2025-05-21T22:38:40.387997'}}
2025-05-21 22:38:40,390 - __main__ - ERROR - Failed to register with bridge server
2025-05-21 22:38:45,400 - __main__ - INFO - Connected to bridge server
2025-05-21 22:38:45,401 - __main__ - INFO - Sent registration message
2025-05-21 22:38:45,401 - __main__ - ERROR - Unexpected response to registration: {'type': 'welcome', 'payload': {'client_id': '6b2b529a-5a4b-4315-8637-d750d69931e3', 'message': 'Connected to bridge server', 'timestamp': '2025-05-21T22:38:45.400297'}}
2025-05-21 22:38:45,401 - __main__ - ERROR - Failed to register with bridge server
2025-05-21 22:38:50,409 - __main__ - INFO - Connected to bridge server
2025-05-21 22:38:50,409 - __main__ - INFO - Sent registration message
2025-05-21 22:38:50,410 - __main__ - ERROR - Unexpected response to registration: {'type': 'welcome', 'payload': {'client_id': '4c55eb9d-35df-4798-aa86-6f90eddd8f24', 'message': 'Connected to bridge server', 'timestamp': '2025-05-21T22:38:50.408856'}}
2025-05-21 22:38:50,410 - __main__ - ERROR - Failed to register with bridge server
2025-05-21 22:38:55,416 - __main__ - INFO - Connected to bridge server
2025-05-21 22:38:55,417 - __main__ - INFO - Sent registration message
2025-05-21 22:38:55,417 - __main__ - ERROR - Unexpected response to registration: {'type': 'welcome', 'payload': {'client_id': '3c1e7149-4818-49cb-95da-d0151c303109', 'message': 'Connected to bridge server', 'timestamp': '2025-05-21T22:38:55.416626'}}
2025-05-21 22:38:55,417 - __main__ - ERROR - Failed to register with bridge server
2025-05-21 22:39:00,424 - __main__ - INFO - Connected to bridge server
2025-05-21 22:39:00,425 - __main__ - INFO - Sent registration message
2025-05-21 22:39:00,425 - __main__ - ERROR - Unexpected response to registration: {'type': 'welcome', 'payload': {'client_id': 'dcd95151-d801-4884-b45c-fe9b536841d5', 'message': 'Connected to bridge server', 'timestamp': '2025-05-21T22:39:00.424561'}}
2025-05-21 22:39:00,425 - __main__ - ERROR - Failed to register with bridge server
2025-05-21 22:39:05,431 - __main__ - INFO - Connected to bridge server
2025-05-21 22:39:05,431 - __main__ - INFO - Sent registration message
2025-05-21 22:39:05,431 - __main__ - ERROR - Unexpected response to registration: {'type': 'welcome', 'payload': {'client_id': 'e4159c0a-5cb4-43c3-ba64-643ba07e515a', 'message': 'Connected to bridge server', 'timestamp': '2025-05-21T22:39:05.431344'}}
2025-05-21 22:39:05,431 - __main__ - ERROR - Failed to register with bridge server
2025-05-21 22:39:10,439 - __main__ - INFO - Connected to bridge server
2025-05-21 22:39:10,439 - __main__ - INFO - Sent registration message
2025-05-21 22:39:10,440 - __main__ - ERROR - Unexpected response to registration: {'type': 'welcome', 'payload': {'client_id': 'd178d37c-ffea-46bd-9b07-2a92636cd2df', 'message': 'Connected to bridge server', 'timestamp': '2025-05-21T22:39:10.439188'}}
2025-05-21 22:39:10,440 - __main__ - ERROR - Failed to register with bridge server
2025-05-21 22:39:15,447 - __main__ - INFO - Connected to bridge server
2025-05-21 22:39:15,448 - __main__ - INFO - Sent registration message
2025-05-21 22:39:15,448 - __main__ - ERROR - Unexpected response to registration: {'type': 'welcome', 'payload': {'client_id': '17a2fda7-223f-40e1-be23-c8ddb7ebcf9f', 'message': 'Connected to bridge server', 'timestamp': '2025-05-21T22:39:15.447292'}}
2025-05-21 22:39:15,448 - __main__ - ERROR - Failed to register with bridge server
2025-05-21 22:39:20,455 - __main__ - INFO - Connected to bridge server
2025-05-21 22:39:20,456 - __main__ - INFO - Sent registration message
2025-05-21 22:39:20,456 - __main__ - ERROR - Unexpected response to registration: {'type': 'welcome', 'payload': {'client_id': '62b26418-40da-4cff-9a56-1dd0c592ed3f', 'message': 'Connected to bridge server', 'timestamp': '2025-05-21T22:39:20.455510'}}
2025-05-21 22:39:20,456 - __main__ - ERROR - Failed to register with bridge server
2025-05-21 22:39:25,465 - __main__ - INFO - Connected to bridge server
2025-05-21 22:39:25,465 - __main__ - INFO - Sent registration message
2025-05-21 22:39:25,465 - __main__ - ERROR - Unexpected response to registration: {'type': 'welcome', 'payload': {'client_id': 'ad25dbab-de33-4b6c-b057-7864fc1f4695', 'message': 'Connected to bridge server', 'timestamp': '2025-05-21T22:39:25.464752'}}
2025-05-21 22:39:25,465 - __main__ - ERROR - Failed to register with bridge server
2025-05-21 22:39:30,473 - __main__ - INFO - Connected to bridge server
2025-05-21 22:39:30,474 - __main__ - INFO - Sent registration message
2025-05-21 22:39:30,474 - __main__ - ERROR - Unexpected response to registration: {'type': 'welcome', 'payload': {'client_id': 'b08032ba-8c56-4955-8bec-5618719972f4', 'message': 'Connected to bridge server', 'timestamp': '2025-05-21T22:39:30.473703'}}
2025-05-21 22:39:30,474 - __main__ - ERROR - Failed to register with bridge server
2025-05-21 22:39:35,481 - __main__ - INFO - Connected to bridge server
2025-05-21 22:39:35,481 - __main__ - INFO - Sent registration message
2025-05-21 22:39:35,482 - __main__ - ERROR - Unexpected response to registration: {'type': 'welcome', 'payload': {'client_id': '5077074f-0b4c-4336-ba56-352fcf49a168', 'message': 'Connected to bridge server', 'timestamp': '2025-05-21T22:39:35.481194'}}
2025-05-21 22:39:35,482 - __main__ - ERROR - Failed to register with bridge server
2025-05-21 22:39:40,488 - __main__ - INFO - Connected to bridge server
2025-05-21 22:39:40,489 - __main__ - INFO - Sent registration message
2025-05-21 22:39:40,489 - __main__ - ERROR - Unexpected response to registration: {'type': 'welcome', 'payload': {'client_id': 'bddcca92-5053-4dd8-855d-a20000cddf93', 'message': 'Connected to bridge server', 'timestamp': '2025-05-21T22:39:40.488676'}}
2025-05-21 22:39:40,490 - __main__ - ERROR - Failed to register with bridge server
2025-05-21 22:39:45,499 - __main__ - INFO - Connected to bridge server
2025-05-21 22:39:45,500 - __main__ - INFO - Sent registration message
2025-05-21 22:39:45,500 - __main__ - ERROR - Unexpected response to registration: {'type': 'welcome', 'payload': {'client_id': 'e61dfd7b-3f51-44b8-b53f-804d8d275509', 'message': 'Connected to bridge server', 'timestamp': '2025-05-21T22:39:45.499615'}}
2025-05-21 22:39:45,500 - __main__ - ERROR - Failed to register with bridge server
2025-05-21 22:39:50,506 - __main__ - INFO - Connected to bridge server
2025-05-21 22:39:50,506 - __main__ - INFO - Sent registration message
2025-05-21 22:39:50,506 - __main__ - ERROR - Unexpected response to registration: {'type': 'welcome', 'payload': {'client_id': 'cf1e51f9-46e6-404d-9a48-86008b42fc28', 'message': 'Connected to bridge server', 'timestamp': '2025-05-21T22:39:50.505891'}}
2025-05-21 22:39:50,507 - __main__ - ERROR - Failed to register with bridge server
2025-05-21 22:39:55,516 - __main__ - INFO - Connected to bridge server
2025-05-21 22:39:55,516 - __main__ - INFO - Sent registration message
2025-05-21 22:39:55,516 - __main__ - ERROR - Unexpected response to registration: {'type': 'welcome', 'payload': {'client_id': '75849cc5-70da-4ce9-8177-d1ed07b5bf84', 'message': 'Connected to bridge server', 'timestamp': '2025-05-21T22:39:55.515947'}}
2025-05-21 22:39:55,517 - __main__ - ERROR - Failed to register with bridge server
2025-05-21 22:40:00,525 - __main__ - INFO - Connected to bridge server
2025-05-21 22:40:00,526 - __main__ - INFO - Sent registration message
2025-05-21 22:40:00,526 - __main__ - ERROR - Unexpected response to registration: {'type': 'welcome', 'payload': {'client_id': 'dcd1e4f5-6a76-4484-a40a-fbe8ffe5ae4d', 'message': 'Connected to bridge server', 'timestamp': '2025-05-21T22:40:00.525302'}}
2025-05-21 22:40:00,526 - __main__ - ERROR - Failed to register with bridge server
2025-05-21 22:40:05,531 - __main__ - INFO - Connected to bridge server
2025-05-21 22:40:05,532 - __main__ - INFO - Sent registration message
2025-05-21 22:40:05,532 - __main__ - ERROR - Unexpected response to registration: {'type': 'welcome', 'payload': {'client_id': '578c12ca-5c32-425f-9048-1a03aa638b8f', 'message': 'Connected to bridge server', 'timestamp': '2025-05-21T22:40:05.531729'}}
2025-05-21 22:40:05,532 - __main__ - ERROR - Failed to register with bridge server
2025-05-21 22:40:10,538 - __main__ - INFO - Connected to bridge server
2025-05-21 22:40:10,539 - __main__ - INFO - Sent registration message
2025-05-21 22:40:10,539 - __main__ - ERROR - Unexpected response to registration: {'type': 'welcome', 'payload': {'client_id': '25443f18-47bb-4ecd-a668-86b9a7f77593', 'message': 'Connected to bridge server', 'timestamp': '2025-05-21T22:40:10.538707'}}
2025-05-21 22:40:10,539 - __main__ - ERROR - Failed to register with bridge server
2025-05-21 22:40:36,557 - __main__ - INFO - Connected to bridge server
2025-05-21 22:40:36,558 - __main__ - INFO - Sent registration message
2025-05-21 22:40:36,558 - __main__ - ERROR - Unexpected response to registration: {'type': 'welcome', 'payload': {'client_id': '6f4aa6af-2f7b-4959-97b2-ace33571f2ec', 'message': 'Connected to WebSocket server', 'timestamp': '2025-05-21T22:40:36.557733'}}
2025-05-21 22:40:36,558 - __main__ - ERROR - Failed to register with bridge server
2025-05-21 22:40:41,564 - __main__ - INFO - Connected to bridge server
2025-05-21 22:40:41,566 - __main__ - INFO - Sent registration message
2025-05-21 22:40:41,566 - __main__ - ERROR - Unexpected response to registration: {'type': 'welcome', 'payload': {'client_id': '644daadc-f921-45d7-bcd7-0a43210253d1', 'message': 'Connected to WebSocket server', 'timestamp': '2025-05-21T22:40:41.564282'}}
2025-05-21 22:40:41,566 - __main__ - ERROR - Failed to register with bridge server
2025-05-21 22:40:46,570 - __main__ - INFO - Connected to bridge server
2025-05-21 22:40:46,571 - __main__ - INFO - Sent registration message
2025-05-21 22:40:46,571 - __main__ - ERROR - Unexpected response to registration: {'type': 'welcome', 'payload': {'client_id': 'cdba0f8c-a855-46d4-a8c0-56736825c15e', 'message': 'Connected to WebSocket server', 'timestamp': '2025-05-21T22:40:46.570615'}}
2025-05-21 22:40:46,571 - __main__ - ERROR - Failed to register with bridge server
2025-05-21 22:40:51,577 - __main__ - INFO - Connected to bridge server
2025-05-21 22:40:51,577 - __main__ - INFO - Sent registration message
2025-05-21 22:40:51,577 - __main__ - ERROR - Unexpected response to registration: {'type': 'welcome', 'payload': {'client_id': 'a721b856-2e0b-487a-8f3d-43c2bf7b4c25', 'message': 'Connected to WebSocket server', 'timestamp': '2025-05-21T22:40:51.577061'}}
2025-05-21 22:40:51,577 - __main__ - ERROR - Failed to register with bridge server
2025-05-21 22:40:56,583 - __main__ - INFO - Connected to bridge server
2025-05-21 22:40:56,583 - __main__ - INFO - Sent registration message
2025-05-21 22:40:56,583 - __main__ - ERROR - Unexpected response to registration: {'type': 'welcome', 'payload': {'client_id': 'f8a4e804-4a6e-4404-98e8-646eb7d5dda3', 'message': 'Connected to WebSocket server', 'timestamp': '2025-05-21T22:40:56.583194'}}
2025-05-21 22:40:56,584 - __main__ - ERROR - Failed to register with bridge server
2025-05-21 22:41:01,590 - __main__ - INFO - Connected to bridge server
2025-05-21 22:41:01,591 - __main__ - INFO - Sent registration message
2025-05-21 22:41:01,591 - __main__ - ERROR - Unexpected response to registration: {'type': 'welcome', 'payload': {'client_id': '3e91e230-afe3-4a68-bdbf-ff5924c305f4', 'message': 'Connected to WebSocket server', 'timestamp': '2025-05-21T22:41:01.590328'}}
2025-05-21 22:41:01,591 - __main__ - ERROR - Failed to register with bridge server
2025-05-21 22:41:06,596 - __main__ - INFO - Connected to bridge server
2025-05-21 22:41:06,596 - __main__ - INFO - Sent registration message
2025-05-21 22:41:06,596 - __main__ - ERROR - Unexpected response to registration: {'type': 'welcome', 'payload': {'client_id': '215e58ca-a181-403e-9eff-64188ea96d0e', 'message': 'Connected to WebSocket server', 'timestamp': '2025-05-21T22:41:06.595969'}}
2025-05-21 22:41:06,596 - __main__ - ERROR - Failed to register with bridge server
2025-05-21 22:41:11,602 - __main__ - INFO - Connected to bridge server
2025-05-21 22:41:11,603 - __main__ - INFO - Sent registration message
2025-05-21 22:41:11,604 - __main__ - ERROR - Unexpected response to registration: {'type': 'welcome', 'payload': {'client_id': '03c3f5f3-a36a-4582-b383-5adb982299d1', 'message': 'Connected to WebSocket server', 'timestamp': '2025-05-21T22:41:11.602780'}}
2025-05-21 22:41:11,604 - __main__ - ERROR - Failed to register with bridge server
2025-05-21 22:41:16,610 - __main__ - INFO - Connected to bridge server
2025-05-21 22:41:16,611 - __main__ - INFO - Sent registration message
2025-05-21 22:41:16,611 - __main__ - ERROR - Unexpected response to registration: {'type': 'welcome', 'payload': {'client_id': 'bf91bbbd-4fce-471d-b67d-03d25bf27201', 'message': 'Connected to WebSocket server', 'timestamp': '2025-05-21T22:41:16.610130'}}
2025-05-21 22:41:16,611 - __main__ - ERROR - Failed to register with bridge server
2025-05-21 22:41:21,615 - __main__ - INFO - Connected to bridge server
2025-05-21 22:41:21,616 - __main__ - INFO - Sent registration message
2025-05-21 22:41:21,617 - __main__ - ERROR - Unexpected response to registration: {'type': 'welcome', 'payload': {'client_id': '366d7748-f351-4fa2-8556-fd814dfed066', 'message': 'Connected to WebSocket server', 'timestamp': '2025-05-21T22:41:21.615754'}}
2025-05-21 22:41:21,617 - __main__ - ERROR - Failed to register with bridge server
2025-05-21 22:41:26,623 - __main__ - INFO - Connected to bridge server
2025-05-21 22:41:26,624 - __main__ - INFO - Sent registration message
2025-05-21 22:41:26,624 - __main__ - ERROR - Unexpected response to registration: {'type': 'welcome', 'payload': {'client_id': '30858998-6518-4ffd-8ad0-f7e45cf8247d', 'message': 'Connected to WebSocket server', 'timestamp': '2025-05-21T22:41:26.623503'}}
2025-05-21 22:41:26,624 - __main__ - ERROR - Failed to register with bridge server
2025-05-21 22:41:31,628 - __main__ - INFO - Connected to bridge server
2025-05-21 22:41:31,628 - __main__ - INFO - Sent registration message
2025-05-21 22:41:31,628 - __main__ - ERROR - Unexpected response to registration: {'type': 'welcome', 'payload': {'client_id': '2e36042a-462b-407d-872a-b75a77dbe1f8', 'message': 'Connected to WebSocket server', 'timestamp': '2025-05-21T22:41:31.628186'}}
2025-05-21 22:41:31,628 - __main__ - ERROR - Failed to register with bridge server
2025-05-21 22:41:36,632 - __main__ - INFO - Connected to bridge server
2025-05-21 22:41:36,634 - __main__ - INFO - Sent registration message
2025-05-21 22:41:36,634 - __main__ - ERROR - Unexpected response to registration: {'type': 'welcome', 'payload': {'client_id': '8dc4f74c-bb8f-4bf9-aeb4-9cc025849da3', 'message': 'Connected to WebSocket server', 'timestamp': '2025-05-21T22:41:36.632762'}}
2025-05-21 22:41:36,634 - __main__ - ERROR - Failed to register with bridge server
2025-05-21 22:41:41,639 - __main__ - INFO - Connected to bridge server
2025-05-21 22:41:41,639 - __main__ - INFO - Sent registration message
2025-05-21 22:41:41,639 - __main__ - ERROR - Unexpected response to registration: {'type': 'welcome', 'payload': {'client_id': '4e118966-217a-4e4e-8620-e7e7ebec4bf6', 'message': 'Connected to WebSocket server', 'timestamp': '2025-05-21T22:41:41.638944'}}
2025-05-21 22:41:41,639 - __main__ - ERROR - Failed to register with bridge server
2025-05-21 22:41:46,643 - __main__ - INFO - Connected to bridge server
2025-05-21 22:41:46,643 - __main__ - INFO - Sent registration message
2025-05-21 22:41:46,643 - __main__ - ERROR - Unexpected response to registration: {'type': 'welcome', 'payload': {'client_id': 'b673eb66-6975-43f3-b84b-f2bfdc8ec3c4', 'message': 'Connected to WebSocket server', 'timestamp': '2025-05-21T22:41:46.643103'}}
2025-05-21 22:41:46,643 - __main__ - ERROR - Failed to register with bridge server
2025-05-21 22:41:51,648 - __main__ - INFO - Connected to bridge server
2025-05-21 22:41:51,648 - __main__ - INFO - Sent registration message
2025-05-21 22:41:51,648 - __main__ - ERROR - Unexpected response to registration: {'type': 'welcome', 'payload': {'client_id': '96e20615-5a24-487d-a730-351606fbdbe2', 'message': 'Connected to WebSocket server', 'timestamp': '2025-05-21T22:41:51.648466'}}
2025-05-21 22:41:51,649 - __main__ - ERROR - Failed to register with bridge server
2025-05-21 22:41:56,652 - __main__ - INFO - Connected to bridge server
2025-05-21 22:41:56,652 - __main__ - INFO - Sent registration message
2025-05-21 22:41:56,652 - __main__ - ERROR - Unexpected response to registration: {'type': 'welcome', 'payload': {'client_id': 'f562ce31-7d79-452f-b936-28bb3a0fa1cf', 'message': 'Connected to WebSocket server', 'timestamp': '2025-05-21T22:41:56.652379'}}
2025-05-21 22:41:56,652 - __main__ - ERROR - Failed to register with bridge server
2025-05-21 22:42:01,656 - __main__ - INFO - Connected to bridge server
2025-05-21 22:42:01,657 - __main__ - INFO - Sent registration message
2025-05-21 22:42:01,658 - __main__ - ERROR - Unexpected response to registration: {'type': 'welcome', 'payload': {'client_id': 'dad2e30a-c106-4647-adb9-5e70c25c9bb1', 'message': 'Connected to WebSocket server', 'timestamp': '2025-05-21T22:42:01.656863'}}
2025-05-21 22:42:01,658 - __main__ - ERROR - Failed to register with bridge server
2025-05-21 22:42:06,668 - __main__ - INFO - Connected to bridge server
2025-05-21 22:42:06,668 - __main__ - INFO - Sent registration message
2025-05-21 22:42:06,669 - __main__ - ERROR - Unexpected response to registration: {'type': 'welcome', 'payload': {'client_id': 'a84a375c-cba5-4f5f-8148-673722cb895c', 'message': 'Connected to WebSocket server', 'timestamp': '2025-05-21T22:42:06.668505'}}
2025-05-21 22:42:06,669 - __main__ - ERROR - Failed to register with bridge server
2025-05-21 22:42:11,673 - __main__ - INFO - Connected to bridge server
2025-05-21 22:42:11,674 - __main__ - INFO - Sent registration message
2025-05-21 22:42:11,675 - __main__ - ERROR - Unexpected response to registration: {'type': 'welcome', 'payload': {'client_id': '84f63192-cbbb-41fc-813f-b3ab463c6b0a', 'message': 'Connected to WebSocket server', 'timestamp': '2025-05-21T22:42:11.673773'}}
2025-05-21 22:42:11,675 - __main__ - ERROR - Failed to register with bridge server
2025-05-21 22:50:07,670 - __main__ - INFO - Connected to bridge server
2025-05-21 22:50:07,671 - __main__ - INFO - Received welcome: welcome
2025-05-21 22:50:07,671 - __main__ - INFO - Sent registration message
2025-05-21 22:50:07,671 - __main__ - INFO - Registration confirmed as screen_sensor
2025-05-21 22:50:07,854 - __main__ - INFO - Sent enhanced screen data: Unknown - Unknown task
2025-05-21 22:50:11,565 - __main__ - WARNING - Received unexpected message type: sensor_data
2025-05-21 22:50:11,565 - __main__ - WARNING - Received unexpected message type: heartbeat
2025-05-21 22:50:13,059 - __main__ - INFO - Sent enhanced screen data: Unknown - Unknown task
2025-05-21 22:50:14,701 - __main__ - WARNING - Received unexpected message type: llm_service_status
2025-05-21 22:50:16,772 - __main__ - WARNING - Received unexpected message type: sensor_data
2025-05-21 22:50:16,773 - __main__ - WARNING - Received unexpected message type: heartbeat
2025-05-21 22:50:18,256 - __main__ - INFO - Sent enhanced screen data: Unknown - Unknown task
2025-05-21 22:50:19,700 - __main__ - WARNING - Received unexpected message type: context_update
2025-05-21 22:50:21,991 - __main__ - WARNING - Received unexpected message type: sensor_data
2025-05-21 22:50:21,992 - __main__ - WARNING - Received unexpected message type: heartbeat
2025-05-21 22:50:23,444 - __main__ - INFO - Sent enhanced screen data: Unknown - Unknown task
2025-05-21 22:50:24,702 - __main__ - WARNING - Received unexpected message type: context_update
2025-05-21 22:50:27,206 - __main__ - WARNING - Received unexpected message type: sensor_data
2025-05-21 22:50:27,206 - __main__ - WARNING - Received unexpected message type: heartbeat
2025-05-21 22:50:28,634 - __main__ - INFO - Sent enhanced screen data: Unknown - Unknown task
2025-05-21 22:50:29,704 - __main__ - WARNING - Received unexpected message type: context_update
2025-05-21 22:50:32,422 - __main__ - WARNING - Received unexpected message type: sensor_data
2025-05-21 22:50:32,423 - __main__ - WARNING - Received unexpected message type: heartbeat
2025-05-21 22:50:33,827 - __main__ - INFO - Sent enhanced screen data: Unknown - Unknown task
2025-05-21 22:50:34,705 - __main__ - WARNING - Received unexpected message type: context_update
2025-05-21 22:50:37,656 - __main__ - WARNING - Received unexpected message type: sensor_data
2025-05-21 22:50:37,657 - __main__ - WARNING - Received unexpected message type: heartbeat
2025-05-21 22:50:39,028 - __main__ - INFO - Sent enhanced screen data: Unknown - Unknown task
2025-05-21 22:50:39,706 - __main__ - WARNING - Received unexpected message type: context_update
2025-05-21 22:50:42,860 - __main__ - WARNING - Received unexpected message type: sensor_data
2025-05-21 22:50:42,860 - __main__ - WARNING - Received unexpected message type: heartbeat
2025-05-21 22:50:44,213 - __main__ - INFO - Sent enhanced screen data: Unknown - Unknown task
2025-05-21 22:50:44,709 - __main__ - WARNING - Received unexpected message type: context_update
2025-05-21 22:50:48,136 - __main__ - WARNING - Received unexpected message type: sensor_data
2025-05-21 22:50:48,137 - __main__ - WARNING - Received unexpected message type: heartbeat
2025-05-21 22:50:49,790 - __main__ - INFO - Sent enhanced screen data: Unknown - Unknown task
2025-05-21 22:50:49,791 - __main__ - WARNING - Received unexpected message type: context_update
2025-05-21 22:50:53,362 - __main__ - WARNING - Received unexpected message type: sensor_data
2025-05-21 22:50:53,362 - __main__ - WARNING - Received unexpected message type: heartbeat
2025-05-21 22:50:54,711 - __main__ - WARNING - Received unexpected message type: context_update
2025-05-21 22:50:54,983 - __main__ - INFO - Sent enhanced screen data: Unknown - Unknown task
2025-05-21 22:50:58,575 - __main__ - WARNING - Received unexpected message type: sensor_data
2025-05-21 22:50:58,575 - __main__ - WARNING - Received unexpected message type: heartbeat
2025-05-21 22:50:59,713 - __main__ - WARNING - Received unexpected message type: context_update
2025-05-21 22:51:00,176 - __main__ - INFO - Sent enhanced screen data: Unknown - Unknown task
2025-05-21 22:51:03,787 - __main__ - WARNING - Received unexpected message type: sensor_data
2025-05-21 22:51:03,788 - __main__ - WARNING - Received unexpected message type: heartbeat
2025-05-21 22:51:04,714 - __main__ - WARNING - Received unexpected message type: context_update
2025-05-21 22:51:05,370 - __main__ - INFO - Sent enhanced screen data: Unknown - Unknown task
2025-05-21 22:51:09,051 - __main__ - WARNING - Received unexpected message type: sensor_data
2025-05-21 22:51:09,051 - __main__ - WARNING - Received unexpected message type: heartbeat
2025-05-21 22:51:09,720 - __main__ - WARNING - Received unexpected message type: context_update
2025-05-21 22:51:13,159 - __main__ - INFO - Sent enhanced screen data: Unknown - Unknown task
2025-05-21 22:51:14,265 - __main__ - WARNING - Received unexpected message type: sensor_data
2025-05-21 22:51:14,265 - __main__ - WARNING - Received unexpected message type: heartbeat
2025-05-21 22:51:14,720 - __main__ - WARNING - Received unexpected message type: context_update
2025-05-21 22:51:18,352 - __main__ - INFO - Sent enhanced screen data: Unknown - Unknown task
2025-05-21 22:51:19,472 - __main__ - WARNING - Received unexpected message type: sensor_data
2025-05-21 22:51:19,472 - __main__ - WARNING - Received unexpected message type: heartbeat
2025-05-21 22:51:19,721 - __main__ - WARNING - Received unexpected message type: context_update
2025-05-21 22:51:23,914 - __main__ - INFO - Sent enhanced screen data: Unknown - Unknown task
2025-05-21 22:51:24,711 - __main__ - WARNING - Received unexpected message type: sensor_data
2025-05-21 22:51:24,711 - __main__ - WARNING - Received unexpected message type: heartbeat
2025-05-21 22:51:24,723 - __main__ - WARNING - Received unexpected message type: context_update
2025-05-21 22:51:29,106 - __main__ - INFO - Sent enhanced screen data: Unknown - Unknown task
2025-05-21 22:51:29,723 - __main__ - WARNING - Received unexpected message type: context_update
2025-05-21 22:51:29,913 - __main__ - WARNING - Received unexpected message type: sensor_data
2025-05-21 22:51:29,913 - __main__ - WARNING - Received unexpected message type: heartbeat
2025-05-21 22:51:34,303 - __main__ - INFO - Sent enhanced screen data: Unknown - Unknown task
2025-05-21 22:51:34,727 - __main__ - WARNING - Received unexpected message type: context_update
2025-05-21 22:51:35,122 - __main__ - WARNING - Received unexpected message type: sensor_data
2025-05-21 22:51:35,123 - __main__ - WARNING - Received unexpected message type: heartbeat
2025-05-21 22:51:39,526 - __main__ - INFO - Sent enhanced screen data: Unknown - Unknown task
2025-05-21 22:51:39,728 - __main__ - WARNING - Received unexpected message type: context_update
2025-05-21 22:51:40,329 - __main__ - WARNING - Received unexpected message type: sensor_data
2025-05-21 22:51:40,329 - __main__ - WARNING - Received unexpected message type: heartbeat
2025-05-21 22:51:44,717 - __main__ - INFO - Sent enhanced screen data: Unknown - Unknown task
2025-05-21 22:51:44,729 - __main__ - WARNING - Received unexpected message type: context_update
2025-05-21 22:51:45,540 - __main__ - WARNING - Received unexpected message type: sensor_data
2025-05-21 22:51:45,541 - __main__ - WARNING - Received unexpected message type: heartbeat
2025-05-21 22:51:50,240 - __main__ - INFO - Sent enhanced screen data: Unknown - Unknown task
2025-05-21 22:51:50,240 - __main__ - WARNING - Received unexpected message type: context_update
2025-05-21 22:51:50,745 - __main__ - WARNING - Received unexpected message type: sensor_data
2025-05-21 22:51:50,746 - __main__ - WARNING - Received unexpected message type: heartbeat
2025-05-21 22:51:54,745 - __main__ - WARNING - Received unexpected message type: context_update
2025-05-21 22:51:55,435 - __main__ - INFO - Sent enhanced screen data: Unknown - Unknown task
2025-05-21 22:51:55,968 - __main__ - WARNING - Received unexpected message type: sensor_data
2025-05-21 22:51:55,968 - __main__ - WARNING - Received unexpected message type: heartbeat
2025-05-21 22:51:59,747 - __main__ - WARNING - Received unexpected message type: context_update
2025-05-21 22:52:00,625 - __main__ - INFO - Sent enhanced screen data: Unknown - Unknown task
2025-05-21 22:52:01,176 - __main__ - WARNING - Received unexpected message type: sensor_data
2025-05-21 22:52:01,176 - __main__ - WARNING - Received unexpected message type: heartbeat
2025-05-21 22:52:04,748 - __main__ - WARNING - Received unexpected message type: context_update
2025-05-21 22:52:05,812 - __main__ - INFO - Sent enhanced screen data: Unknown - Unknown task
2025-05-21 22:52:06,683 - __main__ - WARNING - Received unexpected message type: sensor_data
2025-05-21 22:52:06,683 - __main__ - WARNING - Received unexpected message type: heartbeat
2025-05-21 22:52:09,749 - __main__ - WARNING - Received unexpected message type: context_update
2025-05-21 22:52:11,002 - __main__ - INFO - Sent enhanced screen data: Unknown - Unknown task
2025-05-21 22:52:11,888 - __main__ - WARNING - Received unexpected message type: sensor_data
2025-05-21 22:52:11,888 - __main__ - WARNING - Received unexpected message type: heartbeat
2025-05-21 22:52:14,751 - __main__ - WARNING - Received unexpected message type: context_update
2025-05-21 22:52:16,193 - __main__ - INFO - Sent enhanced screen data: Unknown - Unknown task
2025-05-21 22:52:17,103 - __main__ - WARNING - Received unexpected message type: sensor_data
2025-05-21 22:52:17,103 - __main__ - WARNING - Received unexpected message type: heartbeat
2025-05-21 22:52:19,754 - __main__ - WARNING - Received unexpected message type: context_update
2025-05-21 22:52:21,443 - __main__ - INFO - Sent enhanced screen data: Unknown - Unknown task
2025-05-21 22:52:22,321 - __main__ - WARNING - Received unexpected message type: sensor_data
2025-05-21 22:52:22,322 - __main__ - WARNING - Received unexpected message type: heartbeat
2025-05-21 22:52:24,755 - __main__ - WARNING - Received unexpected message type: context_update
2025-05-21 22:52:26,646 - __main__ - INFO - Sent enhanced screen data: Unknown - Unknown task
2025-05-21 22:52:27,529 - __main__ - WARNING - Received unexpected message type: sensor_data
2025-05-21 22:52:27,529 - __main__ - WARNING - Received unexpected message type: heartbeat
2025-05-21 22:52:29,758 - __main__ - WARNING - Received unexpected message type: context_update
2025-05-21 22:52:31,871 - __main__ - INFO - Sent enhanced screen data: Unknown - Unknown task
2025-05-21 22:52:32,741 - __main__ - WARNING - Received unexpected message type: sensor_data
2025-05-21 22:52:32,741 - __main__ - WARNING - Received unexpected message type: heartbeat
2025-05-21 22:52:34,760 - __main__ - WARNING - Received unexpected message type: context_update
2025-05-21 22:52:37,062 - __main__ - INFO - Sent enhanced screen data: Unknown - Unknown task
2025-05-21 22:52:37,945 - __main__ - WARNING - Received unexpected message type: sensor_data
2025-05-21 22:52:37,945 - __main__ - WARNING - Received unexpected message type: heartbeat
2025-05-21 22:52:39,762 - __main__ - WARNING - Received unexpected message type: context_update
2025-05-21 22:52:42,264 - __main__ - INFO - Sent enhanced screen data: Unknown - Unknown task
2025-05-21 22:52:43,148 - __main__ - WARNING - Received unexpected message type: sensor_data
2025-05-21 22:52:43,148 - __main__ - WARNING - Received unexpected message type: heartbeat
2025-05-21 22:52:44,762 - __main__ - WARNING - Received unexpected message type: context_update
