2025-05-23 00:54:55,712 - memory.enhanced_semantic_search - INFO - Enhanced semantic search initialized with embedding dim: 384
2025-05-23 00:54:55,713 - memory.enhanced_semantic_search - INFO - Hybrid retrieval enabled: True
2025-05-23 00:54:55,823 - memory.semantic_search_agent - INFO - Loading 414 existing documents from storage
2025-05-23 00:54:55,873 - memory.semantic_search_agent - INFO - EnterpriseVectorStore initialized with enterprise-grade features
2025-05-23 00:54:55,873 - memory.semantic_search_agent - INFO - SemanticSearchAgent initialized with enterprise-grade capabilities
2025-05-23 00:54:56,101 - agent_workflow.input_controller - INFO - Detected screen size: 1470x956
2025-05-23 00:54:56,106 - memory.semantic_search_agent - INFO - Loading 414 existing documents from storage
2025-05-23 00:54:56,139 - memory.semantic_search_agent - INFO - EnterpriseVectorStore initialized with enterprise-grade features
2025-05-23 00:54:56,139 - memory.semantic_search_agent - INFO - SemanticSearchAgent initialized with enterprise-grade capabilities
2025-05-23 00:54:56,140 - agent_workflow.input_controller - INFO - Input listeners started successfully
2025-05-23 00:54:56,140 - agent_workflow.input_controller - INFO - 🚨 Emergency shutdown: Press Ctrl+1 to immediately stop agent
2025-05-23 00:54:56,185 - llava_processor - INFO - Connected to Ollama API v0.6.8
2025-05-23 00:54:56,185 - total_screen_analyzer - INFO - LLaVA visual processor initialized for total screen analysis
2025-05-23 00:54:56,185 - total_screen_analyzer - INFO - Total Screen Analyzer initialized with 4s interval
2025-05-23 00:54:56,186 - __main__ - INFO - 🤖 AgentAutomationEngine initialized with medium safety and intelligent workflow planning (FAST MODE)
2025-05-23 00:54:56,186 - __main__ - INFO - 🧠 Full Automation Brain Router initialized
2025-05-23 00:54:56,186 - __main__ - INFO - 🧠 Starting Enhanced Brain Router with FULL AUTOMATION...
2025-05-23 00:54:56,186 - __main__ - INFO - 📡 Port: 8765
2025-05-23 00:54:56,186 - __main__ - INFO - 🎯 Modes: Agent (with REAL automation), Ask, Suggest, General
2025-05-23 00:54:56,186 - __main__ - INFO - 🤖 Features: Actual clicking, typing, app opening
2025-05-23 00:54:56,186 - __main__ - INFO - 🔍 Memory: Semantic search integration active
2025-05-23 00:54:56,195 - __main__ - INFO - ✅ Enhanced Brain Router with FULL AUTOMATION started on ws://localhost:8765
2025-05-23 00:54:56,195 - __main__ - INFO - 🤖 Real UI automation system ready!
2025-05-23 00:54:56,195 - __main__ - INFO - 🎯 Agent mode will now ACTUALLY click and type!
2025-05-23 00:54:56,196 - websockets.server - INFO - server listening on 127.0.0.1:8765
2025-05-23 00:54:56,196 - websockets.server - INFO - server listening on [::1]:8765
2025-05-23 00:54:56,709 - websockets.server - INFO - connection open
2025-05-23 00:54:56,709 - __main__ - INFO - Client connected: client_1747986896709
2025-05-23 00:54:56,713 - websockets.server - INFO - connection open
2025-05-23 00:54:56,714 - __main__ - INFO - Client connected: client_1747986896714
2025-05-23 00:54:56,716 - websockets.server - INFO - connection open
2025-05-23 00:54:56,716 - __main__ - INFO - Client connected: client_1747986896716
2025-05-23 00:54:59,080 - websockets.server - INFO - connection open
2025-05-23 00:54:59,081 - __main__ - INFO - Client connected: client_1747986899081
2025-05-23 00:54:59,086 - websockets.server - INFO - connection open
2025-05-23 00:54:59,086 - __main__ - INFO - Client connected: client_1747986899086
2025-05-23 00:54:59,090 - websockets.server - INFO - connection open
2025-05-23 00:54:59,091 - __main__ - INFO - Client connected: client_1747986899091
2025-05-23 00:55:01,726 - websockets.server - INFO - connection open
2025-05-23 00:55:01,727 - __main__ - INFO - Client connected: client_1747986901727
2025-05-23 00:55:01,727 - websockets.server - INFO - connection open
2025-05-23 00:55:01,728 - __main__ - INFO - Client connected: client_1747986901728
2025-05-23 00:55:01,729 - websockets.server - INFO - connection open
2025-05-23 00:55:01,729 - __main__ - INFO - Client connected: client_1747986901729
2025-05-23 00:55:04,153 - websockets.server - INFO - connection open
2025-05-23 00:55:04,153 - __main__ - INFO - Client connected: client_1747986904153
2025-05-23 00:55:04,154 - websockets.server - INFO - connection open
2025-05-23 00:55:04,154 - __main__ - INFO - Client connected: client_1747986904154
2025-05-23 00:55:05,683 - websockets.server - INFO - connection open
2025-05-23 00:55:05,683 - __main__ - INFO - Client connected: client_1747986905683
2025-05-23 00:55:06,290 - websockets.server - INFO - connection open
2025-05-23 00:55:06,290 - __main__ - INFO - Client connected: client_1747986906290
2025-05-23 00:55:06,735 - websockets.server - INFO - connection open
2025-05-23 00:55:06,736 - __main__ - INFO - Client connected: client_1747986906736
2025-05-23 00:55:06,737 - websockets.server - INFO - connection open
2025-05-23 00:55:06,737 - __main__ - INFO - Client connected: client_1747986906737
2025-05-23 00:55:06,738 - websockets.server - INFO - connection open
2025-05-23 00:55:06,738 - __main__ - INFO - Client connected: client_1747986906738
2025-05-23 00:55:06,794 - websockets.server - INFO - connection open
2025-05-23 00:55:06,794 - __main__ - INFO - Client connected: client_1747986906794
2025-05-23 00:55:11,300 - websockets.server - INFO - connection open
2025-05-23 00:55:11,302 - __main__ - INFO - Client connected: client_1747986911302
2025-05-23 00:55:11,748 - websockets.server - INFO - connection open
2025-05-23 00:55:11,749 - __main__ - INFO - Client connected: client_1747986911749
2025-05-23 00:55:11,751 - websockets.server - INFO - connection open
2025-05-23 00:55:11,751 - __main__ - INFO - Client connected: client_1747986911751
2025-05-23 00:55:11,753 - websockets.server - INFO - connection open
2025-05-23 00:55:11,754 - __main__ - INFO - Client connected: client_1747986911754
2025-05-23 00:55:16,311 - websockets.server - INFO - connection open
2025-05-23 00:55:16,312 - __main__ - INFO - Client connected: client_1747986916312
2025-05-23 00:55:16,757 - websockets.server - INFO - connection open
2025-05-23 00:55:16,757 - __main__ - INFO - Client connected: client_1747986916757
2025-05-23 00:55:16,758 - websockets.server - INFO - connection open
2025-05-23 00:55:16,759 - __main__ - INFO - Client connected: client_1747986916759
2025-05-23 00:55:16,760 - websockets.server - INFO - connection open
2025-05-23 00:55:16,760 - __main__ - INFO - Client connected: client_1747986916760
2025-05-23 00:55:21,334 - websockets.server - INFO - connection open
2025-05-23 00:55:21,334 - __main__ - INFO - Client connected: client_1747986921334
2025-05-23 00:55:21,817 - websockets.server - INFO - connection open
2025-05-23 00:55:21,818 - __main__ - INFO - Client connected: client_1747986921818
2025-05-23 00:55:21,818 - websockets.server - INFO - connection open
2025-05-23 00:55:21,818 - __main__ - INFO - Client connected: client_1747986921818
2025-05-23 00:55:21,823 - websockets.server - INFO - connection open
2025-05-23 00:55:21,825 - __main__ - INFO - Client connected: client_1747986921825
2025-05-23 00:55:26,381 - websockets.server - INFO - connection open
2025-05-23 00:55:26,381 - __main__ - INFO - Client connected: client_1747986926381
2025-05-23 00:55:26,838 - websockets.server - INFO - connection open
2025-05-23 00:55:26,838 - __main__ - INFO - Client connected: client_1747986926838
2025-05-23 00:55:26,843 - websockets.server - INFO - connection open
2025-05-23 00:55:26,843 - __main__ - INFO - Client connected: client_1747986926843
2025-05-23 00:55:26,845 - websockets.server - INFO - connection open
2025-05-23 00:55:26,845 - __main__ - INFO - Client connected: client_1747986926845
2025-05-23 00:55:31,408 - websockets.server - INFO - connection open
2025-05-23 00:55:31,413 - __main__ - INFO - Client connected: client_1747986931413
2025-05-23 00:55:31,888 - websockets.server - INFO - connection open
2025-05-23 00:55:31,890 - __main__ - INFO - Client connected: client_1747986931888
2025-05-23 00:55:31,897 - websockets.server - INFO - connection open
2025-05-23 00:55:31,897 - __main__ - INFO - Client connected: client_1747986931897
2025-05-23 00:55:31,901 - websockets.server - INFO - connection open
2025-05-23 00:55:31,902 - __main__ - INFO - Client connected: client_1747986931902
2025-05-23 00:55:36,449 - websockets.server - INFO - connection open
2025-05-23 00:55:36,451 - __main__ - INFO - Client connected: client_1747986936451
2025-05-23 00:55:36,936 - websockets.server - INFO - connection open
2025-05-23 00:55:36,937 - __main__ - INFO - Client connected: client_1747986936937
2025-05-23 00:55:36,939 - websockets.server - INFO - connection open
2025-05-23 00:55:36,939 - __main__ - INFO - Client connected: client_1747986936939
2025-05-23 00:55:36,944 - websockets.server - INFO - connection open
2025-05-23 00:55:36,944 - __main__ - INFO - Client connected: client_1747986936944
2025-05-23 00:55:41,142 - __main__ - INFO - Client disconnected: client_1747986899091
2025-05-23 00:55:41,479 - websockets.server - INFO - connection open
2025-05-23 00:55:41,479 - __main__ - INFO - Client connected: client_1747986941479
2025-05-23 00:55:41,975 - websockets.server - INFO - connection open
2025-05-23 00:55:41,979 - __main__ - INFO - Client connected: client_1747986941979
2025-05-23 00:55:41,987 - websockets.server - INFO - connection open
2025-05-23 00:55:41,987 - __main__ - INFO - Client connected: client_1747986941987
2025-05-23 00:55:41,988 - websockets.server - INFO - connection open
2025-05-23 00:55:41,988 - __main__ - INFO - Client connected: client_1747986941988
2025-05-23 00:55:43,846 - __main__ - INFO - Client disconnected: client_1747986899081
2025-05-23 00:55:43,868 - __main__ - INFO - Client disconnected: client_1747986899086
2025-05-23 00:55:46,489 - websockets.server - INFO - connection open
2025-05-23 00:55:46,489 - __main__ - INFO - Client connected: client_1747986946489
2025-05-23 00:55:47,005 - websockets.server - INFO - connection open
2025-05-23 00:55:47,006 - __main__ - INFO - Client connected: client_1747986947006
2025-05-23 00:55:47,006 - websockets.server - INFO - connection open
2025-05-23 00:55:47,006 - __main__ - INFO - Client connected: client_1747986947006
2025-05-23 00:55:47,007 - websockets.server - INFO - connection open
2025-05-23 00:55:47,007 - __main__ - INFO - Client connected: client_1747986947007
2025-05-23 00:55:51,578 - websockets.server - INFO - connection open
2025-05-23 00:55:51,582 - __main__ - INFO - Client connected: client_1747986951582
2025-05-23 00:55:52,020 - websockets.server - INFO - connection open
2025-05-23 00:55:52,021 - __main__ - INFO - Client connected: client_1747986952020
2025-05-23 00:55:52,021 - websockets.server - INFO - connection open
2025-05-23 00:55:52,021 - __main__ - INFO - Client connected: client_1747986952021
2025-05-23 00:55:52,022 - websockets.server - INFO - connection open
2025-05-23 00:55:52,022 - __main__ - INFO - Client connected: client_1747986952022
2025-05-23 00:55:56,653 - websockets.server - INFO - connection open
2025-05-23 00:55:56,661 - __main__ - INFO - Client connected: client_1747986956661
2025-05-23 00:55:56,800 - __main__ - INFO - Client disconnected: client_1747986906794
2025-05-23 00:55:57,056 - websockets.server - INFO - connection open
2025-05-23 00:55:57,057 - __main__ - INFO - Client connected: client_1747986957057
2025-05-23 00:55:57,058 - websockets.server - INFO - connection open
2025-05-23 00:55:57,058 - __main__ - INFO - Client connected: client_1747986957058
2025-05-23 00:55:57,059 - websockets.server - INFO - connection open
2025-05-23 00:55:57,059 - __main__ - INFO - Client connected: client_1747986957059
2025-05-23 00:56:01,805 - websockets.server - INFO - connection open
2025-05-23 00:56:01,808 - __main__ - INFO - Client connected: client_1747986961808
2025-05-23 00:56:02,149 - websockets.server - INFO - connection open
2025-05-23 00:56:02,150 - __main__ - INFO - Client connected: client_1747986962150
2025-05-23 00:56:02,153 - websockets.server - INFO - connection open
2025-05-23 00:56:02,153 - __main__ - INFO - Client connected: client_1747986962153
2025-05-23 00:56:02,156 - websockets.server - INFO - connection open
2025-05-23 00:56:02,156 - __main__ - INFO - Client connected: client_1747986962156
2025-05-23 00:56:04,563 - websockets.server - INFO - connection open
2025-05-23 00:56:04,564 - __main__ - INFO - Client connected: client_1747986964564
2025-05-23 00:56:06,824 - websockets.server - INFO - connection open
2025-05-23 00:56:06,825 - __main__ - INFO - Client connected: client_1747986966825
2025-05-23 00:56:07,173 - websockets.server - INFO - connection open
2025-05-23 00:56:07,173 - __main__ - INFO - Client connected: client_1747986967173
2025-05-23 00:56:07,176 - websockets.server - INFO - connection open
2025-05-23 00:56:07,176 - __main__ - INFO - Client connected: client_1747986967176
2025-05-23 00:56:07,177 - websockets.server - INFO - connection open
2025-05-23 00:56:07,177 - __main__ - INFO - Client connected: client_1747986967177
2025-05-23 00:56:11,837 - websockets.server - INFO - connection open
2025-05-23 00:56:11,838 - __main__ - INFO - Client connected: client_1747986971838
2025-05-23 00:56:12,183 - websockets.server - INFO - connection open
2025-05-23 00:56:12,183 - __main__ - INFO - Client connected: client_1747986972183
2025-05-23 00:56:12,196 - websockets.server - INFO - connection open
2025-05-23 00:56:12,196 - __main__ - INFO - Client connected: client_1747986972196
2025-05-23 00:56:12,196 - websockets.server - INFO - connection open
2025-05-23 00:56:12,196 - __main__ - INFO - Client connected: client_1747986972196
2025-05-23 00:56:16,853 - websockets.server - INFO - connection open
2025-05-23 00:56:16,854 - __main__ - INFO - Client connected: client_1747986976854
2025-05-23 00:56:17,202 - websockets.server - INFO - connection open
2025-05-23 00:56:17,202 - __main__ - INFO - Client connected: client_1747986977202
2025-05-23 00:56:17,223 - websockets.server - INFO - connection open
2025-05-23 00:56:17,224 - __main__ - INFO - Client connected: client_1747986977223
2025-05-23 00:56:17,241 - websockets.server - INFO - connection open
2025-05-23 00:56:17,242 - __main__ - INFO - Client connected: client_1747986977242
2025-05-23 00:56:21,868 - websockets.server - INFO - connection open
2025-05-23 00:56:21,868 - __main__ - INFO - Client connected: client_1747986981868
2025-05-23 00:56:22,219 - websockets.server - INFO - connection open
2025-05-23 00:56:22,220 - __main__ - INFO - Client connected: client_1747986982220
2025-05-23 00:56:22,256 - websockets.server - INFO - connection open
2025-05-23 00:56:22,257 - __main__ - INFO - Client connected: client_1747986982257
2025-05-23 00:56:22,275 - websockets.server - INFO - connection open
2025-05-23 00:56:22,275 - __main__ - INFO - Client connected: client_1747986982275
2025-05-23 00:56:26,892 - websockets.server - INFO - connection open
2025-05-23 00:56:26,894 - __main__ - INFO - Client connected: client_1747986986894
2025-05-23 00:56:27,232 - websockets.server - INFO - connection open
2025-05-23 00:56:27,232 - __main__ - INFO - Client connected: client_1747986987232
2025-05-23 00:56:27,291 - websockets.server - INFO - connection open
2025-05-23 00:56:27,292 - __main__ - INFO - Client connected: client_1747986987292
2025-05-23 00:56:27,295 - websockets.server - INFO - connection open
2025-05-23 00:56:27,295 - __main__ - INFO - Client connected: client_1747986987295
2025-05-23 00:56:32,086 - websockets.server - INFO - connection open
2025-05-23 00:56:32,093 - __main__ - INFO - Client connected: client_1747986992092
2025-05-23 00:56:32,298 - websockets.server - INFO - connection open
2025-05-23 00:56:32,299 - __main__ - INFO - Client connected: client_1747986992299
2025-05-23 00:56:32,353 - websockets.server - INFO - connection open
2025-05-23 00:56:32,354 - __main__ - INFO - Client connected: client_1747986992354
2025-05-23 00:56:32,378 - websockets.server - INFO - connection open
2025-05-23 00:56:32,379 - __main__ - INFO - Client connected: client_1747986992379
2025-05-23 00:56:37,121 - websockets.server - INFO - connection open
2025-05-23 00:56:37,123 - __main__ - INFO - Client connected: client_1747986997123
2025-05-23 00:56:37,316 - websockets.server - INFO - connection open
2025-05-23 00:56:37,317 - __main__ - INFO - Client connected: client_1747986997317
2025-05-23 00:56:37,403 - websockets.server - INFO - connection open
2025-05-23 00:56:37,403 - __main__ - INFO - Client connected: client_1747986997403
2025-05-23 00:56:37,405 - websockets.server - INFO - connection open
2025-05-23 00:56:37,405 - __main__ - INFO - Client connected: client_1747986997405
2025-05-23 00:56:42,143 - websockets.server - INFO - connection open
2025-05-23 00:56:42,144 - __main__ - INFO - Client connected: client_1747987002144
2025-05-23 00:56:42,327 - websockets.server - INFO - connection open
2025-05-23 00:56:42,328 - __main__ - INFO - Client connected: client_1747987002328
2025-05-23 00:56:42,413 - websockets.server - INFO - connection open
2025-05-23 00:56:42,413 - __main__ - INFO - Client connected: client_1747987002413
2025-05-23 00:56:42,414 - websockets.server - INFO - connection open
2025-05-23 00:56:42,414 - __main__ - INFO - Client connected: client_1747987002414
2025-05-23 00:56:47,319 - websockets.server - INFO - connection open
2025-05-23 00:56:47,322 - __main__ - INFO - Client connected: client_1747987007322
2025-05-23 00:56:47,349 - websockets.server - INFO - connection open
2025-05-23 00:56:47,349 - __main__ - INFO - Client connected: client_1747987007349
2025-05-23 00:56:47,438 - websockets.server - INFO - connection open
2025-05-23 00:56:47,438 - __main__ - INFO - Client connected: client_1747987007438
2025-05-23 00:56:47,439 - websockets.server - INFO - connection open
2025-05-23 00:56:47,440 - __main__ - INFO - Client connected: client_1747987007440
2025-05-23 00:56:52,369 - websockets.server - INFO - connection open
2025-05-23 00:56:52,370 - __main__ - INFO - Client connected: client_1747987012370
2025-05-23 00:56:52,375 - websockets.server - INFO - connection open
2025-05-23 00:56:52,375 - __main__ - INFO - Client connected: client_1747987012375
2025-05-23 00:56:52,506 - websockets.server - INFO - connection open
2025-05-23 00:56:52,507 - __main__ - INFO - Client connected: client_1747987012507
2025-05-23 00:56:52,507 - websockets.server - INFO - connection open
2025-05-23 00:56:52,508 - __main__ - INFO - Client connected: client_1747987012508
2025-05-23 00:56:53,107 - websockets.server - INFO - connection open
2025-05-23 00:56:53,107 - __main__ - INFO - Client connected: client_1747987013107
2025-05-23 00:56:54,574 - __main__ - INFO - Client disconnected: client_1747986964564
2025-05-23 00:56:57,459 - websockets.server - INFO - connection open
2025-05-23 00:56:57,462 - __main__ - INFO - Client connected: client_1747987017462
2025-05-23 00:56:57,464 - websockets.server - INFO - connection open
2025-05-23 00:56:57,464 - __main__ - INFO - Client connected: client_1747987017464
2025-05-23 00:56:57,530 - websockets.server - INFO - connection open
2025-05-23 00:56:57,530 - __main__ - INFO - Client connected: client_1747987017530
2025-05-23 00:56:57,531 - websockets.server - INFO - connection open
2025-05-23 00:56:57,531 - __main__ - INFO - Client connected: client_1747987017531
2025-05-23 00:57:00,075 - websockets.server - INFO - connection open
2025-05-23 00:57:00,078 - __main__ - INFO - Client connected: client_1747987020078
2025-05-23 00:57:02,511 - websockets.server - INFO - connection open
2025-05-23 00:57:02,512 - __main__ - INFO - Client connected: client_1747987022512
2025-05-23 00:57:02,515 - websockets.server - INFO - connection open
2025-05-23 00:57:02,515 - __main__ - INFO - Client connected: client_1747987022515
2025-05-23 00:57:02,548 - websockets.server - INFO - connection open
2025-05-23 00:57:02,548 - __main__ - INFO - Client connected: client_1747987022548
2025-05-23 00:57:02,550 - websockets.server - INFO - connection open
2025-05-23 00:57:02,551 - __main__ - INFO - Client connected: client_1747987022551
2025-05-23 00:57:07,589 - websockets.server - INFO - connection open
2025-05-23 00:57:07,591 - __main__ - INFO - Client connected: client_1747987027591
2025-05-23 00:57:07,593 - websockets.server - INFO - connection open
2025-05-23 00:57:07,593 - __main__ - INFO - Client connected: client_1747987027593
2025-05-23 00:57:07,596 - websockets.server - INFO - connection open
2025-05-23 00:57:07,597 - __main__ - INFO - Client connected: client_1747987027597
2025-05-23 00:57:07,600 - websockets.server - INFO - connection open
2025-05-23 00:57:07,601 - __main__ - INFO - Client connected: client_1747987027601
2025-05-23 00:57:07,945 - websockets.server - INFO - connection open
2025-05-23 00:57:07,949 - __main__ - INFO - Client connected: client_1747987027949
2025-05-23 00:57:08,926 - websockets.server - INFO - connection open
2025-05-23 00:57:08,928 - __main__ - INFO - Client connected: client_1747987028928
2025-05-23 00:57:12,760 - websockets.server - INFO - connection open
2025-05-23 00:57:12,762 - __main__ - INFO - Client connected: client_1747987032762
2025-05-23 00:57:12,764 - websockets.server - INFO - connection open
2025-05-23 00:57:12,765 - __main__ - INFO - Client connected: client_1747987032765
2025-05-23 00:57:12,765 - websockets.server - INFO - connection open
2025-05-23 00:57:12,765 - __main__ - INFO - Client connected: client_1747987032765
2025-05-23 00:57:12,767 - websockets.server - INFO - connection open
2025-05-23 00:57:12,767 - __main__ - INFO - Client connected: client_1747987032767
2025-05-23 00:57:14,836 - websockets.server - INFO - connection open
2025-05-23 00:57:14,838 - __main__ - INFO - Client connected: client_1747987034838
2025-05-23 00:57:17,235 - websockets.server - INFO - connection open
2025-05-23 00:57:17,236 - __main__ - INFO - Client connected: client_1747987037236
2025-05-23 00:57:17,248 - websockets.server - INFO - connection open
2025-05-23 00:57:17,249 - __main__ - INFO - Client connected: client_1747987037248
2025-05-23 00:57:17,805 - websockets.server - INFO - connection open
2025-05-23 00:57:17,805 - __main__ - INFO - Client connected: client_1747987037805
2025-05-23 00:57:17,810 - websockets.server - INFO - connection open
2025-05-23 00:57:17,810 - __main__ - INFO - Client connected: client_1747987037810
2025-05-23 00:57:17,812 - websockets.server - INFO - connection open
2025-05-23 00:57:17,813 - __main__ - INFO - Client connected: client_1747987037813
2025-05-23 00:57:17,813 - websockets.server - INFO - connection open
2025-05-23 00:57:17,813 - __main__ - INFO - Client connected: client_1747987037813
2025-05-23 00:57:22,837 - websockets.server - INFO - connection open
2025-05-23 00:57:22,840 - __main__ - INFO - Client connected: client_1747987042840
2025-05-23 00:57:22,844 - websockets.server - INFO - connection open
2025-05-23 00:57:22,844 - __main__ - INFO - Client connected: client_1747987042844
2025-05-23 00:57:22,845 - websockets.server - INFO - connection open
2025-05-23 00:57:22,846 - __main__ - INFO - Client connected: client_1747987042846
2025-05-23 00:57:22,847 - websockets.server - INFO - connection open
2025-05-23 00:57:22,847 - __main__ - INFO - Client connected: client_1747987042847
2025-05-23 00:57:27,900 - websockets.server - INFO - connection open
2025-05-23 00:57:27,902 - __main__ - INFO - Client connected: client_1747987047901
2025-05-23 00:57:27,904 - websockets.server - INFO - connection open
2025-05-23 00:57:27,904 - __main__ - INFO - Client connected: client_1747987047904
2025-05-23 00:57:27,905 - websockets.server - INFO - connection open
2025-05-23 00:57:27,905 - __main__ - INFO - Client connected: client_1747987047905
2025-05-23 00:57:27,909 - websockets.server - INFO - connection open
2025-05-23 00:57:27,910 - __main__ - INFO - Client connected: client_1747987047910
2025-05-23 00:57:32,976 - websockets.server - INFO - connection open
2025-05-23 00:57:32,981 - __main__ - INFO - Client connected: client_1747987052980
2025-05-23 00:57:32,983 - websockets.server - INFO - connection open
2025-05-23 00:57:32,983 - __main__ - INFO - Client connected: client_1747987052983
2025-05-23 00:57:32,983 - websockets.server - INFO - connection open
2025-05-23 00:57:32,983 - __main__ - INFO - Client connected: client_1747987052983
2025-05-23 00:57:32,987 - websockets.server - INFO - connection open
2025-05-23 00:57:32,990 - __main__ - INFO - Client connected: client_1747987052990
2025-05-23 00:57:38,168 - websockets.server - INFO - connection open
2025-05-23 00:57:38,176 - __main__ - INFO - Client connected: client_1747987058176
2025-05-23 00:57:38,188 - websockets.server - INFO - connection open
2025-05-23 00:57:38,190 - __main__ - INFO - Client connected: client_1747987058190
2025-05-23 00:57:38,227 - websockets.server - INFO - connection open
2025-05-23 00:57:38,229 - __main__ - INFO - Client connected: client_1747987058229
2025-05-23 00:57:38,241 - websockets.server - INFO - connection open
2025-05-23 00:57:38,241 - __main__ - INFO - Client connected: client_1747987058241
2025-05-23 00:57:43,326 - websockets.server - INFO - connection open
2025-05-23 00:57:43,327 - __main__ - INFO - Client connected: client_1747987063327
2025-05-23 00:57:43,334 - websockets.server - INFO - connection open
2025-05-23 00:57:43,334 - __main__ - INFO - Client connected: client_1747987063334
2025-05-23 00:57:43,334 - websockets.server - INFO - connection open
2025-05-23 00:57:43,334 - __main__ - INFO - Client connected: client_1747987063334
2025-05-23 00:57:43,335 - websockets.server - INFO - connection open
2025-05-23 00:57:43,335 - __main__ - INFO - Client connected: client_1747987063335
2025-05-23 00:57:48,436 - websockets.server - INFO - connection open
2025-05-23 00:57:48,445 - __main__ - INFO - Client connected: client_1747987068445
2025-05-23 00:57:48,448 - websockets.server - INFO - connection open
2025-05-23 00:57:48,449 - __main__ - INFO - Client connected: client_1747987068449
2025-05-23 00:57:48,454 - websockets.server - INFO - connection open
2025-05-23 00:57:48,454 - __main__ - INFO - Client connected: client_1747987068454
2025-05-23 00:57:48,457 - websockets.server - INFO - connection open
2025-05-23 00:57:48,457 - __main__ - INFO - Client connected: client_1747987068457
2025-05-23 00:57:50,090 - __main__ - INFO - Client disconnected: client_1747987020078
2025-05-23 00:57:53,840 - websockets.server - INFO - connection open
2025-05-23 00:57:53,849 - __main__ - INFO - Client connected: client_1747987073849
2025-05-23 00:57:53,860 - websockets.server - INFO - connection open
2025-05-23 00:57:53,863 - __main__ - INFO - Client connected: client_1747987073863
2025-05-23 00:57:53,871 - websockets.server - INFO - connection open
2025-05-23 00:57:53,871 - __main__ - INFO - Client connected: client_1747987073871
2025-05-23 00:57:53,873 - websockets.server - INFO - connection open
2025-05-23 00:57:53,873 - __main__ - INFO - Client connected: client_1747987073873
2025-05-23 00:57:54,187 - websockets.server - INFO - connection open
2025-05-23 00:57:54,187 - __main__ - INFO - Client connected: client_1747987074187
/Users/segevbin/Desktop/SensAI/Aiayer/memory/semantic_search_agent.py:336: RuntimeWarning: divide by zero encountered in log
  idf = np.log(self.total_documents / (self.document_frequencies[token] + 1))
2025-05-23 00:57:54,330 - memory.semantic_search_agent - INFO - Document 5cf81d17778368a4cf89f34833a68ecce614530be8a2df6427e5212716d47882 added to enterprise vector store
2025-05-23 00:57:54,330 - memory.semantic_search_agent - INFO - Memory added successfully: 5cf81d17778368a4cf89f34833a68ecce614530be8a2df6427e5212716d47882
2025-05-23 00:57:54,397 - memory.semantic_search_agent - INFO - Similarity search completed in 0.0575s, found 4 results
2025-05-23 00:57:54,418 - memory.semantic_search_agent - INFO - Search completed successfully in 0.0867s, found 4 results
2025-05-23 00:57:54,424 - memory.semantic_search_agent - INFO - Document a44da49daf9e959fd7b795e5f7a915ccd14a9fb289ba3311187ec79da8392559 added to enterprise vector store
2025-05-23 00:57:54,425 - memory.semantic_search_agent - INFO - Memory added successfully: a44da49daf9e959fd7b795e5f7a915ccd14a9fb289ba3311187ec79da8392559
2025-05-23 00:57:54,475 - websockets.server - INFO - connection open
2025-05-23 00:57:54,476 - __main__ - INFO - Client connected: client_1747987074476
2025-05-23 00:57:54,485 - memory.semantic_search_agent - INFO - Document daf45db88fee12ad65485b91602309161dd6a55692ca2e4fcdf9fe4ac7e0a57f added to enterprise vector store
2025-05-23 00:57:54,485 - memory.semantic_search_agent - INFO - Memory added successfully: daf45db88fee12ad65485b91602309161dd6a55692ca2e4fcdf9fe4ac7e0a57f
2025-05-23 00:57:54,486 - memory.semantic_search_agent - INFO - Cache hit for search query
2025-05-23 00:57:54,486 - __main__ - INFO - 🤖 Agent mode with REAL automation: hello
2025-05-23 00:57:54,487 - __main__ - INFO - 🔧 Simple task detected: hello
2025-05-23 00:57:54,490 - memory.semantic_search_agent - INFO - Document 920d512008750db940dd664af330ca618edc51a6b86f9adb8f9f37d87926961d added to enterprise vector store
2025-05-23 00:57:54,491 - memory.semantic_search_agent - INFO - Memory added successfully: 920d512008750db940dd664af330ca618edc51a6b86f9adb8f9f37d87926961d
2025-05-23 00:57:56,918 - websockets.server - INFO - connection open
2025-05-23 00:57:56,919 - __main__ - INFO - Client connected: client_1747987076919
2025-05-23 00:57:59,037 - websockets.server - INFO - connection open
2025-05-23 00:57:59,037 - __main__ - INFO - Client connected: client_1747987079037
2025-05-23 00:57:59,039 - websockets.server - INFO - connection open
2025-05-23 00:57:59,039 - __main__ - INFO - Client connected: client_1747987079039
2025-05-23 00:57:59,040 - websockets.server - INFO - connection open
2025-05-23 00:57:59,040 - __main__ - INFO - Client connected: client_1747987079040
2025-05-23 00:57:59,042 - websockets.server - INFO - connection open
2025-05-23 00:57:59,042 - __main__ - INFO - Client connected: client_1747987079042
2025-05-23 00:58:04,223 - websockets.server - INFO - connection open
2025-05-23 00:58:04,228 - __main__ - INFO - Client connected: client_1747987084227
2025-05-23 00:58:04,231 - websockets.server - INFO - connection open
2025-05-23 00:58:04,231 - __main__ - INFO - Client connected: client_1747987084231
2025-05-23 00:58:04,233 - websockets.server - INFO - connection open
2025-05-23 00:58:04,234 - __main__ - INFO - Client connected: client_1747987084234
2025-05-23 00:58:04,239 - websockets.server - INFO - connection open
2025-05-23 00:58:04,240 - __main__ - INFO - Client connected: client_1747987084240
2025-05-23 00:58:07,263 - __main__ - INFO - Client disconnected: client_1747987037236
2025-05-23 00:58:07,272 - __main__ - INFO - Client disconnected: client_1747987037248
2025-05-23 00:58:09,325 - websockets.server - INFO - connection open
2025-05-23 00:58:09,327 - __main__ - INFO - Client connected: client_1747987089327
2025-05-23 00:58:09,328 - websockets.server - INFO - connection open
2025-05-23 00:58:09,329 - __main__ - INFO - Client connected: client_1747987089329
2025-05-23 00:58:09,329 - websockets.server - INFO - connection open
2025-05-23 00:58:09,329 - __main__ - INFO - Client connected: client_1747987089329
2025-05-23 00:58:09,329 - websockets.server - INFO - connection open
2025-05-23 00:58:09,330 - __main__ - INFO - Client connected: client_1747987089330
2025-05-23 00:58:14,417 - websockets.server - INFO - connection open
2025-05-23 00:58:14,418 - __main__ - INFO - Client connected: client_1747987094418
2025-05-23 00:58:14,419 - websockets.server - INFO - connection open
2025-05-23 00:58:14,419 - __main__ - INFO - Client connected: client_1747987094419
2025-05-23 00:58:14,421 - websockets.server - INFO - connection open
2025-05-23 00:58:14,421 - __main__ - INFO - Client connected: client_1747987094421
2025-05-23 00:58:14,422 - websockets.server - INFO - connection open
2025-05-23 00:58:14,422 - __main__ - INFO - Client connected: client_1747987094422
2025-05-23 00:58:19,566 - websockets.server - INFO - connection open
2025-05-23 00:58:19,576 - __main__ - INFO - Client connected: client_1747987099576
2025-05-23 00:58:19,586 - websockets.server - INFO - connection open
2025-05-23 00:58:19,587 - __main__ - INFO - Client connected: client_1747987099587
2025-05-23 00:58:19,592 - websockets.server - INFO - connection open
2025-05-23 00:58:19,593 - __main__ - INFO - Client connected: client_1747987099592
2025-05-23 00:58:19,600 - websockets.server - INFO - connection open
2025-05-23 00:58:19,601 - __main__ - INFO - Client connected: client_1747987099601
2025-05-23 00:58:24,650 - websockets.server - INFO - connection open
2025-05-23 00:58:24,668 - __main__ - INFO - Client connected: client_1747987104668
2025-05-23 00:58:24,671 - websockets.server - INFO - connection open
2025-05-23 00:58:24,672 - __main__ - INFO - Client connected: client_1747987104671
2025-05-23 00:58:24,675 - websockets.server - INFO - connection open
2025-05-23 00:58:24,675 - __main__ - INFO - Client connected: client_1747987104675
2025-05-23 00:58:24,682 - websockets.server - INFO - connection open
2025-05-23 00:58:24,683 - __main__ - INFO - Client connected: client_1747987104683
2025-05-23 00:58:29,910 - websockets.server - INFO - connection open
2025-05-23 00:58:29,918 - __main__ - INFO - Client connected: client_1747987109918
2025-05-23 00:58:29,926 - websockets.server - INFO - connection open
2025-05-23 00:58:29,926 - __main__ - INFO - Client connected: client_1747987109926
2025-05-23 00:58:29,927 - websockets.server - INFO - connection open
2025-05-23 00:58:29,928 - __main__ - INFO - Client connected: client_1747987109928
2025-05-23 00:58:29,929 - websockets.server - INFO - connection open
2025-05-23 00:58:29,930 - __main__ - INFO - Client connected: client_1747987109930
2025-05-23 00:58:35,014 - websockets.server - INFO - connection open
2025-05-23 00:58:35,015 - __main__ - INFO - Client connected: client_1747987115015
2025-05-23 00:58:35,016 - websockets.server - INFO - connection open
2025-05-23 00:58:35,017 - __main__ - INFO - Client connected: client_1747987115017
2025-05-23 00:58:35,018 - websockets.server - INFO - connection open
2025-05-23 00:58:35,018 - __main__ - INFO - Client connected: client_1747987115018
2025-05-23 00:58:35,019 - websockets.server - INFO - connection open
2025-05-23 00:58:35,020 - __main__ - INFO - Client connected: client_1747987115020
2025-05-23 00:58:40,036 - websockets.server - INFO - connection open
2025-05-23 00:58:40,037 - __main__ - INFO - Client connected: client_1747987120037
2025-05-23 00:58:40,038 - websockets.server - INFO - connection open
2025-05-23 00:58:40,038 - __main__ - INFO - Client connected: client_1747987120038
2025-05-23 00:58:40,039 - websockets.server - INFO - connection open
2025-05-23 00:58:40,039 - __main__ - INFO - Client connected: client_1747987120039
2025-05-23 00:58:40,040 - websockets.server - INFO - connection open
2025-05-23 00:58:40,040 - __main__ - INFO - Client connected: client_1747987120040
2025-05-23 00:58:44,981 - __main__ - INFO - Client disconnected: client_1747987076919
2025-05-23 00:58:45,011 - websockets.server - INFO - connection open
2025-05-23 00:58:45,012 - __main__ - INFO - Client connected: client_1747987125012
2025-05-23 00:58:45,069 - websockets.server - INFO - connection open
2025-05-23 00:58:45,070 - __main__ - INFO - Client connected: client_1747987125070
2025-05-23 00:58:45,072 - websockets.server - INFO - connection open
2025-05-23 00:58:45,072 - __main__ - INFO - Client connected: client_1747987125072
2025-05-23 00:58:45,073 - websockets.server - INFO - connection open
2025-05-23 00:58:45,073 - __main__ - INFO - Client connected: client_1747987125073
2025-05-23 00:58:45,074 - websockets.server - INFO - connection open
2025-05-23 00:58:45,075 - __main__ - INFO - Client connected: client_1747987125075
2025-05-23 00:58:50,100 - websockets.server - INFO - connection open
2025-05-23 00:58:50,102 - __main__ - INFO - Client connected: client_1747987130102
2025-05-23 00:58:50,110 - websockets.server - INFO - connection open
2025-05-23 00:58:50,110 - __main__ - INFO - Client connected: client_1747987130110
2025-05-23 00:58:50,110 - websockets.server - INFO - connection open
2025-05-23 00:58:50,110 - __main__ - INFO - Client connected: client_1747987130110
2025-05-23 00:58:50,111 - websockets.server - INFO - connection open
2025-05-23 00:58:50,111 - __main__ - INFO - Client connected: client_1747987130111
2025-05-23 00:58:56,339 - websockets.server - INFO - connection open
2025-05-23 00:58:56,402 - __main__ - INFO - Client connected: client_1747987136401
2025-05-23 00:58:56,423 - websockets.server - INFO - connection open
2025-05-23 00:58:56,425 - __main__ - INFO - Client connected: client_1747987136425
2025-05-23 00:58:56,433 - websockets.server - INFO - connection open
2025-05-23 00:58:56,438 - __main__ - INFO - Client connected: client_1747987136438
2025-05-23 00:58:56,444 - websockets.server - INFO - connection open
2025-05-23 00:58:56,444 - __main__ - INFO - Client connected: client_1747987136444
2025-05-23 00:59:01,664 - websockets.server - INFO - connection open
2025-05-23 00:59:01,677 - __main__ - INFO - Client connected: client_1747987141677
2025-05-23 00:59:01,681 - websockets.server - INFO - connection open
2025-05-23 00:59:01,681 - __main__ - INFO - Client connected: client_1747987141681
2025-05-23 00:59:01,683 - websockets.server - INFO - connection open
2025-05-23 00:59:01,683 - __main__ - INFO - Client connected: client_1747987141683
2025-05-23 00:59:01,818 - websockets.server - INFO - connection open
2025-05-23 00:59:01,819 - __main__ - INFO - Client connected: client_1747987141819
2025-05-23 00:59:06,816 - websockets.server - INFO - connection open
2025-05-23 00:59:06,822 - __main__ - INFO - Client connected: client_1747987146822
2025-05-23 00:59:06,832 - websockets.server - INFO - connection open
2025-05-23 00:59:06,832 - __main__ - INFO - Client connected: client_1747987146832
2025-05-23 00:59:06,839 - websockets.server - INFO - connection open
2025-05-23 00:59:06,839 - __main__ - INFO - Client connected: client_1747987146839
2025-05-23 00:59:06,940 - websockets.server - INFO - connection open
2025-05-23 00:59:06,941 - __main__ - INFO - Client connected: client_1747987146941
2025-05-23 00:59:13,066 - websockets.server - INFO - connection open
2025-05-23 00:59:13,081 - __main__ - INFO - Client connected: client_1747987153081
2025-05-23 00:59:13,090 - websockets.server - INFO - connection open
2025-05-23 00:59:13,091 - __main__ - INFO - Client connected: client_1747987153091
2025-05-23 00:59:13,092 - websockets.server - INFO - connection open
2025-05-23 00:59:13,093 - __main__ - INFO - Client connected: client_1747987153093
2025-05-23 00:59:13,095 - websockets.server - INFO - connection open
2025-05-23 00:59:13,096 - __main__ - INFO - Client connected: client_1747987153096
2025-05-23 00:59:18,114 - websockets.server - INFO - connection open
2025-05-23 00:59:18,115 - __main__ - INFO - Client connected: client_1747987158115
2025-05-23 00:59:18,141 - websockets.server - INFO - connection open
2025-05-23 00:59:18,141 - __main__ - INFO - Client connected: client_1747987158141
2025-05-23 00:59:18,152 - websockets.server - INFO - connection open
2025-05-23 00:59:18,153 - __main__ - INFO - Client connected: client_1747987158152
2025-05-23 00:59:18,154 - websockets.server - INFO - connection open
2025-05-23 00:59:18,154 - __main__ - INFO - Client connected: client_1747987158154
2025-05-23 00:59:23,130 - websockets.server - INFO - connection open
2025-05-23 00:59:23,131 - __main__ - INFO - Client connected: client_1747987163131
2025-05-23 00:59:23,155 - websockets.server - INFO - connection open
2025-05-23 00:59:23,155 - __main__ - INFO - Client connected: client_1747987163155
2025-05-23 00:59:23,167 - websockets.server - INFO - connection open
2025-05-23 00:59:23,168 - __main__ - INFO - Client connected: client_1747987163168
2025-05-23 00:59:23,168 - websockets.server - INFO - connection open
2025-05-23 00:59:23,169 - __main__ - INFO - Client connected: client_1747987163169
2025-05-23 00:59:28,317 - websockets.server - INFO - connection open
2025-05-23 00:59:28,328 - __main__ - INFO - Client connected: client_1747987168328
2025-05-23 00:59:28,333 - websockets.server - INFO - connection open
2025-05-23 00:59:28,334 - __main__ - INFO - Client connected: client_1747987168334
2025-05-23 00:59:28,335 - websockets.server - INFO - connection open
2025-05-23 00:59:28,335 - __main__ - INFO - Client connected: client_1747987168335
2025-05-23 00:59:28,337 - websockets.server - INFO - connection open
2025-05-23 00:59:28,338 - __main__ - INFO - Client connected: client_1747987168338
2025-05-23 00:59:32,063 - websockets.server - INFO - connection open
2025-05-23 00:59:32,067 - __main__ - INFO - Client connected: client_1747987172067
2025-05-23 00:59:32,209 - memory.semantic_search_agent - INFO - Document 994bd6c5dacb848dd94bc5970de2b3ac9e1c998e466c2fc56494db78c66c8091 added to enterprise vector store
2025-05-23 00:59:32,212 - memory.semantic_search_agent - INFO - Memory added successfully: 994bd6c5dacb848dd94bc5970de2b3ac9e1c998e466c2fc56494db78c66c8091
/Users/segevbin/Desktop/SensAI/Aiayer/memory/semantic_search_agent.py:223: RuntimeWarning: invalid value encountered in scalar divide
  similarity = np.dot(query_embedding, doc_embedding) / (
2025-05-23 00:59:32,284 - memory.semantic_search_agent - INFO - Similarity search completed in 0.0667s, found 5 results
2025-05-23 00:59:32,330 - memory.semantic_search_agent - INFO - Search completed successfully in 0.1164s, found 5 results
2025-05-23 00:59:32,330 - __main__ - INFO - 🤖 Agent mode with REAL automation: search "SEGEV HALFON" in google
2025-05-23 00:59:32,330 - __main__ - INFO - 🧠 Complex task detected: search "SEGEV HALFON" in google
2025-05-23 00:59:32,331 - __main__ - INFO - 🧠 Detected complex task, using intelligent workflow
2025-05-23 00:59:32,331 - __main__ - INFO - 🧠 Starting intelligent workflow for: 'search "SEGEV HALFON" in google'
2025-05-23 00:59:34,230 - total_screen_analyzer - INFO - Starting total screen analysis (hash: 085bba9c)
Python(23461) MallocStackLogging: can't turn off malloc stack logging because it was not enabled.
Python(23468) MallocStackLogging: can't turn off malloc stack logging because it was not enabled.
Python(23482) MallocStackLogging: can't turn off malloc stack logging because it was not enabled.
Python(23483) MallocStackLogging: can't turn off malloc stack logging because it was not enabled.
2025-05-23 01:00:18,234 - total_screen_analyzer - INFO - Lightweight vision analysis completed: 20 UI elements detected
2025-05-23 01:00:18,275 - total_screen_analyzer - INFO - Completed total screen analysis in 44.04s
2025-05-23 01:00:18,275 - workflow_planner - INFO - 🧠 Creating workflow plan for goal: 'search "SEGEV HALFON" in google'
2025-05-23 01:00:18,276 - workflow_planner - INFO - Goal analysis: search - segev halfon" in google
2025-05-23 01:00:18,276 - workflow_planner - INFO - Context analysis: google_search - Cursor
2025-05-23 01:00:18,277 - workflow_planner - INFO - Creating Google search workflow for query: 'segev halfon" in google'
2025-05-23 01:00:18,277 - workflow_planner - INFO - ✅ Created workflow plan with 6 steps, confidence: 0.74
2025-05-23 01:00:18,277 - __main__ - INFO - 📋 Created workflow plan with 6 steps, confidence: 0.74
2025-05-23 01:00:18,299 - memory.semantic_search_agent - INFO - Document 6e2c036caa0dca50dd0aae93446b6cbe332308fe79d935a187a131c9f0974823 added to enterprise vector store
2025-05-23 01:00:18,299 - memory.semantic_search_agent - INFO - Memory added successfully: 6e2c036caa0dca50dd0aae93446b6cbe332308fe79d935a187a131c9f0974823
2025-05-23 01:00:18,299 - __main__ - INFO - 📝 Executing step 1: Analyze Google page layout and search box location
Python(23487) MallocStackLogging: can't turn off malloc stack logging because it was not enabled.
2025-05-23 01:00:19,055 - total_screen_analyzer - INFO - Starting total screen analysis (hash: 12a31c84)
Python(23490) MallocStackLogging: can't turn off malloc stack logging because it was not enabled.
Python(23493) MallocStackLogging: can't turn off malloc stack logging because it was not enabled.
Python(23499) MallocStackLogging: can't turn off malloc stack logging because it was not enabled.
Python(23520) MallocStackLogging: can't turn off malloc stack logging because it was not enabled.
Python(23543) MallocStackLogging: can't turn off malloc stack logging because it was not enabled.
Python(23549) MallocStackLogging: can't turn off malloc stack logging because it was not enabled.
Python(23555) MallocStackLogging: can't turn off malloc stack logging because it was not enabled.
Python(23558) MallocStackLogging: can't turn off malloc stack logging because it was not enabled.
Python(23562) MallocStackLogging: can't turn off malloc stack logging because it was not enabled.
Python(23565) MallocStackLogging: can't turn off malloc stack logging because it was not enabled.
2025-05-23 01:00:40,381 - total_screen_analyzer - INFO - Lightweight vision analysis completed: 144 UI elements detected
2025-05-23 01:00:40,384 - __main__ - INFO - Client disconnected: client_1747987034838
2025-05-23 01:00:40,388 - __main__ - INFO - Client disconnected: client_1747987125012
2025-05-23 01:00:40,415 - total_screen_analyzer - INFO - Completed total screen analysis in 21.36s
2025-05-23 01:00:40,416 - __main__ - INFO - ✅ Step 1 completed successfully
2025-05-23 01:00:40,416 - __main__ - INFO - 📝 Executing step 2: Click on Google search input field to focus it
2025-05-23 01:00:40,416 - __main__ - INFO - 🎯 Executing click action: click search box
Python(23566) MallocStackLogging: can't turn off malloc stack logging because it was not enabled.
2025-05-23 01:00:41,572 - total_screen_analyzer - INFO - Starting total screen analysis (hash: 22884dda)
Python(23567) MallocStackLogging: can't turn off malloc stack logging because it was not enabled.
Python(23574) MallocStackLogging: can't turn off malloc stack logging because it was not enabled.
Python(23575) MallocStackLogging: can't turn off malloc stack logging because it was not enabled.
Python(23584) MallocStackLogging: can't turn off malloc stack logging because it was not enabled.
Python(23593) MallocStackLogging: can't turn off malloc stack logging because it was not enabled.
Python(23605) MallocStackLogging: can't turn off malloc stack logging because it was not enabled.
Python(23620) MallocStackLogging: can't turn off malloc stack logging because it was not enabled.
Python(23625) MallocStackLogging: can't turn off malloc stack logging because it was not enabled.
Python(23634) MallocStackLogging: can't turn off malloc stack logging because it was not enabled.
Python(23637) MallocStackLogging: can't turn off malloc stack logging because it was not enabled.
2025-05-23 01:01:21,953 - total_screen_analyzer - INFO - Lightweight vision analysis completed: 76 UI elements detected
2025-05-23 01:01:21,968 - websockets.server - ERROR - opening handshake failed
Traceback (most recent call last):
  File "/Users/segevbin/Desktop/SensAI/Aiayer/.venv/lib/python3.13/site-packages/websockets/asyncio/server.py", line 356, in conn_handler
    await connection.handshake(
    ...<3 lines>...
    )
  File "/Users/segevbin/Desktop/SensAI/Aiayer/.venv/lib/python3.13/site-packages/websockets/asyncio/server.py", line 142, in handshake
    async with self.send_context(expected_state=CONNECTING):
               ~~~~~~~~~~~~~~~~~^^^^^^^^^^^^^^^^^^^^^^^^^^^
  File "/opt/homebrew/Cellar/python@3.13/3.13.3/Frameworks/Python.framework/Versions/3.13/lib/python3.13/contextlib.py", line 214, in __aenter__
    return await anext(self.gen)
           ^^^^^^^^^^^^^^^^^^^^^
  File "/Users/segevbin/Desktop/SensAI/Aiayer/.venv/lib/python3.13/site-packages/websockets/asyncio/connection.py", line 957, in send_context
    raise self.protocol.close_exc from original_exc
websockets.exceptions.ConnectionClosedError: no close frame received or sent
2025-05-23 01:01:22,014 - websockets.server - ERROR - opening handshake failed
Traceback (most recent call last):
  File "/Users/segevbin/Desktop/SensAI/Aiayer/.venv/lib/python3.13/site-packages/websockets/asyncio/server.py", line 356, in conn_handler
    await connection.handshake(
    ...<3 lines>...
    )
  File "/Users/segevbin/Desktop/SensAI/Aiayer/.venv/lib/python3.13/site-packages/websockets/asyncio/server.py", line 142, in handshake
    async with self.send_context(expected_state=CONNECTING):
               ~~~~~~~~~~~~~~~~~^^^^^^^^^^^^^^^^^^^^^^^^^^^
  File "/opt/homebrew/Cellar/python@3.13/3.13.3/Frameworks/Python.framework/Versions/3.13/lib/python3.13/contextlib.py", line 214, in __aenter__
    return await anext(self.gen)
           ^^^^^^^^^^^^^^^^^^^^^
  File "/Users/segevbin/Desktop/SensAI/Aiayer/.venv/lib/python3.13/site-packages/websockets/asyncio/connection.py", line 957, in send_context
    raise self.protocol.close_exc from original_exc
websockets.exceptions.ConnectionClosedError: no close frame received or sent
2025-05-23 01:01:22,015 - websockets.server - ERROR - opening handshake failed
Traceback (most recent call last):
  File "/Users/segevbin/Desktop/SensAI/Aiayer/.venv/lib/python3.13/site-packages/websockets/asyncio/server.py", line 356, in conn_handler
    await connection.handshake(
    ...<3 lines>...
    )
  File "/Users/segevbin/Desktop/SensAI/Aiayer/.venv/lib/python3.13/site-packages/websockets/asyncio/server.py", line 142, in handshake
    async with self.send_context(expected_state=CONNECTING):
               ~~~~~~~~~~~~~~~~~^^^^^^^^^^^^^^^^^^^^^^^^^^^
  File "/opt/homebrew/Cellar/python@3.13/3.13.3/Frameworks/Python.framework/Versions/3.13/lib/python3.13/contextlib.py", line 214, in __aenter__
    return await anext(self.gen)
           ^^^^^^^^^^^^^^^^^^^^^
  File "/Users/segevbin/Desktop/SensAI/Aiayer/.venv/lib/python3.13/site-packages/websockets/asyncio/connection.py", line 957, in send_context
    raise self.protocol.close_exc from original_exc
websockets.exceptions.ConnectionClosedError: no close frame received or sent
2025-05-23 01:01:22,016 - websockets.server - ERROR - opening handshake failed
Traceback (most recent call last):
  File "/Users/segevbin/Desktop/SensAI/Aiayer/.venv/lib/python3.13/site-packages/websockets/asyncio/server.py", line 356, in conn_handler
    await connection.handshake(
    ...<3 lines>...
    )
  File "/Users/segevbin/Desktop/SensAI/Aiayer/.venv/lib/python3.13/site-packages/websockets/asyncio/server.py", line 142, in handshake
    async with self.send_context(expected_state=CONNECTING):
               ~~~~~~~~~~~~~~~~~^^^^^^^^^^^^^^^^^^^^^^^^^^^
  File "/opt/homebrew/Cellar/python@3.13/3.13.3/Frameworks/Python.framework/Versions/3.13/lib/python3.13/contextlib.py", line 214, in __aenter__
    return await anext(self.gen)
           ^^^^^^^^^^^^^^^^^^^^^
  File "/Users/segevbin/Desktop/SensAI/Aiayer/.venv/lib/python3.13/site-packages/websockets/asyncio/connection.py", line 957, in send_context
    raise self.protocol.close_exc from original_exc
websockets.exceptions.ConnectionClosedError: no close frame received or sent
2025-05-23 01:01:22,018 - websockets.server - ERROR - opening handshake failed
Traceback (most recent call last):
  File "/Users/segevbin/Desktop/SensAI/Aiayer/.venv/lib/python3.13/site-packages/websockets/asyncio/server.py", line 356, in conn_handler
    await connection.handshake(
    ...<3 lines>...
    )
  File "/Users/segevbin/Desktop/SensAI/Aiayer/.venv/lib/python3.13/site-packages/websockets/asyncio/server.py", line 142, in handshake
    async with self.send_context(expected_state=CONNECTING):
               ~~~~~~~~~~~~~~~~~^^^^^^^^^^^^^^^^^^^^^^^^^^^
  File "/opt/homebrew/Cellar/python@3.13/3.13.3/Frameworks/Python.framework/Versions/3.13/lib/python3.13/contextlib.py", line 214, in __aenter__
    return await anext(self.gen)
           ^^^^^^^^^^^^^^^^^^^^^
  File "/Users/segevbin/Desktop/SensAI/Aiayer/.venv/lib/python3.13/site-packages/websockets/asyncio/connection.py", line 957, in send_context
    raise self.protocol.close_exc from original_exc
websockets.exceptions.ConnectionClosedError: no close frame received or sent
2025-05-23 01:01:22,019 - websockets.server - ERROR - opening handshake failed
Traceback (most recent call last):
  File "/Users/segevbin/Desktop/SensAI/Aiayer/.venv/lib/python3.13/site-packages/websockets/asyncio/server.py", line 356, in conn_handler
    await connection.handshake(
    ...<3 lines>...
    )
  File "/Users/segevbin/Desktop/SensAI/Aiayer/.venv/lib/python3.13/site-packages/websockets/asyncio/server.py", line 142, in handshake
    async with self.send_context(expected_state=CONNECTING):
               ~~~~~~~~~~~~~~~~~^^^^^^^^^^^^^^^^^^^^^^^^^^^
  File "/opt/homebrew/Cellar/python@3.13/3.13.3/Frameworks/Python.framework/Versions/3.13/lib/python3.13/contextlib.py", line 214, in __aenter__
    return await anext(self.gen)
           ^^^^^^^^^^^^^^^^^^^^^
  File "/Users/segevbin/Desktop/SensAI/Aiayer/.venv/lib/python3.13/site-packages/websockets/asyncio/connection.py", line 957, in send_context
    raise self.protocol.close_exc from original_exc
websockets.exceptions.ConnectionClosedError: no close frame received or sent
2025-05-23 01:01:22,020 - websockets.server - ERROR - opening handshake failed
Traceback (most recent call last):
  File "/Users/segevbin/Desktop/SensAI/Aiayer/.venv/lib/python3.13/site-packages/websockets/asyncio/server.py", line 356, in conn_handler
    await connection.handshake(
    ...<3 lines>...
    )
  File "/Users/segevbin/Desktop/SensAI/Aiayer/.venv/lib/python3.13/site-packages/websockets/asyncio/server.py", line 142, in handshake
    async with self.send_context(expected_state=CONNECTING):
               ~~~~~~~~~~~~~~~~~^^^^^^^^^^^^^^^^^^^^^^^^^^^
  File "/opt/homebrew/Cellar/python@3.13/3.13.3/Frameworks/Python.framework/Versions/3.13/lib/python3.13/contextlib.py", line 214, in __aenter__
    return await anext(self.gen)
           ^^^^^^^^^^^^^^^^^^^^^
  File "/Users/segevbin/Desktop/SensAI/Aiayer/.venv/lib/python3.13/site-packages/websockets/asyncio/connection.py", line 957, in send_context
    raise self.protocol.close_exc from original_exc
websockets.exceptions.ConnectionClosedError: no close frame received or sent
2025-05-23 01:01:22,021 - websockets.server - ERROR - opening handshake failed
Traceback (most recent call last):
  File "/Users/segevbin/Desktop/SensAI/Aiayer/.venv/lib/python3.13/site-packages/websockets/asyncio/server.py", line 356, in conn_handler
    await connection.handshake(
    ...<3 lines>...
    )
  File "/Users/segevbin/Desktop/SensAI/Aiayer/.venv/lib/python3.13/site-packages/websockets/asyncio/server.py", line 142, in handshake
    async with self.send_context(expected_state=CONNECTING):
               ~~~~~~~~~~~~~~~~~^^^^^^^^^^^^^^^^^^^^^^^^^^^
  File "/opt/homebrew/Cellar/python@3.13/3.13.3/Frameworks/Python.framework/Versions/3.13/lib/python3.13/contextlib.py", line 214, in __aenter__
    return await anext(self.gen)
           ^^^^^^^^^^^^^^^^^^^^^
  File "/Users/segevbin/Desktop/SensAI/Aiayer/.venv/lib/python3.13/site-packages/websockets/asyncio/connection.py", line 957, in send_context
    raise self.protocol.close_exc from original_exc
websockets.exceptions.ConnectionClosedError: no close frame received or sent
2025-05-23 01:01:22,022 - websockets.server - ERROR - opening handshake failed
Traceback (most recent call last):
  File "/Users/segevbin/Desktop/SensAI/Aiayer/.venv/lib/python3.13/site-packages/websockets/asyncio/server.py", line 356, in conn_handler
    await connection.handshake(
    ...<3 lines>...
    )
  File "/Users/segevbin/Desktop/SensAI/Aiayer/.venv/lib/python3.13/site-packages/websockets/asyncio/server.py", line 142, in handshake
    async with self.send_context(expected_state=CONNECTING):
               ~~~~~~~~~~~~~~~~~^^^^^^^^^^^^^^^^^^^^^^^^^^^
  File "/opt/homebrew/Cellar/python@3.13/3.13.3/Frameworks/Python.framework/Versions/3.13/lib/python3.13/contextlib.py", line 214, in __aenter__
    return await anext(self.gen)
           ^^^^^^^^^^^^^^^^^^^^^
  File "/Users/segevbin/Desktop/SensAI/Aiayer/.venv/lib/python3.13/site-packages/websockets/asyncio/connection.py", line 957, in send_context
    raise self.protocol.close_exc from original_exc
websockets.exceptions.ConnectionClosedError: no close frame received or sent
2025-05-23 01:01:22,024 - websockets.server - ERROR - opening handshake failed
Traceback (most recent call last):
  File "/Users/segevbin/Desktop/SensAI/Aiayer/.venv/lib/python3.13/site-packages/websockets/asyncio/server.py", line 356, in conn_handler
    await connection.handshake(
    ...<3 lines>...
    )
  File "/Users/segevbin/Desktop/SensAI/Aiayer/.venv/lib/python3.13/site-packages/websockets/asyncio/server.py", line 142, in handshake
    async with self.send_context(expected_state=CONNECTING):
               ~~~~~~~~~~~~~~~~~^^^^^^^^^^^^^^^^^^^^^^^^^^^
  File "/opt/homebrew/Cellar/python@3.13/3.13.3/Frameworks/Python.framework/Versions/3.13/lib/python3.13/contextlib.py", line 214, in __aenter__
    return await anext(self.gen)
           ^^^^^^^^^^^^^^^^^^^^^
  File "/Users/segevbin/Desktop/SensAI/Aiayer/.venv/lib/python3.13/site-packages/websockets/asyncio/connection.py", line 957, in send_context
    raise self.protocol.close_exc from original_exc
websockets.exceptions.ConnectionClosedError: no close frame received or sent
2025-05-23 01:01:22,025 - websockets.server - ERROR - opening handshake failed
Traceback (most recent call last):
  File "/Users/segevbin/Desktop/SensAI/Aiayer/.venv/lib/python3.13/site-packages/websockets/asyncio/server.py", line 356, in conn_handler
    await connection.handshake(
    ...<3 lines>...
    )
  File "/Users/segevbin/Desktop/SensAI/Aiayer/.venv/lib/python3.13/site-packages/websockets/asyncio/server.py", line 142, in handshake
    async with self.send_context(expected_state=CONNECTING):
               ~~~~~~~~~~~~~~~~~^^^^^^^^^^^^^^^^^^^^^^^^^^^
  File "/opt/homebrew/Cellar/python@3.13/3.13.3/Frameworks/Python.framework/Versions/3.13/lib/python3.13/contextlib.py", line 214, in __aenter__
    return await anext(self.gen)
           ^^^^^^^^^^^^^^^^^^^^^
  File "/Users/segevbin/Desktop/SensAI/Aiayer/.venv/lib/python3.13/site-packages/websockets/asyncio/connection.py", line 957, in send_context
    raise self.protocol.close_exc from original_exc
websockets.exceptions.ConnectionClosedError: no close frame received or sent
2025-05-23 01:01:22,026 - websockets.server - ERROR - opening handshake failed
Traceback (most recent call last):
  File "/Users/segevbin/Desktop/SensAI/Aiayer/.venv/lib/python3.13/site-packages/websockets/asyncio/server.py", line 356, in conn_handler
    await connection.handshake(
    ...<3 lines>...
    )
  File "/Users/segevbin/Desktop/SensAI/Aiayer/.venv/lib/python3.13/site-packages/websockets/asyncio/server.py", line 142, in handshake
    async with self.send_context(expected_state=CONNECTING):
               ~~~~~~~~~~~~~~~~~^^^^^^^^^^^^^^^^^^^^^^^^^^^
  File "/opt/homebrew/Cellar/python@3.13/3.13.3/Frameworks/Python.framework/Versions/3.13/lib/python3.13/contextlib.py", line 214, in __aenter__
    return await anext(self.gen)
           ^^^^^^^^^^^^^^^^^^^^^
  File "/Users/segevbin/Desktop/SensAI/Aiayer/.venv/lib/python3.13/site-packages/websockets/asyncio/connection.py", line 957, in send_context
    raise self.protocol.close_exc from original_exc
websockets.exceptions.ConnectionClosedError: no close frame received or sent
2025-05-23 01:01:22,026 - websockets.server - ERROR - opening handshake failed
Traceback (most recent call last):
  File "/Users/segevbin/Desktop/SensAI/Aiayer/.venv/lib/python3.13/site-packages/websockets/asyncio/server.py", line 356, in conn_handler
    await connection.handshake(
    ...<3 lines>...
    )
  File "/Users/segevbin/Desktop/SensAI/Aiayer/.venv/lib/python3.13/site-packages/websockets/asyncio/server.py", line 142, in handshake
    async with self.send_context(expected_state=CONNECTING):
               ~~~~~~~~~~~~~~~~~^^^^^^^^^^^^^^^^^^^^^^^^^^^
  File "/opt/homebrew/Cellar/python@3.13/3.13.3/Frameworks/Python.framework/Versions/3.13/lib/python3.13/contextlib.py", line 214, in __aenter__
    return await anext(self.gen)
           ^^^^^^^^^^^^^^^^^^^^^
  File "/Users/segevbin/Desktop/SensAI/Aiayer/.venv/lib/python3.13/site-packages/websockets/asyncio/connection.py", line 957, in send_context
    raise self.protocol.close_exc from original_exc
websockets.exceptions.ConnectionClosedError: no close frame received or sent
2025-05-23 01:01:22,028 - websockets.server - ERROR - opening handshake failed
Traceback (most recent call last):
  File "/Users/segevbin/Desktop/SensAI/Aiayer/.venv/lib/python3.13/site-packages/websockets/asyncio/server.py", line 356, in conn_handler
    await connection.handshake(
    ...<3 lines>...
    )
  File "/Users/segevbin/Desktop/SensAI/Aiayer/.venv/lib/python3.13/site-packages/websockets/asyncio/server.py", line 142, in handshake
    async with self.send_context(expected_state=CONNECTING):
               ~~~~~~~~~~~~~~~~~^^^^^^^^^^^^^^^^^^^^^^^^^^^
  File "/opt/homebrew/Cellar/python@3.13/3.13.3/Frameworks/Python.framework/Versions/3.13/lib/python3.13/contextlib.py", line 214, in __aenter__
    return await anext(self.gen)
           ^^^^^^^^^^^^^^^^^^^^^
  File "/Users/segevbin/Desktop/SensAI/Aiayer/.venv/lib/python3.13/site-packages/websockets/asyncio/connection.py", line 957, in send_context
    raise self.protocol.close_exc from original_exc
websockets.exceptions.ConnectionClosedError: no close frame received or sent
2025-05-23 01:01:22,029 - websockets.server - ERROR - opening handshake failed
Traceback (most recent call last):
  File "/Users/segevbin/Desktop/SensAI/Aiayer/.venv/lib/python3.13/site-packages/websockets/asyncio/server.py", line 356, in conn_handler
    await connection.handshake(
    ...<3 lines>...
    )
  File "/Users/segevbin/Desktop/SensAI/Aiayer/.venv/lib/python3.13/site-packages/websockets/asyncio/server.py", line 142, in handshake
    async with self.send_context(expected_state=CONNECTING):
               ~~~~~~~~~~~~~~~~~^^^^^^^^^^^^^^^^^^^^^^^^^^^
  File "/opt/homebrew/Cellar/python@3.13/3.13.3/Frameworks/Python.framework/Versions/3.13/lib/python3.13/contextlib.py", line 214, in __aenter__
    return await anext(self.gen)
           ^^^^^^^^^^^^^^^^^^^^^
  File "/Users/segevbin/Desktop/SensAI/Aiayer/.venv/lib/python3.13/site-packages/websockets/asyncio/connection.py", line 957, in send_context
    raise self.protocol.close_exc from original_exc
websockets.exceptions.ConnectionClosedError: no close frame received or sent
2025-05-23 01:01:22,030 - websockets.server - ERROR - opening handshake failed
Traceback (most recent call last):
  File "/Users/segevbin/Desktop/SensAI/Aiayer/.venv/lib/python3.13/site-packages/websockets/asyncio/server.py", line 356, in conn_handler
    await connection.handshake(
    ...<3 lines>...
    )
  File "/Users/segevbin/Desktop/SensAI/Aiayer/.venv/lib/python3.13/site-packages/websockets/asyncio/server.py", line 142, in handshake
    async with self.send_context(expected_state=CONNECTING):
               ~~~~~~~~~~~~~~~~~^^^^^^^^^^^^^^^^^^^^^^^^^^^
  File "/opt/homebrew/Cellar/python@3.13/3.13.3/Frameworks/Python.framework/Versions/3.13/lib/python3.13/contextlib.py", line 214, in __aenter__
    return await anext(self.gen)
           ^^^^^^^^^^^^^^^^^^^^^
  File "/Users/segevbin/Desktop/SensAI/Aiayer/.venv/lib/python3.13/site-packages/websockets/asyncio/connection.py", line 957, in send_context
    raise self.protocol.close_exc from original_exc
websockets.exceptions.ConnectionClosedError: no close frame received or sent
2025-05-23 01:01:22,031 - websockets.server - ERROR - opening handshake failed
Traceback (most recent call last):
  File "/Users/segevbin/Desktop/SensAI/Aiayer/.venv/lib/python3.13/site-packages/websockets/asyncio/server.py", line 356, in conn_handler
    await connection.handshake(
    ...<3 lines>...
    )
  File "/Users/segevbin/Desktop/SensAI/Aiayer/.venv/lib/python3.13/site-packages/websockets/asyncio/server.py", line 142, in handshake
    async with self.send_context(expected_state=CONNECTING):
               ~~~~~~~~~~~~~~~~~^^^^^^^^^^^^^^^^^^^^^^^^^^^
  File "/opt/homebrew/Cellar/python@3.13/3.13.3/Frameworks/Python.framework/Versions/3.13/lib/python3.13/contextlib.py", line 214, in __aenter__
    return await anext(self.gen)
           ^^^^^^^^^^^^^^^^^^^^^
  File "/Users/segevbin/Desktop/SensAI/Aiayer/.venv/lib/python3.13/site-packages/websockets/asyncio/connection.py", line 957, in send_context
    raise self.protocol.close_exc from original_exc
websockets.exceptions.ConnectionClosedError: no close frame received or sent
2025-05-23 01:01:22,031 - websockets.server - ERROR - opening handshake failed
Traceback (most recent call last):
  File "/Users/segevbin/Desktop/SensAI/Aiayer/.venv/lib/python3.13/site-packages/websockets/asyncio/server.py", line 356, in conn_handler
    await connection.handshake(
    ...<3 lines>...
    )
  File "/Users/segevbin/Desktop/SensAI/Aiayer/.venv/lib/python3.13/site-packages/websockets/asyncio/server.py", line 142, in handshake
    async with self.send_context(expected_state=CONNECTING):
               ~~~~~~~~~~~~~~~~~^^^^^^^^^^^^^^^^^^^^^^^^^^^
  File "/opt/homebrew/Cellar/python@3.13/3.13.3/Frameworks/Python.framework/Versions/3.13/lib/python3.13/contextlib.py", line 214, in __aenter__
    return await anext(self.gen)
           ^^^^^^^^^^^^^^^^^^^^^
  File "/Users/segevbin/Desktop/SensAI/Aiayer/.venv/lib/python3.13/site-packages/websockets/asyncio/connection.py", line 957, in send_context
    raise self.protocol.close_exc from original_exc
websockets.exceptions.ConnectionClosedError: no close frame received or sent
2025-05-23 01:01:22,032 - websockets.server - ERROR - opening handshake failed
Traceback (most recent call last):
  File "/Users/segevbin/Desktop/SensAI/Aiayer/.venv/lib/python3.13/site-packages/websockets/asyncio/server.py", line 356, in conn_handler
    await connection.handshake(
    ...<3 lines>...
    )
  File "/Users/segevbin/Desktop/SensAI/Aiayer/.venv/lib/python3.13/site-packages/websockets/asyncio/server.py", line 142, in handshake
    async with self.send_context(expected_state=CONNECTING):
               ~~~~~~~~~~~~~~~~~^^^^^^^^^^^^^^^^^^^^^^^^^^^
  File "/opt/homebrew/Cellar/python@3.13/3.13.3/Frameworks/Python.framework/Versions/3.13/lib/python3.13/contextlib.py", line 214, in __aenter__
    return await anext(self.gen)
           ^^^^^^^^^^^^^^^^^^^^^
  File "/Users/segevbin/Desktop/SensAI/Aiayer/.venv/lib/python3.13/site-packages/websockets/asyncio/connection.py", line 957, in send_context
    raise self.protocol.close_exc from original_exc
websockets.exceptions.ConnectionClosedError: no close frame received or sent
2025-05-23 01:01:22,033 - websockets.server - ERROR - opening handshake failed
Traceback (most recent call last):
  File "/Users/segevbin/Desktop/SensAI/Aiayer/.venv/lib/python3.13/site-packages/websockets/asyncio/server.py", line 356, in conn_handler
    await connection.handshake(
    ...<3 lines>...
    )
  File "/Users/segevbin/Desktop/SensAI/Aiayer/.venv/lib/python3.13/site-packages/websockets/asyncio/server.py", line 142, in handshake
    async with self.send_context(expected_state=CONNECTING):
               ~~~~~~~~~~~~~~~~~^^^^^^^^^^^^^^^^^^^^^^^^^^^
  File "/opt/homebrew/Cellar/python@3.13/3.13.3/Frameworks/Python.framework/Versions/3.13/lib/python3.13/contextlib.py", line 214, in __aenter__
    return await anext(self.gen)
           ^^^^^^^^^^^^^^^^^^^^^
  File "/Users/segevbin/Desktop/SensAI/Aiayer/.venv/lib/python3.13/site-packages/websockets/asyncio/connection.py", line 957, in send_context
    raise self.protocol.close_exc from original_exc
websockets.exceptions.ConnectionClosedError: no close frame received or sent
2025-05-23 01:01:22,136 - total_screen_analyzer - INFO - Completed total screen analysis in 40.57s
2025-05-23 01:01:22,137 - __main__ - INFO - Looking for target 'search' among 1678 UI elements and 262 text regions
2025-05-23 01:01:22,140 - __main__ - INFO - Found text region match: 'enhanced_semantic_search.py fixed_memory_connector.py' at (1073, 1090)
2025-05-23 01:01:22,140 - __main__ - INFO - 🎯 Clicking at coordinates (1073, 1090)
2025-05-23 01:01:23,707 - agent_workflow.input_controller - INFO - Moved cursor to (1073, 956)
2025-05-23 01:01:23,913 - agent_workflow.input_controller - INFO - Clicked at (1073, 956) with left button, 1 times
2025-05-23 01:01:23,960 - memory.semantic_search_agent - INFO - Document bc633e7e846eae0a529401cb3fe607fbfdd863135f5accfee8b6cc456b9e7853 added to enterprise vector store
2025-05-23 01:01:23,960 - memory.semantic_search_agent - INFO - Memory added successfully: bc633e7e846eae0a529401cb3fe607fbfdd863135f5accfee8b6cc456b9e7853
2025-05-23 01:01:23,963 - __main__ - INFO - ✅ Step 2 completed successfully
2025-05-23 01:01:23,987 - __main__ - INFO - Client disconnected: client_1747987027949
2025-05-23 01:01:23,989 - __main__ - INFO - Client disconnected: client_1747986904153
2025-05-23 01:01:23,989 - __main__ - INFO - Client disconnected: client_1747987028928
2025-05-23 01:01:23,992 - websockets.server - ERROR - opening handshake failed
Traceback (most recent call last):
  File "/Users/segevbin/Desktop/SensAI/Aiayer/.venv/lib/python3.13/site-packages/websockets/asyncio/server.py", line 356, in conn_handler
    await connection.handshake(
    ...<3 lines>...
    )
  File "/Users/segevbin/Desktop/SensAI/Aiayer/.venv/lib/python3.13/site-packages/websockets/asyncio/server.py", line 142, in handshake
    async with self.send_context(expected_state=CONNECTING):
               ~~~~~~~~~~~~~~~~~^^^^^^^^^^^^^^^^^^^^^^^^^^^
  File "/opt/homebrew/Cellar/python@3.13/3.13.3/Frameworks/Python.framework/Versions/3.13/lib/python3.13/contextlib.py", line 214, in __aenter__
    return await anext(self.gen)
           ^^^^^^^^^^^^^^^^^^^^^
  File "/Users/segevbin/Desktop/SensAI/Aiayer/.venv/lib/python3.13/site-packages/websockets/asyncio/connection.py", line 957, in send_context
    raise self.protocol.close_exc from original_exc
websockets.exceptions.ConnectionClosedError: no close frame received or sent
2025-05-23 01:01:23,998 - websockets.server - ERROR - opening handshake failed
Traceback (most recent call last):
  File "/Users/segevbin/Desktop/SensAI/Aiayer/.venv/lib/python3.13/site-packages/websockets/asyncio/server.py", line 356, in conn_handler
    await connection.handshake(
    ...<3 lines>...
    )
  File "/Users/segevbin/Desktop/SensAI/Aiayer/.venv/lib/python3.13/site-packages/websockets/asyncio/server.py", line 142, in handshake
    async with self.send_context(expected_state=CONNECTING):
               ~~~~~~~~~~~~~~~~~^^^^^^^^^^^^^^^^^^^^^^^^^^^
  File "/opt/homebrew/Cellar/python@3.13/3.13.3/Frameworks/Python.framework/Versions/3.13/lib/python3.13/contextlib.py", line 214, in __aenter__
    return await anext(self.gen)
           ^^^^^^^^^^^^^^^^^^^^^
  File "/Users/segevbin/Desktop/SensAI/Aiayer/.venv/lib/python3.13/site-packages/websockets/asyncio/connection.py", line 957, in send_context
    raise self.protocol.close_exc from original_exc
websockets.exceptions.ConnectionClosedError: no close frame received or sent
2025-05-23 01:01:23,999 - websockets.server - ERROR - opening handshake failed
Traceback (most recent call last):
  File "/Users/segevbin/Desktop/SensAI/Aiayer/.venv/lib/python3.13/site-packages/websockets/asyncio/server.py", line 356, in conn_handler
    await connection.handshake(
    ...<3 lines>...
    )
  File "/Users/segevbin/Desktop/SensAI/Aiayer/.venv/lib/python3.13/site-packages/websockets/asyncio/server.py", line 142, in handshake
    async with self.send_context(expected_state=CONNECTING):
               ~~~~~~~~~~~~~~~~~^^^^^^^^^^^^^^^^^^^^^^^^^^^
  File "/opt/homebrew/Cellar/python@3.13/3.13.3/Frameworks/Python.framework/Versions/3.13/lib/python3.13/contextlib.py", line 214, in __aenter__
    return await anext(self.gen)
           ^^^^^^^^^^^^^^^^^^^^^
  File "/Users/segevbin/Desktop/SensAI/Aiayer/.venv/lib/python3.13/site-packages/websockets/asyncio/connection.py", line 957, in send_context
    raise self.protocol.close_exc from original_exc
websockets.exceptions.ConnectionClosedError: no close frame received or sent
2025-05-23 01:01:23,999 - websockets.server - ERROR - opening handshake failed
Traceback (most recent call last):
  File "/Users/segevbin/Desktop/SensAI/Aiayer/.venv/lib/python3.13/site-packages/websockets/asyncio/server.py", line 356, in conn_handler
    await connection.handshake(
    ...<3 lines>...
    )
  File "/Users/segevbin/Desktop/SensAI/Aiayer/.venv/lib/python3.13/site-packages/websockets/asyncio/server.py", line 142, in handshake
    async with self.send_context(expected_state=CONNECTING):
               ~~~~~~~~~~~~~~~~~^^^^^^^^^^^^^^^^^^^^^^^^^^^
  File "/opt/homebrew/Cellar/python@3.13/3.13.3/Frameworks/Python.framework/Versions/3.13/lib/python3.13/contextlib.py", line 214, in __aenter__
    return await anext(self.gen)
           ^^^^^^^^^^^^^^^^^^^^^
  File "/Users/segevbin/Desktop/SensAI/Aiayer/.venv/lib/python3.13/site-packages/websockets/asyncio/connection.py", line 957, in send_context
    raise self.protocol.close_exc from original_exc
websockets.exceptions.ConnectionClosedError: no close frame received or sent
2025-05-23 01:01:24,000 - websockets.server - ERROR - opening handshake failed
Traceback (most recent call last):
  File "/Users/segevbin/Desktop/SensAI/Aiayer/.venv/lib/python3.13/site-packages/websockets/asyncio/server.py", line 356, in conn_handler
    await connection.handshake(
    ...<3 lines>...
    )
  File "/Users/segevbin/Desktop/SensAI/Aiayer/.venv/lib/python3.13/site-packages/websockets/asyncio/server.py", line 142, in handshake
    async with self.send_context(expected_state=CONNECTING):
               ~~~~~~~~~~~~~~~~~^^^^^^^^^^^^^^^^^^^^^^^^^^^
  File "/opt/homebrew/Cellar/python@3.13/3.13.3/Frameworks/Python.framework/Versions/3.13/lib/python3.13/contextlib.py", line 214, in __aenter__
    return await anext(self.gen)
           ^^^^^^^^^^^^^^^^^^^^^
  File "/Users/segevbin/Desktop/SensAI/Aiayer/.venv/lib/python3.13/site-packages/websockets/asyncio/connection.py", line 957, in send_context
    raise self.protocol.close_exc from original_exc
websockets.exceptions.ConnectionClosedError: no close frame received or sent
2025-05-23 01:01:24,000 - websockets.server - ERROR - opening handshake failed
Traceback (most recent call last):
  File "/Users/segevbin/Desktop/SensAI/Aiayer/.venv/lib/python3.13/site-packages/websockets/asyncio/server.py", line 356, in conn_handler
    await connection.handshake(
    ...<3 lines>...
    )
  File "/Users/segevbin/Desktop/SensAI/Aiayer/.venv/lib/python3.13/site-packages/websockets/asyncio/server.py", line 142, in handshake
    async with self.send_context(expected_state=CONNECTING):
               ~~~~~~~~~~~~~~~~~^^^^^^^^^^^^^^^^^^^^^^^^^^^
  File "/opt/homebrew/Cellar/python@3.13/3.13.3/Frameworks/Python.framework/Versions/3.13/lib/python3.13/contextlib.py", line 214, in __aenter__
    return await anext(self.gen)
           ^^^^^^^^^^^^^^^^^^^^^
  File "/Users/segevbin/Desktop/SensAI/Aiayer/.venv/lib/python3.13/site-packages/websockets/asyncio/connection.py", line 957, in send_context
    raise self.protocol.close_exc from original_exc
websockets.exceptions.ConnectionClosedError: no close frame received or sent
2025-05-23 01:01:24,001 - websockets.server - ERROR - opening handshake failed
Traceback (most recent call last):
  File "/Users/segevbin/Desktop/SensAI/Aiayer/.venv/lib/python3.13/site-packages/websockets/asyncio/server.py", line 356, in conn_handler
    await connection.handshake(
    ...<3 lines>...
    )
  File "/Users/segevbin/Desktop/SensAI/Aiayer/.venv/lib/python3.13/site-packages/websockets/asyncio/server.py", line 142, in handshake
    async with self.send_context(expected_state=CONNECTING):
               ~~~~~~~~~~~~~~~~~^^^^^^^^^^^^^^^^^^^^^^^^^^^
  File "/opt/homebrew/Cellar/python@3.13/3.13.3/Frameworks/Python.framework/Versions/3.13/lib/python3.13/contextlib.py", line 214, in __aenter__
    return await anext(self.gen)
           ^^^^^^^^^^^^^^^^^^^^^
  File "/Users/segevbin/Desktop/SensAI/Aiayer/.venv/lib/python3.13/site-packages/websockets/asyncio/connection.py", line 957, in send_context
    raise self.protocol.close_exc from original_exc
websockets.exceptions.ConnectionClosedError: no close frame received or sent
2025-05-23 01:01:24,001 - websockets.server - ERROR - opening handshake failed
Traceback (most recent call last):
  File "/Users/segevbin/Desktop/SensAI/Aiayer/.venv/lib/python3.13/site-packages/websockets/asyncio/server.py", line 356, in conn_handler
    await connection.handshake(
    ...<3 lines>...
    )
  File "/Users/segevbin/Desktop/SensAI/Aiayer/.venv/lib/python3.13/site-packages/websockets/asyncio/server.py", line 142, in handshake
    async with self.send_context(expected_state=CONNECTING):
               ~~~~~~~~~~~~~~~~~^^^^^^^^^^^^^^^^^^^^^^^^^^^
  File "/opt/homebrew/Cellar/python@3.13/3.13.3/Frameworks/Python.framework/Versions/3.13/lib/python3.13/contextlib.py", line 214, in __aenter__
    return await anext(self.gen)
           ^^^^^^^^^^^^^^^^^^^^^
  File "/Users/segevbin/Desktop/SensAI/Aiayer/.venv/lib/python3.13/site-packages/websockets/asyncio/connection.py", line 957, in send_context
    raise self.protocol.close_exc from original_exc
websockets.exceptions.ConnectionClosedError: no close frame received or sent
2025-05-23 01:01:24,002 - websockets.server - ERROR - opening handshake failed
Traceback (most recent call last):
  File "/Users/segevbin/Desktop/SensAI/Aiayer/.venv/lib/python3.13/site-packages/websockets/asyncio/server.py", line 356, in conn_handler
    await connection.handshake(
    ...<3 lines>...
    )
  File "/Users/segevbin/Desktop/SensAI/Aiayer/.venv/lib/python3.13/site-packages/websockets/asyncio/server.py", line 142, in handshake
    async with self.send_context(expected_state=CONNECTING):
               ~~~~~~~~~~~~~~~~~^^^^^^^^^^^^^^^^^^^^^^^^^^^
  File "/opt/homebrew/Cellar/python@3.13/3.13.3/Frameworks/Python.framework/Versions/3.13/lib/python3.13/contextlib.py", line 214, in __aenter__
    return await anext(self.gen)
           ^^^^^^^^^^^^^^^^^^^^^
  File "/Users/segevbin/Desktop/SensAI/Aiayer/.venv/lib/python3.13/site-packages/websockets/asyncio/connection.py", line 957, in send_context
    raise self.protocol.close_exc from original_exc
websockets.exceptions.ConnectionClosedError: no close frame received or sent
2025-05-23 01:01:24,002 - websockets.server - ERROR - opening handshake failed
Traceback (most recent call last):
  File "/Users/segevbin/Desktop/SensAI/Aiayer/.venv/lib/python3.13/site-packages/websockets/asyncio/server.py", line 356, in conn_handler
    await connection.handshake(
    ...<3 lines>...
    )
  File "/Users/segevbin/Desktop/SensAI/Aiayer/.venv/lib/python3.13/site-packages/websockets/asyncio/server.py", line 142, in handshake
    async with self.send_context(expected_state=CONNECTING):
               ~~~~~~~~~~~~~~~~~^^^^^^^^^^^^^^^^^^^^^^^^^^^
  File "/opt/homebrew/Cellar/python@3.13/3.13.3/Frameworks/Python.framework/Versions/3.13/lib/python3.13/contextlib.py", line 214, in __aenter__
    return await anext(self.gen)
           ^^^^^^^^^^^^^^^^^^^^^
  File "/Users/segevbin/Desktop/SensAI/Aiayer/.venv/lib/python3.13/site-packages/websockets/asyncio/connection.py", line 957, in send_context
    raise self.protocol.close_exc from original_exc
websockets.exceptions.ConnectionClosedError: no close frame received or sent
2025-05-23 01:01:24,007 - websockets.server - INFO - connection open
2025-05-23 01:01:24,007 - __main__ - INFO - Client connected: client_1747987284007
2025-05-23 01:01:24,008 - websockets.server - INFO - connection open
2025-05-23 01:01:24,008 - __main__ - INFO - Client connected: client_1747987284008
2025-05-23 01:01:24,009 - websockets.server - INFO - connection open
2025-05-23 01:01:24,009 - __main__ - INFO - Client connected: client_1747987284009
2025-05-23 01:01:24,009 - websockets.server - INFO - connection open
2025-05-23 01:01:24,010 - __main__ - INFO - Client connected: client_1747987284010
2025-05-23 01:01:24,010 - websockets.server - INFO - connection open
2025-05-23 01:01:24,010 - __main__ - INFO - Client connected: client_1747987284010
2025-05-23 01:01:24,011 - websockets.server - INFO - connection open
2025-05-23 01:01:24,011 - __main__ - INFO - Client connected: client_1747987284011
2025-05-23 01:01:24,011 - websockets.server - INFO - connection open
2025-05-23 01:01:24,011 - __main__ - INFO - Client connected: client_1747987284011
2025-05-23 01:01:24,012 - websockets.server - INFO - connection open
2025-05-23 01:01:24,012 - __main__ - INFO - Client connected: client_1747987284012
2025-05-23 01:01:24,012 - websockets.server - INFO - connection open
2025-05-23 01:01:24,012 - __main__ - INFO - Client connected: client_1747987284012
2025-05-23 01:01:24,012 - websockets.server - INFO - connection open
2025-05-23 01:01:24,012 - __main__ - INFO - Client connected: client_1747987284012
2025-05-23 01:01:24,013 - websockets.server - ERROR - opening handshake failed
Traceback (most recent call last):
  File "/Users/segevbin/Desktop/SensAI/Aiayer/.venv/lib/python3.13/site-packages/websockets/asyncio/server.py", line 356, in conn_handler
    await connection.handshake(
    ...<3 lines>...
    )
  File "/Users/segevbin/Desktop/SensAI/Aiayer/.venv/lib/python3.13/site-packages/websockets/asyncio/server.py", line 142, in handshake
    async with self.send_context(expected_state=CONNECTING):
               ~~~~~~~~~~~~~~~~~^^^^^^^^^^^^^^^^^^^^^^^^^^^
  File "/opt/homebrew/Cellar/python@3.13/3.13.3/Frameworks/Python.framework/Versions/3.13/lib/python3.13/contextlib.py", line 214, in __aenter__
    return await anext(self.gen)
           ^^^^^^^^^^^^^^^^^^^^^
  File "/Users/segevbin/Desktop/SensAI/Aiayer/.venv/lib/python3.13/site-packages/websockets/asyncio/connection.py", line 957, in send_context
    raise self.protocol.close_exc from original_exc
websockets.exceptions.ConnectionClosedError: no close frame received or sent
2025-05-23 01:01:24,013 - websockets.server - ERROR - opening handshake failed
Traceback (most recent call last):
  File "/Users/segevbin/Desktop/SensAI/Aiayer/.venv/lib/python3.13/site-packages/websockets/asyncio/server.py", line 356, in conn_handler
    await connection.handshake(
    ...<3 lines>...
    )
  File "/Users/segevbin/Desktop/SensAI/Aiayer/.venv/lib/python3.13/site-packages/websockets/asyncio/server.py", line 142, in handshake
    async with self.send_context(expected_state=CONNECTING):
               ~~~~~~~~~~~~~~~~~^^^^^^^^^^^^^^^^^^^^^^^^^^^
  File "/opt/homebrew/Cellar/python@3.13/3.13.3/Frameworks/Python.framework/Versions/3.13/lib/python3.13/contextlib.py", line 214, in __aenter__
    return await anext(self.gen)
           ^^^^^^^^^^^^^^^^^^^^^
  File "/Users/segevbin/Desktop/SensAI/Aiayer/.venv/lib/python3.13/site-packages/websockets/asyncio/connection.py", line 957, in send_context
    raise self.protocol.close_exc from original_exc
websockets.exceptions.ConnectionClosedError: no close frame received or sent
2025-05-23 01:01:24,014 - websockets.server - ERROR - opening handshake failed
Traceback (most recent call last):
  File "/Users/segevbin/Desktop/SensAI/Aiayer/.venv/lib/python3.13/site-packages/websockets/asyncio/server.py", line 356, in conn_handler
    await connection.handshake(
    ...<3 lines>...
    )
  File "/Users/segevbin/Desktop/SensAI/Aiayer/.venv/lib/python3.13/site-packages/websockets/asyncio/server.py", line 142, in handshake
    async with self.send_context(expected_state=CONNECTING):
               ~~~~~~~~~~~~~~~~~^^^^^^^^^^^^^^^^^^^^^^^^^^^
  File "/opt/homebrew/Cellar/python@3.13/3.13.3/Frameworks/Python.framework/Versions/3.13/lib/python3.13/contextlib.py", line 214, in __aenter__
    return await anext(self.gen)
           ^^^^^^^^^^^^^^^^^^^^^
  File "/Users/segevbin/Desktop/SensAI/Aiayer/.venv/lib/python3.13/site-packages/websockets/asyncio/connection.py", line 957, in send_context
    raise self.protocol.close_exc from original_exc
websockets.exceptions.ConnectionClosedError: no close frame received or sent
2025-05-23 01:01:24,015 - websockets.server - ERROR - opening handshake failed
Traceback (most recent call last):
  File "/Users/segevbin/Desktop/SensAI/Aiayer/.venv/lib/python3.13/site-packages/websockets/asyncio/server.py", line 356, in conn_handler
    await connection.handshake(
    ...<3 lines>...
    )
  File "/Users/segevbin/Desktop/SensAI/Aiayer/.venv/lib/python3.13/site-packages/websockets/asyncio/server.py", line 142, in handshake
    async with self.send_context(expected_state=CONNECTING):
               ~~~~~~~~~~~~~~~~~^^^^^^^^^^^^^^^^^^^^^^^^^^^
  File "/opt/homebrew/Cellar/python@3.13/3.13.3/Frameworks/Python.framework/Versions/3.13/lib/python3.13/contextlib.py", line 214, in __aenter__
    return await anext(self.gen)
           ^^^^^^^^^^^^^^^^^^^^^
  File "/Users/segevbin/Desktop/SensAI/Aiayer/.venv/lib/python3.13/site-packages/websockets/asyncio/connection.py", line 957, in send_context
    raise self.protocol.close_exc from original_exc
websockets.exceptions.ConnectionClosedError: no close frame received or sent
2025-05-23 01:01:24,015 - websockets.server - ERROR - opening handshake failed
Traceback (most recent call last):
  File "/Users/segevbin/Desktop/SensAI/Aiayer/.venv/lib/python3.13/site-packages/websockets/asyncio/server.py", line 356, in conn_handler
    await connection.handshake(
    ...<3 lines>...
    )
  File "/Users/segevbin/Desktop/SensAI/Aiayer/.venv/lib/python3.13/site-packages/websockets/asyncio/server.py", line 142, in handshake
    async with self.send_context(expected_state=CONNECTING):
               ~~~~~~~~~~~~~~~~~^^^^^^^^^^^^^^^^^^^^^^^^^^^
  File "/opt/homebrew/Cellar/python@3.13/3.13.3/Frameworks/Python.framework/Versions/3.13/lib/python3.13/contextlib.py", line 214, in __aenter__
    return await anext(self.gen)
           ^^^^^^^^^^^^^^^^^^^^^
  File "/Users/segevbin/Desktop/SensAI/Aiayer/.venv/lib/python3.13/site-packages/websockets/asyncio/connection.py", line 957, in send_context
    raise self.protocol.close_exc from original_exc
websockets.exceptions.ConnectionClosedError: no close frame received or sent
2025-05-23 01:01:24,016 - websockets.server - ERROR - opening handshake failed
Traceback (most recent call last):
  File "/Users/segevbin/Desktop/SensAI/Aiayer/.venv/lib/python3.13/site-packages/websockets/asyncio/server.py", line 356, in conn_handler
    await connection.handshake(
    ...<3 lines>...
    )
  File "/Users/segevbin/Desktop/SensAI/Aiayer/.venv/lib/python3.13/site-packages/websockets/asyncio/server.py", line 142, in handshake
    async with self.send_context(expected_state=CONNECTING):
               ~~~~~~~~~~~~~~~~~^^^^^^^^^^^^^^^^^^^^^^^^^^^
  File "/opt/homebrew/Cellar/python@3.13/3.13.3/Frameworks/Python.framework/Versions/3.13/lib/python3.13/contextlib.py", line 214, in __aenter__
    return await anext(self.gen)
           ^^^^^^^^^^^^^^^^^^^^^
  File "/Users/segevbin/Desktop/SensAI/Aiayer/.venv/lib/python3.13/site-packages/websockets/asyncio/connection.py", line 957, in send_context
    raise self.protocol.close_exc from original_exc
websockets.exceptions.ConnectionClosedError: no close frame received or sent
2025-05-23 01:01:24,016 - websockets.server - ERROR - opening handshake failed
Traceback (most recent call last):
  File "/Users/segevbin/Desktop/SensAI/Aiayer/.venv/lib/python3.13/site-packages/websockets/asyncio/server.py", line 356, in conn_handler
    await connection.handshake(
    ...<3 lines>...
    )
  File "/Users/segevbin/Desktop/SensAI/Aiayer/.venv/lib/python3.13/site-packages/websockets/asyncio/server.py", line 142, in handshake
    async with self.send_context(expected_state=CONNECTING):
               ~~~~~~~~~~~~~~~~~^^^^^^^^^^^^^^^^^^^^^^^^^^^
  File "/opt/homebrew/Cellar/python@3.13/3.13.3/Frameworks/Python.framework/Versions/3.13/lib/python3.13/contextlib.py", line 214, in __aenter__
    return await anext(self.gen)
           ^^^^^^^^^^^^^^^^^^^^^
  File "/Users/segevbin/Desktop/SensAI/Aiayer/.venv/lib/python3.13/site-packages/websockets/asyncio/connection.py", line 957, in send_context
    raise self.protocol.close_exc from original_exc
websockets.exceptions.ConnectionClosedError: no close frame received or sent
2025-05-23 01:01:24,017 - websockets.server - ERROR - opening handshake failed
Traceback (most recent call last):
  File "/Users/segevbin/Desktop/SensAI/Aiayer/.venv/lib/python3.13/site-packages/websockets/asyncio/server.py", line 356, in conn_handler
    await connection.handshake(
    ...<3 lines>...
    )
  File "/Users/segevbin/Desktop/SensAI/Aiayer/.venv/lib/python3.13/site-packages/websockets/asyncio/server.py", line 142, in handshake
    async with self.send_context(expected_state=CONNECTING):
               ~~~~~~~~~~~~~~~~~^^^^^^^^^^^^^^^^^^^^^^^^^^^
  File "/opt/homebrew/Cellar/python@3.13/3.13.3/Frameworks/Python.framework/Versions/3.13/lib/python3.13/contextlib.py", line 214, in __aenter__
    return await anext(self.gen)
           ^^^^^^^^^^^^^^^^^^^^^
  File "/Users/segevbin/Desktop/SensAI/Aiayer/.venv/lib/python3.13/site-packages/websockets/asyncio/connection.py", line 957, in send_context
    raise self.protocol.close_exc from original_exc
websockets.exceptions.ConnectionClosedError: no close frame received or sent
2025-05-23 01:01:24,017 - websockets.server - ERROR - opening handshake failed
Traceback (most recent call last):
  File "/Users/segevbin/Desktop/SensAI/Aiayer/.venv/lib/python3.13/site-packages/websockets/asyncio/server.py", line 356, in conn_handler
    await connection.handshake(
    ...<3 lines>...
    )
  File "/Users/segevbin/Desktop/SensAI/Aiayer/.venv/lib/python3.13/site-packages/websockets/asyncio/server.py", line 142, in handshake
    async with self.send_context(expected_state=CONNECTING):
               ~~~~~~~~~~~~~~~~~^^^^^^^^^^^^^^^^^^^^^^^^^^^
  File "/opt/homebrew/Cellar/python@3.13/3.13.3/Frameworks/Python.framework/Versions/3.13/lib/python3.13/contextlib.py", line 214, in __aenter__
    return await anext(self.gen)
           ^^^^^^^^^^^^^^^^^^^^^
  File "/Users/segevbin/Desktop/SensAI/Aiayer/.venv/lib/python3.13/site-packages/websockets/asyncio/connection.py", line 957, in send_context
    raise self.protocol.close_exc from original_exc
websockets.exceptions.ConnectionClosedError: no close frame received or sent
2025-05-23 01:01:24,018 - websockets.server - ERROR - opening handshake failed
Traceback (most recent call last):
  File "/Users/segevbin/Desktop/SensAI/Aiayer/.venv/lib/python3.13/site-packages/websockets/asyncio/server.py", line 356, in conn_handler
    await connection.handshake(
    ...<3 lines>...
    )
  File "/Users/segevbin/Desktop/SensAI/Aiayer/.venv/lib/python3.13/site-packages/websockets/asyncio/server.py", line 142, in handshake
    async with self.send_context(expected_state=CONNECTING):
               ~~~~~~~~~~~~~~~~~^^^^^^^^^^^^^^^^^^^^^^^^^^^
  File "/opt/homebrew/Cellar/python@3.13/3.13.3/Frameworks/Python.framework/Versions/3.13/lib/python3.13/contextlib.py", line 214, in __aenter__
    return await anext(self.gen)
           ^^^^^^^^^^^^^^^^^^^^^
  File "/Users/segevbin/Desktop/SensAI/Aiayer/.venv/lib/python3.13/site-packages/websockets/asyncio/connection.py", line 957, in send_context
    raise self.protocol.close_exc from original_exc
websockets.exceptions.ConnectionClosedError: no close frame received or sent
2025-05-23 01:01:24,018 - websockets.server - ERROR - opening handshake failed
Traceback (most recent call last):
  File "/Users/segevbin/Desktop/SensAI/Aiayer/.venv/lib/python3.13/site-packages/websockets/asyncio/server.py", line 356, in conn_handler
    await connection.handshake(
    ...<3 lines>...
    )
  File "/Users/segevbin/Desktop/SensAI/Aiayer/.venv/lib/python3.13/site-packages/websockets/asyncio/server.py", line 142, in handshake
    async with self.send_context(expected_state=CONNECTING):
               ~~~~~~~~~~~~~~~~~^^^^^^^^^^^^^^^^^^^^^^^^^^^
  File "/opt/homebrew/Cellar/python@3.13/3.13.3/Frameworks/Python.framework/Versions/3.13/lib/python3.13/contextlib.py", line 214, in __aenter__
    return await anext(self.gen)
           ^^^^^^^^^^^^^^^^^^^^^
  File "/Users/segevbin/Desktop/SensAI/Aiayer/.venv/lib/python3.13/site-packages/websockets/asyncio/connection.py", line 957, in send_context
    raise self.protocol.close_exc from original_exc
websockets.exceptions.ConnectionClosedError: no close frame received or sent
2025-05-23 01:01:24,019 - websockets.server - ERROR - opening handshake failed
Traceback (most recent call last):
  File "/Users/segevbin/Desktop/SensAI/Aiayer/.venv/lib/python3.13/site-packages/websockets/asyncio/server.py", line 356, in conn_handler
    await connection.handshake(
    ...<3 lines>...
    )
  File "/Users/segevbin/Desktop/SensAI/Aiayer/.venv/lib/python3.13/site-packages/websockets/asyncio/server.py", line 142, in handshake
    async with self.send_context(expected_state=CONNECTING):
               ~~~~~~~~~~~~~~~~~^^^^^^^^^^^^^^^^^^^^^^^^^^^
  File "/opt/homebrew/Cellar/python@3.13/3.13.3/Frameworks/Python.framework/Versions/3.13/lib/python3.13/contextlib.py", line 214, in __aenter__
    return await anext(self.gen)
           ^^^^^^^^^^^^^^^^^^^^^
  File "/Users/segevbin/Desktop/SensAI/Aiayer/.venv/lib/python3.13/site-packages/websockets/asyncio/connection.py", line 957, in send_context
    raise self.protocol.close_exc from original_exc
websockets.exceptions.ConnectionClosedError: no close frame received or sent
2025-05-23 01:01:24,019 - websockets.server - ERROR - opening handshake failed
Traceback (most recent call last):
  File "/Users/segevbin/Desktop/SensAI/Aiayer/.venv/lib/python3.13/site-packages/websockets/asyncio/server.py", line 356, in conn_handler
    await connection.handshake(
    ...<3 lines>...
    )
  File "/Users/segevbin/Desktop/SensAI/Aiayer/.venv/lib/python3.13/site-packages/websockets/asyncio/server.py", line 142, in handshake
    async with self.send_context(expected_state=CONNECTING):
               ~~~~~~~~~~~~~~~~~^^^^^^^^^^^^^^^^^^^^^^^^^^^
  File "/opt/homebrew/Cellar/python@3.13/3.13.3/Frameworks/Python.framework/Versions/3.13/lib/python3.13/contextlib.py", line 214, in __aenter__
    return await anext(self.gen)
           ^^^^^^^^^^^^^^^^^^^^^
  File "/Users/segevbin/Desktop/SensAI/Aiayer/.venv/lib/python3.13/site-packages/websockets/asyncio/connection.py", line 957, in send_context
    raise self.protocol.close_exc from original_exc
websockets.exceptions.ConnectionClosedError: no close frame received or sent
2025-05-23 01:01:24,020 - websockets.server - ERROR - opening handshake failed
Traceback (most recent call last):
  File "/Users/segevbin/Desktop/SensAI/Aiayer/.venv/lib/python3.13/site-packages/websockets/asyncio/server.py", line 356, in conn_handler
    await connection.handshake(
    ...<3 lines>...
    )
  File "/Users/segevbin/Desktop/SensAI/Aiayer/.venv/lib/python3.13/site-packages/websockets/asyncio/server.py", line 142, in handshake
    async with self.send_context(expected_state=CONNECTING):
               ~~~~~~~~~~~~~~~~~^^^^^^^^^^^^^^^^^^^^^^^^^^^
  File "/opt/homebrew/Cellar/python@3.13/3.13.3/Frameworks/Python.framework/Versions/3.13/lib/python3.13/contextlib.py", line 214, in __aenter__
    return await anext(self.gen)
           ^^^^^^^^^^^^^^^^^^^^^
  File "/Users/segevbin/Desktop/SensAI/Aiayer/.venv/lib/python3.13/site-packages/websockets/asyncio/connection.py", line 957, in send_context
    raise self.protocol.close_exc from original_exc
websockets.exceptions.ConnectionClosedError: no close frame received or sent
2025-05-23 01:01:24,020 - websockets.server - ERROR - opening handshake failed
Traceback (most recent call last):
  File "/Users/segevbin/Desktop/SensAI/Aiayer/.venv/lib/python3.13/site-packages/websockets/asyncio/server.py", line 356, in conn_handler
    await connection.handshake(
    ...<3 lines>...
    )
  File "/Users/segevbin/Desktop/SensAI/Aiayer/.venv/lib/python3.13/site-packages/websockets/asyncio/server.py", line 142, in handshake
    async with self.send_context(expected_state=CONNECTING):
               ~~~~~~~~~~~~~~~~~^^^^^^^^^^^^^^^^^^^^^^^^^^^
  File "/opt/homebrew/Cellar/python@3.13/3.13.3/Frameworks/Python.framework/Versions/3.13/lib/python3.13/contextlib.py", line 214, in __aenter__
    return await anext(self.gen)
           ^^^^^^^^^^^^^^^^^^^^^
  File "/Users/segevbin/Desktop/SensAI/Aiayer/.venv/lib/python3.13/site-packages/websockets/asyncio/connection.py", line 957, in send_context
    raise self.protocol.close_exc from original_exc
websockets.exceptions.ConnectionClosedError: no close frame received or sent
2025-05-23 01:01:24,021 - websockets.server - INFO - connection open
2025-05-23 01:01:24,021 - __main__ - INFO - Client connected: client_1747987284021
Python(23657) MallocStackLogging: can't turn off malloc stack logging because it was not enabled.
2025-05-23 01:01:25,431 - total_screen_analyzer - INFO - Starting total screen analysis (hash: 4e894da3)
Python(23662) MallocStackLogging: can't turn off malloc stack logging because it was not enabled.
Python(23668) MallocStackLogging: can't turn off malloc stack logging because it was not enabled.
Python(23672) MallocStackLogging: can't turn off malloc stack logging because it was not enabled.
Python(23687) MallocStackLogging: can't turn off malloc stack logging because it was not enabled.
Python(23699) MallocStackLogging: can't turn off malloc stack logging because it was not enabled.
Python(23714) MallocStackLogging: can't turn off malloc stack logging because it was not enabled.
Python(23726) MallocStackLogging: can't turn off malloc stack logging because it was not enabled.
Python(23738) MallocStackLogging: can't turn off malloc stack logging because it was not enabled.
Python(23753) MallocStackLogging: can't turn off malloc stack logging because it was not enabled.
Python(23760) MallocStackLogging: can't turn off malloc stack logging because it was not enabled.
2025-05-23 01:02:35,248 - total_screen_analyzer - INFO - Lightweight vision analysis completed: 31 UI elements detected
2025-05-23 01:02:35,290 - total_screen_analyzer - INFO - Completed total screen analysis in 69.86s
2025-05-23 01:02:35,296 - __main__ - INFO - 📝 Executing step 3: Select all existing text in search box
2025-05-23 01:02:35,445 - agent_workflow.input_controller - INFO - Pressed hotkey: cmd+a
2025-05-23 01:02:35,446 - __main__ - INFO - ✅ Step 3 completed successfully
2025-05-23 01:02:35,446 - __main__ - INFO - 📝 Executing step 4: Type the search query: 'segev halfon" in google'
2025-05-23 01:02:35,446 - __main__ - INFO - ⌨️  Executing type action: type segev halfon" in google
2025-05-23 01:02:43,026 - agent_workflow.input_controller - INFO - Typed text: 'segev halfon" in google'
2025-05-23 01:02:43,040 - memory.semantic_search_agent - INFO - Document a009d2ae179eb3b07484822be5f1bd083c43e8efa26f5b5a78bec7d92b2ac399 added to enterprise vector store
2025-05-23 01:02:43,040 - memory.semantic_search_agent - INFO - Memory added successfully: a009d2ae179eb3b07484822be5f1bd083c43e8efa26f5b5a78bec7d92b2ac399
2025-05-23 01:02:43,040 - __main__ - INFO - ✅ Step 4 completed successfully
2025-05-23 01:02:43,046 - __main__ - ERROR - Error processing message: received 1001 (going away); then sent 1001 (going away)
2025-05-23 01:02:43,047 - __main__ - INFO - Client disconnected: client_1747987284008
2025-05-23 01:02:43,050 - websockets.server - INFO - connection open
2025-05-23 01:02:43,050 - websockets.server - INFO - connection open
2025-05-23 01:02:43,050 - websockets.server - INFO - connection open
2025-05-23 01:02:43,051 - websockets.server - INFO - connection open
2025-05-23 01:02:43,051 - websockets.server - INFO - connection open
2025-05-23 01:02:43,051 - __main__ - INFO - Client connected: client_1747987363051
2025-05-23 01:02:43,052 - websockets.server - INFO - connection open
2025-05-23 01:02:43,052 - __main__ - INFO - Client connected: client_1747987363052
2025-05-23 01:02:43,053 - websockets.server - ERROR - opening handshake failed
Traceback (most recent call last):
  File "/Users/segevbin/Desktop/SensAI/Aiayer/.venv/lib/python3.13/site-packages/websockets/asyncio/server.py", line 356, in conn_handler
    await connection.handshake(
    ...<3 lines>...
    )
  File "/Users/segevbin/Desktop/SensAI/Aiayer/.venv/lib/python3.13/site-packages/websockets/asyncio/server.py", line 142, in handshake
    async with self.send_context(expected_state=CONNECTING):
               ~~~~~~~~~~~~~~~~~^^^^^^^^^^^^^^^^^^^^^^^^^^^
  File "/opt/homebrew/Cellar/python@3.13/3.13.3/Frameworks/Python.framework/Versions/3.13/lib/python3.13/contextlib.py", line 214, in __aenter__
    return await anext(self.gen)
           ^^^^^^^^^^^^^^^^^^^^^
  File "/Users/segevbin/Desktop/SensAI/Aiayer/.venv/lib/python3.13/site-packages/websockets/asyncio/connection.py", line 957, in send_context
    raise self.protocol.close_exc from original_exc
websockets.exceptions.ConnectionClosedError: no close frame received or sent
2025-05-23 01:02:43,058 - websockets.server - ERROR - opening handshake failed
Traceback (most recent call last):
  File "/Users/segevbin/Desktop/SensAI/Aiayer/.venv/lib/python3.13/site-packages/websockets/asyncio/server.py", line 356, in conn_handler
    await connection.handshake(
    ...<3 lines>...
    )
  File "/Users/segevbin/Desktop/SensAI/Aiayer/.venv/lib/python3.13/site-packages/websockets/asyncio/server.py", line 142, in handshake
    async with self.send_context(expected_state=CONNECTING):
               ~~~~~~~~~~~~~~~~~^^^^^^^^^^^^^^^^^^^^^^^^^^^
  File "/opt/homebrew/Cellar/python@3.13/3.13.3/Frameworks/Python.framework/Versions/3.13/lib/python3.13/contextlib.py", line 214, in __aenter__
    return await anext(self.gen)
           ^^^^^^^^^^^^^^^^^^^^^
  File "/Users/segevbin/Desktop/SensAI/Aiayer/.venv/lib/python3.13/site-packages/websockets/asyncio/connection.py", line 957, in send_context
    raise self.protocol.close_exc from original_exc
websockets.exceptions.ConnectionClosedError: no close frame received or sent
2025-05-23 01:02:43,058 - websockets.server - ERROR - opening handshake failed
Traceback (most recent call last):
  File "/Users/segevbin/Desktop/SensAI/Aiayer/.venv/lib/python3.13/site-packages/websockets/asyncio/server.py", line 356, in conn_handler
    await connection.handshake(
    ...<3 lines>...
    )
  File "/Users/segevbin/Desktop/SensAI/Aiayer/.venv/lib/python3.13/site-packages/websockets/asyncio/server.py", line 142, in handshake
    async with self.send_context(expected_state=CONNECTING):
               ~~~~~~~~~~~~~~~~~^^^^^^^^^^^^^^^^^^^^^^^^^^^
  File "/opt/homebrew/Cellar/python@3.13/3.13.3/Frameworks/Python.framework/Versions/3.13/lib/python3.13/contextlib.py", line 214, in __aenter__
    return await anext(self.gen)
           ^^^^^^^^^^^^^^^^^^^^^
  File "/Users/segevbin/Desktop/SensAI/Aiayer/.venv/lib/python3.13/site-packages/websockets/asyncio/connection.py", line 957, in send_context
    raise self.protocol.close_exc from original_exc
websockets.exceptions.ConnectionClosedError: no close frame received or sent
2025-05-23 01:02:43,059 - websockets.server - ERROR - opening handshake failed
Traceback (most recent call last):
  File "/Users/segevbin/Desktop/SensAI/Aiayer/.venv/lib/python3.13/site-packages/websockets/asyncio/server.py", line 356, in conn_handler
    await connection.handshake(
    ...<3 lines>...
    )
  File "/Users/segevbin/Desktop/SensAI/Aiayer/.venv/lib/python3.13/site-packages/websockets/asyncio/server.py", line 142, in handshake
    async with self.send_context(expected_state=CONNECTING):
               ~~~~~~~~~~~~~~~~~^^^^^^^^^^^^^^^^^^^^^^^^^^^
  File "/opt/homebrew/Cellar/python@3.13/3.13.3/Frameworks/Python.framework/Versions/3.13/lib/python3.13/contextlib.py", line 214, in __aenter__
    return await anext(self.gen)
           ^^^^^^^^^^^^^^^^^^^^^
  File "/Users/segevbin/Desktop/SensAI/Aiayer/.venv/lib/python3.13/site-packages/websockets/asyncio/connection.py", line 957, in send_context
    raise self.protocol.close_exc from original_exc
websockets.exceptions.ConnectionClosedError: no close frame received or sent
2025-05-23 01:02:43,059 - websockets.server - ERROR - opening handshake failed
Traceback (most recent call last):
  File "/Users/segevbin/Desktop/SensAI/Aiayer/.venv/lib/python3.13/site-packages/websockets/asyncio/server.py", line 356, in conn_handler
    await connection.handshake(
    ...<3 lines>...
    )
  File "/Users/segevbin/Desktop/SensAI/Aiayer/.venv/lib/python3.13/site-packages/websockets/asyncio/server.py", line 142, in handshake
    async with self.send_context(expected_state=CONNECTING):
               ~~~~~~~~~~~~~~~~~^^^^^^^^^^^^^^^^^^^^^^^^^^^
  File "/opt/homebrew/Cellar/python@3.13/3.13.3/Frameworks/Python.framework/Versions/3.13/lib/python3.13/contextlib.py", line 214, in __aenter__
    return await anext(self.gen)
           ^^^^^^^^^^^^^^^^^^^^^
  File "/Users/segevbin/Desktop/SensAI/Aiayer/.venv/lib/python3.13/site-packages/websockets/asyncio/connection.py", line 957, in send_context
    raise self.protocol.close_exc from original_exc
websockets.exceptions.ConnectionClosedError: no close frame received or sent
2025-05-23 01:02:43,060 - websockets.server - ERROR - opening handshake failed
Traceback (most recent call last):
  File "/Users/segevbin/Desktop/SensAI/Aiayer/.venv/lib/python3.13/site-packages/websockets/asyncio/server.py", line 356, in conn_handler
    await connection.handshake(
    ...<3 lines>...
    )
  File "/Users/segevbin/Desktop/SensAI/Aiayer/.venv/lib/python3.13/site-packages/websockets/asyncio/server.py", line 142, in handshake
    async with self.send_context(expected_state=CONNECTING):
               ~~~~~~~~~~~~~~~~~^^^^^^^^^^^^^^^^^^^^^^^^^^^
  File "/opt/homebrew/Cellar/python@3.13/3.13.3/Frameworks/Python.framework/Versions/3.13/lib/python3.13/contextlib.py", line 214, in __aenter__
    return await anext(self.gen)
           ^^^^^^^^^^^^^^^^^^^^^
  File "/Users/segevbin/Desktop/SensAI/Aiayer/.venv/lib/python3.13/site-packages/websockets/asyncio/connection.py", line 957, in send_context
    raise self.protocol.close_exc from original_exc
websockets.exceptions.ConnectionClosedError: no close frame received or sent
2025-05-23 01:02:43,060 - websockets.server - ERROR - opening handshake failed
Traceback (most recent call last):
  File "/Users/segevbin/Desktop/SensAI/Aiayer/.venv/lib/python3.13/site-packages/websockets/asyncio/server.py", line 356, in conn_handler
    await connection.handshake(
    ...<3 lines>...
    )
  File "/Users/segevbin/Desktop/SensAI/Aiayer/.venv/lib/python3.13/site-packages/websockets/asyncio/server.py", line 142, in handshake
    async with self.send_context(expected_state=CONNECTING):
               ~~~~~~~~~~~~~~~~~^^^^^^^^^^^^^^^^^^^^^^^^^^^
  File "/opt/homebrew/Cellar/python@3.13/3.13.3/Frameworks/Python.framework/Versions/3.13/lib/python3.13/contextlib.py", line 214, in __aenter__
    return await anext(self.gen)
           ^^^^^^^^^^^^^^^^^^^^^
  File "/Users/segevbin/Desktop/SensAI/Aiayer/.venv/lib/python3.13/site-packages/websockets/asyncio/connection.py", line 957, in send_context
    raise self.protocol.close_exc from original_exc
websockets.exceptions.ConnectionClosedError: no close frame received or sent
2025-05-23 01:02:43,061 - websockets.server - ERROR - opening handshake failed
Traceback (most recent call last):
  File "/Users/segevbin/Desktop/SensAI/Aiayer/.venv/lib/python3.13/site-packages/websockets/asyncio/server.py", line 356, in conn_handler
    await connection.handshake(
    ...<3 lines>...
    )
  File "/Users/segevbin/Desktop/SensAI/Aiayer/.venv/lib/python3.13/site-packages/websockets/asyncio/server.py", line 142, in handshake
    async with self.send_context(expected_state=CONNECTING):
               ~~~~~~~~~~~~~~~~~^^^^^^^^^^^^^^^^^^^^^^^^^^^
  File "/opt/homebrew/Cellar/python@3.13/3.13.3/Frameworks/Python.framework/Versions/3.13/lib/python3.13/contextlib.py", line 214, in __aenter__
    return await anext(self.gen)
           ^^^^^^^^^^^^^^^^^^^^^
  File "/Users/segevbin/Desktop/SensAI/Aiayer/.venv/lib/python3.13/site-packages/websockets/asyncio/connection.py", line 957, in send_context
    raise self.protocol.close_exc from original_exc
websockets.exceptions.ConnectionClosedError: no close frame received or sent
2025-05-23 01:02:43,061 - websockets.server - ERROR - opening handshake failed
Traceback (most recent call last):
  File "/Users/segevbin/Desktop/SensAI/Aiayer/.venv/lib/python3.13/site-packages/websockets/asyncio/server.py", line 356, in conn_handler
    await connection.handshake(
    ...<3 lines>...
    )
  File "/Users/segevbin/Desktop/SensAI/Aiayer/.venv/lib/python3.13/site-packages/websockets/asyncio/server.py", line 142, in handshake
    async with self.send_context(expected_state=CONNECTING):
               ~~~~~~~~~~~~~~~~~^^^^^^^^^^^^^^^^^^^^^^^^^^^
  File "/opt/homebrew/Cellar/python@3.13/3.13.3/Frameworks/Python.framework/Versions/3.13/lib/python3.13/contextlib.py", line 214, in __aenter__
    return await anext(self.gen)
           ^^^^^^^^^^^^^^^^^^^^^
  File "/Users/segevbin/Desktop/SensAI/Aiayer/.venv/lib/python3.13/site-packages/websockets/asyncio/connection.py", line 957, in send_context
    raise self.protocol.close_exc from original_exc
websockets.exceptions.ConnectionClosedError: no close frame received or sent
2025-05-23 01:02:43,061 - websockets.server - ERROR - opening handshake failed
Traceback (most recent call last):
  File "/Users/segevbin/Desktop/SensAI/Aiayer/.venv/lib/python3.13/site-packages/websockets/asyncio/server.py", line 356, in conn_handler
    await connection.handshake(
    ...<3 lines>...
    )
  File "/Users/segevbin/Desktop/SensAI/Aiayer/.venv/lib/python3.13/site-packages/websockets/asyncio/server.py", line 142, in handshake
    async with self.send_context(expected_state=CONNECTING):
               ~~~~~~~~~~~~~~~~~^^^^^^^^^^^^^^^^^^^^^^^^^^^
  File "/opt/homebrew/Cellar/python@3.13/3.13.3/Frameworks/Python.framework/Versions/3.13/lib/python3.13/contextlib.py", line 214, in __aenter__
    return await anext(self.gen)
           ^^^^^^^^^^^^^^^^^^^^^
  File "/Users/segevbin/Desktop/SensAI/Aiayer/.venv/lib/python3.13/site-packages/websockets/asyncio/connection.py", line 957, in send_context
    raise self.protocol.close_exc from original_exc
websockets.exceptions.ConnectionClosedError: no close frame received or sent
2025-05-23 01:02:43,062 - websockets.server - ERROR - opening handshake failed
Traceback (most recent call last):
  File "/Users/segevbin/Desktop/SensAI/Aiayer/.venv/lib/python3.13/site-packages/websockets/asyncio/server.py", line 356, in conn_handler
    await connection.handshake(
    ...<3 lines>...
    )
  File "/Users/segevbin/Desktop/SensAI/Aiayer/.venv/lib/python3.13/site-packages/websockets/asyncio/server.py", line 142, in handshake
    async with self.send_context(expected_state=CONNECTING):
               ~~~~~~~~~~~~~~~~~^^^^^^^^^^^^^^^^^^^^^^^^^^^
  File "/opt/homebrew/Cellar/python@3.13/3.13.3/Frameworks/Python.framework/Versions/3.13/lib/python3.13/contextlib.py", line 214, in __aenter__
    return await anext(self.gen)
           ^^^^^^^^^^^^^^^^^^^^^
  File "/Users/segevbin/Desktop/SensAI/Aiayer/.venv/lib/python3.13/site-packages/websockets/asyncio/connection.py", line 957, in send_context
    raise self.protocol.close_exc from original_exc
websockets.exceptions.ConnectionClosedError: no close frame received or sent
2025-05-23 01:02:43,062 - websockets.server - ERROR - opening handshake failed
Traceback (most recent call last):
  File "/Users/segevbin/Desktop/SensAI/Aiayer/.venv/lib/python3.13/site-packages/websockets/asyncio/server.py", line 356, in conn_handler
    await connection.handshake(
    ...<3 lines>...
    )
  File "/Users/segevbin/Desktop/SensAI/Aiayer/.venv/lib/python3.13/site-packages/websockets/asyncio/server.py", line 142, in handshake
    async with self.send_context(expected_state=CONNECTING):
               ~~~~~~~~~~~~~~~~~^^^^^^^^^^^^^^^^^^^^^^^^^^^
  File "/opt/homebrew/Cellar/python@3.13/3.13.3/Frameworks/Python.framework/Versions/3.13/lib/python3.13/contextlib.py", line 214, in __aenter__
    return await anext(self.gen)
           ^^^^^^^^^^^^^^^^^^^^^
  File "/Users/segevbin/Desktop/SensAI/Aiayer/.venv/lib/python3.13/site-packages/websockets/asyncio/connection.py", line 957, in send_context
    raise self.protocol.close_exc from original_exc
websockets.exceptions.ConnectionClosedError: no close frame received or sent
2025-05-23 01:02:43,063 - websockets.server - ERROR - opening handshake failed
Traceback (most recent call last):
  File "/Users/segevbin/Desktop/SensAI/Aiayer/.venv/lib/python3.13/site-packages/websockets/asyncio/server.py", line 356, in conn_handler
    await connection.handshake(
    ...<3 lines>...
    )
  File "/Users/segevbin/Desktop/SensAI/Aiayer/.venv/lib/python3.13/site-packages/websockets/asyncio/server.py", line 142, in handshake
    async with self.send_context(expected_state=CONNECTING):
               ~~~~~~~~~~~~~~~~~^^^^^^^^^^^^^^^^^^^^^^^^^^^
  File "/opt/homebrew/Cellar/python@3.13/3.13.3/Frameworks/Python.framework/Versions/3.13/lib/python3.13/contextlib.py", line 214, in __aenter__
    return await anext(self.gen)
           ^^^^^^^^^^^^^^^^^^^^^
  File "/Users/segevbin/Desktop/SensAI/Aiayer/.venv/lib/python3.13/site-packages/websockets/asyncio/connection.py", line 957, in send_context
    raise self.protocol.close_exc from original_exc
websockets.exceptions.ConnectionClosedError: no close frame received or sent
2025-05-23 01:02:43,063 - websockets.server - ERROR - opening handshake failed
Traceback (most recent call last):
  File "/Users/segevbin/Desktop/SensAI/Aiayer/.venv/lib/python3.13/site-packages/websockets/asyncio/server.py", line 356, in conn_handler
    await connection.handshake(
    ...<3 lines>...
    )
  File "/Users/segevbin/Desktop/SensAI/Aiayer/.venv/lib/python3.13/site-packages/websockets/asyncio/server.py", line 142, in handshake
    async with self.send_context(expected_state=CONNECTING):
               ~~~~~~~~~~~~~~~~~^^^^^^^^^^^^^^^^^^^^^^^^^^^
  File "/opt/homebrew/Cellar/python@3.13/3.13.3/Frameworks/Python.framework/Versions/3.13/lib/python3.13/contextlib.py", line 214, in __aenter__
    return await anext(self.gen)
           ^^^^^^^^^^^^^^^^^^^^^
  File "/Users/segevbin/Desktop/SensAI/Aiayer/.venv/lib/python3.13/site-packages/websockets/asyncio/connection.py", line 957, in send_context
    raise self.protocol.close_exc from original_exc
websockets.exceptions.ConnectionClosedError: no close frame received or sent
2025-05-23 01:02:43,063 - websockets.server - ERROR - opening handshake failed
Traceback (most recent call last):
  File "/Users/segevbin/Desktop/SensAI/Aiayer/.venv/lib/python3.13/site-packages/websockets/asyncio/server.py", line 356, in conn_handler
    await connection.handshake(
    ...<3 lines>...
    )
  File "/Users/segevbin/Desktop/SensAI/Aiayer/.venv/lib/python3.13/site-packages/websockets/asyncio/server.py", line 142, in handshake
    async with self.send_context(expected_state=CONNECTING):
               ~~~~~~~~~~~~~~~~~^^^^^^^^^^^^^^^^^^^^^^^^^^^
  File "/opt/homebrew/Cellar/python@3.13/3.13.3/Frameworks/Python.framework/Versions/3.13/lib/python3.13/contextlib.py", line 214, in __aenter__
    return await anext(self.gen)
           ^^^^^^^^^^^^^^^^^^^^^
  File "/Users/segevbin/Desktop/SensAI/Aiayer/.venv/lib/python3.13/site-packages/websockets/asyncio/connection.py", line 957, in send_context
    raise self.protocol.close_exc from original_exc
websockets.exceptions.ConnectionClosedError: no close frame received or sent
2025-05-23 01:02:43,064 - websockets.server - ERROR - opening handshake failed
Traceback (most recent call last):
  File "/Users/segevbin/Desktop/SensAI/Aiayer/.venv/lib/python3.13/site-packages/websockets/asyncio/server.py", line 356, in conn_handler
    await connection.handshake(
    ...<3 lines>...
    )
  File "/Users/segevbin/Desktop/SensAI/Aiayer/.venv/lib/python3.13/site-packages/websockets/asyncio/server.py", line 142, in handshake
    async with self.send_context(expected_state=CONNECTING):
               ~~~~~~~~~~~~~~~~~^^^^^^^^^^^^^^^^^^^^^^^^^^^
  File "/opt/homebrew/Cellar/python@3.13/3.13.3/Frameworks/Python.framework/Versions/3.13/lib/python3.13/contextlib.py", line 214, in __aenter__
    return await anext(self.gen)
           ^^^^^^^^^^^^^^^^^^^^^
  File "/Users/segevbin/Desktop/SensAI/Aiayer/.venv/lib/python3.13/site-packages/websockets/asyncio/connection.py", line 957, in send_context
    raise self.protocol.close_exc from original_exc
websockets.exceptions.ConnectionClosedError: no close frame received or sent
Python(23800) MallocStackLogging: can't turn off malloc stack logging because it was not enabled.
2025-05-23 01:02:44,505 - total_screen_analyzer - INFO - Starting total screen analysis (hash: cf653c45)
Python(23802) MallocStackLogging: can't turn off malloc stack logging because it was not enabled.
Python(23804) MallocStackLogging: can't turn off malloc stack logging because it was not enabled.
Python(23805) MallocStackLogging: can't turn off malloc stack logging because it was not enabled.
Python(23809) MallocStackLogging: can't turn off malloc stack logging because it was not enabled.
Python(23814) MallocStackLogging: can't turn off malloc stack logging because it was not enabled.
Python(23817) MallocStackLogging: can't turn off malloc stack logging because it was not enabled.
Python(23826) MallocStackLogging: can't turn off malloc stack logging because it was not enabled.
Python(23836) MallocStackLogging: can't turn off malloc stack logging because it was not enabled.
Python(23842) MallocStackLogging: can't turn off malloc stack logging because it was not enabled.
Python(23846) MallocStackLogging: can't turn off malloc stack logging because it was not enabled.
2025-05-23 01:03:02,150 - total_screen_analyzer - INFO - Lightweight vision analysis completed: 140 UI elements detected
2025-05-23 01:03:02,183 - total_screen_analyzer - INFO - Completed total screen analysis in 17.68s
2025-05-23 01:03:02,187 - __main__ - INFO - 📝 Executing step 5: Press Enter to execute search
2025-05-23 01:03:02,314 - agent_workflow.input_controller - INFO - Pressed key: enter
2025-05-23 01:03:02,315 - __main__ - INFO - ✅ Step 5 completed successfully
2025-05-23 01:03:02,315 - __main__ - INFO - 📝 Executing step 6: Wait for search results to load
2025-05-23 01:03:02,320 - websockets.server - INFO - connection open
2025-05-23 01:03:02,321 - __main__ - INFO - Client connected: client_1747987382320
2025-05-23 01:03:02,322 - websockets.server - INFO - connection open
2025-05-23 01:03:02,322 - __main__ - INFO - Client connected: client_1747987382322
2025-05-23 01:03:02,322 - websockets.server - INFO - connection open
2025-05-23 01:03:02,322 - __main__ - INFO - Client connected: client_1747987382322
2025-05-23 01:03:02,323 - websockets.server - INFO - connection open
2025-05-23 01:03:02,323 - __main__ - INFO - Client connected: client_1747987382323
2025-05-23 01:03:02,323 - websockets.server - ERROR - opening handshake failed
Traceback (most recent call last):
  File "/Users/segevbin/Desktop/SensAI/Aiayer/.venv/lib/python3.13/site-packages/websockets/asyncio/server.py", line 356, in conn_handler
    await connection.handshake(
    ...<3 lines>...
    )
  File "/Users/segevbin/Desktop/SensAI/Aiayer/.venv/lib/python3.13/site-packages/websockets/asyncio/server.py", line 142, in handshake
    async with self.send_context(expected_state=CONNECTING):
               ~~~~~~~~~~~~~~~~~^^^^^^^^^^^^^^^^^^^^^^^^^^^
  File "/opt/homebrew/Cellar/python@3.13/3.13.3/Frameworks/Python.framework/Versions/3.13/lib/python3.13/contextlib.py", line 214, in __aenter__
    return await anext(self.gen)
           ^^^^^^^^^^^^^^^^^^^^^
  File "/Users/segevbin/Desktop/SensAI/Aiayer/.venv/lib/python3.13/site-packages/websockets/asyncio/connection.py", line 957, in send_context
    raise self.protocol.close_exc from original_exc
websockets.exceptions.ConnectionClosedError: no close frame received or sent
2025-05-23 01:03:02,331 - websockets.server - ERROR - opening handshake failed
Traceback (most recent call last):
  File "/Users/segevbin/Desktop/SensAI/Aiayer/.venv/lib/python3.13/site-packages/websockets/asyncio/server.py", line 356, in conn_handler
    await connection.handshake(
    ...<3 lines>...
    )
  File "/Users/segevbin/Desktop/SensAI/Aiayer/.venv/lib/python3.13/site-packages/websockets/asyncio/server.py", line 142, in handshake
    async with self.send_context(expected_state=CONNECTING):
               ~~~~~~~~~~~~~~~~~^^^^^^^^^^^^^^^^^^^^^^^^^^^
  File "/opt/homebrew/Cellar/python@3.13/3.13.3/Frameworks/Python.framework/Versions/3.13/lib/python3.13/contextlib.py", line 214, in __aenter__
    return await anext(self.gen)
           ^^^^^^^^^^^^^^^^^^^^^
  File "/Users/segevbin/Desktop/SensAI/Aiayer/.venv/lib/python3.13/site-packages/websockets/asyncio/connection.py", line 957, in send_context
    raise self.protocol.close_exc from original_exc
websockets.exceptions.ConnectionClosedError: no close frame received or sent
2025-05-23 01:03:02,332 - websockets.server - ERROR - opening handshake failed
Traceback (most recent call last):
  File "/Users/segevbin/Desktop/SensAI/Aiayer/.venv/lib/python3.13/site-packages/websockets/asyncio/server.py", line 356, in conn_handler
    await connection.handshake(
    ...<3 lines>...
    )
  File "/Users/segevbin/Desktop/SensAI/Aiayer/.venv/lib/python3.13/site-packages/websockets/asyncio/server.py", line 142, in handshake
    async with self.send_context(expected_state=CONNECTING):
               ~~~~~~~~~~~~~~~~~^^^^^^^^^^^^^^^^^^^^^^^^^^^
  File "/opt/homebrew/Cellar/python@3.13/3.13.3/Frameworks/Python.framework/Versions/3.13/lib/python3.13/contextlib.py", line 214, in __aenter__
    return await anext(self.gen)
           ^^^^^^^^^^^^^^^^^^^^^
  File "/Users/segevbin/Desktop/SensAI/Aiayer/.venv/lib/python3.13/site-packages/websockets/asyncio/connection.py", line 957, in send_context
    raise self.protocol.close_exc from original_exc
websockets.exceptions.ConnectionClosedError: no close frame received or sent
2025-05-23 01:03:02,333 - websockets.server - ERROR - opening handshake failed
Traceback (most recent call last):
  File "/Users/segevbin/Desktop/SensAI/Aiayer/.venv/lib/python3.13/site-packages/websockets/asyncio/server.py", line 356, in conn_handler
    await connection.handshake(
    ...<3 lines>...
    )
  File "/Users/segevbin/Desktop/SensAI/Aiayer/.venv/lib/python3.13/site-packages/websockets/asyncio/server.py", line 142, in handshake
    async with self.send_context(expected_state=CONNECTING):
               ~~~~~~~~~~~~~~~~~^^^^^^^^^^^^^^^^^^^^^^^^^^^
  File "/opt/homebrew/Cellar/python@3.13/3.13.3/Frameworks/Python.framework/Versions/3.13/lib/python3.13/contextlib.py", line 214, in __aenter__
    return await anext(self.gen)
           ^^^^^^^^^^^^^^^^^^^^^
  File "/Users/segevbin/Desktop/SensAI/Aiayer/.venv/lib/python3.13/site-packages/websockets/asyncio/connection.py", line 957, in send_context
    raise self.protocol.close_exc from original_exc
websockets.exceptions.ConnectionClosedError: no close frame received or sent
2025-05-23 01:03:05,317 - __main__ - INFO - ✅ Step 6 completed successfully
2025-05-23 01:03:05,332 - memory.semantic_search_agent - INFO - Document b128191d4522a30f305489aee8614d467f9644d71cb38c2c8585de7bb9b8e05e added to enterprise vector store
2025-05-23 01:03:05,333 - memory.semantic_search_agent - INFO - Memory added successfully: b128191d4522a30f305489aee8614d467f9644d71cb38c2c8585de7bb9b8e05e
2025-05-23 01:03:05,333 - __main__ - INFO - 🎯 Workflow completed: 6/6 steps successful
2025-05-23 01:03:05,337 - memory.semantic_search_agent - INFO - Document d016916970f2844cd886c4f2764a90950ddd7c17ed8f0429225a111f6fb4f056 added to enterprise vector store
2025-05-23 01:03:05,337 - memory.semantic_search_agent - INFO - Memory added successfully: d016916970f2844cd886c4f2764a90950ddd7c17ed8f0429225a111f6fb4f056
2025-05-23 01:03:05,338 - __main__ - ERROR - Error processing message: received 1000 (OK); then sent 1000 (OK)
2025-05-23 01:03:05,339 - __main__ - INFO - Client disconnected: client_1747987172067
2025-05-23 01:03:07,440 - websockets.server - INFO - connection open
2025-05-23 01:03:07,441 - __main__ - INFO - Client connected: client_1747987387441
2025-05-23 01:03:07,442 - websockets.server - INFO - connection open
2025-05-23 01:03:07,442 - __main__ - INFO - Client connected: client_1747987387442
2025-05-23 01:03:07,442 - websockets.server - INFO - connection open
2025-05-23 01:03:07,443 - __main__ - INFO - Client connected: client_1747987387443
2025-05-23 01:03:07,443 - websockets.server - INFO - connection open
2025-05-23 01:03:07,444 - __main__ - INFO - Client connected: client_1747987387444
2025-05-23 01:03:12,173 - __main__ - ERROR - Error processing message: received 1011 (internal error) keepalive ping timeout; then sent 1011 (internal error) keepalive ping timeout
2025-05-23 01:03:12,183 - __main__ - INFO - Client disconnected: client_1747987284021
2025-05-23 01:03:12,489 - websockets.server - INFO - connection open
2025-05-23 01:03:12,490 - __main__ - INFO - Client connected: client_1747987392490
2025-05-23 01:03:12,491 - websockets.server - INFO - connection open
2025-05-23 01:03:12,491 - __main__ - INFO - Client connected: client_1747987392491
2025-05-23 01:03:12,491 - websockets.server - INFO - connection open
2025-05-23 01:03:12,492 - __main__ - INFO - Client connected: client_1747987392492
2025-05-23 01:03:12,496 - websockets.server - INFO - connection open
2025-05-23 01:03:12,496 - __main__ - INFO - Client connected: client_1747987392496
2025-05-23 01:03:17,508 - websockets.server - INFO - connection open
2025-05-23 01:03:17,510 - __main__ - INFO - Client connected: client_1747987397510
2025-05-23 01:03:17,511 - websockets.server - INFO - connection open
2025-05-23 01:03:17,511 - __main__ - INFO - Client connected: client_1747987397511
2025-05-23 01:03:17,513 - websockets.server - INFO - connection open
2025-05-23 01:03:17,513 - __main__ - INFO - Client connected: client_1747987397513
2025-05-23 01:03:17,514 - websockets.server - INFO - connection open
2025-05-23 01:03:17,514 - __main__ - INFO - Client connected: client_1747987397514
2025-05-23 01:03:22,536 - websockets.server - INFO - connection open
2025-05-23 01:03:22,537 - __main__ - INFO - Client connected: client_1747987402537
2025-05-23 01:03:22,539 - websockets.server - INFO - connection open
2025-05-23 01:03:22,539 - __main__ - INFO - Client connected: client_1747987402539
2025-05-23 01:03:22,540 - websockets.server - INFO - connection open
2025-05-23 01:03:22,540 - __main__ - INFO - Client connected: client_1747987402540
2025-05-23 01:03:22,540 - websockets.server - INFO - connection open
2025-05-23 01:03:22,540 - __main__ - INFO - Client connected: client_1747987402540
2025-05-23 01:03:27,558 - websockets.server - INFO - connection open
2025-05-23 01:03:27,559 - __main__ - INFO - Client connected: client_1747987407559
2025-05-23 01:03:27,560 - websockets.server - INFO - connection open
2025-05-23 01:03:27,561 - __main__ - INFO - Client connected: client_1747987407561
2025-05-23 01:03:27,561 - websockets.server - INFO - connection open
2025-05-23 01:03:27,561 - __main__ - INFO - Client connected: client_1747987407561
2025-05-23 01:03:27,563 - websockets.server - INFO - connection open
2025-05-23 01:03:27,563 - __main__ - INFO - Client connected: client_1747987407563
2025-05-23 01:03:29,989 - websockets.server - INFO - connection open
2025-05-23 01:03:29,991 - __main__ - INFO - Client connected: client_1747987409991
2025-05-23 01:03:32,588 - websockets.server - INFO - connection open
2025-05-23 01:03:32,597 - __main__ - INFO - Client connected: client_1747987412597
2025-05-23 01:03:32,600 - websockets.server - INFO - connection open
2025-05-23 01:03:32,601 - __main__ - INFO - Client connected: client_1747987412601
2025-05-23 01:03:32,611 - websockets.server - INFO - connection open
2025-05-23 01:03:32,612 - __main__ - INFO - Client connected: client_1747987412612
2025-05-23 01:03:32,615 - websockets.server - INFO - connection open
2025-05-23 01:03:32,615 - __main__ - INFO - Client connected: client_1747987412615
2025-05-23 01:03:37,638 - websockets.server - INFO - connection open
2025-05-23 01:03:37,639 - __main__ - INFO - Client connected: client_1747987417639
2025-05-23 01:03:37,641 - websockets.server - INFO - connection open
2025-05-23 01:03:37,641 - __main__ - INFO - Client connected: client_1747987417641
2025-05-23 01:03:37,642 - websockets.server - INFO - connection open
2025-05-23 01:03:37,642 - __main__ - INFO - Client connected: client_1747987417642
2025-05-23 01:03:37,643 - websockets.server - INFO - connection open
2025-05-23 01:03:37,643 - __main__ - INFO - Client connected: client_1747987417643
2025-05-23 01:03:42,674 - websockets.server - INFO - connection open
2025-05-23 01:03:42,675 - __main__ - INFO - Client connected: client_1747987422675
2025-05-23 01:03:42,676 - websockets.server - INFO - connection open
2025-05-23 01:03:42,676 - __main__ - INFO - Client connected: client_1747987422676
2025-05-23 01:03:42,677 - websockets.server - INFO - connection open
2025-05-23 01:03:42,677 - __main__ - INFO - Client connected: client_1747987422677
2025-05-23 01:03:42,677 - websockets.server - INFO - connection open
2025-05-23 01:03:42,677 - __main__ - INFO - Client connected: client_1747987422677
2025-05-23 01:03:47,703 - websockets.server - INFO - connection open
2025-05-23 01:03:47,705 - __main__ - INFO - Client connected: client_1747987427705
2025-05-23 01:03:47,706 - websockets.server - INFO - connection open
2025-05-23 01:03:47,706 - __main__ - INFO - Client connected: client_1747987427706
2025-05-23 01:03:47,707 - websockets.server - INFO - connection open
2025-05-23 01:03:47,707 - __main__ - INFO - Client connected: client_1747987427707
2025-05-23 01:03:47,708 - websockets.server - INFO - connection open
2025-05-23 01:03:47,708 - __main__ - INFO - Client connected: client_1747987427708
2025-05-23 01:03:52,724 - websockets.server - INFO - connection open
2025-05-23 01:03:52,726 - __main__ - INFO - Client connected: client_1747987432726
2025-05-23 01:03:52,728 - websockets.server - INFO - connection open
2025-05-23 01:03:52,728 - __main__ - INFO - Client connected: client_1747987432728
2025-05-23 01:03:52,729 - websockets.server - INFO - connection open
2025-05-23 01:03:52,729 - __main__ - INFO - Client connected: client_1747987432729
2025-05-23 01:03:52,731 - websockets.server - INFO - connection open
2025-05-23 01:03:52,732 - __main__ - INFO - Client connected: client_1747987432732
2025-05-23 01:03:57,825 - websockets.server - INFO - connection open
2025-05-23 01:03:57,826 - __main__ - INFO - Client connected: client_1747987437826
2025-05-23 01:03:57,827 - websockets.server - INFO - connection open
2025-05-23 01:03:57,828 - __main__ - INFO - Client connected: client_1747987437827
2025-05-23 01:03:57,828 - websockets.server - INFO - connection open
2025-05-23 01:03:57,828 - __main__ - INFO - Client connected: client_1747987437828
2025-05-23 01:03:57,831 - websockets.server - INFO - connection open
2025-05-23 01:03:57,831 - __main__ - INFO - Client connected: client_1747987437831
2025-05-23 01:04:02,898 - websockets.server - INFO - connection open
2025-05-23 01:04:02,901 - __main__ - INFO - Client connected: client_1747987442901
2025-05-23 01:04:02,903 - websockets.server - INFO - connection open
2025-05-23 01:04:02,903 - __main__ - INFO - Client connected: client_1747987442903
2025-05-23 01:04:02,904 - websockets.server - INFO - connection open
2025-05-23 01:04:02,904 - __main__ - INFO - Client connected: client_1747987442904
2025-05-23 01:04:02,904 - websockets.server - INFO - connection open
2025-05-23 01:04:02,905 - __main__ - INFO - Client connected: client_1747987442905
2025-05-23 01:04:07,919 - websockets.server - INFO - connection open
2025-05-23 01:04:07,919 - __main__ - INFO - Client connected: client_1747987447919
2025-05-23 01:04:07,920 - websockets.server - INFO - connection open
2025-05-23 01:04:07,920 - __main__ - INFO - Client connected: client_1747987447920
2025-05-23 01:04:07,921 - websockets.server - INFO - connection open
2025-05-23 01:04:07,921 - __main__ - INFO - Client connected: client_1747987447921
2025-05-23 01:04:07,924 - websockets.server - INFO - connection open
2025-05-23 01:04:07,925 - __main__ - INFO - Client connected: client_1747987447924
2025-05-23 01:04:12,942 - websockets.server - INFO - connection open
2025-05-23 01:04:12,943 - __main__ - INFO - Client connected: client_1747987452943
2025-05-23 01:04:12,944 - websockets.server - INFO - connection open
2025-05-23 01:04:12,944 - __main__ - INFO - Client connected: client_1747987452944
2025-05-23 01:04:12,944 - websockets.server - INFO - connection open
2025-05-23 01:04:12,944 - __main__ - INFO - Client connected: client_1747987452944
2025-05-23 01:04:12,944 - websockets.server - INFO - connection open
2025-05-23 01:04:12,945 - __main__ - INFO - Client connected: client_1747987452945
2025-05-23 01:04:13,249 - __main__ - INFO - Client disconnected: client_1747987409991
2025-05-23 01:04:13,254 - websockets.server - INFO - connection open
2025-05-23 01:04:13,254 - __main__ - INFO - Client connected: client_1747987453254
2025-05-23 01:04:17,985 - websockets.server - INFO - connection open
2025-05-23 01:04:17,987 - __main__ - INFO - Client connected: client_1747987457987
2025-05-23 01:04:17,990 - websockets.server - INFO - connection open
2025-05-23 01:04:17,990 - __main__ - INFO - Client connected: client_1747987457990
2025-05-23 01:04:17,991 - websockets.server - INFO - connection open
2025-05-23 01:04:17,991 - __main__ - INFO - Client connected: client_1747987457991
2025-05-23 01:04:18,032 - websockets.server - INFO - connection open
2025-05-23 01:04:18,032 - __main__ - INFO - Client connected: client_1747987458032
2025-05-23 01:04:23,033 - websockets.server - INFO - connection open
2025-05-23 01:04:23,034 - __main__ - INFO - Client connected: client_1747987463034
2025-05-23 01:04:23,035 - websockets.server - INFO - connection open
2025-05-23 01:04:23,035 - __main__ - INFO - Client connected: client_1747987463035
2025-05-23 01:04:23,046 - websockets.server - INFO - connection open
2025-05-23 01:04:23,047 - __main__ - INFO - Client connected: client_1747987463047
2025-05-23 01:04:23,053 - websockets.server - INFO - connection open
2025-05-23 01:04:23,054 - __main__ - INFO - Client connected: client_1747987463054
2025-05-23 01:04:28,067 - websockets.server - INFO - connection open
2025-05-23 01:04:28,067 - __main__ - INFO - Client connected: client_1747987468067
2025-05-23 01:04:28,068 - websockets.server - INFO - connection open
2025-05-23 01:04:28,069 - __main__ - INFO - Client connected: client_1747987468069
2025-05-23 01:04:28,069 - websockets.server - INFO - connection open
2025-05-23 01:04:28,069 - __main__ - INFO - Client connected: client_1747987468069
2025-05-23 01:04:28,070 - websockets.server - INFO - connection open
2025-05-23 01:04:28,070 - __main__ - INFO - Client connected: client_1747987468070
2025-05-23 01:04:33,085 - websockets.server - INFO - connection open
2025-05-23 01:04:33,086 - __main__ - INFO - Client connected: client_1747987473086
2025-05-23 01:04:33,126 - websockets.server - INFO - connection open
2025-05-23 01:04:33,126 - __main__ - INFO - Client connected: client_1747987473126
2025-05-23 01:04:33,141 - websockets.server - INFO - connection open
2025-05-23 01:04:33,150 - __main__ - INFO - Client connected: client_1747987473150
2025-05-23 01:04:33,153 - websockets.server - INFO - connection open
2025-05-23 01:04:33,161 - __main__ - INFO - Client connected: client_1747987473158
2025-05-23 01:04:38,142 - websockets.server - INFO - connection open
2025-05-23 01:04:38,143 - __main__ - INFO - Client connected: client_1747987478143
2025-05-23 01:04:38,189 - websockets.server - INFO - connection open
2025-05-23 01:04:38,190 - __main__ - INFO - Client connected: client_1747987478190
2025-05-23 01:04:38,190 - websockets.server - INFO - connection open
2025-05-23 01:04:38,191 - __main__ - INFO - Client connected: client_1747987478191
2025-05-23 01:04:38,227 - websockets.server - INFO - connection open
2025-05-23 01:04:38,227 - __main__ - INFO - Client connected: client_1747987478227
2025-05-23 01:04:43,161 - websockets.server - INFO - connection open
2025-05-23 01:04:43,162 - __main__ - INFO - Client connected: client_1747987483162
2025-05-23 01:04:43,202 - websockets.server - INFO - connection open
2025-05-23 01:04:43,202 - __main__ - INFO - Client connected: client_1747987483202
2025-05-23 01:04:43,206 - websockets.server - INFO - connection open
2025-05-23 01:04:43,206 - __main__ - INFO - Client connected: client_1747987483206
2025-05-23 01:04:43,247 - websockets.server - INFO - connection open
2025-05-23 01:04:43,247 - __main__ - INFO - Client connected: client_1747987483247
2025-05-23 01:04:48,175 - websockets.server - INFO - connection open
2025-05-23 01:04:48,176 - __main__ - INFO - Client connected: client_1747987488176
2025-05-23 01:04:48,211 - websockets.server - INFO - connection open
2025-05-23 01:04:48,211 - __main__ - INFO - Client connected: client_1747987488211
2025-05-23 01:04:48,213 - websockets.server - INFO - connection open
2025-05-23 01:04:48,213 - __main__ - INFO - Client connected: client_1747987488213
2025-05-23 01:04:48,261 - websockets.server - INFO - connection open
2025-05-23 01:04:48,262 - __main__ - INFO - Client connected: client_1747987488262
2025-05-23 01:04:53,186 - websockets.server - INFO - connection open
2025-05-23 01:04:53,187 - __main__ - INFO - Client connected: client_1747987493187
2025-05-23 01:04:53,223 - websockets.server - INFO - connection open
2025-05-23 01:04:53,223 - __main__ - INFO - Client connected: client_1747987493223
2025-05-23 01:04:53,225 - websockets.server - INFO - connection open
2025-05-23 01:04:53,226 - __main__ - INFO - Client connected: client_1747987493226
2025-05-23 01:04:53,269 - websockets.server - INFO - connection open
2025-05-23 01:04:53,269 - __main__ - INFO - Client connected: client_1747987493269
2025-05-23 01:04:58,193 - websockets.server - INFO - connection open
2025-05-23 01:04:58,193 - __main__ - INFO - Client connected: client_1747987498193
2025-05-23 01:04:58,234 - websockets.server - INFO - connection open
2025-05-23 01:04:58,235 - __main__ - INFO - Client connected: client_1747987498235
2025-05-23 01:04:58,235 - websockets.server - INFO - connection open
2025-05-23 01:04:58,236 - __main__ - INFO - Client connected: client_1747987498236
2025-05-23 01:04:58,275 - websockets.server - INFO - connection open
2025-05-23 01:04:58,275 - __main__ - INFO - Client connected: client_1747987498275
2025-05-23 01:04:59,562 - __main__ - INFO - Client disconnected: client_1747987284012
2025-05-23 01:04:59,709 - __main__ - INFO - Client disconnected: client_1747987284010
2025-05-23 01:04:59,801 - __main__ - INFO - Client disconnected: client_1747987453254
2025-05-23 01:04:59,806 - websockets.server - INFO - connection open
2025-05-23 01:04:59,806 - __main__ - INFO - Client connected: client_1747987499806
2025-05-23 01:04:59,918 - __main__ - INFO - Client disconnected: client_1747987284010
2025-05-23 01:05:03,206 - websockets.server - INFO - connection open
2025-05-23 01:05:03,207 - __main__ - INFO - Client connected: client_1747987503206
2025-05-23 01:05:03,250 - websockets.server - INFO - connection open
2025-05-23 01:05:03,251 - __main__ - INFO - Client connected: client_1747987503251
2025-05-23 01:05:03,251 - websockets.server - INFO - connection open
2025-05-23 01:05:03,251 - __main__ - INFO - Client connected: client_1747987503251
2025-05-23 01:05:03,285 - websockets.server - INFO - connection open
2025-05-23 01:05:03,285 - __main__ - INFO - Client connected: client_1747987503285
2025-05-23 01:05:08,334 - websockets.server - INFO - connection open
2025-05-23 01:05:08,337 - __main__ - INFO - Client connected: client_1747987508337
2025-05-23 01:05:08,339 - websockets.server - INFO - connection open
2025-05-23 01:05:08,339 - __main__ - INFO - Client connected: client_1747987508339
2025-05-23 01:05:08,339 - websockets.server - INFO - connection open
2025-05-23 01:05:08,339 - __main__ - INFO - Client connected: client_1747987508339
2025-05-23 01:05:08,340 - websockets.server - INFO - connection open
2025-05-23 01:05:08,340 - __main__ - INFO - Client connected: client_1747987508340
2025-05-23 01:05:11,125 - websockets.server - INFO - connection open
2025-05-23 01:05:11,127 - __main__ - INFO - Client connected: client_1747987511127
2025-05-23 01:05:11,129 - websockets.server - INFO - connection open
2025-05-23 01:05:11,129 - __main__ - INFO - Client connected: client_1747987511129
2025-05-23 01:05:13,381 - websockets.server - INFO - connection open
2025-05-23 01:05:13,382 - __main__ - INFO - Client connected: client_1747987513382
2025-05-23 01:05:13,382 - websockets.server - INFO - connection open
2025-05-23 01:05:13,383 - __main__ - INFO - Client connected: client_1747987513383
2025-05-23 01:05:13,383 - websockets.server - INFO - connection open
2025-05-23 01:05:13,383 - __main__ - INFO - Client connected: client_1747987513383
2025-05-23 01:05:13,383 - websockets.server - INFO - connection open
2025-05-23 01:05:13,384 - __main__ - INFO - Client connected: client_1747987513384
2025-05-23 01:05:18,430 - websockets.server - INFO - connection open
2025-05-23 01:05:18,431 - __main__ - INFO - Client connected: client_1747987518431
2025-05-23 01:05:18,432 - websockets.server - INFO - connection open
2025-05-23 01:05:18,433 - __main__ - INFO - Client connected: client_1747987518433
2025-05-23 01:05:18,433 - websockets.server - INFO - connection open
2025-05-23 01:05:18,434 - __main__ - INFO - Client connected: client_1747987518434
2025-05-23 01:05:18,434 - websockets.server - INFO - connection open
2025-05-23 01:05:18,435 - __main__ - INFO - Client connected: client_1747987518435
2025-05-23 01:05:23,499 - websockets.server - INFO - connection open
2025-05-23 01:05:23,502 - __main__ - INFO - Client connected: client_1747987523502
2025-05-23 01:05:23,504 - websockets.server - INFO - connection open
2025-05-23 01:05:23,504 - __main__ - INFO - Client connected: client_1747987523504
2025-05-23 01:05:23,505 - websockets.server - INFO - connection open
2025-05-23 01:05:23,506 - __main__ - INFO - Client connected: client_1747987523506
2025-05-23 01:05:23,506 - websockets.server - INFO - connection open
2025-05-23 01:05:23,506 - __main__ - INFO - Client connected: client_1747987523506
2025-05-23 01:05:28,542 - websockets.server - INFO - connection open
2025-05-23 01:05:28,544 - __main__ - INFO - Client connected: client_1747987528544
2025-05-23 01:05:28,545 - websockets.server - INFO - connection open
2025-05-23 01:05:28,545 - __main__ - INFO - Client connected: client_1747987528545
2025-05-23 01:05:28,545 - websockets.server - INFO - connection open
2025-05-23 01:05:28,545 - __main__ - INFO - Client connected: client_1747987528545
2025-05-23 01:05:28,546 - websockets.server - INFO - connection open
2025-05-23 01:05:28,546 - __main__ - INFO - Client connected: client_1747987528546
2025-05-23 01:05:33,580 - websockets.server - INFO - connection open
2025-05-23 01:05:33,584 - __main__ - INFO - Client connected: client_1747987533584
2025-05-23 01:05:33,586 - websockets.server - INFO - connection open
2025-05-23 01:05:33,587 - __main__ - INFO - Client connected: client_1747987533587
2025-05-23 01:05:33,587 - websockets.server - INFO - connection open
2025-05-23 01:05:33,588 - __main__ - INFO - Client connected: client_1747987533588
2025-05-23 01:05:33,588 - websockets.server - INFO - connection open
2025-05-23 01:05:33,588 - __main__ - INFO - Client connected: client_1747987533588
2025-05-23 01:05:38,626 - websockets.server - INFO - connection open
2025-05-23 01:05:38,627 - __main__ - INFO - Client connected: client_1747987538627
2025-05-23 01:05:38,628 - websockets.server - INFO - connection open
2025-05-23 01:05:38,628 - __main__ - INFO - Client connected: client_1747987538628
2025-05-23 01:05:38,630 - websockets.server - INFO - connection open
2025-05-23 01:05:38,630 - __main__ - INFO - Client connected: client_1747987538630
2025-05-23 01:05:38,631 - websockets.server - INFO - connection open
2025-05-23 01:05:38,631 - __main__ - INFO - Client connected: client_1747987538631
2025-05-23 01:05:43,702 - websockets.server - INFO - connection open
2025-05-23 01:05:43,705 - __main__ - INFO - Client connected: client_1747987543705
2025-05-23 01:05:43,709 - websockets.server - INFO - connection open
2025-05-23 01:05:43,709 - __main__ - INFO - Client connected: client_1747987543709
2025-05-23 01:05:43,711 - websockets.server - INFO - connection open
2025-05-23 01:05:43,711 - __main__ - INFO - Client connected: client_1747987543711
2025-05-23 01:05:43,713 - websockets.server - INFO - connection open
2025-05-23 01:05:43,713 - __main__ - INFO - Client connected: client_1747987543713
2025-05-23 01:05:48,787 - websockets.server - INFO - connection open
2025-05-23 01:05:48,789 - __main__ - INFO - Client connected: client_1747987548789
2025-05-23 01:05:48,791 - websockets.server - INFO - connection open
2025-05-23 01:05:48,791 - __main__ - INFO - Client connected: client_1747987548791
2025-05-23 01:05:48,792 - websockets.server - INFO - connection open
2025-05-23 01:05:48,793 - __main__ - INFO - Client connected: client_1747987548793
2025-05-23 01:05:48,817 - websockets.server - INFO - connection open
2025-05-23 01:05:48,818 - __main__ - INFO - Client connected: client_1747987548817
2025-05-23 01:05:53,861 - websockets.server - INFO - connection open
2025-05-23 01:05:53,864 - __main__ - INFO - Client connected: client_1747987553864
2025-05-23 01:05:53,867 - websockets.server - INFO - connection open
2025-05-23 01:05:53,867 - __main__ - INFO - Client connected: client_1747987553867
2025-05-23 01:05:53,870 - websockets.server - INFO - connection open
2025-05-23 01:05:53,871 - __main__ - INFO - Client connected: client_1747987553871
2025-05-23 01:05:53,872 - websockets.server - INFO - connection open
2025-05-23 01:05:53,873 - __main__ - INFO - Client connected: client_1747987553873
2025-05-23 01:05:58,921 - websockets.server - INFO - connection open
2025-05-23 01:05:58,922 - __main__ - INFO - Client connected: client_1747987558922
2025-05-23 01:05:58,923 - websockets.server - INFO - connection open
2025-05-23 01:05:58,923 - __main__ - INFO - Client connected: client_1747987558923
2025-05-23 01:05:58,924 - websockets.server - INFO - connection open
2025-05-23 01:05:58,924 - __main__ - INFO - Client connected: client_1747987558924
2025-05-23 01:05:58,924 - websockets.server - INFO - connection open
2025-05-23 01:05:58,924 - __main__ - INFO - Client connected: client_1747987558924
2025-05-23 01:06:03,966 - websockets.server - INFO - connection open
2025-05-23 01:06:03,967 - __main__ - INFO - Client connected: client_1747987563967
2025-05-23 01:06:03,968 - websockets.server - INFO - connection open
2025-05-23 01:06:03,968 - __main__ - INFO - Client connected: client_1747987563968
2025-05-23 01:06:03,969 - websockets.server - INFO - connection open
2025-05-23 01:06:03,969 - __main__ - INFO - Client connected: client_1747987563969
2025-05-23 01:06:03,969 - websockets.server - INFO - connection open
2025-05-23 01:06:03,969 - __main__ - INFO - Client connected: client_1747987563969
2025-05-23 01:06:08,994 - websockets.server - INFO - connection open
2025-05-23 01:06:08,995 - __main__ - INFO - Client connected: client_1747987568995
2025-05-23 01:06:08,997 - websockets.server - INFO - connection open
2025-05-23 01:06:08,997 - __main__ - INFO - Client connected: client_1747987568997
2025-05-23 01:06:08,998 - websockets.server - INFO - connection open
2025-05-23 01:06:08,998 - __main__ - INFO - Client connected: client_1747987568998
2025-05-23 01:06:08,998 - websockets.server - INFO - connection open
2025-05-23 01:06:08,998 - __main__ - INFO - Client connected: client_1747987568998
2025-05-23 01:06:14,420 - websockets.server - INFO - connection open
2025-05-23 01:06:14,428 - __main__ - INFO - Client connected: client_1747987574428
2025-05-23 01:06:14,433 - websockets.server - INFO - connection open
2025-05-23 01:06:14,434 - __main__ - INFO - Client connected: client_1747987574434
2025-05-23 01:06:14,456 - websockets.server - INFO - connection open
2025-05-23 01:06:14,456 - __main__ - INFO - Client connected: client_1747987574456
2025-05-23 01:06:14,457 - websockets.server - INFO - connection open
2025-05-23 01:06:14,457 - __main__ - INFO - Client connected: client_1747987574457
2025-05-23 01:06:19,514 - websockets.server - INFO - connection open
2025-05-23 01:06:19,517 - __main__ - INFO - Client connected: client_1747987579517
2025-05-23 01:06:19,518 - websockets.server - INFO - connection open
2025-05-23 01:06:19,518 - __main__ - INFO - Client connected: client_1747987579518
2025-05-23 01:06:19,518 - websockets.server - INFO - connection open
2025-05-23 01:06:19,519 - __main__ - INFO - Client connected: client_1747987579519
2025-05-23 01:06:19,519 - websockets.server - INFO - connection open
2025-05-23 01:06:19,519 - __main__ - INFO - Client connected: client_1747987579519
2025-05-23 01:06:19,818 - __main__ - INFO - Client disconnected: client_1747987499806
2025-05-23 01:06:24,548 - websockets.server - INFO - connection open
2025-05-23 01:06:24,549 - __main__ - INFO - Client connected: client_1747987584549
2025-05-23 01:06:24,550 - websockets.server - INFO - connection open
2025-05-23 01:06:24,550 - __main__ - INFO - Client connected: client_1747987584550
2025-05-23 01:06:24,551 - websockets.server - INFO - connection open
2025-05-23 01:06:24,551 - __main__ - INFO - Client connected: client_1747987584551
2025-05-23 01:06:24,551 - websockets.server - INFO - connection open
2025-05-23 01:06:24,551 - __main__ - INFO - Client connected: client_1747987584551
2025-05-23 01:06:24,710 - websockets.server - INFO - connection open
2025-05-23 01:06:24,710 - __main__ - INFO - Client connected: client_1747987584710
2025-05-23 01:06:29,573 - websockets.server - INFO - connection open
2025-05-23 01:06:29,574 - __main__ - INFO - Client connected: client_1747987589574
2025-05-23 01:06:29,575 - websockets.server - INFO - connection open
2025-05-23 01:06:29,575 - __main__ - INFO - Client connected: client_1747987589575
2025-05-23 01:06:29,575 - websockets.server - INFO - connection open
2025-05-23 01:06:29,575 - __main__ - INFO - Client connected: client_1747987589575
2025-05-23 01:06:29,576 - websockets.server - INFO - connection open
2025-05-23 01:06:29,576 - __main__ - INFO - Client connected: client_1747987589576
2025-05-23 01:06:32,842 - websockets.server - INFO - connection open
2025-05-23 01:06:32,845 - __main__ - INFO - Client connected: client_1747987592844
2025-05-23 01:06:32,982 - websockets.server - INFO - connection open
2025-05-23 01:06:32,982 - __main__ - INFO - Client connected: client_1747987592982
2025-05-23 01:06:33,161 - websockets.server - INFO - connection open
2025-05-23 01:06:33,161 - __main__ - INFO - Client connected: client_1747987593161
2025-05-23 01:06:34,621 - websockets.server - INFO - connection open
2025-05-23 01:06:34,622 - __main__ - INFO - Client connected: client_1747987594622
2025-05-23 01:06:34,623 - websockets.server - INFO - connection open
2025-05-23 01:06:34,623 - __main__ - INFO - Client connected: client_1747987594623
2025-05-23 01:06:34,624 - websockets.server - INFO - connection open
2025-05-23 01:06:34,624 - __main__ - INFO - Client connected: client_1747987594624
2025-05-23 01:06:34,625 - websockets.server - INFO - connection open
2025-05-23 01:06:34,626 - __main__ - INFO - Client connected: client_1747987594626
2025-05-23 01:06:39,815 - websockets.server - INFO - connection open
2025-05-23 01:06:39,818 - __main__ - INFO - Client connected: client_1747987599817
2025-05-23 01:06:39,822 - websockets.server - INFO - connection open
2025-05-23 01:06:39,822 - __main__ - INFO - Client connected: client_1747987599822
2025-05-23 01:06:39,824 - websockets.server - INFO - connection open
2025-05-23 01:06:39,826 - __main__ - INFO - Client connected: client_1747987599826
2025-05-23 01:06:39,827 - websockets.server - INFO - connection open
2025-05-23 01:06:39,827 - __main__ - INFO - Client connected: client_1747987599827
2025-05-23 01:06:45,694 - websockets.server - INFO - connection open
2025-05-23 01:06:45,704 - __main__ - INFO - Client connected: client_1747987605704
2025-05-23 01:06:45,710 - websockets.server - INFO - connection open
2025-05-23 01:06:45,711 - __main__ - INFO - Client connected: client_1747987605711
2025-05-23 01:06:45,712 - websockets.server - INFO - connection open
2025-05-23 01:06:45,712 - __main__ - INFO - Client connected: client_1747987605712
2025-05-23 01:06:45,712 - websockets.server - INFO - connection open
2025-05-23 01:06:45,713 - __main__ - INFO - Client connected: client_1747987605713
2025-05-23 01:06:51,014 - websockets.server - INFO - connection open
2025-05-23 01:06:51,019 - __main__ - INFO - Client connected: client_1747987611019
2025-05-23 01:06:51,023 - websockets.server - INFO - connection open
2025-05-23 01:06:51,024 - __main__ - INFO - Client connected: client_1747987611024
2025-05-23 01:06:51,026 - websockets.server - INFO - connection open
2025-05-23 01:06:51,027 - __main__ - INFO - Client connected: client_1747987611027
2025-05-23 01:06:51,027 - websockets.server - INFO - connection open
2025-05-23 01:06:51,028 - __main__ - INFO - Client connected: client_1747987611028
2025-05-23 01:06:56,043 - websockets.server - INFO - connection open
2025-05-23 01:06:56,044 - __main__ - INFO - Client connected: client_1747987616044
2025-05-23 01:06:56,047 - websockets.server - INFO - connection open
2025-05-23 01:06:56,047 - __main__ - INFO - Client connected: client_1747987616047
2025-05-23 01:06:56,048 - websockets.server - INFO - connection open
2025-05-23 01:06:56,048 - __main__ - INFO - Client connected: client_1747987616048
2025-05-23 01:06:56,070 - websockets.server - INFO - connection open
2025-05-23 01:06:56,070 - __main__ - INFO - Client connected: client_1747987616070
2025-05-23 01:07:01,254 - websockets.server - INFO - connection open
2025-05-23 01:07:01,258 - __main__ - INFO - Client connected: client_1747987621257
2025-05-23 01:07:01,267 - websockets.server - INFO - connection open
2025-05-23 01:07:01,268 - __main__ - INFO - Client connected: client_1747987621268
2025-05-23 01:07:01,276 - websockets.server - INFO - connection open
2025-05-23 01:07:01,278 - __main__ - INFO - Client connected: client_1747987621278
2025-05-23 01:07:01,294 - websockets.server - INFO - connection open
2025-05-23 01:07:01,294 - __main__ - INFO - Client connected: client_1747987621294
2025-05-23 01:07:06,333 - websockets.server - INFO - connection open
2025-05-23 01:07:06,335 - __main__ - INFO - Client connected: client_1747987626335
2025-05-23 01:07:06,337 - websockets.server - INFO - connection open
2025-05-23 01:07:06,337 - __main__ - INFO - Client connected: client_1747987626337
2025-05-23 01:07:06,339 - websockets.server - INFO - connection open
2025-05-23 01:07:06,339 - __main__ - INFO - Client connected: client_1747987626339
2025-05-23 01:07:06,343 - websockets.server - INFO - connection open
2025-05-23 01:07:06,343 - __main__ - INFO - Client connected: client_1747987626343
2025-05-23 01:07:07,191 - __main__ - INFO - Client disconnected: client_1747987584710
2025-05-23 01:07:07,198 - websockets.server - INFO - connection open
2025-05-23 01:07:07,198 - __main__ - INFO - Client connected: client_1747987627198
2025-05-23 01:07:11,354 - websockets.server - INFO - connection open
2025-05-23 01:07:11,354 - __main__ - INFO - Client connected: client_1747987631354
2025-05-23 01:07:11,361 - websockets.server - INFO - connection open
2025-05-23 01:07:11,361 - __main__ - INFO - Client connected: client_1747987631361
2025-05-23 01:07:11,362 - websockets.server - INFO - connection open
2025-05-23 01:07:11,362 - __main__ - INFO - Client connected: client_1747987631362
2025-05-23 01:07:11,369 - websockets.server - INFO - connection open
2025-05-23 01:07:11,369 - __main__ - INFO - Client connected: client_1747987631369
2025-05-23 01:07:16,413 - websockets.server - INFO - connection open
2025-05-23 01:07:16,414 - __main__ - INFO - Client connected: client_1747987636414
2025-05-23 01:07:16,415 - websockets.server - INFO - connection open
2025-05-23 01:07:16,415 - __main__ - INFO - Client connected: client_1747987636415
2025-05-23 01:07:16,415 - websockets.server - INFO - connection open
2025-05-23 01:07:16,416 - __main__ - INFO - Client connected: client_1747987636416
2025-05-23 01:07:16,416 - websockets.server - INFO - connection open
2025-05-23 01:07:16,416 - __main__ - INFO - Client connected: client_1747987636416
2025-05-23 01:07:21,430 - websockets.server - INFO - connection open
2025-05-23 01:07:21,432 - __main__ - INFO - Client connected: client_1747987641431
2025-05-23 01:07:21,432 - websockets.server - INFO - connection open
2025-05-23 01:07:21,433 - __main__ - INFO - Client connected: client_1747987641433
2025-05-23 01:07:21,433 - websockets.server - INFO - connection open
2025-05-23 01:07:21,433 - __main__ - INFO - Client connected: client_1747987641433
2025-05-23 01:07:21,434 - websockets.server - INFO - connection open
2025-05-23 01:07:21,435 - __main__ - INFO - Client connected: client_1747987641435
2025-05-23 01:07:22,851 - __main__ - INFO - Client disconnected: client_1747987592844
2025-05-23 01:07:22,987 - __main__ - INFO - Client disconnected: client_1747987592982
2025-05-23 01:07:23,165 - __main__ - INFO - Client disconnected: client_1747987593161
2025-05-23 01:07:26,445 - websockets.server - INFO - connection open
2025-05-23 01:07:26,445 - __main__ - INFO - Client connected: client_1747987646445
2025-05-23 01:07:26,446 - websockets.server - INFO - connection open
2025-05-23 01:07:26,446 - __main__ - INFO - Client connected: client_1747987646446
2025-05-23 01:07:26,447 - websockets.server - INFO - connection open
2025-05-23 01:07:26,447 - __main__ - INFO - Client connected: client_1747987646447
2025-05-23 01:07:26,447 - websockets.server - INFO - connection open
2025-05-23 01:07:26,447 - __main__ - INFO - Client connected: client_1747987646447
2025-05-23 01:07:31,467 - websockets.server - INFO - connection open
2025-05-23 01:07:31,468 - __main__ - INFO - Client connected: client_1747987651468
2025-05-23 01:07:31,468 - websockets.server - INFO - connection open
2025-05-23 01:07:31,468 - __main__ - INFO - Client connected: client_1747987651468
2025-05-23 01:07:31,468 - websockets.server - INFO - connection open
2025-05-23 01:07:31,468 - __main__ - INFO - Client connected: client_1747987651468
2025-05-23 01:07:31,469 - websockets.server - INFO - connection open
2025-05-23 01:07:31,469 - __main__ - INFO - Client connected: client_1747987651469
2025-05-23 01:07:36,486 - websockets.server - INFO - connection open
2025-05-23 01:07:36,487 - __main__ - INFO - Client connected: client_1747987656487
2025-05-23 01:07:36,519 - websockets.server - INFO - connection open
2025-05-23 01:07:36,520 - __main__ - INFO - Client connected: client_1747987656520
2025-05-23 01:07:36,521 - websockets.server - INFO - connection open
2025-05-23 01:07:36,521 - __main__ - INFO - Client connected: client_1747987656521
2025-05-23 01:07:36,521 - websockets.server - INFO - connection open
2025-05-23 01:07:36,522 - __main__ - INFO - Client connected: client_1747987656522
2025-05-23 01:07:41,575 - websockets.server - INFO - connection open
2025-05-23 01:07:41,577 - __main__ - INFO - Client connected: client_1747987661577
2025-05-23 01:07:41,579 - websockets.server - INFO - connection open
2025-05-23 01:07:41,580 - __main__ - INFO - Client connected: client_1747987661580
2025-05-23 01:07:41,581 - websockets.server - INFO - connection open
2025-05-23 01:07:41,582 - __main__ - INFO - Client connected: client_1747987661582
2025-05-23 01:07:41,583 - websockets.server - INFO - connection open
2025-05-23 01:07:41,584 - __main__ - INFO - Client connected: client_1747987661584
2025-05-23 01:07:46,661 - websockets.server - INFO - connection open
2025-05-23 01:07:46,663 - __main__ - INFO - Client connected: client_1747987666663
2025-05-23 01:07:46,664 - websockets.server - INFO - connection open
2025-05-23 01:07:46,664 - __main__ - INFO - Client connected: client_1747987666664
2025-05-23 01:07:46,665 - websockets.server - INFO - connection open
2025-05-23 01:07:46,665 - __main__ - INFO - Client connected: client_1747987666665
2025-05-23 01:07:46,665 - websockets.server - INFO - connection open
2025-05-23 01:07:46,665 - __main__ - INFO - Client connected: client_1747987666665
2025-05-23 01:07:51,745 - websockets.server - INFO - connection open
2025-05-23 01:07:51,747 - __main__ - INFO - Client connected: client_1747987671747
2025-05-23 01:07:51,748 - websockets.server - INFO - connection open
2025-05-23 01:07:51,748 - __main__ - INFO - Client connected: client_1747987671748
2025-05-23 01:07:51,750 - websockets.server - INFO - connection open
2025-05-23 01:07:51,751 - __main__ - INFO - Client connected: client_1747987671751
2025-05-23 01:07:51,752 - websockets.server - INFO - connection open
2025-05-23 01:07:51,752 - __main__ - INFO - Client connected: client_1747987671752
2025-05-23 01:07:56,820 - websockets.server - INFO - connection open
2025-05-23 01:07:56,821 - __main__ - INFO - Client connected: client_1747987676821
2025-05-23 01:07:56,823 - websockets.server - INFO - connection open
2025-05-23 01:07:56,823 - __main__ - INFO - Client connected: client_1747987676823
2025-05-23 01:07:56,823 - websockets.server - INFO - connection open
2025-05-23 01:07:56,823 - __main__ - INFO - Client connected: client_1747987676823
2025-05-23 01:07:56,824 - websockets.server - INFO - connection open
2025-05-23 01:07:56,824 - __main__ - INFO - Client connected: client_1747987676824
2025-05-23 01:08:01,879 - websockets.server - INFO - connection open
2025-05-23 01:08:01,880 - __main__ - INFO - Client connected: client_1747987681880
2025-05-23 01:08:01,881 - websockets.server - INFO - connection open
2025-05-23 01:08:01,881 - __main__ - INFO - Client connected: client_1747987681881
2025-05-23 01:08:01,882 - websockets.server - INFO - connection open
2025-05-23 01:08:01,882 - __main__ - INFO - Client connected: client_1747987681882
2025-05-23 01:08:01,882 - websockets.server - INFO - connection open
2025-05-23 01:08:01,882 - __main__ - INFO - Client connected: client_1747987681882
2025-05-23 01:08:06,907 - websockets.server - INFO - connection open
2025-05-23 01:08:06,908 - __main__ - INFO - Client connected: client_1747987686908
2025-05-23 01:08:06,909 - websockets.server - INFO - connection open
2025-05-23 01:08:06,909 - __main__ - INFO - Client connected: client_1747987686909
2025-05-23 01:08:06,909 - websockets.server - INFO - connection open
2025-05-23 01:08:06,909 - __main__ - INFO - Client connected: client_1747987686909
2025-05-23 01:08:06,910 - websockets.server - INFO - connection open
2025-05-23 01:08:06,910 - __main__ - INFO - Client connected: client_1747987686910
2025-05-23 01:08:11,925 - websockets.server - INFO - connection open
2025-05-23 01:08:11,926 - __main__ - INFO - Client connected: client_1747987691926
2025-05-23 01:08:11,928 - websockets.server - INFO - connection open
2025-05-23 01:08:11,928 - __main__ - INFO - Client connected: client_1747987691928
2025-05-23 01:08:11,929 - websockets.server - INFO - connection open
2025-05-23 01:08:11,929 - __main__ - INFO - Client connected: client_1747987691929
2025-05-23 01:08:11,931 - websockets.server - INFO - connection open
2025-05-23 01:08:11,931 - __main__ - INFO - Client connected: client_1747987691931
2025-05-23 01:08:16,971 - websockets.server - INFO - connection open
2025-05-23 01:08:16,973 - __main__ - INFO - Client connected: client_1747987696973
2025-05-23 01:08:16,982 - websockets.server - INFO - connection open
2025-05-23 01:08:16,983 - __main__ - INFO - Client connected: client_1747987696983
2025-05-23 01:08:16,987 - websockets.server - INFO - connection open
2025-05-23 01:08:16,987 - __main__ - INFO - Client connected: client_1747987696987
2025-05-23 01:08:16,988 - websockets.server - INFO - connection open
2025-05-23 01:08:16,988 - __main__ - INFO - Client connected: client_1747987696988
2025-05-23 01:08:22,017 - websockets.server - INFO - connection open
2025-05-23 01:08:22,022 - __main__ - INFO - Client connected: client_1747987702022
2025-05-23 01:08:22,026 - websockets.server - INFO - connection open
2025-05-23 01:08:22,028 - __main__ - INFO - Client connected: client_1747987702027
2025-05-23 01:08:22,030 - websockets.server - INFO - connection open
2025-05-23 01:08:22,031 - __main__ - INFO - Client connected: client_1747987702031
2025-05-23 01:08:22,032 - websockets.server - INFO - connection open
2025-05-23 01:08:22,032 - __main__ - INFO - Client connected: client_1747987702032
2025-05-23 01:08:27,103 - websockets.server - INFO - connection open
2025-05-23 01:08:27,105 - __main__ - INFO - Client connected: client_1747987707105
2025-05-23 01:08:27,106 - websockets.server - INFO - connection open
2025-05-23 01:08:27,106 - __main__ - INFO - Client connected: client_1747987707106
2025-05-23 01:08:27,107 - websockets.server - INFO - connection open
2025-05-23 01:08:27,108 - __main__ - INFO - Client connected: client_1747987707108
2025-05-23 01:08:27,108 - websockets.server - INFO - connection open
2025-05-23 01:08:27,108 - __main__ - INFO - Client connected: client_1747987707108
2025-05-23 01:08:27,231 - __main__ - INFO - Client disconnected: client_1747987627198
2025-05-23 01:08:27,504 - websockets.server - INFO - connection open
2025-05-23 01:08:27,505 - __main__ - INFO - Client connected: client_1747987707505
2025-05-23 01:08:32,150 - websockets.server - INFO - connection open
2025-05-23 01:08:32,151 - __main__ - INFO - Client connected: client_1747987712151
2025-05-23 01:08:32,153 - websockets.server - INFO - connection open
2025-05-23 01:08:32,153 - __main__ - INFO - Client connected: client_1747987712153
2025-05-23 01:08:32,154 - websockets.server - INFO - connection open
2025-05-23 01:08:32,154 - __main__ - INFO - Client connected: client_1747987712154
2025-05-23 01:08:32,155 - websockets.server - INFO - connection open
2025-05-23 01:08:32,155 - __main__ - INFO - Client connected: client_1747987712155
2025-05-23 01:08:37,215 - websockets.server - INFO - connection open
2025-05-23 01:08:37,237 - __main__ - INFO - Client connected: client_1747987717237
2025-05-23 01:08:37,239 - websockets.server - INFO - connection open
2025-05-23 01:08:37,239 - __main__ - INFO - Client connected: client_1747987717239
2025-05-23 01:08:37,241 - websockets.server - INFO - connection open
2025-05-23 01:08:37,241 - __main__ - INFO - Client connected: client_1747987717241
2025-05-23 01:08:37,242 - websockets.server - INFO - connection open
2025-05-23 01:08:37,242 - __main__ - INFO - Client connected: client_1747987717242
2025-05-23 01:08:42,294 - websockets.server - INFO - connection open
2025-05-23 01:08:42,296 - __main__ - INFO - Client connected: client_1747987722296
2025-05-23 01:08:42,297 - websockets.server - INFO - connection open
2025-05-23 01:08:42,297 - __main__ - INFO - Client connected: client_1747987722297
2025-05-23 01:08:42,298 - websockets.server - INFO - connection open
2025-05-23 01:08:42,298 - __main__ - INFO - Client connected: client_1747987722298
2025-05-23 01:08:42,298 - websockets.server - INFO - connection open
2025-05-23 01:08:42,298 - __main__ - INFO - Client connected: client_1747987722298
2025-05-23 01:08:47,347 - websockets.server - INFO - connection open
2025-05-23 01:08:47,349 - __main__ - INFO - Client connected: client_1747987727349
2025-05-23 01:08:47,350 - websockets.server - INFO - connection open
2025-05-23 01:08:47,350 - __main__ - INFO - Client connected: client_1747987727350
2025-05-23 01:08:47,351 - websockets.server - INFO - connection open
2025-05-23 01:08:47,351 - __main__ - INFO - Client connected: client_1747987727351
2025-05-23 01:08:47,351 - websockets.server - INFO - connection open
2025-05-23 01:08:47,351 - __main__ - INFO - Client connected: client_1747987727351
2025-05-23 01:08:52,388 - websockets.server - INFO - connection open
2025-05-23 01:08:52,393 - __main__ - INFO - Client connected: client_1747987732393
2025-05-23 01:08:52,394 - websockets.server - INFO - connection open
2025-05-23 01:08:52,395 - __main__ - INFO - Client connected: client_1747987732395
2025-05-23 01:08:52,395 - websockets.server - INFO - connection open
2025-05-23 01:08:52,395 - __main__ - INFO - Client connected: client_1747987732395
2025-05-23 01:08:52,395 - websockets.server - INFO - connection open
2025-05-23 01:08:52,396 - __main__ - INFO - Client connected: client_1747987732396
2025-05-23 01:08:57,602 - websockets.server - INFO - connection open
2025-05-23 01:08:57,604 - __main__ - INFO - Client connected: client_1747987737603
2025-05-23 01:08:57,607 - websockets.server - INFO - connection open
2025-05-23 01:08:57,607 - __main__ - INFO - Client connected: client_1747987737607
2025-05-23 01:08:57,609 - websockets.server - INFO - connection open
2025-05-23 01:08:57,609 - __main__ - INFO - Client connected: client_1747987737609
2025-05-23 01:08:57,613 - websockets.server - INFO - connection open
2025-05-23 01:08:57,613 - __main__ - INFO - Client connected: client_1747987737613
2025-05-23 01:09:02,599 - websockets.server - INFO - connection open
2025-05-23 01:09:02,601 - __main__ - INFO - Client connected: client_1747987742601
2025-05-23 01:09:02,631 - websockets.server - INFO - connection open
2025-05-23 01:09:02,631 - __main__ - INFO - Client connected: client_1747987742631
2025-05-23 01:09:02,660 - websockets.server - INFO - connection open
2025-05-23 01:09:02,661 - __main__ - INFO - Client connected: client_1747987742661
2025-05-23 01:09:02,662 - websockets.server - INFO - connection open
2025-05-23 01:09:02,662 - __main__ - INFO - Client connected: client_1747987742662
2025-05-23 01:09:02,663 - websockets.server - INFO - connection open
2025-05-23 01:09:02,663 - __main__ - INFO - Client connected: client_1747987742663
2025-05-23 01:09:02,667 - websockets.server - INFO - connection open
2025-05-23 01:09:02,667 - __main__ - INFO - Client connected: client_1747987742667
2025-05-23 01:09:02,718 - websockets.server - INFO - connection open
2025-05-23 01:09:02,719 - __main__ - INFO - Client connected: client_1747987742719
2025-05-23 01:09:07,749 - websockets.server - INFO - connection open
2025-05-23 01:09:07,750 - __main__ - INFO - Client connected: client_1747987747750
2025-05-23 01:09:07,751 - websockets.server - INFO - connection open
2025-05-23 01:09:07,751 - __main__ - INFO - Client connected: client_1747987747751
2025-05-23 01:09:07,756 - websockets.server - INFO - connection open
2025-05-23 01:09:07,757 - __main__ - INFO - Client connected: client_1747987747757
2025-05-23 01:09:07,788 - websockets.server - INFO - connection open
2025-05-23 01:09:07,789 - __main__ - INFO - Client connected: client_1747987747789
2025-05-23 01:09:12,895 - websockets.server - INFO - connection open
2025-05-23 01:09:12,897 - __main__ - INFO - Client connected: client_1747987752897
2025-05-23 01:09:12,900 - websockets.server - INFO - connection open
2025-05-23 01:09:12,900 - __main__ - INFO - Client connected: client_1747987752900
2025-05-23 01:09:12,924 - websockets.server - INFO - connection open
2025-05-23 01:09:12,924 - __main__ - INFO - Client connected: client_1747987752924
2025-05-23 01:09:12,933 - websockets.server - INFO - connection open
2025-05-23 01:09:12,934 - __main__ - INFO - Client connected: client_1747987752934
2025-05-23 01:09:18,006 - websockets.server - INFO - connection open
2025-05-23 01:09:18,008 - __main__ - INFO - Client connected: client_1747987758008
2025-05-23 01:09:18,009 - websockets.server - INFO - connection open
2025-05-23 01:09:18,009 - __main__ - INFO - Client connected: client_1747987758009
2025-05-23 01:09:18,010 - websockets.server - INFO - connection open
2025-05-23 01:09:18,010 - __main__ - INFO - Client connected: client_1747987758010
2025-05-23 01:09:18,011 - websockets.server - INFO - connection open
2025-05-23 01:09:18,011 - __main__ - INFO - Client connected: client_1747987758011
2025-05-23 01:09:23,153 - websockets.server - INFO - connection open
2025-05-23 01:09:23,156 - __main__ - INFO - Client connected: client_1747987763155
2025-05-23 01:09:23,157 - websockets.server - INFO - connection open
2025-05-23 01:09:23,157 - __main__ - INFO - Client connected: client_1747987763157
2025-05-23 01:09:23,158 - websockets.server - INFO - connection open
2025-05-23 01:09:23,158 - __main__ - INFO - Client connected: client_1747987763158
2025-05-23 01:09:23,159 - websockets.server - INFO - connection open
2025-05-23 01:09:23,159 - __main__ - INFO - Client connected: client_1747987763159
2025-05-23 01:09:28,264 - websockets.server - INFO - connection open
2025-05-23 01:09:28,265 - __main__ - INFO - Client connected: client_1747987768265
2025-05-23 01:09:28,267 - websockets.server - INFO - connection open
2025-05-23 01:09:28,268 - __main__ - INFO - Client connected: client_1747987768268
2025-05-23 01:09:28,269 - websockets.server - INFO - connection open
2025-05-23 01:09:28,269 - __main__ - INFO - Client connected: client_1747987768269
2025-05-23 01:09:28,270 - websockets.server - INFO - connection open
2025-05-23 01:09:28,270 - __main__ - INFO - Client connected: client_1747987768270
2025-05-23 01:09:33,304 - websockets.server - INFO - connection open
2025-05-23 01:09:33,306 - __main__ - INFO - Client connected: client_1747987773306
2025-05-23 01:09:33,307 - websockets.server - INFO - connection open
2025-05-23 01:09:33,307 - __main__ - INFO - Client connected: client_1747987773307
2025-05-23 01:09:33,307 - websockets.server - INFO - connection open
2025-05-23 01:09:33,308 - __main__ - INFO - Client connected: client_1747987773308
2025-05-23 01:09:33,317 - websockets.server - INFO - connection open
2025-05-23 01:09:33,317 - __main__ - INFO - Client connected: client_1747987773317
2025-05-23 01:09:38,414 - websockets.server - INFO - connection open
2025-05-23 01:09:38,416 - __main__ - INFO - Client connected: client_1747987778416
2025-05-23 01:09:38,418 - websockets.server - INFO - connection open
2025-05-23 01:09:38,419 - __main__ - INFO - Client connected: client_1747987778419
2025-05-23 01:09:38,420 - websockets.server - INFO - connection open
2025-05-23 01:09:38,420 - __main__ - INFO - Client connected: client_1747987778420
2025-05-23 01:09:38,420 - websockets.server - INFO - connection open
2025-05-23 01:09:38,421 - __main__ - INFO - Client connected: client_1747987778421
2025-05-23 01:09:43,469 - websockets.server - INFO - connection open
2025-05-23 01:09:43,470 - __main__ - INFO - Client connected: client_1747987783470
2025-05-23 01:09:43,474 - websockets.server - INFO - connection open
2025-05-23 01:09:43,474 - __main__ - INFO - Client connected: client_1747987783474
2025-05-23 01:09:43,483 - websockets.server - INFO - connection open
2025-05-23 01:09:43,483 - __main__ - INFO - Client connected: client_1747987783483
2025-05-23 01:09:43,492 - websockets.server - INFO - connection open
2025-05-23 01:09:43,492 - __main__ - INFO - Client connected: client_1747987783492
2025-05-23 01:09:47,141 - __main__ - INFO - Client disconnected: client_1747987742719
2025-05-23 01:09:47,175 - __main__ - INFO - Client disconnected: client_1747987742631
2025-05-23 01:09:47,246 - __main__ - INFO - Client disconnected: client_1747987742601
2025-05-23 01:09:47,574 - __main__ - INFO - Client disconnected: client_1747987707505
2025-05-23 01:09:48,541 - websockets.server - INFO - connection open
2025-05-23 01:09:48,542 - __main__ - INFO - Client connected: client_1747987788542
2025-05-23 01:09:48,554 - websockets.server - INFO - connection open
2025-05-23 01:09:48,554 - __main__ - INFO - Client connected: client_1747987788554
2025-05-23 01:09:48,559 - websockets.server - INFO - connection open
2025-05-23 01:09:48,559 - __main__ - INFO - Client connected: client_1747987788559
2025-05-23 01:09:48,567 - websockets.server - INFO - connection open
2025-05-23 01:09:48,567 - __main__ - INFO - Client connected: client_1747987788567
2025-05-23 01:09:49,817 - websockets.server - INFO - connection open
2025-05-23 01:09:49,818 - __main__ - INFO - Client connected: client_1747987789818
2025-05-23 01:09:53,569 - websockets.server - INFO - connection open
2025-05-23 01:09:53,571 - __main__ - INFO - Client connected: client_1747987793571
2025-05-23 01:09:53,579 - websockets.server - INFO - connection open
2025-05-23 01:09:53,579 - __main__ - INFO - Client connected: client_1747987793579
2025-05-23 01:09:53,584 - websockets.server - INFO - connection open
2025-05-23 01:09:53,584 - __main__ - INFO - Client connected: client_1747987793584
2025-05-23 01:09:53,589 - websockets.server - INFO - connection open
2025-05-23 01:09:53,589 - __main__ - INFO - Client connected: client_1747987793589
2025-05-23 01:09:58,873 - websockets.server - INFO - connection open
2025-05-23 01:09:58,879 - __main__ - INFO - Client connected: client_1747987798879
2025-05-23 01:09:58,882 - websockets.server - INFO - connection open
2025-05-23 01:09:58,882 - __main__ - INFO - Client connected: client_1747987798882
2025-05-23 01:09:58,883 - websockets.server - INFO - connection open
2025-05-23 01:09:58,883 - __main__ - INFO - Client connected: client_1747987798883
2025-05-23 01:09:58,886 - websockets.server - INFO - connection open
2025-05-23 01:09:58,886 - __main__ - INFO - Client connected: client_1747987798886
2025-05-23 01:10:03,933 - websockets.server - INFO - connection open
2025-05-23 01:10:03,934 - __main__ - INFO - Client connected: client_1747987803934
2025-05-23 01:10:03,936 - websockets.server - INFO - connection open
2025-05-23 01:10:03,937 - __main__ - INFO - Client connected: client_1747987803937
2025-05-23 01:10:03,937 - websockets.server - INFO - connection open
2025-05-23 01:10:03,937 - __main__ - INFO - Client connected: client_1747987803937
2025-05-23 01:10:03,938 - websockets.server - INFO - connection open
2025-05-23 01:10:03,938 - __main__ - INFO - Client connected: client_1747987803938
2025-05-23 01:10:08,966 - websockets.server - INFO - connection open
2025-05-23 01:10:08,968 - __main__ - INFO - Client connected: client_1747987808968
2025-05-23 01:10:08,969 - websockets.server - INFO - connection open
2025-05-23 01:10:08,969 - __main__ - INFO - Client connected: client_1747987808969
2025-05-23 01:10:08,970 - websockets.server - INFO - connection open
2025-05-23 01:10:08,970 - __main__ - INFO - Client connected: client_1747987808970
2025-05-23 01:10:08,971 - websockets.server - INFO - connection open
2025-05-23 01:10:08,971 - __main__ - INFO - Client connected: client_1747987808971
2025-05-23 01:10:13,995 - websockets.server - INFO - connection open
2025-05-23 01:10:13,998 - __main__ - INFO - Client connected: client_1747987813998
2025-05-23 01:10:14,000 - websockets.server - INFO - connection open
2025-05-23 01:10:14,000 - __main__ - INFO - Client connected: client_1747987814000
2025-05-23 01:10:14,001 - websockets.server - INFO - connection open
2025-05-23 01:10:14,001 - __main__ - INFO - Client connected: client_1747987814001
2025-05-23 01:10:14,001 - websockets.server - INFO - connection open
2025-05-23 01:10:14,002 - __main__ - INFO - Client connected: client_1747987814002
2025-05-23 01:10:19,045 - websockets.server - INFO - connection open
2025-05-23 01:10:19,046 - __main__ - INFO - Client connected: client_1747987819046
2025-05-23 01:10:19,048 - websockets.server - INFO - connection open
2025-05-23 01:10:19,048 - __main__ - INFO - Client connected: client_1747987819048
2025-05-23 01:10:19,049 - websockets.server - INFO - connection open
2025-05-23 01:10:19,049 - __main__ - INFO - Client connected: client_1747987819049
2025-05-23 01:10:19,050 - websockets.server - INFO - connection open
2025-05-23 01:10:19,050 - __main__ - INFO - Client connected: client_1747987819050
2025-05-23 01:10:24,101 - websockets.server - INFO - connection open
2025-05-23 01:10:24,105 - __main__ - INFO - Client connected: client_1747987824105
2025-05-23 01:10:24,108 - websockets.server - INFO - connection open
2025-05-23 01:10:24,108 - __main__ - INFO - Client connected: client_1747987824108
2025-05-23 01:10:24,109 - websockets.server - INFO - connection open
2025-05-23 01:10:24,110 - __main__ - INFO - Client connected: client_1747987824110
2025-05-23 01:10:24,110 - websockets.server - INFO - connection open
2025-05-23 01:10:24,110 - __main__ - INFO - Client connected: client_1747987824110
2025-05-23 01:10:29,184 - websockets.server - INFO - connection open
2025-05-23 01:10:29,185 - __main__ - INFO - Client connected: client_1747987829185
2025-05-23 01:10:29,188 - websockets.server - INFO - connection open
2025-05-23 01:10:29,188 - __main__ - INFO - Client connected: client_1747987829188
2025-05-23 01:10:29,189 - websockets.server - INFO - connection open
2025-05-23 01:10:29,189 - __main__ - INFO - Client connected: client_1747987829189
2025-05-23 01:10:29,190 - websockets.server - INFO - connection open
2025-05-23 01:10:29,190 - __main__ - INFO - Client connected: client_1747987829190
2025-05-23 01:10:32,447 - __main__ - INFO - Client disconnected: client_1747987789818
2025-05-23 01:10:32,457 - websockets.server - INFO - connection open
2025-05-23 01:10:32,458 - __main__ - INFO - Client connected: client_1747987832458
2025-05-23 01:10:34,227 - websockets.server - INFO - connection open
2025-05-23 01:10:34,229 - __main__ - INFO - Client connected: client_1747987834229
2025-05-23 01:10:34,231 - websockets.server - INFO - connection open
2025-05-23 01:10:34,232 - __main__ - INFO - Client connected: client_1747987834232
2025-05-23 01:10:34,235 - websockets.server - INFO - connection open
2025-05-23 01:10:34,236 - __main__ - INFO - Client connected: client_1747987834236
2025-05-23 01:10:34,241 - websockets.server - INFO - connection open
2025-05-23 01:10:34,241 - __main__ - INFO - Client connected: client_1747987834241
2025-05-23 01:10:39,311 - websockets.server - INFO - connection open
2025-05-23 01:10:39,313 - __main__ - INFO - Client connected: client_1747987839313
2025-05-23 01:10:39,315 - websockets.server - INFO - connection open
2025-05-23 01:10:39,316 - __main__ - INFO - Client connected: client_1747987839316
2025-05-23 01:10:39,317 - websockets.server - INFO - connection open
2025-05-23 01:10:39,318 - __main__ - INFO - Client connected: client_1747987839318
2025-05-23 01:10:39,318 - websockets.server - INFO - connection open
2025-05-23 01:10:39,319 - __main__ - INFO - Client connected: client_1747987839319
2025-05-23 01:10:44,428 - websockets.server - INFO - connection open
2025-05-23 01:10:44,431 - __main__ - INFO - Client connected: client_1747987844431
2025-05-23 01:10:44,433 - websockets.server - INFO - connection open
2025-05-23 01:10:44,433 - __main__ - INFO - Client connected: client_1747987844433
2025-05-23 01:10:44,434 - websockets.server - INFO - connection open
2025-05-23 01:10:44,435 - __main__ - INFO - Client connected: client_1747987844435
2025-05-23 01:10:44,436 - websockets.server - INFO - connection open
2025-05-23 01:10:44,436 - __main__ - INFO - Client connected: client_1747987844436
2025-05-23 01:10:49,636 - websockets.server - INFO - connection open
2025-05-23 01:10:49,638 - __main__ - INFO - Client connected: client_1747987849638
2025-05-23 01:10:49,640 - websockets.server - INFO - connection open
2025-05-23 01:10:49,640 - __main__ - INFO - Client connected: client_1747987849640
2025-05-23 01:10:49,640 - websockets.server - INFO - connection open
2025-05-23 01:10:49,640 - __main__ - INFO - Client connected: client_1747987849640
2025-05-23 01:10:49,640 - websockets.server - INFO - connection open
2025-05-23 01:10:49,641 - __main__ - INFO - Client connected: client_1747987849641
2025-05-23 01:10:54,674 - websockets.server - INFO - connection open
2025-05-23 01:10:54,675 - __main__ - INFO - Client connected: client_1747987854675
2025-05-23 01:10:54,677 - websockets.server - INFO - connection open
2025-05-23 01:10:54,677 - __main__ - INFO - Client connected: client_1747987854677
2025-05-23 01:10:54,677 - websockets.server - INFO - connection open
2025-05-23 01:10:54,677 - __main__ - INFO - Client connected: client_1747987854677
2025-05-23 01:10:54,678 - websockets.server - INFO - connection open
2025-05-23 01:10:54,678 - __main__ - INFO - Client connected: client_1747987854678
2025-05-23 01:10:59,460 - websockets.server - INFO - connection open
2025-05-23 01:10:59,464 - __main__ - INFO - Client connected: client_1747987859464
2025-05-23 01:10:59,487 - websockets.server - INFO - connection open
2025-05-23 01:10:59,487 - __main__ - INFO - Client connected: client_1747987859487
2025-05-23 01:10:59,568 - memory.semantic_search_agent - INFO - Document 2c5734cbae3dbe96d76a5eccda25a94c6638582b11b26b02fc5fde10fe09984d added to enterprise vector store
2025-05-23 01:10:59,569 - memory.semantic_search_agent - INFO - Memory added successfully: 2c5734cbae3dbe96d76a5eccda25a94c6638582b11b26b02fc5fde10fe09984d
2025-05-23 01:10:59,662 - memory.semantic_search_agent - INFO - Similarity search completed in 0.0866s, found 5 results
2025-05-23 01:10:59,696 - memory.semantic_search_agent - INFO - Search completed successfully in 0.1238s, found 5 results
2025-05-23 01:10:59,703 - memory.semantic_search_agent - INFO - Document 8b7747874bf00e6eac839e519db304a5b938f69da7c4f963d97582e9e2d4955f added to enterprise vector store
2025-05-23 01:10:59,703 - memory.semantic_search_agent - INFO - Memory added successfully: 8b7747874bf00e6eac839e519db304a5b938f69da7c4f963d97582e9e2d4955f
2025-05-23 01:10:59,721 - memory.semantic_search_agent - INFO - Document 7d3ce272de583064ed53fa6f5080318fa5058d1fbedfb718baa344c8ff43fd06 added to enterprise vector store
2025-05-23 01:10:59,721 - memory.semantic_search_agent - INFO - Memory added successfully: 7d3ce272de583064ed53fa6f5080318fa5058d1fbedfb718baa344c8ff43fd06
2025-05-23 01:10:59,722 - memory.semantic_search_agent - INFO - Cache hit for search query
2025-05-23 01:10:59,723 - __main__ - INFO - 🤖 Agent mode with REAL automation: hello
2025-05-23 01:10:59,726 - __main__ - INFO - 🔧 Simple task detected: hello
2025-05-23 01:10:59,731 - memory.semantic_search_agent - INFO - Document 93e979a84033e48f86888ca03ef4e6846c530416d60b431bcf8fa99186e82ff3 added to enterprise vector store
2025-05-23 01:10:59,732 - memory.semantic_search_agent - INFO - Memory added successfully: 93e979a84033e48f86888ca03ef4e6846c530416d60b431bcf8fa99186e82ff3
2025-05-23 01:10:59,737 - memory.semantic_search_agent - INFO - Document c875a7c38dfead7c41f9ac5dbb6611e5d187a17591b10c97e821e36e31d42f8a added to enterprise vector store
2025-05-23 01:10:59,737 - memory.semantic_search_agent - INFO - Memory added successfully: c875a7c38dfead7c41f9ac5dbb6611e5d187a17591b10c97e821e36e31d42f8a
2025-05-23 01:10:59,737 - memory.semantic_search_agent - INFO - Cache hit for search query
2025-05-23 01:10:59,741 - memory.semantic_search_agent - INFO - Document 7cd7f037ff5080c38fcdd8f371310d4333a4ec2cb73e01e6e80d7f016ef2be47 added to enterprise vector store
2025-05-23 01:10:59,741 - memory.semantic_search_agent - INFO - Memory added successfully: 7cd7f037ff5080c38fcdd8f371310d4333a4ec2cb73e01e6e80d7f016ef2be47
2025-05-23 01:10:59,747 - memory.semantic_search_agent - INFO - Document 64b1ae497d674048d57449b5d61c88def8aa5a1a6881e1a540912f5cebcdced6 added to enterprise vector store
2025-05-23 01:10:59,747 - memory.semantic_search_agent - INFO - Memory added successfully: 64b1ae497d674048d57449b5d61c88def8aa5a1a6881e1a540912f5cebcdced6
/Users/segevbin/Desktop/SensAI/Aiayer/memory/semantic_search_agent.py:223: RuntimeWarning: invalid value encountered in scalar divide
  similarity = np.dot(query_embedding, doc_embedding) / (
2025-05-23 01:10:59,753 - memory.semantic_search_agent - INFO - Similarity search completed in 0.0062s, found 5 results
2025-05-23 01:10:59,769 - memory.semantic_search_agent - INFO - Search completed successfully in 0.0225s, found 5 results
2025-05-23 01:10:59,773 - memory.semantic_search_agent - INFO - Document 040736591142b997bc52feb19650cc8be1d7af873f35bb735230a96bbe49d478 added to enterprise vector store
2025-05-23 01:10:59,773 - memory.semantic_search_agent - INFO - Memory added successfully: 040736591142b997bc52feb19650cc8be1d7af873f35bb735230a96bbe49d478
2025-05-23 01:10:59,775 - websockets.server - INFO - connection open
2025-05-23 01:10:59,776 - __main__ - INFO - Client connected: client_1747987859776
2025-05-23 01:10:59,776 - websockets.server - INFO - connection open
2025-05-23 01:10:59,776 - __main__ - INFO - Client connected: client_1747987859776
2025-05-23 01:10:59,779 - websockets.server - INFO - connection open
2025-05-23 01:10:59,779 - __main__ - INFO - Client connected: client_1747987859779
2025-05-23 01:10:59,782 - websockets.server - INFO - connection open
2025-05-23 01:10:59,782 - __main__ - INFO - Client connected: client_1747987859782
2025-05-23 01:11:04,809 - websockets.server - INFO - connection open
2025-05-23 01:11:04,810 - __main__ - INFO - Client connected: client_1747987864810
2025-05-23 01:11:04,810 - websockets.server - INFO - connection open
2025-05-23 01:11:04,811 - __main__ - INFO - Client connected: client_1747987864811
2025-05-23 01:11:04,811 - websockets.server - INFO - connection open
2025-05-23 01:11:04,811 - __main__ - INFO - Client connected: client_1747987864811
2025-05-23 01:11:04,812 - websockets.server - INFO - connection open
2025-05-23 01:11:04,812 - __main__ - INFO - Client connected: client_1747987864812
2025-05-23 01:11:09,835 - websockets.server - INFO - connection open
2025-05-23 01:11:09,837 - __main__ - INFO - Client connected: client_1747987869837
2025-05-23 01:11:09,841 - websockets.server - INFO - connection open
2025-05-23 01:11:09,842 - __main__ - INFO - Client connected: client_1747987869842
2025-05-23 01:11:09,843 - websockets.server - INFO - connection open
2025-05-23 01:11:09,843 - __main__ - INFO - Client connected: client_1747987869843
2025-05-23 01:11:09,845 - websockets.server - INFO - connection open
2025-05-23 01:11:09,845 - __main__ - INFO - Client connected: client_1747987869845
2025-05-23 01:11:13,844 - __main__ - INFO - Client disconnected: client_1747987832458
2025-05-23 01:11:13,861 - websockets.server - INFO - connection open
2025-05-23 01:11:13,861 - __main__ - INFO - Client connected: client_1747987873861
2025-05-23 01:11:14,870 - websockets.server - INFO - connection open
2025-05-23 01:11:14,871 - __main__ - INFO - Client connected: client_1747987874871
2025-05-23 01:11:14,874 - websockets.server - INFO - connection open
2025-05-23 01:11:14,874 - __main__ - INFO - Client connected: client_1747987874874
2025-05-23 01:11:14,876 - websockets.server - INFO - connection open
2025-05-23 01:11:14,876 - __main__ - INFO - Client connected: client_1747987874876
2025-05-23 01:11:14,891 - websockets.server - INFO - connection open
2025-05-23 01:11:14,891 - __main__ - INFO - Client connected: client_1747987874891
2025-05-23 01:11:19,916 - websockets.server - INFO - connection open
2025-05-23 01:11:19,919 - __main__ - INFO - Client connected: client_1747987879919
2025-05-23 01:11:19,921 - websockets.server - INFO - connection open
2025-05-23 01:11:19,922 - __main__ - INFO - Client connected: client_1747987879922
2025-05-23 01:11:19,923 - websockets.server - INFO - connection open
2025-05-23 01:11:19,924 - __main__ - INFO - Client connected: client_1747987879924
2025-05-23 01:11:19,925 - websockets.server - INFO - connection open
2025-05-23 01:11:19,925 - __main__ - INFO - Client connected: client_1747987879925
2025-05-23 01:11:20,888 - websockets.server - INFO - connection open
2025-05-23 01:11:20,889 - __main__ - INFO - Client connected: client_1747987880889
2025-05-23 01:11:20,890 - websockets.server - INFO - connection open
2025-05-23 01:11:20,890 - __main__ - INFO - Client connected: client_1747987880890
2025-05-23 01:11:20,890 - websockets.server - INFO - connection open
2025-05-23 01:11:20,890 - __main__ - INFO - Client connected: client_1747987880890
2025-05-23 01:11:25,022 - websockets.server - INFO - connection open
2025-05-23 01:11:25,023 - __main__ - INFO - Client connected: client_1747987885023
2025-05-23 01:11:25,023 - websockets.server - INFO - connection open
2025-05-23 01:11:25,023 - __main__ - INFO - Client connected: client_1747987885023
2025-05-23 01:11:25,024 - websockets.server - INFO - connection open
2025-05-23 01:11:25,024 - __main__ - INFO - Client connected: client_1747987885024
2025-05-23 01:11:25,024 - websockets.server - INFO - connection open
2025-05-23 01:11:25,024 - __main__ - INFO - Client connected: client_1747987885024
2025-05-23 01:11:30,051 - websockets.server - INFO - connection open
2025-05-23 01:11:30,052 - __main__ - INFO - Client connected: client_1747987890052
2025-05-23 01:11:30,054 - websockets.server - INFO - connection open
2025-05-23 01:11:30,054 - __main__ - INFO - Client connected: client_1747987890054
2025-05-23 01:11:30,057 - websockets.server - INFO - connection open
2025-05-23 01:11:30,057 - __main__ - INFO - Client connected: client_1747987890057
2025-05-23 01:11:30,068 - websockets.server - INFO - connection open
2025-05-23 01:11:30,068 - __main__ - INFO - Client connected: client_1747987890068
2025-05-23 01:11:35,087 - websockets.server - INFO - connection open
2025-05-23 01:11:35,091 - __main__ - INFO - Client connected: client_1747987895091
2025-05-23 01:11:35,094 - websockets.server - INFO - connection open
2025-05-23 01:11:35,095 - __main__ - INFO - Client connected: client_1747987895095
2025-05-23 01:11:35,095 - websockets.server - INFO - connection open
2025-05-23 01:11:35,095 - __main__ - INFO - Client connected: client_1747987895095
2025-05-23 01:11:35,098 - websockets.server - INFO - connection open
2025-05-23 01:11:35,098 - __main__ - INFO - Client connected: client_1747987895098
2025-05-23 01:11:40,192 - websockets.server - INFO - connection open
2025-05-23 01:11:40,196 - __main__ - INFO - Client connected: client_1747987900196
2025-05-23 01:11:40,198 - websockets.server - INFO - connection open
2025-05-23 01:11:40,199 - __main__ - INFO - Client connected: client_1747987900199
2025-05-23 01:11:40,200 - websockets.server - INFO - connection open
2025-05-23 01:11:40,200 - __main__ - INFO - Client connected: client_1747987900200
2025-05-23 01:11:40,210 - websockets.server - INFO - connection open
2025-05-23 01:11:40,212 - __main__ - INFO - Client connected: client_1747987900212
2025-05-23 01:11:45,241 - websockets.server - INFO - connection open
2025-05-23 01:11:45,242 - __main__ - INFO - Client connected: client_1747987905242
2025-05-23 01:11:45,244 - websockets.server - INFO - connection open
2025-05-23 01:11:45,244 - __main__ - INFO - Client connected: client_1747987905244
2025-05-23 01:11:45,244 - websockets.server - INFO - connection open
2025-05-23 01:11:45,245 - __main__ - INFO - Client connected: client_1747987905245
2025-05-23 01:11:45,256 - websockets.server - INFO - connection open
2025-05-23 01:11:45,256 - __main__ - INFO - Client connected: client_1747987905256
2025-05-23 01:11:50,252 - websockets.server - INFO - connection open
2025-05-23 01:11:50,252 - __main__ - INFO - Client connected: client_1747987910252
2025-05-23 01:11:50,254 - websockets.server - INFO - connection open
2025-05-23 01:11:50,254 - __main__ - INFO - Client connected: client_1747987910254
2025-05-23 01:11:50,256 - websockets.server - INFO - connection open
2025-05-23 01:11:50,256 - __main__ - INFO - Client connected: client_1747987910256
2025-05-23 01:11:50,264 - websockets.server - INFO - connection open
2025-05-23 01:11:50,265 - __main__ - INFO - Client connected: client_1747987910265
2025-05-23 01:11:55,264 - websockets.server - INFO - connection open
2025-05-23 01:11:55,265 - __main__ - INFO - Client connected: client_1747987915265
2025-05-23 01:11:55,266 - websockets.server - INFO - connection open
2025-05-23 01:11:55,266 - __main__ - INFO - Client connected: client_1747987915266
2025-05-23 01:11:55,267 - websockets.server - INFO - connection open
2025-05-23 01:11:55,268 - __main__ - INFO - Client connected: client_1747987915268
2025-05-23 01:11:55,274 - websockets.server - INFO - connection open
2025-05-23 01:11:55,274 - __main__ - INFO - Client connected: client_1747987915274
2025-05-23 01:12:00,440 - websockets.server - INFO - connection open
2025-05-23 01:12:00,442 - __main__ - INFO - Client connected: client_1747987920442
2025-05-23 01:12:00,446 - websockets.server - INFO - connection open
2025-05-23 01:12:00,446 - __main__ - INFO - Client connected: client_1747987920446
2025-05-23 01:12:00,447 - websockets.server - INFO - connection open
2025-05-23 01:12:00,448 - __main__ - INFO - Client connected: client_1747987920448
2025-05-23 01:12:00,449 - websockets.server - INFO - connection open
2025-05-23 01:12:00,450 - __main__ - INFO - Client connected: client_1747987920450
2025-05-23 01:12:03,869 - __main__ - INFO - Client disconnected: client_1747987873861
2025-05-23 01:12:05,471 - websockets.server - INFO - connection open
2025-05-23 01:12:05,471 - __main__ - INFO - Client connected: client_1747987925471
2025-05-23 01:12:05,480 - websockets.server - INFO - connection open
2025-05-23 01:12:05,481 - __main__ - INFO - Client connected: client_1747987925481
2025-05-23 01:12:05,482 - websockets.server - INFO - connection open
2025-05-23 01:12:05,482 - __main__ - INFO - Client connected: client_1747987925482
2025-05-23 01:12:05,487 - websockets.server - INFO - connection open
2025-05-23 01:12:05,488 - __main__ - INFO - Client connected: client_1747987925488
2025-05-23 01:12:10,482 - websockets.server - INFO - connection open
2025-05-23 01:12:10,483 - __main__ - INFO - Client connected: client_1747987930483
2025-05-23 01:12:10,499 - websockets.server - INFO - connection open
2025-05-23 01:12:10,499 - __main__ - INFO - Client connected: client_1747987930499
2025-05-23 01:12:10,500 - websockets.server - INFO - connection open
2025-05-23 01:12:10,500 - __main__ - INFO - Client connected: client_1747987930500
2025-05-23 01:12:10,500 - websockets.server - INFO - connection open
2025-05-23 01:12:10,501 - __main__ - INFO - Client connected: client_1747987930501
2025-05-23 01:12:10,898 - __main__ - INFO - Client disconnected: client_1747987880889
2025-05-23 01:12:10,898 - __main__ - INFO - Client disconnected: client_1747987880890
2025-05-23 01:12:10,898 - __main__ - INFO - Client disconnected: client_1747987880890
2025-05-23 01:12:15,491 - websockets.server - INFO - connection open
2025-05-23 01:12:15,492 - __main__ - INFO - Client connected: client_1747987935492
2025-05-23 01:12:15,508 - websockets.server - INFO - connection open
2025-05-23 01:12:15,508 - __main__ - INFO - Client connected: client_1747987935508
2025-05-23 01:12:15,509 - websockets.server - INFO - connection open
2025-05-23 01:12:15,509 - __main__ - INFO - Client connected: client_1747987935509
2025-05-23 01:12:15,509 - websockets.server - INFO - connection open
2025-05-23 01:12:15,509 - __main__ - INFO - Client connected: client_1747987935509
2025-05-23 01:12:18,931 - websockets.server - INFO - connection open
2025-05-23 01:12:18,931 - __main__ - INFO - Client connected: client_1747987938931
2025-05-23 01:12:20,506 - websockets.server - INFO - connection open
2025-05-23 01:12:20,507 - __main__ - INFO - Client connected: client_1747987940506
2025-05-23 01:12:20,540 - websockets.server - INFO - connection open
2025-05-23 01:12:20,540 - __main__ - INFO - Client connected: client_1747987940540
2025-05-23 01:12:20,540 - websockets.server - INFO - connection open
2025-05-23 01:12:20,541 - __main__ - INFO - Client connected: client_1747987940541
2025-05-23 01:12:20,541 - websockets.server - INFO - connection open
2025-05-23 01:12:20,542 - __main__ - INFO - Client connected: client_1747987940542
2025-05-23 01:12:25,528 - websockets.server - INFO - connection open
2025-05-23 01:12:25,529 - __main__ - INFO - Client connected: client_1747987945529
2025-05-23 01:12:25,551 - websockets.server - INFO - connection open
2025-05-23 01:12:25,551 - __main__ - INFO - Client connected: client_1747987945551
2025-05-23 01:12:25,553 - websockets.server - INFO - connection open
2025-05-23 01:12:25,553 - __main__ - INFO - Client connected: client_1747987945553
2025-05-23 01:12:25,559 - websockets.server - INFO - connection open
2025-05-23 01:12:25,559 - __main__ - INFO - Client connected: client_1747987945559
2025-05-23 01:12:30,536 - websockets.server - INFO - connection open
2025-05-23 01:12:30,536 - __main__ - INFO - Client connected: client_1747987950536
2025-05-23 01:12:30,558 - websockets.server - INFO - connection open
2025-05-23 01:12:30,558 - __main__ - INFO - Client connected: client_1747987950558
2025-05-23 01:12:30,565 - websockets.server - INFO - connection open
2025-05-23 01:12:30,565 - __main__ - INFO - Client connected: client_1747987950565
2025-05-23 01:12:30,565 - websockets.server - INFO - connection open
2025-05-23 01:12:30,565 - __main__ - INFO - Client connected: client_1747987950565
2025-05-23 01:12:35,546 - websockets.server - INFO - connection open
2025-05-23 01:12:35,547 - __main__ - INFO - Client connected: client_1747987955547
2025-05-23 01:12:35,572 - websockets.server - INFO - connection open
2025-05-23 01:12:35,573 - __main__ - INFO - Client connected: client_1747987955573
2025-05-23 01:12:35,583 - websockets.server - INFO - connection open
2025-05-23 01:12:35,583 - __main__ - INFO - Client connected: client_1747987955583
2025-05-23 01:12:35,584 - websockets.server - INFO - connection open
2025-05-23 01:12:35,584 - __main__ - INFO - Client connected: client_1747987955584
2025-05-23 01:12:40,570 - websockets.server - INFO - connection open
2025-05-23 01:12:40,571 - __main__ - INFO - Client connected: client_1747987960571
2025-05-23 01:12:40,597 - websockets.server - INFO - connection open
2025-05-23 01:12:40,597 - __main__ - INFO - Client connected: client_1747987960597
2025-05-23 01:12:40,602 - websockets.server - INFO - connection open
2025-05-23 01:12:40,602 - __main__ - INFO - Client connected: client_1747987960602
2025-05-23 01:12:40,606 - websockets.server - INFO - connection open
2025-05-23 01:12:40,606 - __main__ - INFO - Client connected: client_1747987960606
2025-05-23 01:12:45,704 - websockets.server - INFO - connection open
2025-05-23 01:12:45,708 - __main__ - INFO - Client connected: client_1747987965708
2025-05-23 01:12:45,711 - websockets.server - INFO - connection open
2025-05-23 01:12:45,711 - __main__ - INFO - Client connected: client_1747987965711
2025-05-23 01:12:45,714 - websockets.server - INFO - connection open
2025-05-23 01:12:45,714 - __main__ - INFO - Client connected: client_1747987965714
2025-05-23 01:12:45,716 - websockets.server - INFO - connection open
2025-05-23 01:12:45,716 - __main__ - INFO - Client connected: client_1747987965716
2025-05-23 01:12:50,744 - websockets.server - INFO - connection open
2025-05-23 01:12:50,746 - __main__ - INFO - Client connected: client_1747987970746
2025-05-23 01:12:50,748 - websockets.server - INFO - connection open
2025-05-23 01:12:50,749 - __main__ - INFO - Client connected: client_1747987970749
2025-05-23 01:12:50,756 - websockets.server - INFO - connection open
2025-05-23 01:12:50,756 - __main__ - INFO - Client connected: client_1747987970756
2025-05-23 01:12:50,758 - websockets.server - INFO - connection open
2025-05-23 01:12:50,758 - __main__ - INFO - Client connected: client_1747987970758
2025-05-23 01:12:55,791 - websockets.server - INFO - connection open
2025-05-23 01:12:55,793 - __main__ - INFO - Client connected: client_1747987975793
2025-05-23 01:12:55,794 - websockets.server - INFO - connection open
2025-05-23 01:12:55,794 - __main__ - INFO - Client connected: client_1747987975794
2025-05-23 01:12:55,795 - websockets.server - INFO - connection open
2025-05-23 01:12:55,795 - __main__ - INFO - Client connected: client_1747987975795
2025-05-23 01:12:55,796 - websockets.server - INFO - connection open
2025-05-23 01:12:55,796 - __main__ - INFO - Client connected: client_1747987975796
2025-05-23 01:13:00,846 - websockets.server - INFO - connection open
2025-05-23 01:13:00,847 - __main__ - INFO - Client connected: client_1747987980847
2025-05-23 01:13:00,848 - websockets.server - INFO - connection open
2025-05-23 01:13:00,849 - __main__ - INFO - Client connected: client_1747987980849
2025-05-23 01:13:00,849 - websockets.server - INFO - connection open
2025-05-23 01:13:00,849 - __main__ - INFO - Client connected: client_1747987980849
2025-05-23 01:13:00,850 - websockets.server - INFO - connection open
2025-05-23 01:13:00,850 - __main__ - INFO - Client connected: client_1747987980850
2025-05-23 01:13:05,914 - websockets.server - INFO - connection open
2025-05-23 01:13:05,916 - __main__ - INFO - Client connected: client_1747987985916
2025-05-23 01:13:05,919 - websockets.server - INFO - connection open
2025-05-23 01:13:05,920 - __main__ - INFO - Client connected: client_1747987985920
2025-05-23 01:13:05,923 - websockets.server - INFO - connection open
2025-05-23 01:13:05,924 - __main__ - INFO - Client connected: client_1747987985924
2025-05-23 01:13:05,925 - websockets.server - INFO - connection open
2025-05-23 01:13:05,926 - __main__ - INFO - Client connected: client_1747987985926
2025-05-23 01:13:10,962 - websockets.server - INFO - connection open
2025-05-23 01:13:10,964 - __main__ - INFO - Client connected: client_1747987990964
2025-05-23 01:13:10,967 - websockets.server - INFO - connection open
2025-05-23 01:13:10,968 - __main__ - INFO - Client connected: client_1747987990968
2025-05-23 01:13:10,968 - websockets.server - INFO - connection open
2025-05-23 01:13:10,968 - __main__ - INFO - Client connected: client_1747987990968
2025-05-23 01:13:10,969 - websockets.server - INFO - connection open
2025-05-23 01:13:10,969 - __main__ - INFO - Client connected: client_1747987990969
2025-05-23 01:13:15,999 - websockets.server - INFO - connection open
2025-05-23 01:13:16,001 - __main__ - INFO - Client connected: client_1747987996001
2025-05-23 01:13:16,002 - websockets.server - INFO - connection open
2025-05-23 01:13:16,002 - __main__ - INFO - Client connected: client_1747987996002
2025-05-23 01:13:16,003 - websockets.server - INFO - connection open
2025-05-23 01:13:16,003 - __main__ - INFO - Client connected: client_1747987996003
2025-05-23 01:13:16,003 - websockets.server - INFO - connection open
2025-05-23 01:13:16,004 - __main__ - INFO - Client connected: client_1747987996004
2025-05-23 01:13:21,027 - websockets.server - INFO - connection open
2025-05-23 01:13:21,030 - __main__ - INFO - Client connected: client_1747988001030
2025-05-23 01:13:21,031 - websockets.server - INFO - connection open
2025-05-23 01:13:21,031 - __main__ - INFO - Client connected: client_1747988001031
2025-05-23 01:13:21,032 - websockets.server - INFO - connection open
2025-05-23 01:13:21,032 - __main__ - INFO - Client connected: client_1747988001032
2025-05-23 01:13:21,034 - websockets.server - INFO - connection open
2025-05-23 01:13:21,034 - __main__ - INFO - Client connected: client_1747988001034
2025-05-23 01:13:26,125 - websockets.server - INFO - connection open
2025-05-23 01:13:26,134 - __main__ - INFO - Client connected: client_1747988006134
2025-05-23 01:13:26,137 - websockets.server - INFO - connection open
2025-05-23 01:13:26,137 - __main__ - INFO - Client connected: client_1747988006137
2025-05-23 01:13:26,137 - websockets.server - INFO - connection open
2025-05-23 01:13:26,138 - __main__ - INFO - Client connected: client_1747988006138
2025-05-23 01:13:26,140 - websockets.server - INFO - connection open
2025-05-23 01:13:26,140 - __main__ - INFO - Client connected: client_1747988006140
2025-05-23 01:13:31,382 - websockets.server - INFO - connection open
2025-05-23 01:13:31,387 - __main__ - INFO - Client connected: client_1747988011387
2025-05-23 01:13:31,390 - websockets.server - INFO - connection open
2025-05-23 01:13:31,390 - __main__ - INFO - Client connected: client_1747988011390
2025-05-23 01:13:31,391 - websockets.server - INFO - connection open
2025-05-23 01:13:31,391 - __main__ - INFO - Client connected: client_1747988011391
2025-05-23 01:13:31,393 - websockets.server - INFO - connection open
2025-05-23 01:13:31,393 - __main__ - INFO - Client connected: client_1747988011393
2025-05-23 01:13:35,251 - __main__ - INFO - Client disconnected: client_1747987938931
2025-05-23 01:13:35,321 - websockets.server - INFO - connection open
2025-05-23 01:13:35,322 - __main__ - INFO - Client connected: client_1747988015322
2025-05-23 01:13:36,580 - websockets.server - INFO - connection open
2025-05-23 01:13:36,581 - __main__ - INFO - Client connected: client_1747988016581
2025-05-23 01:13:36,581 - websockets.server - INFO - connection open
2025-05-23 01:13:36,581 - __main__ - INFO - Client connected: client_1747988016581
2025-05-23 01:13:36,583 - websockets.server - INFO - connection open
2025-05-23 01:13:36,584 - __main__ - INFO - Client connected: client_1747988016584
2025-05-23 01:13:36,585 - websockets.server - INFO - connection open
2025-05-23 01:13:36,586 - __main__ - INFO - Client connected: client_1747988016586
2025-05-23 01:13:41,626 - websockets.server - INFO - connection open
2025-05-23 01:13:41,628 - __main__ - INFO - Client connected: client_1747988021628
2025-05-23 01:13:41,628 - websockets.server - INFO - connection open
2025-05-23 01:13:41,628 - __main__ - INFO - Client connected: client_1747988021628
2025-05-23 01:13:41,630 - websockets.server - INFO - connection open
2025-05-23 01:13:41,630 - __main__ - INFO - Client connected: client_1747988021630
2025-05-23 01:13:41,630 - websockets.server - INFO - connection open
2025-05-23 01:13:41,630 - __main__ - INFO - Client connected: client_1747988021630
2025-05-23 01:13:46,710 - websockets.server - INFO - connection open
2025-05-23 01:13:46,711 - __main__ - INFO - Client connected: client_1747988026711
2025-05-23 01:13:46,720 - websockets.server - INFO - connection open
2025-05-23 01:13:46,721 - __main__ - INFO - Client connected: client_1747988026721
2025-05-23 01:13:46,722 - websockets.server - INFO - connection open
2025-05-23 01:13:46,726 - __main__ - INFO - Client connected: client_1747988026726
2025-05-23 01:13:46,729 - websockets.server - INFO - connection open
2025-05-23 01:13:46,730 - __main__ - INFO - Client connected: client_1747988026730
2025-05-23 01:13:51,780 - websockets.server - INFO - connection open
2025-05-23 01:13:51,782 - __main__ - INFO - Client connected: client_1747988031782
2025-05-23 01:13:51,783 - websockets.server - INFO - connection open
2025-05-23 01:13:51,784 - __main__ - INFO - Client connected: client_1747988031784
2025-05-23 01:13:51,784 - websockets.server - INFO - connection open
2025-05-23 01:13:51,784 - __main__ - INFO - Client connected: client_1747988031784
2025-05-23 01:13:51,787 - websockets.server - INFO - connection open
2025-05-23 01:13:51,787 - __main__ - INFO - Client connected: client_1747988031787
2025-05-23 01:13:56,826 - websockets.server - INFO - connection open
2025-05-23 01:13:56,827 - __main__ - INFO - Client connected: client_1747988036827
2025-05-23 01:13:56,828 - websockets.server - INFO - connection open
2025-05-23 01:13:56,829 - __main__ - INFO - Client connected: client_1747988036829
2025-05-23 01:13:56,830 - websockets.server - INFO - connection open
2025-05-23 01:13:56,830 - __main__ - INFO - Client connected: client_1747988036830
2025-05-23 01:13:56,861 - websockets.server - INFO - connection open
2025-05-23 01:13:56,861 - __main__ - INFO - Client connected: client_1747988036861
2025-05-23 01:14:02,000 - websockets.server - INFO - connection open
2025-05-23 01:14:02,010 - __main__ - INFO - Client connected: client_1747988042010
2025-05-23 01:14:02,017 - websockets.server - INFO - connection open
2025-05-23 01:14:02,017 - __main__ - INFO - Client connected: client_1747988042017
2025-05-23 01:14:02,018 - websockets.server - INFO - connection open
2025-05-23 01:14:02,018 - __main__ - INFO - Client connected: client_1747988042018
2025-05-23 01:14:02,020 - websockets.server - INFO - connection open
2025-05-23 01:14:02,020 - __main__ - INFO - Client connected: client_1747988042020
2025-05-23 01:14:04,141 - websockets.server - INFO - connection open
2025-05-23 01:14:04,145 - __main__ - INFO - Client connected: client_1747988044145
2025-05-23 01:14:04,229 - websockets.server - INFO - connection open
2025-05-23 01:14:04,229 - __main__ - INFO - Client connected: client_1747988044229
2025-05-23 01:14:04,348 - websockets.server - INFO - connection open
2025-05-23 01:14:04,349 - __main__ - INFO - Client connected: client_1747988044349
2025-05-23 01:14:07,214 - websockets.server - INFO - connection open
2025-05-23 01:14:07,220 - __main__ - INFO - Client connected: client_1747988047218
2025-05-23 01:14:07,224 - websockets.server - INFO - connection open
2025-05-23 01:14:07,225 - __main__ - INFO - Client connected: client_1747988047225
2025-05-23 01:14:07,225 - websockets.server - INFO - connection open
2025-05-23 01:14:07,226 - __main__ - INFO - Client connected: client_1747988047226
2025-05-23 01:14:07,236 - websockets.server - INFO - connection open
2025-05-23 01:14:07,237 - __main__ - INFO - Client connected: client_1747988047237
2025-05-23 01:14:12,305 - websockets.server - INFO - connection open
2025-05-23 01:14:12,305 - __main__ - INFO - Client connected: client_1747988052305
2025-05-23 01:14:12,326 - websockets.server - INFO - connection open
2025-05-23 01:14:12,327 - __main__ - INFO - Client connected: client_1747988052327
2025-05-23 01:14:12,338 - websockets.server - INFO - connection open
2025-05-23 01:14:12,338 - __main__ - INFO - Client connected: client_1747988052338
2025-05-23 01:14:12,362 - websockets.server - INFO - connection open
2025-05-23 01:14:12,363 - __main__ - INFO - Client connected: client_1747988052363
2025-05-23 01:14:16,723 - __main__ - INFO - Client disconnected: client_1747988015322
2025-05-23 01:14:16,737 - websockets.server - INFO - connection open
2025-05-23 01:14:16,738 - __main__ - INFO - Client connected: client_1747988056738
2025-05-23 01:14:17,333 - websockets.server - INFO - connection open
2025-05-23 01:14:17,334 - __main__ - INFO - Client connected: client_1747988057334
2025-05-23 01:14:17,365 - websockets.server - INFO - connection open
2025-05-23 01:14:17,365 - __main__ - INFO - Client connected: client_1747988057365
2025-05-23 01:14:17,366 - websockets.server - INFO - connection open
2025-05-23 01:14:17,366 - __main__ - INFO - Client connected: client_1747988057366
2025-05-23 01:14:17,380 - websockets.server - INFO - connection open
2025-05-23 01:14:17,381 - __main__ - INFO - Client connected: client_1747988057381
2025-05-23 01:14:22,422 - websockets.server - INFO - connection open
2025-05-23 01:14:22,423 - __main__ - INFO - Client connected: client_1747988062423
2025-05-23 01:14:22,424 - websockets.server - INFO - connection open
2025-05-23 01:14:22,424 - __main__ - INFO - Client connected: client_1747988062424
2025-05-23 01:14:22,425 - websockets.server - INFO - connection open
2025-05-23 01:14:22,426 - __main__ - INFO - Client connected: client_1747988062426
2025-05-23 01:14:22,426 - websockets.server - INFO - connection open
2025-05-23 01:14:22,426 - __main__ - INFO - Client connected: client_1747988062426
2025-05-23 01:14:24,718 - websockets.server - INFO - connection open
2025-05-23 01:14:24,719 - __main__ - INFO - Client connected: client_1747988064719
2025-05-23 01:14:24,759 - memory.semantic_search_agent - INFO - Document 9fa1b0a17f306f8fe0031fd6588b0dde610ea71ebced1684ba535722ffa17c56 added to enterprise vector store
2025-05-23 01:14:24,759 - memory.semantic_search_agent - INFO - Memory added successfully: 9fa1b0a17f306f8fe0031fd6588b0dde610ea71ebced1684ba535722ffa17c56
2025-05-23 01:14:24,784 - memory.semantic_search_agent - INFO - Similarity search completed in 0.0226s, found 5 results
2025-05-23 01:14:24,799 - memory.semantic_search_agent - INFO - Search completed successfully in 0.0393s, found 5 results
2025-05-23 01:14:24,806 - memory.semantic_search_agent - INFO - Document 564c8a9c94b16054bb69abea18957d8f252a37bf710fdd6de7f925636b5284c5 added to enterprise vector store
2025-05-23 01:14:24,807 - memory.semantic_search_agent - INFO - Memory added successfully: 564c8a9c94b16054bb69abea18957d8f252a37bf710fdd6de7f925636b5284c5
2025-05-23 01:14:24,885 - websockets.server - INFO - connection open
2025-05-23 01:14:24,885 - __main__ - INFO - Client connected: client_1747988064885
2025-05-23 01:14:24,894 - memory.semantic_search_agent - INFO - Document a0243d28d09008145048a4a73b8433bd1ac7dfcd5460bfac3ed536ca4619f766 added to enterprise vector store
2025-05-23 01:14:24,894 - memory.semantic_search_agent - INFO - Memory added successfully: a0243d28d09008145048a4a73b8433bd1ac7dfcd5460bfac3ed536ca4619f766
2025-05-23 01:14:24,898 - memory.semantic_search_agent - INFO - Similarity search completed in 0.0041s, found 5 results
2025-05-23 01:14:24,908 - memory.semantic_search_agent - INFO - Search completed successfully in 0.0140s, found 5 results
2025-05-23 01:14:24,913 - memory.semantic_search_agent - INFO - Document 472e03be19e0efdf5a27f656b0845054b3985de199d95a91efeb045c33123223 added to enterprise vector store
2025-05-23 01:14:24,913 - memory.semantic_search_agent - INFO - Memory added successfully: 472e03be19e0efdf5a27f656b0845054b3985de199d95a91efeb045c33123223
2025-05-23 01:14:27,496 - websockets.server - INFO - connection open
2025-05-23 01:14:27,497 - __main__ - INFO - Client connected: client_1747988067497
2025-05-23 01:14:27,498 - websockets.server - INFO - connection open
2025-05-23 01:14:27,498 - __main__ - INFO - Client connected: client_1747988067498
2025-05-23 01:14:27,499 - websockets.server - INFO - connection open
2025-05-23 01:14:27,499 - __main__ - INFO - Client connected: client_1747988067499
2025-05-23 01:14:27,501 - websockets.server - INFO - connection open
2025-05-23 01:14:27,501 - __main__ - INFO - Client connected: client_1747988067501
2025-05-23 01:14:32,634 - websockets.server - INFO - connection open
2025-05-23 01:14:32,635 - __main__ - INFO - Client connected: client_1747988072635
2025-05-23 01:14:32,637 - websockets.server - INFO - connection open
2025-05-23 01:14:32,638 - __main__ - INFO - Client connected: client_1747988072638
2025-05-23 01:14:32,638 - websockets.server - INFO - connection open
2025-05-23 01:14:32,638 - __main__ - INFO - Client connected: client_1747988072638
2025-05-23 01:14:32,639 - websockets.server - INFO - connection open
2025-05-23 01:14:32,639 - __main__ - INFO - Client connected: client_1747988072639
2025-05-23 01:14:37,658 - websockets.server - INFO - connection open
2025-05-23 01:14:37,660 - __main__ - INFO - Client connected: client_1747988077660
2025-05-23 01:14:37,662 - websockets.server - INFO - connection open
2025-05-23 01:14:37,662 - __main__ - INFO - Client connected: client_1747988077662
2025-05-23 01:14:37,664 - websockets.server - INFO - connection open
2025-05-23 01:14:37,664 - __main__ - INFO - Client connected: client_1747988077664
2025-05-23 01:14:37,665 - websockets.server - INFO - connection open
2025-05-23 01:14:37,665 - __main__ - INFO - Client connected: client_1747988077665
2025-05-23 01:14:42,781 - websockets.server - INFO - connection open
2025-05-23 01:14:42,783 - __main__ - INFO - Client connected: client_1747988082783
2025-05-23 01:14:42,785 - websockets.server - INFO - connection open
2025-05-23 01:14:42,785 - __main__ - INFO - Client connected: client_1747988082785
2025-05-23 01:14:42,788 - websockets.server - INFO - connection open
2025-05-23 01:14:42,789 - __main__ - INFO - Client connected: client_1747988082789
2025-05-23 01:14:42,791 - websockets.server - INFO - connection open
2025-05-23 01:14:42,791 - __main__ - INFO - Client connected: client_1747988082791
2025-05-23 01:14:43,587 - websockets.server - INFO - connection open
2025-05-23 01:14:43,587 - __main__ - INFO - Client connected: client_1747988083587
2025-05-23 01:14:43,607 - websockets.server - INFO - connection open
2025-05-23 01:14:43,607 - __main__ - INFO - Client connected: client_1747988083607
2025-05-23 01:14:47,799 - websockets.server - INFO - connection open
2025-05-23 01:14:47,800 - __main__ - INFO - Client connected: client_1747988087800
2025-05-23 01:14:47,804 - websockets.server - INFO - connection open
2025-05-23 01:14:47,804 - __main__ - INFO - Client connected: client_1747988087804
2025-05-23 01:14:47,806 - websockets.server - INFO - connection open
2025-05-23 01:14:47,806 - __main__ - INFO - Client connected: client_1747988087806
2025-05-23 01:14:47,807 - websockets.server - INFO - connection open
2025-05-23 01:14:47,807 - __main__ - INFO - Client connected: client_1747988087807
2025-05-23 01:14:52,810 - websockets.server - INFO - connection open
2025-05-23 01:14:52,811 - __main__ - INFO - Client connected: client_1747988092811
2025-05-23 01:14:52,811 - websockets.server - INFO - connection open
2025-05-23 01:14:52,812 - __main__ - INFO - Client connected: client_1747988092812
2025-05-23 01:14:52,812 - websockets.server - INFO - connection open
2025-05-23 01:14:52,813 - __main__ - INFO - Client connected: client_1747988092813
2025-05-23 01:14:52,814 - websockets.server - INFO - connection open
2025-05-23 01:14:52,814 - __main__ - INFO - Client connected: client_1747988092814
2025-05-23 01:14:54,174 - __main__ - INFO - Client disconnected: client_1747988044145
2025-05-23 01:14:54,234 - __main__ - INFO - Client disconnected: client_1747988044229
2025-05-23 01:14:54,353 - __main__ - INFO - Client disconnected: client_1747988044349
2025-05-23 01:14:57,824 - websockets.server - INFO - connection open
2025-05-23 01:14:57,824 - __main__ - INFO - Client connected: client_1747988097824
2025-05-23 01:14:57,825 - websockets.server - INFO - connection open
2025-05-23 01:14:57,825 - __main__ - INFO - Client connected: client_1747988097825
2025-05-23 01:14:57,826 - websockets.server - INFO - connection open
2025-05-23 01:14:57,826 - __main__ - INFO - Client connected: client_1747988097826
2025-05-23 01:14:57,827 - websockets.server - INFO - connection open
2025-05-23 01:14:57,827 - __main__ - INFO - Client connected: client_1747988097827
2025-05-23 01:15:02,834 - websockets.server - INFO - connection open
2025-05-23 01:15:02,836 - __main__ - INFO - Client connected: client_1747988102835
2025-05-23 01:15:02,836 - websockets.server - INFO - connection open
2025-05-23 01:15:02,836 - __main__ - INFO - Client connected: client_1747988102836
2025-05-23 01:15:02,837 - websockets.server - INFO - connection open
2025-05-23 01:15:02,838 - __main__ - INFO - Client connected: client_1747988102838
2025-05-23 01:15:02,839 - websockets.server - INFO - connection open
2025-05-23 01:15:02,839 - __main__ - INFO - Client connected: client_1747988102839
2025-05-23 01:15:06,742 - __main__ - INFO - Client disconnected: client_1747988056738
2025-05-23 01:15:07,847 - websockets.server - INFO - connection open
2025-05-23 01:15:07,847 - __main__ - INFO - Client connected: client_1747988107847
2025-05-23 01:15:07,849 - websockets.server - INFO - connection open
2025-05-23 01:15:07,849 - __main__ - INFO - Client connected: client_1747988107849
2025-05-23 01:15:07,850 - websockets.server - INFO - connection open
2025-05-23 01:15:07,851 - __main__ - INFO - Client connected: client_1747988107851
2025-05-23 01:15:07,856 - websockets.server - INFO - connection open
2025-05-23 01:15:07,856 - __main__ - INFO - Client connected: client_1747988107856
2025-05-23 01:15:12,860 - websockets.server - INFO - connection open
2025-05-23 01:15:12,861 - __main__ - INFO - Client connected: client_1747988112861
2025-05-23 01:15:12,862 - websockets.server - INFO - connection open
2025-05-23 01:15:12,862 - __main__ - INFO - Client connected: client_1747988112862
2025-05-23 01:15:12,863 - websockets.server - INFO - connection open
2025-05-23 01:15:12,863 - __main__ - INFO - Client connected: client_1747988112863
2025-05-23 01:15:12,864 - websockets.server - INFO - connection open
2025-05-23 01:15:12,864 - __main__ - INFO - Client connected: client_1747988112864
2025-05-23 01:15:17,907 - websockets.server - INFO - connection open
2025-05-23 01:15:17,908 - __main__ - INFO - Client connected: client_1747988117908
2025-05-23 01:15:17,916 - websockets.server - INFO - connection open
2025-05-23 01:15:17,916 - __main__ - INFO - Client connected: client_1747988117916
2025-05-23 01:15:17,919 - websockets.server - INFO - connection open
2025-05-23 01:15:17,919 - __main__ - INFO - Client connected: client_1747988117919
2025-05-23 01:15:17,919 - websockets.server - INFO - connection open
2025-05-23 01:15:17,920 - __main__ - INFO - Client connected: client_1747988117920
2025-05-23 01:15:22,945 - websockets.server - INFO - connection open
2025-05-23 01:15:22,946 - __main__ - INFO - Client connected: client_1747988122945
2025-05-23 01:15:22,946 - websockets.server - INFO - connection open
2025-05-23 01:15:22,946 - __main__ - INFO - Client connected: client_1747988122946
2025-05-23 01:15:22,950 - websockets.server - INFO - connection open
2025-05-23 01:15:22,950 - __main__ - INFO - Client connected: client_1747988122950
2025-05-23 01:15:22,952 - websockets.server - INFO - connection open
2025-05-23 01:15:22,953 - __main__ - INFO - Client connected: client_1747988122953
2025-05-23 01:15:27,980 - websockets.server - INFO - connection open
2025-05-23 01:15:27,981 - __main__ - INFO - Client connected: client_1747988127981
2025-05-23 01:15:27,982 - websockets.server - INFO - connection open
2025-05-23 01:15:27,982 - __main__ - INFO - Client connected: client_1747988127982
2025-05-23 01:15:27,982 - websockets.server - INFO - connection open
2025-05-23 01:15:27,982 - __main__ - INFO - Client connected: client_1747988127982
2025-05-23 01:15:27,982 - websockets.server - INFO - connection open
2025-05-23 01:15:27,982 - __main__ - INFO - Client connected: client_1747988127982
2025-05-23 01:15:30,417 - websockets.server - INFO - connection open
2025-05-23 01:15:30,417 - __main__ - INFO - Client connected: client_1747988130417
2025-05-23 01:15:33,035 - websockets.server - INFO - connection open
2025-05-23 01:15:33,037 - __main__ - INFO - Client connected: client_1747988133037
2025-05-23 01:15:33,038 - websockets.server - INFO - connection open
2025-05-23 01:15:33,038 - __main__ - INFO - Client connected: client_1747988133038
2025-05-23 01:15:33,039 - websockets.server - INFO - connection open
2025-05-23 01:15:33,039 - __main__ - INFO - Client connected: client_1747988133039
2025-05-23 01:15:33,039 - websockets.server - INFO - connection open
2025-05-23 01:15:33,039 - __main__ - INFO - Client connected: client_1747988133039
2025-05-23 01:15:38,062 - websockets.server - INFO - connection open
2025-05-23 01:15:38,063 - __main__ - INFO - Client connected: client_1747988138063
2025-05-23 01:15:38,064 - websockets.server - INFO - connection open
2025-05-23 01:15:38,064 - __main__ - INFO - Client connected: client_1747988138064
2025-05-23 01:15:38,064 - websockets.server - INFO - connection open
2025-05-23 01:15:38,064 - __main__ - INFO - Client connected: client_1747988138064
2025-05-23 01:15:38,065 - websockets.server - INFO - connection open
2025-05-23 01:15:38,065 - __main__ - INFO - Client connected: client_1747988138065
2025-05-23 01:15:43,096 - websockets.server - INFO - connection open
2025-05-23 01:15:43,098 - __main__ - INFO - Client connected: client_1747988143098
2025-05-23 01:15:43,099 - websockets.server - INFO - connection open
2025-05-23 01:15:43,099 - __main__ - INFO - Client connected: client_1747988143099
2025-05-23 01:15:43,099 - websockets.server - INFO - connection open
2025-05-23 01:15:43,099 - __main__ - INFO - Client connected: client_1747988143099
2025-05-23 01:15:43,100 - websockets.server - INFO - connection open
2025-05-23 01:15:43,100 - __main__ - INFO - Client connected: client_1747988143100
2025-05-23 01:15:48,134 - websockets.server - INFO - connection open
2025-05-23 01:15:48,138 - __main__ - INFO - Client connected: client_1747988148138
2025-05-23 01:15:48,140 - websockets.server - INFO - connection open
2025-05-23 01:15:48,141 - __main__ - INFO - Client connected: client_1747988148141
2025-05-23 01:15:48,141 - websockets.server - INFO - connection open
2025-05-23 01:15:48,142 - __main__ - INFO - Client connected: client_1747988148142
2025-05-23 01:15:48,142 - websockets.server - INFO - connection open
2025-05-23 01:15:48,143 - __main__ - INFO - Client connected: client_1747988148143
2025-05-23 01:15:53,488 - websockets.server - INFO - connection open
2025-05-23 01:15:53,495 - __main__ - INFO - Client connected: client_1747988153495
2025-05-23 01:15:53,506 - websockets.server - INFO - connection open
2025-05-23 01:15:53,506 - __main__ - INFO - Client connected: client_1747988153506
2025-05-23 01:15:53,506 - websockets.server - INFO - connection open
2025-05-23 01:15:53,506 - __main__ - INFO - Client connected: client_1747988153506
2025-05-23 01:15:53,507 - websockets.server - INFO - connection open
2025-05-23 01:15:53,508 - __main__ - INFO - Client connected: client_1747988153508
2025-05-23 01:15:58,809 - websockets.server - INFO - connection open
2025-05-23 01:15:58,814 - __main__ - INFO - Client connected: client_1747988158814
2025-05-23 01:15:58,816 - websockets.server - INFO - connection open
2025-05-23 01:15:58,819 - __main__ - INFO - Client connected: client_1747988158819
2025-05-23 01:15:58,820 - websockets.server - INFO - connection open
2025-05-23 01:15:58,820 - __main__ - INFO - Client connected: client_1747988158820
2025-05-23 01:15:58,821 - websockets.server - INFO - connection open
2025-05-23 01:15:58,821 - __main__ - INFO - Client connected: client_1747988158821
2025-05-23 01:16:03,879 - websockets.server - INFO - connection open
2025-05-23 01:16:03,880 - __main__ - INFO - Client connected: client_1747988163880
2025-05-23 01:16:03,881 - websockets.server - INFO - connection open
2025-05-23 01:16:03,882 - __main__ - INFO - Client connected: client_1747988163881
2025-05-23 01:16:03,923 - websockets.server - INFO - connection open
2025-05-23 01:16:03,923 - __main__ - INFO - Client connected: client_1747988163923
2025-05-23 01:16:03,923 - websockets.server - INFO - connection open
2025-05-23 01:16:03,923 - __main__ - INFO - Client connected: client_1747988163923
2025-05-23 01:16:08,903 - websockets.server - INFO - connection open
2025-05-23 01:16:08,905 - __main__ - INFO - Client connected: client_1747988168905
2025-05-23 01:16:08,907 - websockets.server - INFO - connection open
2025-05-23 01:16:08,907 - __main__ - INFO - Client connected: client_1747988168907
2025-05-23 01:16:08,935 - websockets.server - INFO - connection open
2025-05-23 01:16:08,935 - __main__ - INFO - Client connected: client_1747988168935
2025-05-23 01:16:08,936 - websockets.server - INFO - connection open
2025-05-23 01:16:08,937 - __main__ - INFO - Client connected: client_1747988168936
2025-05-23 01:16:13,950 - websockets.server - INFO - connection open
2025-05-23 01:16:13,952 - __main__ - INFO - Client connected: client_1747988173952
2025-05-23 01:16:13,953 - websockets.server - INFO - connection open
2025-05-23 01:16:13,954 - __main__ - INFO - Client connected: client_1747988173954
2025-05-23 01:16:14,015 - websockets.server - INFO - connection open
2025-05-23 01:16:14,016 - __main__ - INFO - Client connected: client_1747988174016
2025-05-23 01:16:14,017 - websockets.server - INFO - connection open
2025-05-23 01:16:14,017 - __main__ - INFO - Client connected: client_1747988174017
2025-05-23 01:16:19,036 - websockets.server - INFO - connection open
2025-05-23 01:16:19,037 - __main__ - INFO - Client connected: client_1747988179037
2025-05-23 01:16:19,038 - websockets.server - INFO - connection open
2025-05-23 01:16:19,038 - __main__ - INFO - Client connected: client_1747988179038
2025-05-23 01:16:19,044 - websockets.server - INFO - connection open
2025-05-23 01:16:19,044 - __main__ - INFO - Client connected: client_1747988179044
2025-05-23 01:16:19,053 - websockets.server - INFO - connection open
2025-05-23 01:16:19,053 - __main__ - INFO - Client connected: client_1747988179053
2025-05-23 01:16:24,057 - websockets.server - INFO - connection open
2025-05-23 01:16:24,058 - __main__ - INFO - Client connected: client_1747988184058
2025-05-23 01:16:24,059 - websockets.server - INFO - connection open
2025-05-23 01:16:24,059 - __main__ - INFO - Client connected: client_1747988184059
2025-05-23 01:16:24,059 - websockets.server - INFO - connection open
2025-05-23 01:16:24,060 - __main__ - INFO - Client connected: client_1747988184060
2025-05-23 01:16:24,062 - websockets.server - INFO - connection open
2025-05-23 01:16:24,062 - __main__ - INFO - Client connected: client_1747988184062
2025-05-23 01:16:29,208 - websockets.server - INFO - connection open
2025-05-23 01:16:29,209 - __main__ - INFO - Client connected: client_1747988189209
2025-05-23 01:16:29,211 - websockets.server - INFO - connection open
2025-05-23 01:16:29,211 - __main__ - INFO - Client connected: client_1747988189211
2025-05-23 01:16:29,212 - websockets.server - INFO - connection open
2025-05-23 01:16:29,213 - __main__ - INFO - Client connected: client_1747988189213
2025-05-23 01:16:29,214 - websockets.server - INFO - connection open
2025-05-23 01:16:29,214 - __main__ - INFO - Client connected: client_1747988189214
2025-05-23 01:16:34,267 - websockets.server - INFO - connection open
2025-05-23 01:16:34,269 - __main__ - INFO - Client connected: client_1747988194269
2025-05-23 01:16:34,271 - websockets.server - INFO - connection open
2025-05-23 01:16:34,272 - __main__ - INFO - Client connected: client_1747988194272
2025-05-23 01:16:34,273 - websockets.server - INFO - connection open
2025-05-23 01:16:34,273 - __main__ - INFO - Client connected: client_1747988194273
2025-05-23 01:16:34,275 - websockets.server - INFO - connection open
2025-05-23 01:16:34,275 - __main__ - INFO - Client connected: client_1747988194275
2025-05-23 01:16:39,331 - websockets.server - INFO - connection open
2025-05-23 01:16:39,336 - __main__ - INFO - Client connected: client_1747988199335
2025-05-23 01:16:39,339 - websockets.server - INFO - connection open
2025-05-23 01:16:39,339 - __main__ - INFO - Client connected: client_1747988199339
2025-05-23 01:16:39,339 - websockets.server - INFO - connection open
2025-05-23 01:16:39,340 - __main__ - INFO - Client connected: client_1747988199340
2025-05-23 01:16:39,340 - websockets.server - INFO - connection open
2025-05-23 01:16:39,340 - __main__ - INFO - Client connected: client_1747988199340
2025-05-23 01:16:44,501 - websockets.server - INFO - connection open
2025-05-23 01:16:44,506 - __main__ - INFO - Client connected: client_1747988204506
2025-05-23 01:16:44,510 - websockets.server - INFO - connection open
2025-05-23 01:16:44,511 - __main__ - INFO - Client connected: client_1747988204511
2025-05-23 01:16:44,515 - websockets.server - INFO - connection open
2025-05-23 01:16:44,515 - __main__ - INFO - Client connected: client_1747988204515
2025-05-23 01:16:44,523 - websockets.server - INFO - connection open
2025-05-23 01:16:44,523 - __main__ - INFO - Client connected: client_1747988204523
2025-05-23 01:16:49,559 - websockets.server - INFO - connection open
2025-05-23 01:16:49,560 - __main__ - INFO - Client connected: client_1747988209560
2025-05-23 01:16:49,563 - websockets.server - INFO - connection open
2025-05-23 01:16:49,563 - __main__ - INFO - Client connected: client_1747988209563
2025-05-23 01:16:49,564 - websockets.server - INFO - connection open
2025-05-23 01:16:49,564 - __main__ - INFO - Client connected: client_1747988209564
2025-05-23 01:16:49,565 - websockets.server - INFO - connection open
2025-05-23 01:16:49,565 - __main__ - INFO - Client connected: client_1747988209565
2025-05-23 01:16:54,596 - websockets.server - INFO - connection open
2025-05-23 01:16:54,597 - __main__ - INFO - Client connected: client_1747988214597
2025-05-23 01:16:54,599 - websockets.server - INFO - connection open
2025-05-23 01:16:54,599 - __main__ - INFO - Client connected: client_1747988214599
2025-05-23 01:16:54,599 - websockets.server - INFO - connection open
2025-05-23 01:16:54,599 - __main__ - INFO - Client connected: client_1747988214599
2025-05-23 01:16:54,600 - websockets.server - INFO - connection open
2025-05-23 01:16:54,600 - __main__ - INFO - Client connected: client_1747988214600
2025-05-23 01:16:59,640 - websockets.server - INFO - connection open
2025-05-23 01:16:59,642 - __main__ - INFO - Client connected: client_1747988219642
2025-05-23 01:16:59,644 - websockets.server - INFO - connection open
2025-05-23 01:16:59,644 - __main__ - INFO - Client connected: client_1747988219644
2025-05-23 01:16:59,644 - websockets.server - INFO - connection open
2025-05-23 01:16:59,644 - __main__ - INFO - Client connected: client_1747988219644
2025-05-23 01:16:59,645 - websockets.server - INFO - connection open
2025-05-23 01:16:59,645 - __main__ - INFO - Client connected: client_1747988219645
2025-05-23 01:17:00,700 - websockets.server - INFO - connection open
2025-05-23 01:17:00,701 - __main__ - INFO - Client connected: client_1747988220701
2025-05-23 01:17:02,317 - websockets.server - INFO - connection open
2025-05-23 01:17:02,321 - __main__ - INFO - Client connected: client_1747988222321
2025-05-23 01:17:02,352 - websockets.server - INFO - connection open
2025-05-23 01:17:02,352 - __main__ - INFO - Client connected: client_1747988222352
2025-05-23 01:17:05,022 - websockets.server - INFO - connection open
2025-05-23 01:17:05,026 - __main__ - INFO - Client connected: client_1747988225026
2025-05-23 01:17:05,029 - websockets.server - INFO - connection open
2025-05-23 01:17:05,029 - __main__ - INFO - Client connected: client_1747988225029
2025-05-23 01:17:05,030 - websockets.server - INFO - connection open
2025-05-23 01:17:05,030 - __main__ - INFO - Client connected: client_1747988225030
2025-05-23 01:17:05,031 - websockets.server - INFO - connection open
2025-05-23 01:17:05,031 - __main__ - INFO - Client connected: client_1747988225031
2025-05-23 01:17:10,158 - websockets.server - INFO - connection open
2025-05-23 01:17:10,161 - __main__ - INFO - Client connected: client_1747988230161
2025-05-23 01:17:10,163 - websockets.server - INFO - connection open
2025-05-23 01:17:10,164 - __main__ - INFO - Client connected: client_1747988230164
2025-05-23 01:17:10,164 - websockets.server - INFO - connection open
2025-05-23 01:17:10,164 - __main__ - INFO - Client connected: client_1747988230164
2025-05-23 01:17:10,166 - websockets.server - INFO - connection open
2025-05-23 01:17:10,166 - __main__ - INFO - Client connected: client_1747988230166
2025-05-23 01:17:13,476 - websockets.server - INFO - connection open
2025-05-23 01:17:13,478 - __main__ - INFO - Client connected: client_1747988233478
2025-05-23 01:17:13,547 - memory.semantic_search_agent - INFO - Document 6381680b31594ebdac15f9feda046de76151373bb55bf1a08b2f4b89d7b8d01b added to enterprise vector store
2025-05-23 01:17:13,548 - memory.semantic_search_agent - INFO - Memory added successfully: 6381680b31594ebdac15f9feda046de76151373bb55bf1a08b2f4b89d7b8d01b
2025-05-23 01:17:13,580 - memory.semantic_search_agent - INFO - Similarity search completed in 0.0298s, found 5 results
2025-05-23 01:17:13,591 - memory.semantic_search_agent - INFO - Search completed successfully in 0.0424s, found 5 results
2025-05-23 01:17:13,596 - memory.semantic_search_agent - INFO - Document a3ea404cb0959934bc30563eca8a0f42a46f5b5c29ca223f6f485a529f4dc5b8 added to enterprise vector store
2025-05-23 01:17:13,597 - memory.semantic_search_agent - INFO - Memory added successfully: a3ea404cb0959934bc30563eca8a0f42a46f5b5c29ca223f6f485a529f4dc5b8
2025-05-23 01:17:13,646 - websockets.server - INFO - connection open
2025-05-23 01:17:13,646 - __main__ - INFO - Client connected: client_1747988233646
2025-05-23 01:17:13,652 - memory.semantic_search_agent - INFO - Document d5b7bfd3084060c09b6a54aa7925c1c32a91fcb7d66b6db614d47d0d7f3c181d added to enterprise vector store
2025-05-23 01:17:13,652 - memory.semantic_search_agent - INFO - Memory added successfully: d5b7bfd3084060c09b6a54aa7925c1c32a91fcb7d66b6db614d47d0d7f3c181d
2025-05-23 01:17:13,657 - memory.semantic_search_agent - INFO - Similarity search completed in 0.0042s, found 5 results
2025-05-23 01:17:13,668 - memory.semantic_search_agent - INFO - Search completed successfully in 0.0151s, found 5 results
2025-05-23 01:17:13,673 - memory.semantic_search_agent - INFO - Document 072bc81da0520e3d0c11e0923eb8bdafc11003d091fb1029a5f474c29b5cbdb2 added to enterprise vector store
2025-05-23 01:17:13,673 - memory.semantic_search_agent - INFO - Memory added successfully: 072bc81da0520e3d0c11e0923eb8bdafc11003d091fb1029a5f474c29b5cbdb2
2025-05-23 01:17:13,756 - websockets.server - INFO - connection open
2025-05-23 01:17:13,756 - __main__ - INFO - Client connected: client_1747988233756
2025-05-23 01:17:13,762 - memory.semantic_search_agent - INFO - Document b6462a962832d77e96881bfe0d7b3451c9820640abe5aa7ae76b22b2635db74a added to enterprise vector store
2025-05-23 01:17:13,762 - memory.semantic_search_agent - INFO - Memory added successfully: b6462a962832d77e96881bfe0d7b3451c9820640abe5aa7ae76b22b2635db74a
2025-05-23 01:17:13,766 - memory.semantic_search_agent - INFO - Similarity search completed in 0.0038s, found 5 results
2025-05-23 01:17:13,774 - memory.semantic_search_agent - INFO - Search completed successfully in 0.0121s, found 5 results
2025-05-23 01:17:13,775 - __main__ - INFO - 🤖 Agent mode with REAL automation: test agent mode
2025-05-23 01:17:13,775 - __main__ - INFO - 🔧 Simple task detected: test agent mode
2025-05-23 01:17:13,778 - memory.semantic_search_agent - INFO - Document 2807fc0652c88fbdf72ec474f03da93dcdd5859e32092fb0ee73b09c1e5502e7 added to enterprise vector store
2025-05-23 01:17:13,778 - memory.semantic_search_agent - INFO - Memory added successfully: 2807fc0652c88fbdf72ec474f03da93dcdd5859e32092fb0ee73b09c1e5502e7
2025-05-23 01:17:13,787 - websockets.server - INFO - connection open
2025-05-23 01:17:13,787 - __main__ - INFO - Client connected: client_1747988233787
2025-05-23 01:17:13,791 - memory.semantic_search_agent - INFO - Document 971cc3fe257f59e38b623f8337c2cf860d5edf1d409539a5a150dec7af97f3cb added to enterprise vector store
2025-05-23 01:17:13,791 - memory.semantic_search_agent - INFO - Memory added successfully: 971cc3fe257f59e38b623f8337c2cf860d5edf1d409539a5a150dec7af97f3cb
2025-05-23 01:17:13,797 - memory.semantic_search_agent - INFO - Similarity search completed in 0.0057s, found 5 results
2025-05-23 01:17:13,816 - memory.semantic_search_agent - INFO - Search completed successfully in 0.0244s, found 5 results
2025-05-23 01:17:13,819 - memory.semantic_search_agent - INFO - Document 56483aaa1412e4da4dd4e3118b771293a7e74299375b3c6405f80cae69640e57 added to enterprise vector store
2025-05-23 01:17:13,819 - memory.semantic_search_agent - INFO - Memory added successfully: 56483aaa1412e4da4dd4e3118b771293a7e74299375b3c6405f80cae69640e57
2025-05-23 01:17:13,833 - websockets.server - INFO - connection open
2025-05-23 01:17:13,833 - __main__ - INFO - Client connected: client_1747988233833
2025-05-23 01:17:13,840 - memory.semantic_search_agent - INFO - Document aa2065cfd8bbe5dc97c9e87cafede468bc2c64a890f2a2dee594a087692415c5 added to enterprise vector store
2025-05-23 01:17:13,840 - memory.semantic_search_agent - INFO - Memory added successfully: aa2065cfd8bbe5dc97c9e87cafede468bc2c64a890f2a2dee594a087692415c5
2025-05-23 01:17:13,845 - memory.semantic_search_agent - INFO - Similarity search completed in 0.0042s, found 5 results
2025-05-23 01:17:13,853 - memory.semantic_search_agent - INFO - Search completed successfully in 0.0125s, found 5 results
2025-05-23 01:17:13,857 - memory.semantic_search_agent - INFO - Document 90e33c00480a8309461da07b2db99bf953ac91324f1d63f040c94ce0312506dc added to enterprise vector store
2025-05-23 01:17:13,858 - memory.semantic_search_agent - INFO - Memory added successfully: 90e33c00480a8309461da07b2db99bf953ac91324f1d63f040c94ce0312506dc
2025-05-23 01:17:15,234 - websockets.server - INFO - connection open
2025-05-23 01:17:15,235 - __main__ - INFO - Client connected: client_1747988235235
2025-05-23 01:17:15,236 - websockets.server - INFO - connection open
2025-05-23 01:17:15,236 - __main__ - INFO - Client connected: client_1747988235236
2025-05-23 01:17:15,237 - websockets.server - INFO - connection open
2025-05-23 01:17:15,237 - __main__ - INFO - Client connected: client_1747988235237
2025-05-23 01:17:15,238 - websockets.server - INFO - connection open
2025-05-23 01:17:15,239 - __main__ - INFO - Client connected: client_1747988235239
2025-05-23 01:17:20,327 - websockets.server - INFO - connection open
2025-05-23 01:17:20,329 - __main__ - INFO - Client connected: client_1747988240329
2025-05-23 01:17:20,332 - websockets.server - INFO - connection open
2025-05-23 01:17:20,332 - __main__ - INFO - Client connected: client_1747988240332
2025-05-23 01:17:20,333 - websockets.server - INFO - connection open
2025-05-23 01:17:20,333 - __main__ - INFO - Client connected: client_1747988240333
2025-05-23 01:17:20,333 - websockets.server - INFO - connection open
2025-05-23 01:17:20,333 - __main__ - INFO - Client connected: client_1747988240333
2025-05-23 01:17:20,428 - __main__ - INFO - Client disconnected: client_1747988130417
2025-05-23 01:17:25,372 - websockets.server - INFO - connection open
2025-05-23 01:17:25,374 - __main__ - INFO - Client connected: client_1747988245374
2025-05-23 01:17:25,376 - websockets.server - INFO - connection open
2025-05-23 01:17:25,376 - __main__ - INFO - Client connected: client_1747988245376
2025-05-23 01:17:25,384 - websockets.server - INFO - connection open
2025-05-23 01:17:25,385 - __main__ - INFO - Client connected: client_1747988245385
2025-05-23 01:17:25,406 - websockets.server - INFO - connection open
2025-05-23 01:17:25,407 - __main__ - INFO - Client connected: client_1747988245407
2025-05-23 01:17:30,407 - websockets.server - INFO - connection open
2025-05-23 01:17:30,408 - __main__ - INFO - Client connected: client_1747988250408
2025-05-23 01:17:30,410 - websockets.server - INFO - connection open
2025-05-23 01:17:30,410 - __main__ - INFO - Client connected: client_1747988250410
2025-05-23 01:17:30,485 - websockets.server - INFO - connection open
2025-05-23 01:17:30,485 - __main__ - INFO - Client connected: client_1747988250485
2025-05-23 01:17:30,550 - websockets.server - INFO - connection open
2025-05-23 01:17:30,550 - __main__ - INFO - Client connected: client_1747988250550
2025-05-23 01:17:35,422 - websockets.server - INFO - connection open
2025-05-23 01:17:35,423 - __main__ - INFO - Client connected: client_1747988255423
2025-05-23 01:17:35,424 - websockets.server - INFO - connection open
2025-05-23 01:17:35,424 - __main__ - INFO - Client connected: client_1747988255424
2025-05-23 01:17:35,564 - websockets.server - INFO - connection open
2025-05-23 01:17:35,564 - __main__ - INFO - Client connected: client_1747988255564
2025-05-23 01:17:35,574 - websockets.server - INFO - connection open
2025-05-23 01:17:35,574 - __main__ - INFO - Client connected: client_1747988255574
2025-05-23 01:17:40,432 - websockets.server - INFO - connection open
2025-05-23 01:17:40,433 - __main__ - INFO - Client connected: client_1747988260433
2025-05-23 01:17:40,433 - websockets.server - INFO - connection open
2025-05-23 01:17:40,434 - __main__ - INFO - Client connected: client_1747988260434
2025-05-23 01:17:40,572 - websockets.server - INFO - connection open
2025-05-23 01:17:40,572 - __main__ - INFO - Client connected: client_1747988260572
2025-05-23 01:17:40,582 - websockets.server - INFO - connection open
2025-05-23 01:17:40,582 - __main__ - INFO - Client connected: client_1747988260582
2025-05-23 01:17:45,447 - websockets.server - INFO - connection open
2025-05-23 01:17:45,448 - __main__ - INFO - Client connected: client_1747988265448
2025-05-23 01:17:45,448 - websockets.server - INFO - connection open
2025-05-23 01:17:45,449 - __main__ - INFO - Client connected: client_1747988265449
2025-05-23 01:17:45,591 - websockets.server - INFO - connection open
2025-05-23 01:17:45,591 - __main__ - INFO - Client connected: client_1747988265591
2025-05-23 01:17:45,596 - websockets.server - INFO - connection open
2025-05-23 01:17:45,596 - __main__ - INFO - Client connected: client_1747988265596
2025-05-23 01:17:45,989 - websockets.server - INFO - connection open
2025-05-23 01:17:45,989 - __main__ - INFO - Client connected: client_1747988265989
2025-05-23 01:17:50,483 - websockets.server - INFO - connection open
2025-05-23 01:17:50,485 - __main__ - INFO - Client connected: client_1747988270485
2025-05-23 01:17:50,486 - websockets.server - INFO - connection open
2025-05-23 01:17:50,487 - __main__ - INFO - Client connected: client_1747988270487
2025-05-23 01:17:50,706 - __main__ - INFO - Client disconnected: client_1747988220701
2025-05-23 01:17:50,809 - websockets.server - INFO - connection open
2025-05-23 01:17:50,810 - __main__ - INFO - Client connected: client_1747988270810
2025-05-23 01:17:50,910 - websockets.server - INFO - connection open
2025-05-23 01:17:50,911 - __main__ - INFO - Client connected: client_1747988270910
2025-05-23 01:17:52,330 - __main__ - INFO - Client disconnected: client_1747988222321
2025-05-23 01:17:55,534 - websockets.server - INFO - connection open
2025-05-23 01:17:55,535 - __main__ - INFO - Client connected: client_1747988275535
2025-05-23 01:17:55,556 - websockets.server - INFO - connection open
2025-05-23 01:17:55,556 - __main__ - INFO - Client connected: client_1747988275556
2025-05-23 01:17:55,918 - websockets.server - INFO - connection open
2025-05-23 01:17:55,919 - __main__ - INFO - Client connected: client_1747988275919
2025-05-23 01:17:55,923 - websockets.server - INFO - connection open
2025-05-23 01:17:55,923 - __main__ - INFO - Client connected: client_1747988275923
2025-05-23 01:18:00,674 - websockets.server - INFO - connection open
2025-05-23 01:18:00,680 - __main__ - INFO - Client connected: client_1747988280680
2025-05-23 01:18:00,685 - websockets.server - INFO - connection open
2025-05-23 01:18:00,685 - __main__ - INFO - Client connected: client_1747988280685
2025-05-23 01:18:01,013 - websockets.server - INFO - connection open
2025-05-23 01:18:01,014 - __main__ - INFO - Client connected: client_1747988281014
2025-05-23 01:18:01,026 - websockets.server - INFO - connection open
2025-05-23 01:18:01,027 - __main__ - INFO - Client connected: client_1747988281027
2025-05-23 01:18:05,740 - websockets.server - INFO - connection open
2025-05-23 01:18:05,743 - __main__ - INFO - Client connected: client_1747988285743
2025-05-23 01:18:05,745 - websockets.server - INFO - connection open
2025-05-23 01:18:05,745 - __main__ - INFO - Client connected: client_1747988285745
2025-05-23 01:18:06,031 - websockets.server - INFO - connection open
2025-05-23 01:18:06,031 - __main__ - INFO - Client connected: client_1747988286031
2025-05-23 01:18:06,059 - websockets.server - INFO - connection open
2025-05-23 01:18:06,060 - __main__ - INFO - Client connected: client_1747988286060
2025-05-23 01:18:10,768 - websockets.server - INFO - connection open
2025-05-23 01:18:10,770 - __main__ - INFO - Client connected: client_1747988290770
2025-05-23 01:18:10,772 - websockets.server - INFO - connection open
2025-05-23 01:18:10,772 - __main__ - INFO - Client connected: client_1747988290772
2025-05-23 01:18:11,223 - websockets.server - INFO - connection open
2025-05-23 01:18:11,224 - __main__ - INFO - Client connected: client_1747988291224
2025-05-23 01:18:11,226 - websockets.server - INFO - connection open
2025-05-23 01:18:11,227 - __main__ - INFO - Client connected: client_1747988291227
2025-05-23 01:18:15,794 - websockets.server - INFO - connection open
2025-05-23 01:18:15,795 - __main__ - INFO - Client connected: client_1747988295795
2025-05-23 01:18:15,796 - websockets.server - INFO - connection open
2025-05-23 01:18:15,797 - __main__ - INFO - Client connected: client_1747988295797
2025-05-23 01:18:16,259 - websockets.server - INFO - connection open
2025-05-23 01:18:16,260 - __main__ - INFO - Client connected: client_1747988296259
2025-05-23 01:18:16,261 - websockets.server - INFO - connection open
2025-05-23 01:18:16,262 - __main__ - INFO - Client connected: client_1747988296262
2025-05-23 01:18:20,876 - websockets.server - INFO - connection open
2025-05-23 01:18:20,879 - __main__ - INFO - Client connected: client_1747988300879
2025-05-23 01:18:20,880 - websockets.server - INFO - connection open
2025-05-23 01:18:20,880 - __main__ - INFO - Client connected: client_1747988300880
2025-05-23 01:18:21,339 - websockets.server - INFO - connection open
2025-05-23 01:18:21,340 - __main__ - INFO - Client connected: client_1747988301340
2025-05-23 01:18:21,343 - websockets.server - INFO - connection open
2025-05-23 01:18:21,343 - __main__ - INFO - Client connected: client_1747988301343
2025-05-23 01:18:25,940 - websockets.server - INFO - connection open
2025-05-23 01:18:25,940 - __main__ - INFO - Client connected: client_1747988305940
2025-05-23 01:18:25,941 - websockets.server - INFO - connection open
2025-05-23 01:18:25,941 - __main__ - INFO - Client connected: client_1747988305941
2025-05-23 01:18:26,354 - websockets.server - INFO - connection open
2025-05-23 01:18:26,354 - __main__ - INFO - Client connected: client_1747988306354
2025-05-23 01:18:26,356 - websockets.server - INFO - connection open
2025-05-23 01:18:26,356 - __main__ - INFO - Client connected: client_1747988306356
2025-05-23 01:18:30,985 - websockets.server - INFO - connection open
2025-05-23 01:18:30,986 - __main__ - INFO - Client connected: client_1747988310986
2025-05-23 01:18:30,988 - websockets.server - INFO - connection open
2025-05-23 01:18:30,988 - __main__ - INFO - Client connected: client_1747988310988
2025-05-23 01:18:31,375 - websockets.server - INFO - connection open
2025-05-23 01:18:31,376 - __main__ - INFO - Client connected: client_1747988311376
2025-05-23 01:18:31,380 - websockets.server - INFO - connection open
2025-05-23 01:18:31,381 - __main__ - INFO - Client connected: client_1747988311381
2025-05-23 01:18:34,235 - __main__ - INFO - Client disconnected: client_1747988265989
2025-05-23 01:18:34,244 - websockets.server - INFO - connection open
2025-05-23 01:18:34,244 - __main__ - INFO - Client connected: client_1747988314244
2025-05-23 01:18:36,002 - websockets.server - INFO - connection open
2025-05-23 01:18:36,003 - __main__ - INFO - Client connected: client_1747988316003
2025-05-23 01:18:36,004 - websockets.server - INFO - connection open
2025-05-23 01:18:36,004 - __main__ - INFO - Client connected: client_1747988316004
2025-05-23 01:18:36,386 - websockets.server - INFO - connection open
2025-05-23 01:18:36,386 - __main__ - INFO - Client connected: client_1747988316386
2025-05-23 01:18:36,390 - websockets.server - INFO - connection open
2025-05-23 01:18:36,390 - __main__ - INFO - Client connected: client_1747988316390
2025-05-23 01:18:41,057 - websockets.server - INFO - connection open
2025-05-23 01:18:41,059 - __main__ - INFO - Client connected: client_1747988321059
2025-05-23 01:18:41,062 - websockets.server - INFO - connection open
2025-05-23 01:18:41,062 - __main__ - INFO - Client connected: client_1747988321062
2025-05-23 01:18:41,408 - websockets.server - INFO - connection open
2025-05-23 01:18:41,412 - __main__ - INFO - Client connected: client_1747988321412
2025-05-23 01:18:41,413 - websockets.server - INFO - connection open
2025-05-23 01:18:41,414 - __main__ - INFO - Client connected: client_1747988321414
2025-05-23 01:18:46,252 - websockets.server - INFO - connection open
2025-05-23 01:18:46,258 - __main__ - INFO - Client connected: client_1747988326258
2025-05-23 01:18:46,263 - websockets.server - INFO - connection open
2025-05-23 01:18:46,265 - __main__ - INFO - Client connected: client_1747988326265
2025-05-23 01:18:46,473 - websockets.server - INFO - connection open
2025-05-23 01:18:46,474 - __main__ - INFO - Client connected: client_1747988326474
2025-05-23 01:18:46,476 - websockets.server - INFO - connection open
2025-05-23 01:18:46,477 - __main__ - INFO - Client connected: client_1747988326477
2025-05-23 01:18:51,296 - websockets.server - INFO - connection open
2025-05-23 01:18:51,300 - __main__ - INFO - Client connected: client_1747988331300
2025-05-23 01:18:51,302 - websockets.server - INFO - connection open
2025-05-23 01:18:51,302 - __main__ - INFO - Client connected: client_1747988331302
2025-05-23 01:18:51,494 - websockets.server - INFO - connection open
2025-05-23 01:18:51,495 - __main__ - INFO - Client connected: client_1747988331495
2025-05-23 01:18:51,496 - websockets.server - INFO - connection open
2025-05-23 01:18:51,497 - __main__ - INFO - Client connected: client_1747988331497
2025-05-23 01:18:56,328 - websockets.server - INFO - connection open
2025-05-23 01:18:56,329 - __main__ - INFO - Client connected: client_1747988336329
2025-05-23 01:18:56,330 - websockets.server - INFO - connection open
2025-05-23 01:18:56,330 - __main__ - INFO - Client connected: client_1747988336330
2025-05-23 01:18:56,508 - websockets.server - INFO - connection open
2025-05-23 01:18:56,508 - __main__ - INFO - Client connected: client_1747988336508
2025-05-23 01:18:56,515 - websockets.server - INFO - connection open
2025-05-23 01:18:56,515 - __main__ - INFO - Client connected: client_1747988336515
2025-05-23 01:19:01,358 - websockets.server - INFO - connection open
2025-05-23 01:19:01,359 - __main__ - INFO - Client connected: client_1747988341359
2025-05-23 01:19:01,361 - websockets.server - INFO - connection open
2025-05-23 01:19:01,362 - __main__ - INFO - Client connected: client_1747988341362
2025-05-23 01:19:01,523 - websockets.server - INFO - connection open
2025-05-23 01:19:01,524 - __main__ - INFO - Client connected: client_1747988341524
2025-05-23 01:19:01,540 - websockets.server - INFO - connection open
2025-05-23 01:19:01,541 - __main__ - INFO - Client connected: client_1747988341541
2025-05-23 01:19:06,399 - websockets.server - INFO - connection open
2025-05-23 01:19:06,401 - __main__ - INFO - Client connected: client_1747988346401
2025-05-23 01:19:06,403 - websockets.server - INFO - connection open
2025-05-23 01:19:06,403 - __main__ - INFO - Client connected: client_1747988346403
2025-05-23 01:19:06,544 - websockets.server - INFO - connection open
2025-05-23 01:19:06,544 - __main__ - INFO - Client connected: client_1747988346544
2025-05-23 01:19:06,558 - websockets.server - INFO - connection open
2025-05-23 01:19:06,558 - __main__ - INFO - Client connected: client_1747988346558
2025-05-23 01:19:11,476 - websockets.server - INFO - connection open
2025-05-23 01:19:11,479 - __main__ - INFO - Client connected: client_1747988351479
2025-05-23 01:19:11,481 - websockets.server - INFO - connection open
2025-05-23 01:19:11,481 - __main__ - INFO - Client connected: client_1747988351481
2025-05-23 01:19:11,604 - websockets.server - INFO - connection open
2025-05-23 01:19:11,604 - __main__ - INFO - Client connected: client_1747988351604
2025-05-23 01:19:11,605 - websockets.server - INFO - connection open
2025-05-23 01:19:11,605 - __main__ - INFO - Client connected: client_1747988351605
2025-05-23 01:19:16,500 - websockets.server - INFO - connection open
2025-05-23 01:19:16,501 - __main__ - INFO - Client connected: client_1747988356501
2025-05-23 01:19:16,502 - websockets.server - INFO - connection open
2025-05-23 01:19:16,502 - __main__ - INFO - Client connected: client_1747988356502
2025-05-23 01:19:16,622 - websockets.server - INFO - connection open
2025-05-23 01:19:16,622 - __main__ - INFO - Client connected: client_1747988356622
2025-05-23 01:19:16,623 - websockets.server - INFO - connection open
2025-05-23 01:19:16,623 - __main__ - INFO - Client connected: client_1747988356623
2025-05-23 01:19:17,282 - websockets.server - INFO - connection open
2025-05-23 01:19:17,282 - __main__ - INFO - Client connected: client_1747988357282
2025-05-23 01:19:18,105 - websockets.server - INFO - connection open
2025-05-23 01:19:18,105 - __main__ - INFO - Client connected: client_1747988358105
2025-05-23 01:19:21,546 - websockets.server - INFO - connection open
2025-05-23 01:19:21,548 - __main__ - INFO - Client connected: client_1747988361548
2025-05-23 01:19:21,550 - websockets.server - INFO - connection open
2025-05-23 01:19:21,551 - __main__ - INFO - Client connected: client_1747988361551
2025-05-23 01:19:21,649 - websockets.server - INFO - connection open
2025-05-23 01:19:21,650 - __main__ - INFO - Client connected: client_1747988361649
2025-05-23 01:19:21,652 - websockets.server - INFO - connection open
2025-05-23 01:19:21,652 - __main__ - INFO - Client connected: client_1747988361652
2025-05-23 01:19:22,082 - websockets.server - INFO - connection open
2025-05-23 01:19:22,082 - __main__ - INFO - Client connected: client_1747988362082
2025-05-23 01:19:22,084 - websockets.server - INFO - connection open
2025-05-23 01:19:22,084 - __main__ - INFO - Client connected: client_1747988362084
2025-05-23 01:19:24,257 - __main__ - INFO - Client disconnected: client_1747988314244
2025-05-23 01:19:24,414 - websockets.server - INFO - connection open
2025-05-23 01:19:24,414 - __main__ - INFO - Client connected: client_1747988364414
2025-05-23 01:19:26,637 - websockets.server - INFO - connection open
2025-05-23 01:19:26,639 - __main__ - INFO - Client connected: client_1747988366639
2025-05-23 01:19:26,644 - websockets.server - INFO - connection open
2025-05-23 01:19:26,644 - __main__ - INFO - Client connected: client_1747988366644
2025-05-23 01:19:26,740 - websockets.server - INFO - connection open
2025-05-23 01:19:26,743 - __main__ - INFO - Client connected: client_1747988366743
2025-05-23 01:19:26,744 - websockets.server - INFO - connection open
2025-05-23 01:19:26,744 - __main__ - INFO - Client connected: client_1747988366744
2025-05-23 01:19:26,768 - websockets.server - INFO - connection open
2025-05-23 01:19:26,768 - __main__ - INFO - Client connected: client_1747988366768
2025-05-23 01:19:31,745 - websockets.server - INFO - connection open
2025-05-23 01:19:31,747 - __main__ - INFO - Client connected: client_1747988371747
2025-05-23 01:19:31,750 - websockets.server - INFO - connection open
2025-05-23 01:19:31,750 - __main__ - INFO - Client connected: client_1747988371750
2025-05-23 01:19:31,776 - websockets.server - INFO - connection open
2025-05-23 01:19:31,776 - __main__ - INFO - Client connected: client_1747988371776
2025-05-23 01:19:31,777 - websockets.server - INFO - connection open
2025-05-23 01:19:31,778 - __main__ - INFO - Client connected: client_1747988371778
2025-05-23 01:19:36,779 - websockets.server - INFO - connection open
2025-05-23 01:19:36,780 - __main__ - INFO - Client connected: client_1747988376780
2025-05-23 01:19:36,781 - websockets.server - INFO - connection open
2025-05-23 01:19:36,781 - __main__ - INFO - Client connected: client_1747988376781
2025-05-23 01:19:36,818 - websockets.server - INFO - connection open
2025-05-23 01:19:36,819 - __main__ - INFO - Client connected: client_1747988376819
2025-05-23 01:19:36,829 - websockets.server - INFO - connection open
2025-05-23 01:19:36,830 - __main__ - INFO - Client connected: client_1747988376830
2025-05-23 01:19:41,943 - websockets.server - INFO - connection open
2025-05-23 01:19:41,945 - __main__ - INFO - Client connected: client_1747988381944
2025-05-23 01:19:41,946 - websockets.server - INFO - connection open
2025-05-23 01:19:41,946 - __main__ - INFO - Client connected: client_1747988381946
2025-05-23 01:19:41,947 - websockets.server - INFO - connection open
2025-05-23 01:19:41,947 - __main__ - INFO - Client connected: client_1747988381947
2025-05-23 01:19:41,948 - websockets.server - INFO - connection open
2025-05-23 01:19:41,948 - __main__ - INFO - Client connected: client_1747988381948
2025-05-23 01:19:46,797 - __main__ - INFO - Client disconnected: client_1747988222352
2025-05-23 01:19:46,965 - websockets.server - INFO - connection open
2025-05-23 01:19:46,966 - __main__ - INFO - Client connected: client_1747988386966
2025-05-23 01:19:46,973 - websockets.server - INFO - connection open
2025-05-23 01:19:46,973 - __main__ - INFO - Client connected: client_1747988386973
2025-05-23 01:19:46,977 - websockets.server - INFO - connection open
2025-05-23 01:19:46,977 - __main__ - INFO - Client connected: client_1747988386977
2025-05-23 01:19:46,980 - websockets.server - INFO - connection open
2025-05-23 01:19:46,980 - __main__ - INFO - Client connected: client_1747988386980
2025-05-23 01:19:51,979 - websockets.server - INFO - connection open
2025-05-23 01:19:51,980 - __main__ - INFO - Client connected: client_1747988391980
2025-05-23 01:19:51,984 - websockets.server - INFO - connection open
2025-05-23 01:19:51,984 - __main__ - INFO - Client connected: client_1747988391984
2025-05-23 01:19:51,987 - websockets.server - INFO - connection open
2025-05-23 01:19:51,988 - __main__ - INFO - Client connected: client_1747988391988
2025-05-23 01:19:51,993 - websockets.server - INFO - connection open
2025-05-23 01:19:51,993 - __main__ - INFO - Client connected: client_1747988391993
2025-05-23 01:19:57,005 - websockets.server - INFO - connection open
2025-05-23 01:19:57,008 - __main__ - INFO - Client connected: client_1747988397008
2025-05-23 01:19:57,017 - websockets.server - INFO - connection open
2025-05-23 01:19:57,019 - __main__ - INFO - Client connected: client_1747988397019
2025-05-23 01:19:57,055 - websockets.server - INFO - connection open
2025-05-23 01:19:57,055 - __main__ - INFO - Client connected: client_1747988397055
2025-05-23 01:19:57,068 - websockets.server - INFO - connection open
2025-05-23 01:19:57,069 - __main__ - INFO - Client connected: client_1747988397069
2025-05-23 01:20:02,057 - websockets.server - INFO - connection open
2025-05-23 01:20:02,059 - __main__ - INFO - Client connected: client_1747988402059
2025-05-23 01:20:02,060 - websockets.server - INFO - connection open
2025-05-23 01:20:02,060 - __main__ - INFO - Client connected: client_1747988402060
2025-05-23 01:20:02,100 - websockets.server - INFO - connection open
2025-05-23 01:20:02,100 - __main__ - INFO - Client connected: client_1747988402100
2025-05-23 01:20:02,101 - websockets.server - INFO - connection open
2025-05-23 01:20:02,101 - __main__ - INFO - Client connected: client_1747988402101
2025-05-23 01:20:05,301 - websockets.server - INFO - connection open
2025-05-23 01:20:05,302 - __main__ - INFO - Client connected: client_1747988405302
2025-05-23 01:20:07,080 - websockets.server - INFO - connection open
2025-05-23 01:20:07,081 - __main__ - INFO - Client connected: client_1747988407081
2025-05-23 01:20:07,082 - websockets.server - INFO - connection open
2025-05-23 01:20:07,082 - __main__ - INFO - Client connected: client_1747988407082
2025-05-23 01:20:07,128 - websockets.server - INFO - connection open
2025-05-23 01:20:07,128 - __main__ - INFO - Client connected: client_1747988407128
2025-05-23 01:20:07,133 - websockets.server - INFO - connection open
2025-05-23 01:20:07,133 - __main__ - INFO - Client connected: client_1747988407133
2025-05-23 01:20:10,039 - memory.semantic_search_agent - INFO - Document 4fb4db22c3e59c8cbdff58697243275ec1e9cc9fb8d673ebb388d55573a32603 added to enterprise vector store
2025-05-23 01:20:10,041 - memory.semantic_search_agent - INFO - Memory added successfully: 4fb4db22c3e59c8cbdff58697243275ec1e9cc9fb8d673ebb388d55573a32603
2025-05-23 01:20:10,059 - memory.semantic_search_agent - INFO - Similarity search completed in 0.0170s, found 5 results
2025-05-23 01:20:10,076 - memory.semantic_search_agent - INFO - Search completed successfully in 0.0350s, found 5 results
2025-05-23 01:20:10,089 - memory.semantic_search_agent - INFO - Document 7676d353874c9eec1e8a2b44480069b6cb4d3ad0eecabbe2424279030ce2fd1d added to enterprise vector store
2025-05-23 01:20:10,089 - memory.semantic_search_agent - INFO - Memory added successfully: 7676d353874c9eec1e8a2b44480069b6cb4d3ad0eecabbe2424279030ce2fd1d
2025-05-23 01:20:12,126 - websockets.server - INFO - connection open
2025-05-23 01:20:12,127 - __main__ - INFO - Client connected: client_1747988412127
2025-05-23 01:20:12,128 - websockets.server - INFO - connection open
2025-05-23 01:20:12,129 - __main__ - INFO - Client connected: client_1747988412129
2025-05-23 01:20:12,152 - websockets.server - INFO - connection open
2025-05-23 01:20:12,152 - __main__ - INFO - Client connected: client_1747988412152
2025-05-23 01:20:12,153 - websockets.server - INFO - connection open
2025-05-23 01:20:12,153 - __main__ - INFO - Client connected: client_1747988412153
2025-05-23 01:20:17,162 - websockets.server - INFO - connection open
2025-05-23 01:20:17,164 - __main__ - INFO - Client connected: client_1747988417164
2025-05-23 01:20:17,165 - websockets.server - INFO - connection open
2025-05-23 01:20:17,166 - __main__ - INFO - Client connected: client_1747988417166
2025-05-23 01:20:17,180 - websockets.server - INFO - connection open
2025-05-23 01:20:17,180 - __main__ - INFO - Client connected: client_1747988417180
2025-05-23 01:20:17,193 - websockets.server - INFO - connection open
2025-05-23 01:20:17,193 - __main__ - INFO - Client connected: client_1747988417193
2025-05-23 01:20:22,336 - websockets.server - INFO - connection open
2025-05-23 01:20:22,337 - __main__ - INFO - Client connected: client_1747988422337
2025-05-23 01:20:22,373 - websockets.server - INFO - connection open
2025-05-23 01:20:22,373 - __main__ - INFO - Client connected: client_1747988422373
2025-05-23 01:20:22,482 - websockets.server - INFO - connection open
2025-05-23 01:20:22,483 - __main__ - INFO - Client connected: client_1747988422483
2025-05-23 01:20:22,590 - websockets.server - INFO - connection open
2025-05-23 01:20:22,591 - __main__ - INFO - Client connected: client_1747988422591
2025-05-23 01:20:27,774 - websockets.server - INFO - connection open
2025-05-23 01:20:27,777 - __main__ - INFO - Client connected: client_1747988427777
2025-05-23 01:20:27,799 - websockets.server - INFO - connection open
2025-05-23 01:20:27,799 - __main__ - INFO - Client connected: client_1747988427799
2025-05-23 01:20:27,938 - websockets.server - INFO - connection open
2025-05-23 01:20:27,938 - __main__ - INFO - Client connected: client_1747988427938
2025-05-23 01:20:27,941 - websockets.server - INFO - connection open
2025-05-23 01:20:27,941 - __main__ - INFO - Client connected: client_1747988427941
2025-05-23 01:20:32,816 - websockets.server - INFO - connection open
2025-05-23 01:20:32,817 - __main__ - INFO - Client connected: client_1747988432817
2025-05-23 01:20:32,820 - websockets.server - INFO - connection open
2025-05-23 01:20:32,820 - __main__ - INFO - Client connected: client_1747988432820
2025-05-23 01:20:32,968 - websockets.server - INFO - connection open
2025-05-23 01:20:32,968 - __main__ - INFO - Client connected: client_1747988432968
2025-05-23 01:20:32,969 - websockets.server - INFO - connection open
2025-05-23 01:20:32,969 - __main__ - INFO - Client connected: client_1747988432969
2025-05-23 01:20:37,845 - websockets.server - INFO - connection open
2025-05-23 01:20:37,846 - __main__ - INFO - Client connected: client_1747988437846
2025-05-23 01:20:37,847 - websockets.server - INFO - connection open
2025-05-23 01:20:37,848 - __main__ - INFO - Client connected: client_1747988437848
2025-05-23 01:20:37,981 - websockets.server - INFO - connection open
2025-05-23 01:20:37,982 - __main__ - INFO - Client connected: client_1747988437982
2025-05-23 01:20:38,001 - websockets.server - INFO - connection open
2025-05-23 01:20:38,001 - __main__ - INFO - Client connected: client_1747988438001
2025-05-23 01:20:42,869 - websockets.server - INFO - connection open
2025-05-23 01:20:42,871 - __main__ - INFO - Client connected: client_1747988442871
2025-05-23 01:20:42,875 - websockets.server - INFO - connection open
2025-05-23 01:20:42,875 - __main__ - INFO - Client connected: client_1747988442875
2025-05-23 01:20:42,995 - websockets.server - INFO - connection open
2025-05-23 01:20:42,996 - __main__ - INFO - Client connected: client_1747988442996
2025-05-23 01:20:43,017 - websockets.server - INFO - connection open
2025-05-23 01:20:43,017 - __main__ - INFO - Client connected: client_1747988443017
2025-05-23 01:20:47,950 - websockets.server - INFO - connection open
2025-05-23 01:20:47,952 - __main__ - INFO - Client connected: client_1747988447952
2025-05-23 01:20:47,953 - websockets.server - INFO - connection open
2025-05-23 01:20:47,953 - __main__ - INFO - Client connected: client_1747988447953
2025-05-23 01:20:48,061 - websockets.server - INFO - connection open
2025-05-23 01:20:48,061 - __main__ - INFO - Client connected: client_1747988448061
2025-05-23 01:20:48,064 - websockets.server - INFO - connection open
2025-05-23 01:20:48,064 - __main__ - INFO - Client connected: client_1747988448064
2025-05-23 01:20:53,040 - websockets.server - INFO - connection open
2025-05-23 01:20:53,045 - __main__ - INFO - Client connected: client_1747988453045
2025-05-23 01:20:53,049 - websockets.server - INFO - connection open
2025-05-23 01:20:53,049 - __main__ - INFO - Client connected: client_1747988453049
2025-05-23 01:20:53,085 - websockets.server - INFO - connection open
2025-05-23 01:20:53,085 - __main__ - INFO - Client connected: client_1747988453085
2025-05-23 01:20:53,088 - websockets.server - INFO - connection open
2025-05-23 01:20:53,088 - __main__ - INFO - Client connected: client_1747988453088
2025-05-23 01:20:57,639 - websockets.server - INFO - connection open
2025-05-23 01:20:57,648 - __main__ - INFO - Client connected: client_1747988457646
2025-05-23 01:20:57,775 - memory.semantic_search_agent - INFO - Document 3ba7a4a847e8e935542782c17b178bc3012880d2500191cc9c2d74ad3448bcc2 added to enterprise vector store
2025-05-23 01:20:57,776 - memory.semantic_search_agent - INFO - Memory added successfully: 3ba7a4a847e8e935542782c17b178bc3012880d2500191cc9c2d74ad3448bcc2
2025-05-23 01:20:57,803 - memory.semantic_search_agent - INFO - Similarity search completed in 0.0249s, found 5 results
2025-05-23 01:20:57,827 - memory.semantic_search_agent - INFO - Search completed successfully in 0.0506s, found 5 results
2025-05-23 01:20:57,833 - memory.semantic_search_agent - INFO - Document 1a53cc559ba1e2567d26f1cb558bb63197c55d5b19dced12cf10facd5c3e08cf added to enterprise vector store
2025-05-23 01:20:57,834 - memory.semantic_search_agent - INFO - Memory added successfully: 1a53cc559ba1e2567d26f1cb558bb63197c55d5b19dced12cf10facd5c3e08cf
2025-05-23 01:20:58,157 - websockets.server - INFO - connection open
2025-05-23 01:20:58,158 - __main__ - INFO - Client connected: client_1747988458158
2025-05-23 01:20:58,161 - websockets.server - INFO - connection open
2025-05-23 01:20:58,162 - __main__ - INFO - Client connected: client_1747988458162
2025-05-23 01:20:58,224 - websockets.server - INFO - connection open
2025-05-23 01:20:58,225 - __main__ - INFO - Client connected: client_1747988458225
2025-05-23 01:20:58,227 - websockets.server - INFO - connection open
2025-05-23 01:20:58,227 - __main__ - INFO - Client connected: client_1747988458227
2025-05-23 01:21:03,237 - websockets.server - INFO - connection open
2025-05-23 01:21:03,240 - __main__ - INFO - Client connected: client_1747988463240
2025-05-23 01:21:03,241 - websockets.server - INFO - connection open
2025-05-23 01:21:03,243 - __main__ - INFO - Client connected: client_1747988463243
2025-05-23 01:21:03,290 - websockets.server - INFO - connection open
2025-05-23 01:21:03,291 - __main__ - INFO - Client connected: client_1747988463291
2025-05-23 01:21:03,292 - websockets.server - INFO - connection open
2025-05-23 01:21:03,292 - __main__ - INFO - Client connected: client_1747988463292
2025-05-23 01:21:08,269 - websockets.server - INFO - connection open
2025-05-23 01:21:08,270 - __main__ - INFO - Client connected: client_1747988468270
2025-05-23 01:21:08,270 - websockets.server - INFO - connection open
2025-05-23 01:21:08,270 - __main__ - INFO - Client connected: client_1747988468270
2025-05-23 01:21:08,309 - websockets.server - INFO - connection open
2025-05-23 01:21:08,309 - __main__ - INFO - Client connected: client_1747988468309
2025-05-23 01:21:08,310 - websockets.server - INFO - connection open
2025-05-23 01:21:08,310 - __main__ - INFO - Client connected: client_1747988468310
2025-05-23 01:21:13,291 - websockets.server - INFO - connection open
2025-05-23 01:21:13,293 - __main__ - INFO - Client connected: client_1747988473293
2025-05-23 01:21:13,295 - websockets.server - INFO - connection open
2025-05-23 01:21:13,295 - __main__ - INFO - Client connected: client_1747988473295
2025-05-23 01:21:13,322 - websockets.server - INFO - connection open
2025-05-23 01:21:13,322 - __main__ - INFO - Client connected: client_1747988473322
2025-05-23 01:21:13,323 - websockets.server - INFO - connection open
2025-05-23 01:21:13,323 - __main__ - INFO - Client connected: client_1747988473323
2025-05-23 01:21:18,319 - websockets.server - INFO - connection open
2025-05-23 01:21:18,321 - __main__ - INFO - Client connected: client_1747988478321
2025-05-23 01:21:18,322 - websockets.server - INFO - connection open
2025-05-23 01:21:18,322 - __main__ - INFO - Client connected: client_1747988478322
2025-05-23 01:21:18,337 - websockets.server - INFO - connection open
2025-05-23 01:21:18,337 - __main__ - INFO - Client connected: client_1747988478337
2025-05-23 01:21:18,338 - websockets.server - INFO - connection open
2025-05-23 01:21:18,338 - __main__ - INFO - Client connected: client_1747988478338
2025-05-23 01:21:20,372 - websockets.server - INFO - connection open
2025-05-23 01:21:20,373 - __main__ - INFO - Client connected: client_1747988480373
2025-05-23 01:21:23,378 - websockets.server - INFO - connection open
2025-05-23 01:21:23,379 - __main__ - INFO - Client connected: client_1747988483379
2025-05-23 01:21:23,382 - websockets.server - INFO - connection open
2025-05-23 01:21:23,382 - __main__ - INFO - Client connected: client_1747988483382
2025-05-23 01:21:23,383 - websockets.server - INFO - connection open
2025-05-23 01:21:23,383 - __main__ - INFO - Client connected: client_1747988483383
2025-05-23 01:21:23,384 - websockets.server - INFO - connection open
2025-05-23 01:21:23,384 - __main__ - INFO - Client connected: client_1747988483384
2025-05-23 01:21:24,021 - memory.semantic_search_agent - INFO - Document f7bd4cbd7ff3fd20539eb86b4e37ea2dc182a196043b1e8600a276240b13cdca added to enterprise vector store
2025-05-23 01:21:24,022 - memory.semantic_search_agent - INFO - Memory added successfully: f7bd4cbd7ff3fd20539eb86b4e37ea2dc182a196043b1e8600a276240b13cdca
2025-05-23 01:21:24,062 - memory.semantic_search_agent - INFO - Similarity search completed in 0.0381s, found 5 results
2025-05-23 01:21:24,073 - memory.semantic_search_agent - INFO - Search completed successfully in 0.0499s, found 5 results
2025-05-23 01:21:24,076 - memory.semantic_search_agent - INFO - Document 0b20492e304db668ae2f1c0725aa586922762a8df1f90094b6719806af65c6d4 added to enterprise vector store
2025-05-23 01:21:24,076 - memory.semantic_search_agent - INFO - Memory added successfully: 0b20492e304db668ae2f1c0725aa586922762a8df1f90094b6719806af65c6d4
2025-05-23 01:21:28,638 - websockets.server - INFO - connection open
2025-05-23 01:21:28,644 - __main__ - INFO - Client connected: client_1747988488643
2025-05-23 01:21:28,649 - websockets.server - INFO - connection open
2025-05-23 01:21:28,651 - __main__ - INFO - Client connected: client_1747988488651
2025-05-23 01:21:28,652 - websockets.server - INFO - connection open
2025-05-23 01:21:28,652 - __main__ - INFO - Client connected: client_1747988488652
2025-05-23 01:21:28,653 - websockets.server - INFO - connection open
2025-05-23 01:21:28,653 - __main__ - INFO - Client connected: client_1747988488653
2025-05-23 01:21:33,745 - websockets.server - INFO - connection open
2025-05-23 01:21:33,747 - __main__ - INFO - Client connected: client_1747988493747
2025-05-23 01:21:33,748 - websockets.server - INFO - connection open
2025-05-23 01:21:33,748 - __main__ - INFO - Client connected: client_1747988493748
2025-05-23 01:21:33,749 - websockets.server - INFO - connection open
2025-05-23 01:21:33,749 - __main__ - INFO - Client connected: client_1747988493749
2025-05-23 01:21:33,750 - websockets.server - INFO - connection open
2025-05-23 01:21:33,751 - __main__ - INFO - Client connected: client_1747988493751
2025-05-23 01:21:38,785 - websockets.server - INFO - connection open
2025-05-23 01:21:38,787 - __main__ - INFO - Client connected: client_1747988498787
2025-05-23 01:21:38,789 - websockets.server - INFO - connection open
2025-05-23 01:21:38,789 - __main__ - INFO - Client connected: client_1747988498789
2025-05-23 01:21:38,790 - websockets.server - INFO - connection open
2025-05-23 01:21:38,790 - __main__ - INFO - Client connected: client_1747988498790
2025-05-23 01:21:38,791 - websockets.server - INFO - connection open
2025-05-23 01:21:38,792 - __main__ - INFO - Client connected: client_1747988498792
2025-05-23 01:21:43,863 - websockets.server - INFO - connection open
2025-05-23 01:21:43,866 - __main__ - INFO - Client connected: client_1747988503866
2025-05-23 01:21:43,868 - websockets.server - INFO - connection open
2025-05-23 01:21:43,869 - __main__ - INFO - Client connected: client_1747988503869
2025-05-23 01:21:43,870 - websockets.server - INFO - connection open
2025-05-23 01:21:43,871 - __main__ - INFO - Client connected: client_1747988503871
2025-05-23 01:21:43,872 - websockets.server - INFO - connection open
2025-05-23 01:21:43,872 - __main__ - INFO - Client connected: client_1747988503872
2025-05-23 01:21:44,431 - __main__ - INFO - Client disconnected: client_1747988364414
2025-05-23 01:21:46,789 - __main__ - INFO - Client disconnected: client_1747988366768
2025-05-23 01:21:48,900 - websockets.server - INFO - connection open
2025-05-23 01:21:48,901 - __main__ - INFO - Client connected: client_1747988508901
2025-05-23 01:21:48,907 - websockets.server - INFO - connection open
2025-05-23 01:21:48,908 - __main__ - INFO - Client connected: client_1747988508908
2025-05-23 01:21:48,909 - websockets.server - INFO - connection open
2025-05-23 01:21:48,909 - __main__ - INFO - Client connected: client_1747988508909
2025-05-23 01:21:48,909 - websockets.server - INFO - connection open
2025-05-23 01:21:48,909 - __main__ - INFO - Client connected: client_1747988508909
2025-05-23 01:21:53,962 - websockets.server - INFO - connection open
2025-05-23 01:21:53,966 - __main__ - INFO - Client connected: client_1747988513966
2025-05-23 01:21:53,967 - websockets.server - INFO - connection open
2025-05-23 01:21:53,967 - __main__ - INFO - Client connected: client_1747988513967
2025-05-23 01:21:53,969 - websockets.server - INFO - connection open
2025-05-23 01:21:53,969 - __main__ - INFO - Client connected: client_1747988513969
2025-05-23 01:21:53,970 - websockets.server - INFO - connection open
2025-05-23 01:21:53,970 - __main__ - INFO - Client connected: client_1747988513970
2025-05-23 01:21:59,051 - websockets.server - INFO - connection open
2025-05-23 01:21:59,054 - __main__ - INFO - Client connected: client_1747988519054
2025-05-23 01:21:59,058 - websockets.server - INFO - connection open
2025-05-23 01:21:59,059 - __main__ - INFO - Client connected: client_1747988519059
2025-05-23 01:21:59,060 - websockets.server - INFO - connection open
2025-05-23 01:21:59,061 - __main__ - INFO - Client connected: client_1747988519061
2025-05-23 01:21:59,061 - websockets.server - INFO - connection open
2025-05-23 01:21:59,061 - __main__ - INFO - Client connected: client_1747988519061
2025-05-23 01:22:04,119 - websockets.server - INFO - connection open
2025-05-23 01:22:04,120 - __main__ - INFO - Client connected: client_1747988524120
2025-05-23 01:22:04,126 - websockets.server - INFO - connection open
2025-05-23 01:22:04,127 - __main__ - INFO - Client connected: client_1747988524127
2025-05-23 01:22:04,127 - websockets.server - INFO - connection open
2025-05-23 01:22:04,127 - __main__ - INFO - Client connected: client_1747988524127
2025-05-23 01:22:04,128 - websockets.server - INFO - connection open
2025-05-23 01:22:04,128 - __main__ - INFO - Client connected: client_1747988524128
2025-05-23 01:22:09,149 - websockets.server - INFO - connection open
2025-05-23 01:22:09,153 - __main__ - INFO - Client connected: client_1747988529153
2025-05-23 01:22:09,154 - websockets.server - INFO - connection open
2025-05-23 01:22:09,154 - __main__ - INFO - Client connected: client_1747988529154
2025-05-23 01:22:09,155 - websockets.server - INFO - connection open
2025-05-23 01:22:09,155 - __main__ - INFO - Client connected: client_1747988529155
2025-05-23 01:22:09,156 - websockets.server - INFO - connection open
2025-05-23 01:22:09,156 - __main__ - INFO - Client connected: client_1747988529156
2025-05-23 01:22:11,957 - websockets.server - INFO - connection open
2025-05-23 01:22:11,963 - __main__ - INFO - Client connected: client_1747988531963
2025-05-23 01:22:14,172 - websockets.server - INFO - connection open
2025-05-23 01:22:14,175 - __main__ - INFO - Client connected: client_1747988534175
2025-05-23 01:22:14,177 - websockets.server - INFO - connection open
2025-05-23 01:22:14,178 - __main__ - INFO - Client connected: client_1747988534178
2025-05-23 01:22:14,178 - websockets.server - INFO - connection open
2025-05-23 01:22:14,179 - __main__ - INFO - Client connected: client_1747988534179
2025-05-23 01:22:14,181 - websockets.server - INFO - connection open
2025-05-23 01:22:14,181 - __main__ - INFO - Client connected: client_1747988534181
2025-05-23 01:22:19,220 - websockets.server - INFO - connection open
2025-05-23 01:22:19,222 - __main__ - INFO - Client connected: client_1747988539222
2025-05-23 01:22:19,224 - websockets.server - INFO - connection open
2025-05-23 01:22:19,224 - __main__ - INFO - Client connected: client_1747988539224
2025-05-23 01:22:19,224 - websockets.server - INFO - connection open
2025-05-23 01:22:19,225 - __main__ - INFO - Client connected: client_1747988539225
2025-05-23 01:22:19,225 - websockets.server - INFO - connection open
2025-05-23 01:22:19,226 - __main__ - INFO - Client connected: client_1747988539226
2025-05-23 01:22:24,349 - websockets.server - INFO - connection open
2025-05-23 01:22:24,357 - __main__ - INFO - Client connected: client_1747988544357
2025-05-23 01:22:24,364 - websockets.server - INFO - connection open
2025-05-23 01:22:24,365 - __main__ - INFO - Client connected: client_1747988544365
2025-05-23 01:22:24,369 - websockets.server - INFO - connection open
2025-05-23 01:22:24,370 - __main__ - INFO - Client connected: client_1747988544370
2025-05-23 01:22:24,373 - websockets.server - INFO - connection open
2025-05-23 01:22:24,374 - __main__ - INFO - Client connected: client_1747988544374
2025-05-23 01:22:25,321 - __main__ - INFO - Client disconnected: client_1747988405302
2025-05-23 01:22:29,406 - websockets.server - INFO - connection open
2025-05-23 01:22:29,408 - __main__ - INFO - Client connected: client_1747988549408
2025-05-23 01:22:29,409 - websockets.server - INFO - connection open
2025-05-23 01:22:29,409 - __main__ - INFO - Client connected: client_1747988549409
2025-05-23 01:22:29,414 - websockets.server - INFO - connection open
2025-05-23 01:22:29,414 - __main__ - INFO - Client connected: client_1747988549414
2025-05-23 01:22:29,415 - websockets.server - INFO - connection open
2025-05-23 01:22:29,415 - __main__ - INFO - Client connected: client_1747988549415
2025-05-23 01:22:34,452 - websockets.server - INFO - connection open
2025-05-23 01:22:34,454 - __main__ - INFO - Client connected: client_1747988554454
2025-05-23 01:22:34,455 - websockets.server - INFO - connection open
2025-05-23 01:22:34,455 - __main__ - INFO - Client connected: client_1747988554455
2025-05-23 01:22:34,455 - websockets.server - INFO - connection open
2025-05-23 01:22:34,456 - __main__ - INFO - Client connected: client_1747988554456
2025-05-23 01:22:34,457 - websockets.server - INFO - connection open
2025-05-23 01:22:34,457 - __main__ - INFO - Client connected: client_1747988554457
2025-05-23 01:22:39,497 - websockets.server - INFO - connection open
2025-05-23 01:22:39,499 - __main__ - INFO - Client connected: client_1747988559499
2025-05-23 01:22:39,500 - websockets.server - INFO - connection open
2025-05-23 01:22:39,500 - __main__ - INFO - Client connected: client_1747988559500
2025-05-23 01:22:39,500 - websockets.server - INFO - connection open
2025-05-23 01:22:39,500 - __main__ - INFO - Client connected: client_1747988559500
2025-05-23 01:22:39,500 - websockets.server - INFO - connection open
2025-05-23 01:22:39,501 - __main__ - INFO - Client connected: client_1747988559501
2025-05-23 01:22:44,579 - websockets.server - INFO - connection open
2025-05-23 01:22:44,582 - __main__ - INFO - Client connected: client_1747988564582
2025-05-23 01:22:44,584 - websockets.server - INFO - connection open
2025-05-23 01:22:44,584 - __main__ - INFO - Client connected: client_1747988564584
2025-05-23 01:22:44,584 - websockets.server - INFO - connection open
2025-05-23 01:22:44,584 - __main__ - INFO - Client connected: client_1747988564584
2025-05-23 01:22:44,585 - websockets.server - INFO - connection open
2025-05-23 01:22:44,585 - __main__ - INFO - Client connected: client_1747988564585
2025-05-23 01:22:49,634 - websockets.server - INFO - connection open
2025-05-23 01:22:49,635 - __main__ - INFO - Client connected: client_1747988569635
2025-05-23 01:22:49,636 - websockets.server - INFO - connection open
2025-05-23 01:22:49,636 - __main__ - INFO - Client connected: client_1747988569636
2025-05-23 01:22:49,637 - websockets.server - INFO - connection open
2025-05-23 01:22:49,637 - __main__ - INFO - Client connected: client_1747988569637
2025-05-23 01:22:49,637 - websockets.server - INFO - connection open
2025-05-23 01:22:49,637 - __main__ - INFO - Client connected: client_1747988569637
2025-05-23 01:22:54,687 - websockets.server - INFO - connection open
2025-05-23 01:22:54,688 - __main__ - INFO - Client connected: client_1747988574688
2025-05-23 01:22:54,690 - websockets.server - INFO - connection open
2025-05-23 01:22:54,690 - __main__ - INFO - Client connected: client_1747988574690
2025-05-23 01:22:54,691 - websockets.server - INFO - connection open
2025-05-23 01:22:54,691 - __main__ - INFO - Client connected: client_1747988574691
2025-05-23 01:22:54,697 - websockets.server - INFO - connection open
2025-05-23 01:22:54,698 - __main__ - INFO - Client connected: client_1747988574698
2025-05-23 01:22:59,762 - websockets.server - INFO - connection open
2025-05-23 01:22:59,764 - __main__ - INFO - Client connected: client_1747988579764
2025-05-23 01:22:59,765 - websockets.server - INFO - connection open
2025-05-23 01:22:59,766 - __main__ - INFO - Client connected: client_1747988579766
2025-05-23 01:22:59,766 - websockets.server - INFO - connection open
2025-05-23 01:22:59,766 - __main__ - INFO - Client connected: client_1747988579766
2025-05-23 01:22:59,767 - websockets.server - INFO - connection open
2025-05-23 01:22:59,767 - __main__ - INFO - Client connected: client_1747988579767
2025-05-23 01:23:01,980 - __main__ - INFO - Client disconnected: client_1747988531963
2025-05-23 01:23:04,943 - websockets.server - INFO - connection open
2025-05-23 01:23:04,948 - __main__ - INFO - Client connected: client_1747988584948
2025-05-23 01:23:04,951 - websockets.server - INFO - connection open
2025-05-23 01:23:04,951 - __main__ - INFO - Client connected: client_1747988584951
2025-05-23 01:23:04,954 - websockets.server - INFO - connection open
2025-05-23 01:23:04,954 - __main__ - INFO - Client connected: client_1747988584954
2025-05-23 01:23:04,957 - websockets.server - INFO - connection open
2025-05-23 01:23:04,958 - __main__ - INFO - Client connected: client_1747988584958
2025-05-23 01:23:06,976 - websockets.server - INFO - connection open
2025-05-23 01:23:06,977 - __main__ - INFO - Client connected: client_1747988586977
2025-05-23 01:23:09,982 - websockets.server - INFO - connection open
2025-05-23 01:23:09,983 - __main__ - INFO - Client connected: client_1747988589983
2025-05-23 01:23:09,984 - websockets.server - INFO - connection open
2025-05-23 01:23:09,984 - __main__ - INFO - Client connected: client_1747988589984
2025-05-23 01:23:09,984 - websockets.server - INFO - connection open
2025-05-23 01:23:09,985 - __main__ - INFO - Client connected: client_1747988589985
2025-05-23 01:23:09,985 - websockets.server - INFO - connection open
2025-05-23 01:23:09,985 - __main__ - INFO - Client connected: client_1747988589985
2025-05-23 01:23:14,997 - websockets.server - INFO - connection open
2025-05-23 01:23:14,998 - __main__ - INFO - Client connected: client_1747988594998
2025-05-23 01:23:14,999 - websockets.server - INFO - connection open
2025-05-23 01:23:14,999 - __main__ - INFO - Client connected: client_1747988594999
2025-05-23 01:23:15,000 - websockets.server - INFO - connection open
2025-05-23 01:23:15,001 - __main__ - INFO - Client connected: client_1747988595001
2025-05-23 01:23:15,001 - websockets.server - INFO - connection open
2025-05-23 01:23:15,009 - __main__ - INFO - Client connected: client_1747988595009
2025-05-23 01:23:20,167 - websockets.server - INFO - connection open
2025-05-23 01:23:20,170 - __main__ - INFO - Client connected: client_1747988600170
2025-05-23 01:23:20,172 - websockets.server - INFO - connection open
2025-05-23 01:23:20,172 - __main__ - INFO - Client connected: client_1747988600172
2025-05-23 01:23:20,173 - websockets.server - INFO - connection open
2025-05-23 01:23:20,173 - __main__ - INFO - Client connected: client_1747988600173
2025-05-23 01:23:20,174 - websockets.server - INFO - connection open
2025-05-23 01:23:20,174 - __main__ - INFO - Client connected: client_1747988600174
2025-05-23 01:23:25,259 - websockets.server - INFO - connection open
2025-05-23 01:23:25,263 - __main__ - INFO - Client connected: client_1747988605263
2025-05-23 01:23:25,268 - websockets.server - INFO - connection open
2025-05-23 01:23:25,268 - __main__ - INFO - Client connected: client_1747988605268
2025-05-23 01:23:25,268 - websockets.server - INFO - connection open
2025-05-23 01:23:25,269 - __main__ - INFO - Client connected: client_1747988605269
2025-05-23 01:23:25,270 - websockets.server - INFO - connection open
2025-05-23 01:23:25,270 - __main__ - INFO - Client connected: client_1747988605270
2025-05-23 01:23:30,419 - websockets.server - INFO - connection open
2025-05-23 01:23:30,427 - __main__ - INFO - Client connected: client_1747988610427
2025-05-23 01:23:30,430 - websockets.server - INFO - connection open
2025-05-23 01:23:30,430 - __main__ - INFO - Client connected: client_1747988610430
2025-05-23 01:23:30,432 - websockets.server - INFO - connection open
2025-05-23 01:23:30,432 - __main__ - INFO - Client connected: client_1747988610432
2025-05-23 01:23:30,434 - websockets.server - INFO - connection open
2025-05-23 01:23:30,434 - __main__ - INFO - Client connected: client_1747988610434
2025-05-23 01:23:35,492 - websockets.server - INFO - connection open
2025-05-23 01:23:35,494 - __main__ - INFO - Client connected: client_1747988615494
2025-05-23 01:23:35,495 - websockets.server - INFO - connection open
2025-05-23 01:23:35,495 - __main__ - INFO - Client connected: client_1747988615495
2025-05-23 01:23:35,495 - websockets.server - INFO - connection open
2025-05-23 01:23:35,495 - __main__ - INFO - Client connected: client_1747988615495
2025-05-23 01:23:35,496 - websockets.server - INFO - connection open
2025-05-23 01:23:35,496 - __main__ - INFO - Client connected: client_1747988615496
2025-05-23 01:23:40,533 - websockets.server - INFO - connection open
2025-05-23 01:23:40,533 - __main__ - INFO - Client connected: client_1747988620533
2025-05-23 01:23:40,534 - websockets.server - INFO - connection open
2025-05-23 01:23:40,534 - __main__ - INFO - Client connected: client_1747988620534
2025-05-23 01:23:40,535 - websockets.server - INFO - connection open
2025-05-23 01:23:40,535 - __main__ - INFO - Client connected: client_1747988620535
2025-05-23 01:23:40,536 - websockets.server - INFO - connection open
2025-05-23 01:23:40,536 - __main__ - INFO - Client connected: client_1747988620536
2025-05-23 01:23:45,735 - websockets.server - INFO - connection open
2025-05-23 01:23:45,741 - __main__ - INFO - Client connected: client_1747988625741
2025-05-23 01:23:45,748 - websockets.server - INFO - connection open
2025-05-23 01:23:45,748 - __main__ - INFO - Client connected: client_1747988625748
2025-05-23 01:23:45,749 - websockets.server - INFO - connection open
2025-05-23 01:23:45,749 - __main__ - INFO - Client connected: client_1747988625749
2025-05-23 01:23:45,750 - websockets.server - INFO - connection open
2025-05-23 01:23:45,750 - __main__ - INFO - Client connected: client_1747988625750
2025-05-23 01:23:50,734 - __main__ - INFO - Client disconnected: client_1747988586977
2025-05-23 01:23:50,744 - websockets.server - INFO - connection open
2025-05-23 01:23:50,744 - __main__ - INFO - Client connected: client_1747988630744
2025-05-23 01:23:50,762 - websockets.server - INFO - connection open
2025-05-23 01:23:50,763 - __main__ - INFO - Client connected: client_1747988630763
2025-05-23 01:23:50,774 - websockets.server - INFO - connection open
2025-05-23 01:23:50,774 - __main__ - INFO - Client connected: client_1747988630774
2025-05-23 01:23:50,775 - websockets.server - INFO - connection open
2025-05-23 01:23:50,775 - __main__ - INFO - Client connected: client_1747988630775
2025-05-23 01:23:50,781 - websockets.server - INFO - connection open
2025-05-23 01:23:50,782 - __main__ - INFO - Client connected: client_1747988630782
2025-05-23 01:23:57,117 - websockets.server - INFO - connection open
2025-05-23 01:23:57,121 - __main__ - INFO - Client connected: client_1747988637121
2025-05-23 01:23:57,125 - websockets.server - INFO - connection open
2025-05-23 01:23:57,125 - __main__ - INFO - Client connected: client_1747988637125
2025-05-23 01:23:57,126 - websockets.server - INFO - connection open
2025-05-23 01:23:57,127 - __main__ - INFO - Client connected: client_1747988637127
2025-05-23 01:23:57,145 - websockets.server - INFO - connection open
2025-05-23 01:23:57,145 - __main__ - INFO - Client connected: client_1747988637145
2025-05-23 01:24:02,208 - websockets.server - INFO - connection open
2025-05-23 01:24:02,209 - __main__ - INFO - Client connected: client_1747988642209
2025-05-23 01:24:02,211 - websockets.server - INFO - connection open
2025-05-23 01:24:02,211 - __main__ - INFO - Client connected: client_1747988642211
2025-05-23 01:24:02,211 - websockets.server - INFO - connection open
2025-05-23 01:24:02,212 - __main__ - INFO - Client connected: client_1747988642212
2025-05-23 01:24:02,212 - websockets.server - INFO - connection open
2025-05-23 01:24:02,213 - __main__ - INFO - Client connected: client_1747988642212
2025-05-23 01:24:07,231 - websockets.server - INFO - connection open
2025-05-23 01:24:07,234 - __main__ - INFO - Client connected: client_1747988647234
2025-05-23 01:24:07,299 - websockets.server - INFO - connection open
2025-05-23 01:24:07,301 - __main__ - INFO - Client connected: client_1747988647301
2025-05-23 01:24:07,302 - websockets.server - INFO - connection open
2025-05-23 01:24:07,302 - __main__ - INFO - Client connected: client_1747988647302
2025-05-23 01:24:07,303 - websockets.server - INFO - connection open
2025-05-23 01:24:07,303 - __main__ - INFO - Client connected: client_1747988647303
2025-05-23 01:24:07,304 - websockets.server - INFO - connection open
2025-05-23 01:24:07,304 - __main__ - INFO - Client connected: client_1747988647304
2025-05-23 01:24:10,408 - __main__ - INFO - Client disconnected: client_1747988480373
2025-05-23 01:24:12,326 - websockets.server - INFO - connection open
2025-05-23 01:24:12,327 - __main__ - INFO - Client connected: client_1747988652327
2025-05-23 01:24:12,329 - websockets.server - INFO - connection open
2025-05-23 01:24:12,329 - __main__ - INFO - Client connected: client_1747988652329
2025-05-23 01:24:12,330 - websockets.server - INFO - connection open
2025-05-23 01:24:12,330 - __main__ - INFO - Client connected: client_1747988652330
2025-05-23 01:24:12,331 - websockets.server - INFO - connection open
2025-05-23 01:24:12,331 - __main__ - INFO - Client connected: client_1747988652331
