2025-06-03 16:40:58,984 - neural_ui_detector - INFO - PyTorch 2.7.0 available
2025-06-03 16:40:58,985 - neural_ui_detector - WARNING - Ultralytics not available - install with: pip install ultralytics
2025-06-03 16:40:59,294 - neural_ui_detector - INFO - Transformers 4.51.3 available
2025-06-03 16:40:59,294 - neural_ui_detector - WARNING - ONNX Runtime not available - install with: pip install onnxruntime
2025-06-03 16:40:59,294 - neural_ui_detector - INFO - OpenCV 4.11.0 available
2025-06-03 16:40:59,351 - neural_ui_detector - INFO - Selenium available for browser automation
2025-06-03 16:40:59,352 - neural_ui_detector - INFO - Neural UI Detector available components:
2025-06-03 16:40:59,352 - neural_ui_detector - INFO - - YOLO Object Detection: ❌
2025-06-03 16:40:59,352 - neural_ui_detector - INFO - - LayoutLM Document Understanding: ✅
2025-06-03 16:40:59,352 - neural_ui_detector - INFO - - ONNX Model Acceleration: ❌
2025-06-03 16:40:59,352 - neural_ui_detector - INFO - - Computer Vision Support: ✅
2025-06-03 16:40:59,352 - neural_ui_detector - INFO - - Browser Automation: ✅
2025-06-03 16:41:03,925 - neural_ui_detector - ERROR - Failed to load LayoutLM model: cannot import name 'LayoutLMProcessor' from 'transformers' (/Users/segevbin/Desktop/SensAI/Aiayer/.venv/lib/python3.13/site-packages/transformers/__init__.py)
2025-06-03 16:41:31,041 - neural_ui_detector - INFO - PyTorch 2.7.0 available
2025-06-03 16:41:31,041 - neural_ui_detector - WARNING - Ultralytics not available - install with: pip install ultralytics
2025-06-03 16:41:31,270 - neural_ui_detector - INFO - Transformers 4.51.3 available
2025-06-03 16:41:31,270 - neural_ui_detector - WARNING - ONNX Runtime not available - install with: pip install onnxruntime
2025-06-03 16:41:31,270 - neural_ui_detector - INFO - OpenCV 4.11.0 available
2025-06-03 16:41:31,309 - neural_ui_detector - INFO - Selenium available for browser automation
2025-06-03 16:41:31,310 - neural_ui_detector - INFO - Neural UI Detector available components:
2025-06-03 16:41:31,310 - neural_ui_detector - INFO - - YOLO Object Detection: ❌
2025-06-03 16:41:31,310 - neural_ui_detector - INFO - - LayoutLM Document Understanding: ✅
2025-06-03 16:41:31,310 - neural_ui_detector - INFO - - ONNX Model Acceleration: ❌
2025-06-03 16:41:31,310 - neural_ui_detector - INFO - - Computer Vision Support: ✅
2025-06-03 16:41:31,310 - neural_ui_detector - INFO - - Browser Automation: ✅
2025-06-03 16:41:35,477 - neural_ui_detector - ERROR - Failed to load LayoutLM model: cannot import name 'LayoutLMProcessor' from 'transformers' (/Users/segevbin/Desktop/SensAI/Aiayer/.venv/lib/python3.13/site-packages/transformers/__init__.py)
2025-06-03 16:42:42,793 - neural_ui_detector - INFO - Started new Chrome instance in headless mode
2025-06-03 16:42:58,704 - neural_ui_detector - INFO - Using EasyOCR for text recognition
2025-06-03 16:42:58,732 - neural_ui_detector - INFO - Loaded 3 templates for matching
2025-06-03 16:42:58,733 - neural_ui_detector - INFO - UI Detector Ensemble initialized
2025-06-03 16:42:58,743 - neural_ui_detector_server - INFO - Starting Neural UI Detector WebSocket Server on port 8765
2025-06-03 16:42:58,876 - websockets.server - INFO - server listening on 127.0.0.1:8765
2025-06-03 16:42:58,878 - websockets.server - INFO - server listening on [::1]:8765
2025-06-03 16:43:02,591 - neural_ui_detector - INFO - PyTorch 2.7.0 available
2025-06-03 16:43:02,592 - neural_ui_detector - WARNING - Ultralytics not available - install with: pip install ultralytics
2025-06-03 16:43:03,205 - neural_ui_detector - INFO - Transformers 4.51.3 available
2025-06-03 16:43:03,205 - neural_ui_detector - WARNING - ONNX Runtime not available - install with: pip install onnxruntime
2025-06-03 16:43:03,206 - neural_ui_detector - INFO - OpenCV 4.11.0 available
2025-06-03 16:43:03,312 - neural_ui_detector - INFO - Selenium available for browser automation
2025-06-03 16:43:03,312 - neural_ui_detector - INFO - Neural UI Detector available components:
2025-06-03 16:43:03,312 - neural_ui_detector - INFO - - YOLO Object Detection: ❌
2025-06-03 16:43:03,313 - neural_ui_detector - INFO - - LayoutLM Document Understanding: ✅
2025-06-03 16:43:03,313 - neural_ui_detector - INFO - - ONNX Model Acceleration: ❌
2025-06-03 16:43:03,313 - neural_ui_detector - INFO - - Computer Vision Support: ✅
2025-06-03 16:43:03,313 - neural_ui_detector - INFO - - Browser Automation: ✅
2025-06-03 16:43:15,553 - neural_ui_detector - ERROR - Failed to load LayoutLM model: cannot import name 'LayoutLMProcessor' from 'transformers' (/Users/segevbin/Desktop/SensAI/Aiayer/.venv/lib/python3.13/site-packages/transformers/__init__.py)
2025-06-03 16:44:19,407 - neural_ui_detector - INFO - Started new Chrome instance in headless mode
2025-06-03 16:44:42,950 - neural_ui_detector - INFO - Using EasyOCR for text recognition
2025-06-03 16:44:43,132 - neural_ui_detector - INFO - Loaded 3 templates for matching
2025-06-03 16:44:43,133 - neural_ui_detector - INFO - UI Detector Ensemble initialized
2025-06-03 16:44:43,211 - neural_ui_detector_server - INFO - Starting Neural UI Detector WebSocket Server on port 8765
2025-06-03 16:44:43,816 - neural_ui_detector_server - ERROR - Server error: [Errno 48] error while attempting to bind on address ('::1', 8765, 0, 0): [errno 48] address already in use
2025-06-03 16:46:51,887 - neural_ui_detector - INFO - PyTorch 2.7.0 available
2025-06-03 16:46:51,887 - neural_ui_detector - WARNING - Ultralytics not available - install with: pip install ultralytics
2025-06-03 16:46:52,102 - neural_ui_detector - INFO - Transformers 4.51.3 available
2025-06-03 16:46:52,102 - neural_ui_detector - WARNING - ONNX Runtime not available - install with: pip install onnxruntime
2025-06-03 16:46:52,102 - neural_ui_detector - INFO - OpenCV 4.11.0 available
2025-06-03 16:46:52,146 - neural_ui_detector - INFO - Selenium available for browser automation
2025-06-03 16:46:52,146 - neural_ui_detector - INFO - Neural UI Detector available components:
2025-06-03 16:46:52,146 - neural_ui_detector - INFO - - YOLO Object Detection: ❌
2025-06-03 16:46:52,146 - neural_ui_detector - INFO - - LayoutLM Document Understanding: ✅
2025-06-03 16:46:52,146 - neural_ui_detector - INFO - - ONNX Model Acceleration: ❌
2025-06-03 16:46:52,146 - neural_ui_detector - INFO - - Computer Vision Support: ✅
2025-06-03 16:46:52,146 - neural_ui_detector - INFO - - Browser Automation: ✅
2025-06-03 16:46:58,715 - neural_ui_detector - ERROR - Failed to load LayoutLM model: Can't load tokenizer for 'microsoft/layoutlm-base-uncased'. If you were trying to load it from 'https://huggingface.co/models', make sure you don't have a local directory with the same name. Otherwise, make sure 'microsoft/layoutlm-base-uncased' is the correct path to a directory containing all relevant files for a LayoutLMTokenizer tokenizer.
2025-06-03 16:46:58,715 - neural_ui_detector - ERROR - Error loading LayoutLM model: Can't load tokenizer for 'microsoft/layoutlm-base-uncased'. If you were trying to load it from 'https://huggingface.co/models', make sure you don't have a local directory with the same name. Otherwise, make sure 'microsoft/layoutlm-base-uncased' is the correct path to a directory containing all relevant files for a LayoutLMTokenizer tokenizer.
2025-06-03 16:46:58,716 - neural_ui_detector - WARNING - Using dummy LayoutLM implementation due to import errors
2025-06-03 16:48:02,171 - neural_ui_detector - INFO - Started new Chrome instance in headless mode
2025-06-03 16:48:37,872 - neural_ui_detector - INFO - Using EasyOCR for text recognition
2025-06-03 16:48:37,982 - neural_ui_detector - INFO - Loaded 3 templates for matching
2025-06-03 16:48:37,983 - neural_ui_detector - INFO - UI Detector Ensemble initialized
2025-06-03 16:48:39,609 - neural_ui_detector_server - INFO - Starting Neural UI Detector WebSocket Server on port 8765
2025-06-03 16:48:39,779 - websockets.server - INFO - server listening on [::1]:8765
2025-06-03 16:48:39,786 - websockets.server - INFO - server listening on 127.0.0.1:8765
2025-06-03 16:49:47,825 - neural_ui_detector - INFO - PyTorch 2.7.0 available
2025-06-03 16:49:47,963 - neural_ui_detector - INFO - Ultralytics 8.3.148 available
2025-06-03 16:49:48,268 - neural_ui_detector - INFO - Transformers 4.51.3 available
2025-06-03 16:49:49,646 - neural_ui_detector - INFO - ONNX Runtime 1.22.0 available
2025-06-03 16:49:49,647 - neural_ui_detector - INFO - OpenCV 4.11.0 available
2025-06-03 16:49:49,806 - neural_ui_detector - INFO - Selenium available for browser automation
2025-06-03 16:49:49,806 - neural_ui_detector - INFO - Neural UI Detector available components:
2025-06-03 16:49:49,807 - neural_ui_detector - INFO - - YOLO Object Detection: ✅
2025-06-03 16:49:49,807 - neural_ui_detector - INFO - - LayoutLM Document Understanding: ✅
2025-06-03 16:49:49,807 - neural_ui_detector - INFO - - ONNX Model Acceleration: ✅
2025-06-03 16:49:49,808 - neural_ui_detector - INFO - - Computer Vision Support: ✅
2025-06-03 16:49:49,808 - neural_ui_detector - INFO - - Browser Automation: ✅
2025-06-03 16:49:51,052 - neural_ui_detector - INFO - Loaded pre-trained YOLOv8n model
2025-06-03 16:49:59,084 - neural_ui_detector - INFO - LayoutLM imports available (old API)
2025-06-03 16:51:03,907 - neural_ui_detector - INFO - Started new Chrome instance in headless mode
2025-06-03 16:51:08,156 - neural_ui_detector - INFO - Using EasyOCR for text recognition
2025-06-03 16:51:08,172 - neural_ui_detector - INFO - Loaded 3 templates for matching
2025-06-03 16:51:08,172 - neural_ui_detector - INFO - UI Detector Ensemble initialized
2025-06-03 16:51:09,476 - neural_ui_detector_server - INFO - Starting Neural UI Detector WebSocket Server on port 8765
2025-06-03 16:51:09,509 - websockets.server - INFO - server listening on 127.0.0.1:8765
2025-06-03 16:51:09,511 - websockets.server - INFO - server listening on [::1]:8765
2025-06-03 16:51:37,461 - neural_ui_detector - INFO - PyTorch 2.7.0 available
2025-06-03 16:51:37,549 - neural_ui_detector - INFO - Ultralytics 8.3.148 available
2025-06-03 16:51:37,721 - neural_ui_detector - INFO - Transformers 4.51.3 available
2025-06-03 16:51:37,768 - neural_ui_detector - INFO - ONNX Runtime 1.22.0 available
2025-06-03 16:51:37,768 - neural_ui_detector - INFO - OpenCV 4.11.0 available
2025-06-03 16:51:37,809 - neural_ui_detector - INFO - Selenium available for browser automation
2025-06-03 16:51:37,809 - neural_ui_detector - INFO - Neural UI Detector available components:
2025-06-03 16:51:37,809 - neural_ui_detector - INFO - - YOLO Object Detection: ✅
2025-06-03 16:51:37,809 - neural_ui_detector - INFO - - LayoutLM Document Understanding: ✅
2025-06-03 16:51:37,809 - neural_ui_detector - INFO - - ONNX Model Acceleration: ✅
2025-06-03 16:51:37,809 - neural_ui_detector - INFO - - Computer Vision Support: ✅
2025-06-03 16:51:37,809 - neural_ui_detector - INFO - - Browser Automation: ✅
2025-06-03 16:51:37,848 - neural_ui_detector - INFO - Loaded pre-trained YOLOv8n model
2025-06-03 16:51:40,763 - neural_ui_detector - INFO - LayoutLM imports available (old API)
2025-06-03 16:51:53,944 - neural_ui_detector - INFO - PyTorch 2.7.0 available
2025-06-03 16:51:54,176 - neural_ui_detector - INFO - Ultralytics 8.3.148 available
2025-06-03 16:51:56,239 - neural_ui_detector - INFO - Transformers 4.51.3 available
2025-06-03 16:51:56,939 - neural_ui_detector - INFO - ONNX Runtime 1.22.0 available
2025-06-03 16:51:56,946 - neural_ui_detector - INFO - OpenCV 4.11.0 available
2025-06-03 16:51:57,090 - neural_ui_detector - INFO - Selenium available for browser automation
2025-06-03 16:51:57,090 - neural_ui_detector - INFO - Neural UI Detector available components:
2025-06-03 16:51:57,090 - neural_ui_detector - INFO - - YOLO Object Detection: ✅
2025-06-03 16:51:57,090 - neural_ui_detector - INFO - - LayoutLM Document Understanding: ✅
2025-06-03 16:51:57,090 - neural_ui_detector - INFO - - ONNX Model Acceleration: ✅
2025-06-03 16:51:57,090 - neural_ui_detector - INFO - - Computer Vision Support: ✅
2025-06-03 16:51:57,090 - neural_ui_detector - INFO - - Browser Automation: ✅
2025-06-03 16:51:57,171 - neural_ui_detector - INFO - Loaded pre-trained YOLOv8n model
2025-06-03 16:52:00,593 - neural_ui_detector - INFO - LayoutLM imports available (old API)
2025-06-03 16:52:43,848 - neural_ui_detector - INFO - Started new Chrome instance in headless mode
2025-06-03 16:52:59,811 - neural_ui_detector - INFO - Using EasyOCR for text recognition
2025-06-03 16:52:59,874 - neural_ui_detector - INFO - Loaded 3 templates for matching
2025-06-03 16:52:59,875 - neural_ui_detector - INFO - UI Detector Ensemble initialized
2025-06-03 16:53:00,676 - neural_ui_detector_server - INFO - Killing existing process on port 8765: PID 34182
2025-06-03 16:53:00,683 - neural_ui_detector_server - INFO - Killing existing process on port 8765: PID 34224
2025-06-03 16:53:01,739 - neural_ui_detector_server - INFO - Starting Neural UI Detector WebSocket Server on port 8765
2025-06-03 16:53:01,977 - websockets.server - INFO - server listening on 127.0.0.1:8765
2025-06-03 16:53:01,997 - websockets.server - INFO - server listening on [::1]:8765
2025-06-03 16:53:05,701 - neural_ui_detector - INFO - Started new Chrome instance in headless mode
2025-06-03 16:53:41,264 - neural_ui_detector - INFO - Using EasyOCR for text recognition
2025-06-03 16:53:41,662 - neural_ui_detector - INFO - Loaded 3 templates for matching
2025-06-03 16:53:41,662 - neural_ui_detector - INFO - UI Detector Ensemble initialized
2025-06-03 16:53:43,875 - neural_ui_detector - INFO - Took screenshot: cache/neural_ui_detector/screenshot_1748984021.png
2025-06-03 16:53:45,787 - neural_ui_detector - INFO - YOLO detected 0 UI elements
2025-06-03 16:53:45,794 - neural_ui_detector - INFO - macOS accessibility detected 2 UI elements
2025-06-03 16:53:47,049 - neural_ui_detector - INFO - Browser API detected 0 UI elements
2025-06-03 16:55:38,212 - websockets.server - INFO - connection open
2025-06-03 16:55:38,239 - websockets.server - ERROR - connection handler failed
Traceback (most recent call last):
  File "/Users/segevbin/Desktop/SensAI/Aiayer/.venv/lib/python3.13/site-packages/websockets/asyncio/server.py", line 376, in conn_handler
    await self.handler(connection)
          ~~~~~~~~~~~~^^^^^^^^^^^^
TypeError: handle_client() missing 1 required positional argument: 'path'
2025-06-03 16:55:41,382 - websockets.server - INFO - connection open
2025-06-03 16:55:41,393 - websockets.server - ERROR - connection handler failed
Traceback (most recent call last):
  File "/Users/segevbin/Desktop/SensAI/Aiayer/.venv/lib/python3.13/site-packages/websockets/asyncio/server.py", line 376, in conn_handler
    await self.handler(connection)
          ~~~~~~~~~~~~^^^^^^^^^^^^
TypeError: handle_client() missing 1 required positional argument: 'path'
2025-06-03 16:55:43,752 - websockets.server - INFO - connection open
2025-06-03 16:55:43,762 - websockets.server - ERROR - connection handler failed
Traceback (most recent call last):
  File "/Users/segevbin/Desktop/SensAI/Aiayer/.venv/lib/python3.13/site-packages/websockets/asyncio/server.py", line 376, in conn_handler
    await self.handler(connection)
          ~~~~~~~~~~~~^^^^^^^^^^^^
TypeError: handle_client() missing 1 required positional argument: 'path'
2025-06-03 16:55:46,547 - websockets.server - INFO - connection open
2025-06-03 16:55:46,552 - websockets.server - ERROR - connection handler failed
Traceback (most recent call last):
  File "/Users/segevbin/Desktop/SensAI/Aiayer/.venv/lib/python3.13/site-packages/websockets/asyncio/server.py", line 376, in conn_handler
    await self.handler(connection)
          ~~~~~~~~~~~~^^^^^^^^^^^^
TypeError: handle_client() missing 1 required positional argument: 'path'
2025-06-03 16:55:49,121 - websockets.server - INFO - connection open
2025-06-03 16:55:49,128 - websockets.server - ERROR - connection handler failed
Traceback (most recent call last):
  File "/Users/segevbin/Desktop/SensAI/Aiayer/.venv/lib/python3.13/site-packages/websockets/asyncio/server.py", line 376, in conn_handler
    await self.handler(connection)
          ~~~~~~~~~~~~^^^^^^^^^^^^
TypeError: handle_client() missing 1 required positional argument: 'path'
2025-06-03 16:55:51,641 - websockets.server - INFO - connection open
2025-06-03 16:55:51,650 - websockets.server - ERROR - connection handler failed
Traceback (most recent call last):
  File "/Users/segevbin/Desktop/SensAI/Aiayer/.venv/lib/python3.13/site-packages/websockets/asyncio/server.py", line 376, in conn_handler
    await self.handler(connection)
          ~~~~~~~~~~~~^^^^^^^^^^^^
TypeError: handle_client() missing 1 required positional argument: 'path'
2025-06-03 16:55:53,715 - websockets.server - INFO - connection open
2025-06-03 16:55:53,715 - websockets.server - ERROR - connection handler failed
Traceback (most recent call last):
  File "/Users/segevbin/Desktop/SensAI/Aiayer/.venv/lib/python3.13/site-packages/websockets/asyncio/server.py", line 376, in conn_handler
    await self.handler(connection)
          ~~~~~~~~~~~~^^^^^^^^^^^^
TypeError: handle_client() missing 1 required positional argument: 'path'
2025-06-03 16:55:55,800 - websockets.server - INFO - connection open
2025-06-03 16:55:55,803 - websockets.server - ERROR - connection handler failed
Traceback (most recent call last):
  File "/Users/segevbin/Desktop/SensAI/Aiayer/.venv/lib/python3.13/site-packages/websockets/asyncio/server.py", line 376, in conn_handler
    await self.handler(connection)
          ~~~~~~~~~~~~^^^^^^^^^^^^
TypeError: handle_client() missing 1 required positional argument: 'path'
2025-06-03 16:55:57,868 - websockets.server - INFO - connection open
2025-06-03 16:55:57,871 - websockets.server - ERROR - connection handler failed
Traceback (most recent call last):
  File "/Users/segevbin/Desktop/SensAI/Aiayer/.venv/lib/python3.13/site-packages/websockets/asyncio/server.py", line 376, in conn_handler
    await self.handler(connection)
          ~~~~~~~~~~~~^^^^^^^^^^^^
TypeError: handle_client() missing 1 required positional argument: 'path'
2025-06-03 16:56:00,326 - websockets.server - INFO - connection open
2025-06-03 16:56:00,336 - websockets.server - ERROR - connection handler failed
Traceback (most recent call last):
  File "/Users/segevbin/Desktop/SensAI/Aiayer/.venv/lib/python3.13/site-packages/websockets/asyncio/server.py", line 376, in conn_handler
    await self.handler(connection)
          ~~~~~~~~~~~~^^^^^^^^^^^^
TypeError: handle_client() missing 1 required positional argument: 'path'
2025-06-03 16:56:02,867 - websockets.server - INFO - connection open
2025-06-03 16:56:02,868 - websockets.server - ERROR - connection handler failed
Traceback (most recent call last):
  File "/Users/segevbin/Desktop/SensAI/Aiayer/.venv/lib/python3.13/site-packages/websockets/asyncio/server.py", line 376, in conn_handler
    await self.handler(connection)
          ~~~~~~~~~~~~^^^^^^^^^^^^
TypeError: handle_client() missing 1 required positional argument: 'path'
2025-06-03 16:56:05,051 - websockets.server - INFO - connection open
2025-06-03 16:56:05,053 - websockets.server - ERROR - connection handler failed
Traceback (most recent call last):
  File "/Users/segevbin/Desktop/SensAI/Aiayer/.venv/lib/python3.13/site-packages/websockets/asyncio/server.py", line 376, in conn_handler
    await self.handler(connection)
          ~~~~~~~~~~~~^^^^^^^^^^^^
TypeError: handle_client() missing 1 required positional argument: 'path'
2025-06-03 16:56:09,099 - websockets.server - INFO - connection open
2025-06-03 16:56:09,101 - websockets.server - ERROR - connection handler failed
Traceback (most recent call last):
  File "/Users/segevbin/Desktop/SensAI/Aiayer/.venv/lib/python3.13/site-packages/websockets/asyncio/server.py", line 376, in conn_handler
    await self.handler(connection)
          ~~~~~~~~~~~~^^^^^^^^^^^^
TypeError: handle_client() missing 1 required positional argument: 'path'
2025-06-03 16:56:26,073 - websockets.server - INFO - connection open
2025-06-03 16:56:26,090 - websockets.server - ERROR - connection handler failed
Traceback (most recent call last):
  File "/Users/segevbin/Desktop/SensAI/Aiayer/.venv/lib/python3.13/site-packages/websockets/asyncio/server.py", line 376, in conn_handler
    await self.handler(connection)
          ~~~~~~~~~~~~^^^^^^^^^^^^
TypeError: handle_client() missing 1 required positional argument: 'path'
2025-06-03 16:56:36,146 - websockets.server - INFO - connection open
2025-06-03 16:56:36,154 - websockets.server - ERROR - connection handler failed
Traceback (most recent call last):
  File "/Users/segevbin/Desktop/SensAI/Aiayer/.venv/lib/python3.13/site-packages/websockets/asyncio/server.py", line 376, in conn_handler
    await self.handler(connection)
          ~~~~~~~~~~~~^^^^^^^^^^^^
TypeError: handle_client() missing 1 required positional argument: 'path'
2025-06-03 16:56:46,103 - websockets.server - INFO - connection open
2025-06-03 16:56:46,108 - websockets.server - ERROR - connection handler failed
Traceback (most recent call last):
  File "/Users/segevbin/Desktop/SensAI/Aiayer/.venv/lib/python3.13/site-packages/websockets/asyncio/server.py", line 376, in conn_handler
    await self.handler(connection)
          ~~~~~~~~~~~~^^^^^^^^^^^^
TypeError: handle_client() missing 1 required positional argument: 'path'
2025-06-03 16:56:49,724 - websockets.server - INFO - connection open
2025-06-03 16:56:49,725 - websockets.server - ERROR - connection handler failed
Traceback (most recent call last):
  File "/Users/segevbin/Desktop/SensAI/Aiayer/.venv/lib/python3.13/site-packages/websockets/asyncio/server.py", line 376, in conn_handler
    await self.handler(connection)
          ~~~~~~~~~~~~^^^^^^^^^^^^
TypeError: handle_client() missing 1 required positional argument: 'path'
2025-06-03 16:56:52,006 - websockets.server - INFO - connection open
2025-06-03 16:56:52,007 - websockets.server - ERROR - connection handler failed
Traceback (most recent call last):
  File "/Users/segevbin/Desktop/SensAI/Aiayer/.venv/lib/python3.13/site-packages/websockets/asyncio/server.py", line 376, in conn_handler
    await self.handler(connection)
          ~~~~~~~~~~~~^^^^^^^^^^^^
TypeError: handle_client() missing 1 required positional argument: 'path'
2025-06-03 16:57:10,761 - websockets.server - INFO - connection open
2025-06-03 16:57:10,780 - websockets.server - ERROR - connection handler failed
Traceback (most recent call last):
  File "/Users/segevbin/Desktop/SensAI/Aiayer/.venv/lib/python3.13/site-packages/websockets/asyncio/server.py", line 376, in conn_handler
    await self.handler(connection)
          ~~~~~~~~~~~~^^^^^^^^^^^^
TypeError: handle_client() missing 1 required positional argument: 'path'
2025-06-03 16:57:20,294 - neural_ui_detector - INFO - OCR detected 235 text elements
2025-06-03 16:57:22,123 - neural_ui_detector - INFO - Template matching detected 0 UI elements
2025-06-03 16:57:22,522 - neural_ui_detector - INFO - Edge detection detected 1004 UI elements
2025-06-03 16:57:28,604 - websockets.server - INFO - connection open
2025-06-03 16:57:28,658 - websockets.server - ERROR - connection handler failed
Traceback (most recent call last):
  File "/Users/segevbin/Desktop/SensAI/Aiayer/.venv/lib/python3.13/site-packages/websockets/asyncio/server.py", line 376, in conn_handler
    await self.handler(connection)
          ~~~~~~~~~~~~^^^^^^^^^^^^
TypeError: handle_client() missing 1 required positional argument: 'path'
2025-06-03 16:57:58,231 - websockets.server - INFO - connection open
2025-06-03 16:57:58,304 - websockets.server - ERROR - connection handler failed
Traceback (most recent call last):
  File "/Users/segevbin/Desktop/SensAI/Aiayer/.venv/lib/python3.13/site-packages/websockets/asyncio/server.py", line 376, in conn_handler
    await self.handler(connection)
          ~~~~~~~~~~~~^^^^^^^^^^^^
TypeError: handle_client() missing 1 required positional argument: 'path'
2025-06-03 16:58:12,182 - websockets.server - INFO - connection open
2025-06-03 16:58:12,200 - websockets.server - ERROR - connection handler failed
Traceback (most recent call last):
  File "/Users/segevbin/Desktop/SensAI/Aiayer/.venv/lib/python3.13/site-packages/websockets/asyncio/server.py", line 376, in conn_handler
    await self.handler(connection)
          ~~~~~~~~~~~~^^^^^^^^^^^^
TypeError: handle_client() missing 1 required positional argument: 'path'
2025-06-03 17:01:30,338 - neural_ui_detector - INFO - Saved detection result: cache/neural_ui_detector/detection_1748984023.json
2025-06-03 17:01:30,347 - neural_ui_detector - INFO - UI detection completed in 468.29s with 1059 elements
2025-06-03 17:01:30,814 - neural_ui_detector - INFO - Saved visualization: cache/neural_ui_detector/visualization_1748984490.png
2025-06-03 17:08:08,672 - neural_ui_detector - INFO - PyTorch 2.7.0 available
2025-06-03 17:08:08,758 - neural_ui_detector - INFO - Ultralytics 8.3.148 available
2025-06-03 17:08:08,919 - neural_ui_detector - INFO - Transformers 4.51.3 available
2025-06-03 17:08:08,975 - neural_ui_detector - INFO - ONNX Runtime 1.22.0 available
2025-06-03 17:08:08,976 - neural_ui_detector - INFO - OpenCV 4.11.0 available
2025-06-03 17:08:09,019 - neural_ui_detector - INFO - Selenium available for browser automation
2025-06-03 17:08:09,019 - neural_ui_detector - INFO - Neural UI Detector available components:
2025-06-03 17:08:09,019 - neural_ui_detector - INFO - - YOLO Object Detection: ✅
2025-06-03 17:08:09,019 - neural_ui_detector - INFO - - LayoutLM Document Understanding: ✅
2025-06-03 17:08:09,019 - neural_ui_detector - INFO - - ONNX Model Acceleration: ✅
2025-06-03 17:08:09,019 - neural_ui_detector - INFO - - Computer Vision Support: ✅
2025-06-03 17:08:09,019 - neural_ui_detector - INFO - - Browser Automation: ✅
2025-06-03 17:08:09,056 - neural_ui_detector - INFO - Loaded pre-trained YOLOv8n model
2025-06-03 17:08:11,820 - neural_ui_detector - INFO - LayoutLM imports available (old API)
2025-06-03 17:09:14,576 - neural_ui_detector - INFO - Started new Chrome instance in headless mode
2025-06-03 17:09:20,911 - neural_ui_detector - INFO - Using EasyOCR for text recognition
2025-06-03 17:09:20,932 - neural_ui_detector - INFO - Loaded 3 templates for matching
2025-06-03 17:09:20,932 - neural_ui_detector - INFO - UI Detector Ensemble initialized
2025-06-03 17:09:21,254 - neural_ui_detector_server - INFO - Killing existing process on port 8765: PID 30913
2025-06-03 17:09:21,254 - neural_ui_detector_server - INFO - Killing existing process on port 8765: PID 38052
2025-06-03 17:09:21,255 - neural_ui_detector_server - INFO - Killing existing process on port 8765: PID 38086
2025-06-03 17:09:22,259 - neural_ui_detector_server - INFO - Starting Neural UI Detector WebSocket Server on port 8765
2025-06-03 17:09:22,410 - websockets.server - INFO - server listening on [::1]:8765
2025-06-03 17:09:22,412 - websockets.server - INFO - server listening on 127.0.0.1:8765
2025-06-03 17:16:27,787 - websockets.server - INFO - connection open
2025-06-03 17:16:27,804 - neural_ui_detector_server - INFO - Client 5363412544 connected
2025-06-03 17:17:48,590 - neural_ui_detector - INFO - PyTorch 2.7.0 available
2025-06-03 17:17:48,683 - neural_ui_detector - INFO - Ultralytics 8.3.148 available
2025-06-03 17:17:48,840 - neural_ui_detector - INFO - Transformers 4.51.3 available
2025-06-03 17:17:48,896 - neural_ui_detector - INFO - ONNX Runtime 1.22.0 available
2025-06-03 17:17:48,896 - neural_ui_detector - INFO - OpenCV 4.11.0 available
2025-06-03 17:17:48,935 - neural_ui_detector - INFO - Selenium available for browser automation
2025-06-03 17:17:48,935 - neural_ui_detector - INFO - Neural UI Detector available components:
2025-06-03 17:17:48,936 - neural_ui_detector - INFO - - YOLO Object Detection: ✅
2025-06-03 17:17:48,936 - neural_ui_detector - INFO - - LayoutLM Document Understanding: ✅
2025-06-03 17:17:48,936 - neural_ui_detector - INFO - - ONNX Model Acceleration: ✅
2025-06-03 17:17:48,936 - neural_ui_detector - INFO - - Computer Vision Support: ✅
2025-06-03 17:17:48,936 - neural_ui_detector - INFO - - Browser Automation: ✅
2025-06-03 17:17:48,975 - neural_ui_detector - INFO - Loaded pre-trained YOLOv8n model
2025-06-03 17:17:51,721 - neural_ui_detector - INFO - LayoutLM imports available (old API)
2025-06-03 17:18:13,545 - neural_ui_detector - INFO - PyTorch 2.7.0 available
2025-06-03 17:18:13,632 - neural_ui_detector - INFO - Ultralytics 8.3.148 available
2025-06-03 17:18:13,792 - neural_ui_detector - INFO - Transformers 4.51.3 available
2025-06-03 17:18:13,857 - neural_ui_detector - INFO - ONNX Runtime 1.22.0 available
2025-06-03 17:18:13,857 - neural_ui_detector - INFO - OpenCV 4.11.0 available
2025-06-03 17:18:13,892 - neural_ui_detector - INFO - Selenium available for browser automation
2025-06-03 17:18:13,892 - neural_ui_detector - INFO - Neural UI Detector available components:
2025-06-03 17:18:13,893 - neural_ui_detector - INFO - - YOLO Object Detection: ✅
2025-06-03 17:18:13,893 - neural_ui_detector - INFO - - LayoutLM Document Understanding: ✅
2025-06-03 17:18:13,893 - neural_ui_detector - INFO - - ONNX Model Acceleration: ✅
2025-06-03 17:18:13,893 - neural_ui_detector - INFO - - Computer Vision Support: ✅
2025-06-03 17:18:13,893 - neural_ui_detector - INFO - - Browser Automation: ✅
2025-06-03 17:18:13,930 - neural_ui_detector - INFO - Loaded pre-trained YOLOv8n model
2025-06-03 17:18:16,566 - neural_ui_detector - INFO - LayoutLM imports available (old API)
2025-06-03 17:18:54,355 - neural_ui_detector - INFO - Started new Chrome instance in headless mode
2025-06-03 17:18:59,172 - neural_ui_detector - INFO - Using EasyOCR for text recognition
2025-06-03 17:18:59,227 - neural_ui_detector - INFO - Loaded 3 templates for matching
2025-06-03 17:18:59,227 - neural_ui_detector - INFO - UI Detector Ensemble initialized
2025-06-03 17:18:59,717 - neural_ui_detector_server - INFO - Killing existing process on port 8765: PID 42377
2025-06-03 17:18:59,718 - neural_ui_detector_server - INFO - Killing existing process on port 8765: PID 42409
2025-06-03 17:19:00,721 - neural_ui_detector_server - INFO - Starting Neural UI Detector WebSocket Server on port 8765
2025-06-03 17:19:00,823 - websockets.server - INFO - server listening on 127.0.0.1:8765
2025-06-03 17:19:00,824 - websockets.server - INFO - server listening on [::1]:8765
2025-06-03 17:19:18,493 - neural_ui_detector - INFO - Started new Chrome instance in headless mode
2025-06-03 17:19:22,800 - neural_ui_detector - INFO - Using EasyOCR for text recognition
2025-06-03 17:19:22,941 - neural_ui_detector - INFO - Loaded 3 templates for matching
2025-06-03 17:19:22,941 - neural_ui_detector - INFO - UI Detector Ensemble initialized
2025-06-03 17:19:23,032 - neural_ui_detector_server - INFO - Killing existing process on port 8765: PID 42121
2025-06-03 17:19:24,034 - neural_ui_detector_server - INFO - Starting Neural UI Detector WebSocket Server on port 8765
2025-06-03 17:19:24,073 - websockets.server - INFO - server listening on [::1]:8765
2025-06-03 17:19:24,074 - websockets.server - INFO - server listening on 127.0.0.1:8765
2025-06-03 18:11:19,314 - websockets.server - INFO - connection open
2025-06-03 18:11:19,317 - neural_ui_detector_server - INFO - Client 6003109440 connected
2025-06-03 18:31:02,010 - neural_ui_detector - INFO - PyTorch 2.7.0 available
2025-06-03 18:31:02,100 - neural_ui_detector - INFO - Ultralytics 8.3.148 available
2025-06-03 18:31:02,267 - neural_ui_detector - INFO - Transformers 4.51.3 available
2025-06-03 18:31:02,323 - neural_ui_detector - INFO - ONNX Runtime 1.22.0 available
2025-06-03 18:31:02,323 - neural_ui_detector - INFO - OpenCV 4.11.0 available
2025-06-03 18:31:02,367 - neural_ui_detector - INFO - Selenium available for browser automation
2025-06-03 18:31:02,367 - neural_ui_detector - INFO - Neural UI Detector available components:
2025-06-03 18:31:02,367 - neural_ui_detector - INFO - - YOLO Object Detection: ✅
2025-06-03 18:31:02,367 - neural_ui_detector - INFO - - LayoutLM Document Understanding: ✅
2025-06-03 18:31:02,367 - neural_ui_detector - INFO - - ONNX Model Acceleration: ✅
2025-06-03 18:31:02,367 - neural_ui_detector - INFO - - Computer Vision Support: ✅
2025-06-03 18:31:02,367 - neural_ui_detector - INFO - - Browser Automation: ✅
2025-06-03 18:31:02,411 - neural_ui_detector - INFO - Loaded pre-trained YOLOv8n model
2025-06-03 18:31:05,928 - neural_ui_detector - INFO - LayoutLM imports available (old API)
2025-06-03 18:32:08,221 - neural_ui_detector - INFO - Started new Chrome instance in headless mode
2025-06-03 18:32:16,497 - neural_ui_detector - INFO - Using EasyOCR for text recognition
2025-06-03 18:32:16,520 - neural_ui_detector - INFO - Loaded 3 templates for matching
2025-06-03 18:32:16,520 - neural_ui_detector - INFO - UI Detector Ensemble initialized
2025-06-03 18:32:17,801 - neural_ui_detector_server - INFO - Starting Neural UI Detector WebSocket Server on port 8765
2025-06-03 18:32:17,908 - websockets.server - INFO - server listening on 127.0.0.1:8765
2025-06-03 18:32:17,910 - websockets.server - INFO - server listening on [::1]:8765
2025-06-03 18:32:21,138 - websockets.server - INFO - connection open
2025-06-03 18:32:21,139 - neural_ui_detector_server - INFO - Client 5619347008 connected
2025-06-03 18:36:02,024 - neural_ui_detector - INFO - PyTorch 2.7.0 available
2025-06-03 18:36:02,085 - neural_ui_detector - INFO - Ultralytics 8.3.148 available
2025-06-03 18:36:02,178 - neural_ui_detector - INFO - Transformers 4.51.3 available
2025-06-03 18:36:02,212 - neural_ui_detector - INFO - ONNX Runtime 1.22.0 available
2025-06-03 18:36:02,212 - neural_ui_detector - INFO - OpenCV 4.11.0 available
2025-06-03 18:36:02,242 - neural_ui_detector - INFO - Selenium available for browser automation
2025-06-03 18:36:02,242 - neural_ui_detector - INFO - Neural UI Detector available components:
2025-06-03 18:36:02,242 - neural_ui_detector - INFO - - YOLO Object Detection: ✅
2025-06-03 18:36:02,242 - neural_ui_detector - INFO - - LayoutLM Document Understanding: ✅
2025-06-03 18:36:02,242 - neural_ui_detector - INFO - - ONNX Model Acceleration: ✅
2025-06-03 18:36:02,242 - neural_ui_detector - INFO - - Computer Vision Support: ✅
2025-06-03 18:36:02,242 - neural_ui_detector - INFO - - Browser Automation: ✅
2025-06-03 18:36:02,268 - neural_ui_detector - INFO - Loaded pre-trained YOLOv8n model
2025-06-03 18:36:03,908 - neural_ui_detector - INFO - LayoutLM imports available (old API)
2025-06-03 18:37:06,169 - neural_ui_detector - INFO - Started new Chrome instance in headless mode
2025-06-03 18:37:09,120 - neural_ui_detector - INFO - Using EasyOCR for text recognition
2025-06-03 18:37:09,138 - neural_ui_detector - INFO - Loaded 3 templates for matching
2025-06-03 18:37:09,138 - neural_ui_detector - INFO - UI Detector Ensemble initialized
2025-06-03 18:37:10,520 - neural_ui_detector_server - INFO - Starting Neural UI Detector WebSocket Server on port 8765
2025-06-03 18:37:10,607 - websockets.server - INFO - server listening on [::1]:8765
2025-06-03 18:37:10,608 - websockets.server - INFO - server listening on 127.0.0.1:8765
2025-06-03 18:37:11,441 - websockets.server - INFO - connection open
2025-06-03 18:37:11,441 - neural_ui_detector_server - INFO - Client 6015693360 connected
2025-06-03 19:28:18,220 - neural_ui_detector - INFO - PyTorch 2.7.0 available
2025-06-03 19:28:18,292 - neural_ui_detector - INFO - Ultralytics 8.3.148 available
2025-06-03 19:28:18,438 - neural_ui_detector - INFO - Transformers 4.51.3 available
2025-06-03 19:28:18,473 - neural_ui_detector - INFO - ONNX Runtime 1.22.0 available
2025-06-03 19:28:18,473 - neural_ui_detector - INFO - OpenCV 4.11.0 available
2025-06-03 19:28:18,502 - neural_ui_detector - INFO - Selenium available for browser automation
2025-06-03 19:28:18,503 - neural_ui_detector - INFO - Neural UI Detector available components:
2025-06-03 19:28:18,503 - neural_ui_detector - INFO - - YOLO Object Detection: ✅
2025-06-03 19:28:18,503 - neural_ui_detector - INFO - - LayoutLM Document Understanding: ✅
2025-06-03 19:28:18,503 - neural_ui_detector - INFO - - ONNX Model Acceleration: ✅
2025-06-03 19:28:18,503 - neural_ui_detector - INFO - - Computer Vision Support: ✅
2025-06-03 19:28:18,503 - neural_ui_detector - INFO - - Browser Automation: ✅
2025-06-03 19:28:18,533 - neural_ui_detector - INFO - Loaded pre-trained YOLOv8n model
2025-06-03 19:28:20,660 - neural_ui_detector - INFO - LayoutLM imports available (old API)
2025-06-03 19:29:09,043 - neural_ui_detector - INFO - PyTorch 2.7.0 available
2025-06-03 19:29:09,106 - neural_ui_detector - INFO - Ultralytics 8.3.148 available
2025-06-03 19:29:09,210 - neural_ui_detector - INFO - Transformers 4.51.3 available
2025-06-03 19:29:09,255 - neural_ui_detector - INFO - ONNX Runtime 1.22.0 available
2025-06-03 19:29:09,255 - neural_ui_detector - INFO - OpenCV 4.11.0 available
2025-06-03 19:29:09,285 - neural_ui_detector - INFO - Selenium available for browser automation
2025-06-03 19:29:09,285 - neural_ui_detector - INFO - Neural UI Detector available components:
2025-06-03 19:29:09,285 - neural_ui_detector - INFO - - YOLO Object Detection: ✅
2025-06-03 19:29:09,285 - neural_ui_detector - INFO - - LayoutLM Document Understanding: ✅
2025-06-03 19:29:09,285 - neural_ui_detector - INFO - - ONNX Model Acceleration: ✅
2025-06-03 19:29:09,285 - neural_ui_detector - INFO - - Computer Vision Support: ✅
2025-06-03 19:29:09,285 - neural_ui_detector - INFO - - Browser Automation: ✅
2025-06-03 19:29:09,314 - neural_ui_detector - INFO - Loaded pre-trained YOLOv8n model
2025-06-03 19:29:11,242 - neural_ui_detector - INFO - LayoutLM imports available (old API)
2025-06-03 19:29:22,148 - neural_ui_detector - INFO - Started new Chrome instance in headless mode
2025-06-03 19:29:24,924 - neural_ui_detector - INFO - Using EasyOCR for text recognition
2025-06-03 19:29:24,948 - neural_ui_detector - INFO - Loaded 3 templates for matching
2025-06-03 19:29:24,948 - neural_ui_detector - INFO - UI Detector Ensemble initialized
2025-06-03 19:29:26,056 - neural_ui_detector_server - INFO - Starting Neural UI Detector WebSocket Server on port 8768
2025-06-03 19:29:26,083 - websockets.server - INFO - server listening on 127.0.0.1:8768
2025-06-03 19:29:26,084 - websockets.server - INFO - server listening on [::1]:8768
2025-06-03 19:30:12,743 - neural_ui_detector - INFO - Started new Chrome instance in headless mode
2025-06-03 19:30:15,638 - neural_ui_detector - INFO - Using EasyOCR for text recognition
2025-06-03 19:30:15,666 - neural_ui_detector - INFO - Loaded 3 templates for matching
2025-06-03 19:30:15,666 - neural_ui_detector - INFO - UI Detector Ensemble initialized
2025-06-03 19:30:16,041 - neural_ui_detector_server - INFO - Killing existing process on port 8768: PID 71610
2025-06-03 19:30:17,047 - neural_ui_detector_server - INFO - Starting Neural UI Detector WebSocket Server on port 8768
2025-06-03 19:30:17,135 - websockets.server - INFO - server listening on 127.0.0.1:8768
2025-06-03 19:30:17,136 - websockets.server - INFO - server listening on [::1]:8768
2025-06-03 19:36:05,985 - neural_ui_detector - INFO - PyTorch 2.7.0 available
2025-06-03 19:36:06,048 - neural_ui_detector - INFO - Ultralytics 8.3.148 available
2025-06-03 19:36:06,155 - neural_ui_detector - INFO - Transformers 4.51.3 available
2025-06-03 19:36:06,198 - neural_ui_detector - INFO - ONNX Runtime 1.22.0 available
2025-06-03 19:36:06,198 - neural_ui_detector - INFO - OpenCV 4.11.0 available
2025-06-03 19:36:06,227 - neural_ui_detector - INFO - Selenium available for browser automation
2025-06-03 19:36:06,227 - neural_ui_detector - INFO - Neural UI Detector available components:
2025-06-03 19:36:06,227 - neural_ui_detector - INFO - - YOLO Object Detection: ✅
2025-06-03 19:36:06,227 - neural_ui_detector - INFO - - LayoutLM Document Understanding: ✅
2025-06-03 19:36:06,227 - neural_ui_detector - INFO - - ONNX Model Acceleration: ✅
2025-06-03 19:36:06,227 - neural_ui_detector - INFO - - Computer Vision Support: ✅
2025-06-03 19:36:06,227 - neural_ui_detector - INFO - - Browser Automation: ✅
2025-06-03 19:36:06,254 - neural_ui_detector - INFO - Loaded pre-trained YOLOv8n model
2025-06-03 19:36:08,059 - neural_ui_detector - INFO - LayoutLM imports available (old API)
2025-06-03 19:37:09,558 - neural_ui_detector - INFO - Started new Chrome instance in headless mode
2025-06-03 19:37:12,318 - neural_ui_detector - INFO - Using EasyOCR for text recognition
2025-06-03 19:37:12,336 - neural_ui_detector - INFO - Loaded 3 templates for matching
2025-06-03 19:37:12,336 - neural_ui_detector - INFO - UI Detector Ensemble initialized
2025-06-03 19:37:13,723 - neural_ui_detector_server - INFO - Starting Neural UI Detector WebSocket Server on port 8768
2025-06-03 19:37:13,792 - websockets.server - INFO - server listening on [::1]:8768
2025-06-03 19:37:13,793 - websockets.server - INFO - server listening on 127.0.0.1:8768
2025-06-03 19:39:59,456 - websockets.server - ERROR - opening handshake failed
Traceback (most recent call last):
  File "/Users/segevbin/Desktop/SensAI/Aiayer/.venv/lib/python3.13/site-packages/websockets/http11.py", line 138, in parse
    request_line = yield from parse_line(read_line)
                   ^^^^^^^^^^^^^^^^^^^^^^^^^^^^^^^^
  File "/Users/segevbin/Desktop/SensAI/Aiayer/.venv/lib/python3.13/site-packages/websockets/http11.py", line 309, in parse_line
    line = yield from read_line(MAX_LINE_LENGTH)
           ^^^^^^^^^^^^^^^^^^^^^^^^^^^^^^^^^^^^^
  File "/Users/segevbin/Desktop/SensAI/Aiayer/.venv/lib/python3.13/site-packages/websockets/streams.py", line 46, in read_line
    raise EOFError(f"stream ends after {p} bytes, before end of line")
EOFError: stream ends after 0 bytes, before end of line

The above exception was the direct cause of the following exception:

Traceback (most recent call last):
  File "/Users/segevbin/Desktop/SensAI/Aiayer/.venv/lib/python3.13/site-packages/websockets/server.py", line 545, in parse
    request = yield from Request.parse(
              ^^^^^^^^^^^^^^^^^^^^^^^^^
        self.reader.read_line,
        ^^^^^^^^^^^^^^^^^^^^^^
    )
    ^
  File "/Users/segevbin/Desktop/SensAI/Aiayer/.venv/lib/python3.13/site-packages/websockets/http11.py", line 140, in parse
    raise EOFError("connection closed while reading HTTP request line") from exc
EOFError: connection closed while reading HTTP request line

The above exception was the direct cause of the following exception:

Traceback (most recent call last):
  File "/Users/segevbin/Desktop/SensAI/Aiayer/.venv/lib/python3.13/site-packages/websockets/asyncio/server.py", line 356, in conn_handler
    await connection.handshake(
    ...<3 lines>...
    )
  File "/Users/segevbin/Desktop/SensAI/Aiayer/.venv/lib/python3.13/site-packages/websockets/asyncio/server.py", line 207, in handshake
    raise self.protocol.handshake_exc
websockets.exceptions.InvalidMessage: did not receive a valid HTTP request
2025-06-03 19:41:52,513 - websockets.server - ERROR - opening handshake failed
Traceback (most recent call last):
  File "/Users/segevbin/Desktop/SensAI/Aiayer/.venv/lib/python3.13/site-packages/websockets/http11.py", line 138, in parse
    request_line = yield from parse_line(read_line)
                   ^^^^^^^^^^^^^^^^^^^^^^^^^^^^^^^^
  File "/Users/segevbin/Desktop/SensAI/Aiayer/.venv/lib/python3.13/site-packages/websockets/http11.py", line 309, in parse_line
    line = yield from read_line(MAX_LINE_LENGTH)
           ^^^^^^^^^^^^^^^^^^^^^^^^^^^^^^^^^^^^^
  File "/Users/segevbin/Desktop/SensAI/Aiayer/.venv/lib/python3.13/site-packages/websockets/streams.py", line 46, in read_line
    raise EOFError(f"stream ends after {p} bytes, before end of line")
EOFError: stream ends after 0 bytes, before end of line

The above exception was the direct cause of the following exception:

Traceback (most recent call last):
  File "/Users/segevbin/Desktop/SensAI/Aiayer/.venv/lib/python3.13/site-packages/websockets/server.py", line 545, in parse
    request = yield from Request.parse(
              ^^^^^^^^^^^^^^^^^^^^^^^^^
        self.reader.read_line,
        ^^^^^^^^^^^^^^^^^^^^^^
    )
    ^
  File "/Users/segevbin/Desktop/SensAI/Aiayer/.venv/lib/python3.13/site-packages/websockets/http11.py", line 140, in parse
    raise EOFError("connection closed while reading HTTP request line") from exc
EOFError: connection closed while reading HTTP request line

The above exception was the direct cause of the following exception:

Traceback (most recent call last):
  File "/Users/segevbin/Desktop/SensAI/Aiayer/.venv/lib/python3.13/site-packages/websockets/asyncio/server.py", line 356, in conn_handler
    await connection.handshake(
    ...<3 lines>...
    )
  File "/Users/segevbin/Desktop/SensAI/Aiayer/.venv/lib/python3.13/site-packages/websockets/asyncio/server.py", line 207, in handshake
    raise self.protocol.handshake_exc
websockets.exceptions.InvalidMessage: did not receive a valid HTTP request
2025-06-03 19:44:32,423 - neural_ui_detector - INFO - PyTorch 2.7.0 available
2025-06-03 19:44:32,512 - neural_ui_detector - INFO - Ultralytics 8.3.148 available
2025-06-03 19:44:32,746 - neural_ui_detector - INFO - Transformers 4.51.3 available
2025-06-03 19:44:32,812 - neural_ui_detector - INFO - ONNX Runtime 1.22.0 available
2025-06-03 19:44:32,812 - neural_ui_detector - INFO - OpenCV 4.11.0 available
2025-06-03 19:44:32,859 - neural_ui_detector - INFO - Selenium available for browser automation
2025-06-03 19:44:32,859 - neural_ui_detector - INFO - Neural UI Detector available components:
2025-06-03 19:44:32,859 - neural_ui_detector - INFO - - YOLO Object Detection: ✅
2025-06-03 19:44:32,859 - neural_ui_detector - INFO - - LayoutLM Document Understanding: ✅
2025-06-03 19:44:32,859 - neural_ui_detector - INFO - - ONNX Model Acceleration: ✅
2025-06-03 19:44:32,859 - neural_ui_detector - INFO - - Computer Vision Support: ✅
2025-06-03 19:44:32,859 - neural_ui_detector - INFO - - Browser Automation: ✅
2025-06-03 19:44:32,904 - neural_ui_detector - INFO - Loaded pre-trained YOLOv8n model
2025-06-03 19:44:36,282 - neural_ui_detector - INFO - LayoutLM imports available (old API)
2025-06-03 19:45:00,771 - neural_ui_detector - INFO - PyTorch 2.7.0 available
2025-06-03 19:45:00,845 - neural_ui_detector - INFO - Ultralytics 8.3.148 available
2025-06-03 19:45:01,039 - neural_ui_detector - INFO - Transformers 4.51.3 available
2025-06-03 19:45:01,068 - neural_ui_detector - INFO - ONNX Runtime 1.22.0 available
2025-06-03 19:45:01,068 - neural_ui_detector - INFO - OpenCV 4.11.0 available
2025-06-03 19:45:01,117 - neural_ui_detector - INFO - Selenium available for browser automation
2025-06-03 19:45:01,117 - neural_ui_detector - INFO - Neural UI Detector available components:
2025-06-03 19:45:01,117 - neural_ui_detector - INFO - - YOLO Object Detection: ✅
2025-06-03 19:45:01,117 - neural_ui_detector - INFO - - LayoutLM Document Understanding: ✅
2025-06-03 19:45:01,117 - neural_ui_detector - INFO - - ONNX Model Acceleration: ✅
2025-06-03 19:45:01,117 - neural_ui_detector - INFO - - Computer Vision Support: ✅
2025-06-03 19:45:01,117 - neural_ui_detector - INFO - - Browser Automation: ✅
2025-06-03 19:45:01,159 - neural_ui_detector - INFO - Loaded pre-trained YOLOv8n model
2025-06-03 19:45:04,054 - neural_ui_detector - INFO - LayoutLM imports available (old API)
2025-06-03 19:45:39,702 - neural_ui_detector - INFO - Started new Chrome instance in headless mode
2025-06-03 19:45:49,758 - neural_ui_detector - INFO - Using EasyOCR for text recognition
2025-06-03 19:45:49,795 - neural_ui_detector - INFO - Loaded 3 templates for matching
2025-06-03 19:45:49,795 - neural_ui_detector - INFO - UI Detector Ensemble initialized
2025-06-03 19:45:51,909 - neural_ui_detector_server - INFO - Starting Neural UI Detector WebSocket Server on port 8768
2025-06-03 19:45:51,985 - websockets.server - INFO - server listening on [::1]:8768
2025-06-03 19:45:51,987 - websockets.server - INFO - server listening on 127.0.0.1:8768
2025-06-03 19:45:55,823 - neural_ui_detector - INFO - PyTorch 2.7.0 available
2025-06-03 19:45:56,091 - neural_ui_detector - INFO - Ultralytics 8.3.148 available
2025-06-03 19:45:56,521 - websockets.server - ERROR - opening handshake failed
Traceback (most recent call last):
  File "/Users/segevbin/Desktop/SensAI/Aiayer/.venv/lib/python3.13/site-packages/websockets/http11.py", line 138, in parse
    request_line = yield from parse_line(read_line)
                   ^^^^^^^^^^^^^^^^^^^^^^^^^^^^^^^^
  File "/Users/segevbin/Desktop/SensAI/Aiayer/.venv/lib/python3.13/site-packages/websockets/http11.py", line 309, in parse_line
    line = yield from read_line(MAX_LINE_LENGTH)
           ^^^^^^^^^^^^^^^^^^^^^^^^^^^^^^^^^^^^^
  File "/Users/segevbin/Desktop/SensAI/Aiayer/.venv/lib/python3.13/site-packages/websockets/streams.py", line 46, in read_line
    raise EOFError(f"stream ends after {p} bytes, before end of line")
EOFError: stream ends after 0 bytes, before end of line

The above exception was the direct cause of the following exception:

Traceback (most recent call last):
  File "/Users/segevbin/Desktop/SensAI/Aiayer/.venv/lib/python3.13/site-packages/websockets/server.py", line 545, in parse
    request = yield from Request.parse(
              ^^^^^^^^^^^^^^^^^^^^^^^^^
        self.reader.read_line,
        ^^^^^^^^^^^^^^^^^^^^^^
    )
    ^
  File "/Users/segevbin/Desktop/SensAI/Aiayer/.venv/lib/python3.13/site-packages/websockets/http11.py", line 140, in parse
    raise EOFError("connection closed while reading HTTP request line") from exc
EOFError: connection closed while reading HTTP request line

The above exception was the direct cause of the following exception:

Traceback (most recent call last):
  File "/Users/segevbin/Desktop/SensAI/Aiayer/.venv/lib/python3.13/site-packages/websockets/asyncio/server.py", line 356, in conn_handler
    await connection.handshake(
    ...<3 lines>...
    )
  File "/Users/segevbin/Desktop/SensAI/Aiayer/.venv/lib/python3.13/site-packages/websockets/asyncio/server.py", line 207, in handshake
    raise self.protocol.handshake_exc
websockets.exceptions.InvalidMessage: did not receive a valid HTTP request
2025-06-03 19:45:56,769 - neural_ui_detector - INFO - Transformers 4.51.3 available
2025-06-03 19:45:56,992 - neural_ui_detector - INFO - ONNX Runtime 1.22.0 available
2025-06-03 19:45:56,992 - neural_ui_detector - INFO - OpenCV 4.11.0 available
2025-06-03 19:45:57,105 - neural_ui_detector - INFO - Selenium available for browser automation
2025-06-03 19:45:57,106 - neural_ui_detector - INFO - Neural UI Detector available components:
2025-06-03 19:45:57,106 - neural_ui_detector - INFO - - YOLO Object Detection: ✅
2025-06-03 19:45:57,106 - neural_ui_detector - INFO - - LayoutLM Document Understanding: ✅
2025-06-03 19:45:57,106 - neural_ui_detector - INFO - - ONNX Model Acceleration: ✅
2025-06-03 19:45:57,106 - neural_ui_detector - INFO - - Computer Vision Support: ✅
2025-06-03 19:45:57,106 - neural_ui_detector - INFO - - Browser Automation: ✅
2025-06-03 19:45:57,191 - neural_ui_detector - INFO - Loaded pre-trained YOLOv8n model
2025-06-03 19:46:06,997 - neural_ui_detector - INFO - Started new Chrome instance in headless mode
2025-06-03 19:46:08,307 - neural_ui_detector - INFO - LayoutLM imports available (old API)
2025-06-03 19:46:12,500 - neural_ui_detector - INFO - Using EasyOCR for text recognition
2025-06-03 19:46:12,530 - neural_ui_detector - INFO - Loaded 3 templates for matching
2025-06-03 19:46:12,531 - neural_ui_detector - INFO - UI Detector Ensemble initialized
2025-06-03 19:46:12,593 - neural_ui_detector_server - INFO - Killing existing process on port 8768: PID 76183
2025-06-03 19:46:13,597 - neural_ui_detector_server - INFO - Starting Neural UI Detector WebSocket Server on port 8768
2025-06-03 19:46:13,625 - websockets.server - INFO - server listening on 127.0.0.1:8768
2025-06-03 19:46:13,626 - websockets.server - INFO - server listening on [::1]:8768
2025-06-03 19:47:13,247 - neural_ui_detector - INFO - Started new Chrome instance in headless mode
2025-06-03 19:47:22,390 - neural_ui_detector - INFO - Using EasyOCR for text recognition
2025-06-03 19:47:22,449 - neural_ui_detector - INFO - Loaded 3 templates for matching
2025-06-03 19:47:22,449 - neural_ui_detector - INFO - UI Detector Ensemble initialized
2025-06-03 19:47:23,152 - neural_ui_detector_server - INFO - Killing existing process on port 8768: PID 76666
2025-06-03 19:47:24,178 - neural_ui_detector_server - INFO - Starting Neural UI Detector WebSocket Server on port 8768
2025-06-03 19:47:24,392 - websockets.server - INFO - server listening on 127.0.0.1:8768
2025-06-03 19:47:24,396 - websockets.server - INFO - server listening on [::1]:8768
2025-06-03 19:48:35,077 - neural_ui_detector - INFO - PyTorch 2.7.0 available
2025-06-03 19:48:35,218 - neural_ui_detector - INFO - Ultralytics 8.3.148 available
2025-06-03 19:48:35,454 - neural_ui_detector - INFO - Transformers 4.51.3 available
2025-06-03 19:48:35,518 - neural_ui_detector - INFO - ONNX Runtime 1.22.0 available
2025-06-03 19:48:35,518 - neural_ui_detector - INFO - OpenCV 4.11.0 available
2025-06-03 19:48:35,563 - neural_ui_detector - INFO - Selenium available for browser automation
2025-06-03 19:48:35,564 - neural_ui_detector - INFO - Neural UI Detector available components:
2025-06-03 19:48:35,564 - neural_ui_detector - INFO - - YOLO Object Detection: ✅
2025-06-03 19:48:35,564 - neural_ui_detector - INFO - - LayoutLM Document Understanding: ✅
2025-06-03 19:48:35,564 - neural_ui_detector - INFO - - ONNX Model Acceleration: ✅
2025-06-03 19:48:35,564 - neural_ui_detector - INFO - - Computer Vision Support: ✅
2025-06-03 19:48:35,564 - neural_ui_detector - INFO - - Browser Automation: ✅
2025-06-03 19:48:35,616 - neural_ui_detector - INFO - Loaded pre-trained YOLOv8n model
2025-06-03 19:48:40,712 - neural_ui_detector - INFO - LayoutLM imports available (old API)
2025-06-03 19:48:51,148 - websockets.server - ERROR - opening handshake failed
Traceback (most recent call last):
  File "/Users/segevbin/Desktop/SensAI/Aiayer/.venv/lib/python3.13/site-packages/websockets/http11.py", line 138, in parse
    request_line = yield from parse_line(read_line)
                   ^^^^^^^^^^^^^^^^^^^^^^^^^^^^^^^^
  File "/Users/segevbin/Desktop/SensAI/Aiayer/.venv/lib/python3.13/site-packages/websockets/http11.py", line 309, in parse_line
    line = yield from read_line(MAX_LINE_LENGTH)
           ^^^^^^^^^^^^^^^^^^^^^^^^^^^^^^^^^^^^^
  File "/Users/segevbin/Desktop/SensAI/Aiayer/.venv/lib/python3.13/site-packages/websockets/streams.py", line 46, in read_line
    raise EOFError(f"stream ends after {p} bytes, before end of line")
EOFError: stream ends after 0 bytes, before end of line

The above exception was the direct cause of the following exception:

Traceback (most recent call last):
  File "/Users/segevbin/Desktop/SensAI/Aiayer/.venv/lib/python3.13/site-packages/websockets/server.py", line 545, in parse
    request = yield from Request.parse(
              ^^^^^^^^^^^^^^^^^^^^^^^^^
        self.reader.read_line,
        ^^^^^^^^^^^^^^^^^^^^^^
    )
    ^
  File "/Users/segevbin/Desktop/SensAI/Aiayer/.venv/lib/python3.13/site-packages/websockets/http11.py", line 140, in parse
    raise EOFError("connection closed while reading HTTP request line") from exc
EOFError: connection closed while reading HTTP request line

The above exception was the direct cause of the following exception:

Traceback (most recent call last):
  File "/Users/segevbin/Desktop/SensAI/Aiayer/.venv/lib/python3.13/site-packages/websockets/asyncio/server.py", line 356, in conn_handler
    await connection.handshake(
    ...<3 lines>...
    )
  File "/Users/segevbin/Desktop/SensAI/Aiayer/.venv/lib/python3.13/site-packages/websockets/asyncio/server.py", line 207, in handshake
    raise self.protocol.handshake_exc
websockets.exceptions.InvalidMessage: did not receive a valid HTTP request
2025-06-03 19:49:42,377 - neural_ui_detector - INFO - Started new Chrome instance in headless mode
2025-06-03 19:49:47,644 - neural_ui_detector - INFO - Using EasyOCR for text recognition
2025-06-03 19:49:47,655 - neural_ui_detector - INFO - Loaded 3 templates for matching
2025-06-03 19:49:47,655 - neural_ui_detector - INFO - UI Detector Ensemble initialized
2025-06-03 19:49:47,827 - neural_ui_detector_server - INFO - Killing existing process on port 8768: PID 77027
2025-06-03 19:49:48,830 - neural_ui_detector_server - INFO - Starting Neural UI Detector WebSocket Server on port 8768
2025-06-03 19:49:49,054 - websockets.server - INFO - server listening on 127.0.0.1:8768
2025-06-03 19:49:49,064 - websockets.server - INFO - server listening on [::1]:8768
2025-06-03 19:50:39,145 - websockets.server - ERROR - opening handshake failed
Traceback (most recent call last):
  File "/Users/segevbin/Desktop/SensAI/Aiayer/.venv/lib/python3.13/site-packages/websockets/http11.py", line 138, in parse
    request_line = yield from parse_line(read_line)
                   ^^^^^^^^^^^^^^^^^^^^^^^^^^^^^^^^
  File "/Users/segevbin/Desktop/SensAI/Aiayer/.venv/lib/python3.13/site-packages/websockets/http11.py", line 309, in parse_line
    line = yield from read_line(MAX_LINE_LENGTH)
           ^^^^^^^^^^^^^^^^^^^^^^^^^^^^^^^^^^^^^
  File "/Users/segevbin/Desktop/SensAI/Aiayer/.venv/lib/python3.13/site-packages/websockets/streams.py", line 46, in read_line
    raise EOFError(f"stream ends after {p} bytes, before end of line")
EOFError: stream ends after 0 bytes, before end of line

The above exception was the direct cause of the following exception:

Traceback (most recent call last):
  File "/Users/segevbin/Desktop/SensAI/Aiayer/.venv/lib/python3.13/site-packages/websockets/server.py", line 545, in parse
    request = yield from Request.parse(
              ^^^^^^^^^^^^^^^^^^^^^^^^^
        self.reader.read_line,
        ^^^^^^^^^^^^^^^^^^^^^^
    )
    ^
  File "/Users/segevbin/Desktop/SensAI/Aiayer/.venv/lib/python3.13/site-packages/websockets/http11.py", line 140, in parse
    raise EOFError("connection closed while reading HTTP request line") from exc
EOFError: connection closed while reading HTTP request line

The above exception was the direct cause of the following exception:

Traceback (most recent call last):
  File "/Users/segevbin/Desktop/SensAI/Aiayer/.venv/lib/python3.13/site-packages/websockets/asyncio/server.py", line 356, in conn_handler
    await connection.handshake(
    ...<3 lines>...
    )
  File "/Users/segevbin/Desktop/SensAI/Aiayer/.venv/lib/python3.13/site-packages/websockets/asyncio/server.py", line 207, in handshake
    raise self.protocol.handshake_exc
websockets.exceptions.InvalidMessage: did not receive a valid HTTP request
2025-06-03 19:50:39,210 - websockets.server - INFO - connection open
2025-06-03 19:50:39,210 - neural_ui_detector_server - INFO - Client 6055501392 connected
2025-06-03 19:50:39,212 - neural_ui_detector_server - INFO - Received message from client 6055501392: unknown
2025-06-03 19:53:45,749 - neural_ui_detector - INFO - PyTorch 2.7.0 available
2025-06-03 19:53:45,819 - neural_ui_detector - INFO - Ultralytics 8.3.148 available
2025-06-03 19:53:45,940 - neural_ui_detector - INFO - Transformers 4.51.3 available
2025-06-03 19:53:45,985 - neural_ui_detector - INFO - ONNX Runtime 1.22.0 available
2025-06-03 19:53:45,985 - neural_ui_detector - INFO - OpenCV 4.11.0 available
2025-06-03 19:53:46,016 - neural_ui_detector - INFO - Selenium available for browser automation
2025-06-03 19:53:46,016 - neural_ui_detector - INFO - Neural UI Detector available components:
2025-06-03 19:53:46,016 - neural_ui_detector - INFO - - YOLO Object Detection: ✅
2025-06-03 19:53:46,016 - neural_ui_detector - INFO - - LayoutLM Document Understanding: ✅
2025-06-03 19:53:46,016 - neural_ui_detector - INFO - - ONNX Model Acceleration: ✅
2025-06-03 19:53:46,016 - neural_ui_detector - INFO - - Computer Vision Support: ✅
2025-06-03 19:53:46,016 - neural_ui_detector - INFO - - Browser Automation: ✅
2025-06-03 19:53:46,053 - neural_ui_detector - INFO - Loaded pre-trained YOLOv8n model
2025-06-03 19:53:47,978 - neural_ui_detector - INFO - LayoutLM imports available (old API)
2025-06-03 19:54:50,122 - neural_ui_detector - INFO - Started new Chrome instance in headless mode
2025-06-03 19:54:53,573 - neural_ui_detector - INFO - Using EasyOCR for text recognition
2025-06-03 19:54:53,586 - neural_ui_detector - INFO - Loaded 3 templates for matching
2025-06-03 19:54:53,586 - neural_ui_detector - INFO - UI Detector Ensemble initialized
2025-06-03 19:54:54,738 - neural_ui_detector_server - INFO - Starting Neural UI Detector WebSocket Server on port 8768
2025-06-03 19:54:54,770 - websockets.server - INFO - server listening on 127.0.0.1:8768
2025-06-03 19:54:54,771 - websockets.server - INFO - server listening on [::1]:8768
2025-06-03 19:58:26,679 - websockets.server - ERROR - opening handshake failed
Traceback (most recent call last):
  File "/Users/segevbin/Desktop/SensAI/Aiayer/.venv/lib/python3.13/site-packages/websockets/http11.py", line 138, in parse
    request_line = yield from parse_line(read_line)
                   ^^^^^^^^^^^^^^^^^^^^^^^^^^^^^^^^
  File "/Users/segevbin/Desktop/SensAI/Aiayer/.venv/lib/python3.13/site-packages/websockets/http11.py", line 309, in parse_line
    line = yield from read_line(MAX_LINE_LENGTH)
           ^^^^^^^^^^^^^^^^^^^^^^^^^^^^^^^^^^^^^
  File "/Users/segevbin/Desktop/SensAI/Aiayer/.venv/lib/python3.13/site-packages/websockets/streams.py", line 46, in read_line
    raise EOFError(f"stream ends after {p} bytes, before end of line")
EOFError: stream ends after 0 bytes, before end of line

The above exception was the direct cause of the following exception:

Traceback (most recent call last):
  File "/Users/segevbin/Desktop/SensAI/Aiayer/.venv/lib/python3.13/site-packages/websockets/server.py", line 545, in parse
    request = yield from Request.parse(
              ^^^^^^^^^^^^^^^^^^^^^^^^^
        self.reader.read_line,
        ^^^^^^^^^^^^^^^^^^^^^^
    )
    ^
  File "/Users/segevbin/Desktop/SensAI/Aiayer/.venv/lib/python3.13/site-packages/websockets/http11.py", line 140, in parse
    raise EOFError("connection closed while reading HTTP request line") from exc
EOFError: connection closed while reading HTTP request line

The above exception was the direct cause of the following exception:

Traceback (most recent call last):
  File "/Users/segevbin/Desktop/SensAI/Aiayer/.venv/lib/python3.13/site-packages/websockets/asyncio/server.py", line 356, in conn_handler
    await connection.handshake(
    ...<3 lines>...
    )
  File "/Users/segevbin/Desktop/SensAI/Aiayer/.venv/lib/python3.13/site-packages/websockets/asyncio/server.py", line 207, in handshake
    raise self.protocol.handshake_exc
websockets.exceptions.InvalidMessage: did not receive a valid HTTP request
2025-06-03 19:58:26,746 - websockets.server - INFO - connection open
2025-06-03 19:58:26,746 - neural_ui_detector_server - INFO - Client 6057041488 connected
2025-06-03 19:58:26,746 - neural_ui_detector_server - INFO - Received message from client 6057041488: unknown
2025-06-03 20:06:57,955 - neural_ui_detector - INFO - PyTorch 2.7.0 available
2025-06-03 20:06:58,024 - neural_ui_detector - INFO - Ultralytics 8.3.148 available
2025-06-03 20:06:58,140 - neural_ui_detector - INFO - Transformers 4.51.3 available
2025-06-03 20:06:58,183 - neural_ui_detector - INFO - ONNX Runtime 1.22.0 available
2025-06-03 20:06:58,183 - neural_ui_detector - INFO - OpenCV 4.11.0 available
2025-06-03 20:06:58,215 - neural_ui_detector - INFO - Selenium available for browser automation
2025-06-03 20:06:58,215 - neural_ui_detector - INFO - Neural UI Detector available components:
2025-06-03 20:06:58,215 - neural_ui_detector - INFO - - YOLO Object Detection: ✅
2025-06-03 20:06:58,215 - neural_ui_detector - INFO - - LayoutLM Document Understanding: ✅
2025-06-03 20:06:58,215 - neural_ui_detector - INFO - - ONNX Model Acceleration: ✅
2025-06-03 20:06:58,215 - neural_ui_detector - INFO - - Computer Vision Support: ✅
2025-06-03 20:06:58,215 - neural_ui_detector - INFO - - Browser Automation: ✅
2025-06-03 20:06:58,244 - neural_ui_detector - INFO - Loaded pre-trained YOLOv8n model
2025-06-03 20:07:00,151 - neural_ui_detector - INFO - LayoutLM imports available (old API)
2025-06-03 20:08:02,592 - neural_ui_detector - INFO - Started new Chrome instance in headless mode
2025-06-03 20:08:05,600 - neural_ui_detector - INFO - Using EasyOCR for text recognition
2025-06-03 20:08:05,627 - neural_ui_detector - INFO - Loaded 3 templates for matching
2025-06-03 20:08:05,627 - neural_ui_detector - INFO - UI Detector Ensemble initialized
2025-06-03 20:08:07,079 - neural_ui_detector_server - INFO - Starting Neural UI Detector WebSocket Server on port 8768
2025-06-03 20:08:07,187 - websockets.server - INFO - server listening on 127.0.0.1:8768
2025-06-03 20:08:07,191 - websockets.server - INFO - server listening on [::1]:8768
2025-06-03 20:22:35,470 - neural_ui_detector - INFO - PyTorch 2.7.0 available
2025-06-03 20:22:35,538 - neural_ui_detector - INFO - Ultralytics 8.3.148 available
2025-06-03 20:22:35,652 - neural_ui_detector - INFO - Transformers 4.51.3 available
2025-06-03 20:22:35,696 - neural_ui_detector - INFO - ONNX Runtime 1.22.0 available
2025-06-03 20:22:35,696 - neural_ui_detector - INFO - OpenCV 4.11.0 available
2025-06-03 20:22:35,725 - neural_ui_detector - INFO - Selenium available for browser automation
2025-06-03 20:22:35,725 - neural_ui_detector - INFO - Neural UI Detector available components:
2025-06-03 20:22:35,725 - neural_ui_detector - INFO - - YOLO Object Detection: ✅
2025-06-03 20:22:35,725 - neural_ui_detector - INFO - - LayoutLM Document Understanding: ✅
2025-06-03 20:22:35,725 - neural_ui_detector - INFO - - ONNX Model Acceleration: ✅
2025-06-03 20:22:35,725 - neural_ui_detector - INFO - - Computer Vision Support: ✅
2025-06-03 20:22:35,725 - neural_ui_detector - INFO - - Browser Automation: ✅
2025-06-03 20:22:35,752 - neural_ui_detector - INFO - Loaded pre-trained YOLOv8n model
2025-06-03 20:22:37,579 - neural_ui_detector - INFO - LayoutLM imports available (old API)
2025-06-03 20:23:39,304 - neural_ui_detector - INFO - Started new Chrome instance in headless mode
2025-06-03 20:23:41,990 - neural_ui_detector - INFO - Using EasyOCR for text recognition
2025-06-03 20:23:41,998 - neural_ui_detector - INFO - Loaded 3 templates for matching
2025-06-03 20:23:41,998 - neural_ui_detector - INFO - UI Detector Ensemble initialized
2025-06-03 20:23:43,036 - neural_ui_detector_server - INFO - Starting Neural UI Detector WebSocket Server on port 8768
2025-06-03 20:23:43,055 - websockets.server - INFO - server listening on 127.0.0.1:8768
2025-06-03 20:23:43,056 - websockets.server - INFO - server listening on [::1]:8768
2025-06-03 20:29:12,471 - neural_ui_detector - INFO - PyTorch 2.7.0 available
2025-06-03 20:29:12,540 - neural_ui_detector - INFO - Ultralytics 8.3.148 available
2025-06-03 20:29:12,719 - neural_ui_detector - INFO - Transformers 4.51.3 available
2025-06-03 20:29:12,763 - neural_ui_detector - INFO - ONNX Runtime 1.22.0 available
2025-06-03 20:29:12,763 - neural_ui_detector - INFO - OpenCV 4.11.0 available
2025-06-03 20:29:12,794 - neural_ui_detector - INFO - Selenium available for browser automation
2025-06-03 20:29:12,794 - neural_ui_detector - INFO - Neural UI Detector available components:
2025-06-03 20:29:12,794 - neural_ui_detector - INFO - - YOLO Object Detection: ✅
2025-06-03 20:29:12,794 - neural_ui_detector - INFO - - LayoutLM Document Understanding: ✅
2025-06-03 20:29:12,794 - neural_ui_detector - INFO - - ONNX Model Acceleration: ✅
2025-06-03 20:29:12,795 - neural_ui_detector - INFO - - Computer Vision Support: ✅
2025-06-03 20:29:12,795 - neural_ui_detector - INFO - - Browser Automation: ✅
2025-06-03 20:29:12,828 - neural_ui_detector - INFO - Loaded pre-trained YOLOv8n model
2025-06-03 20:29:14,757 - neural_ui_detector - INFO - LayoutLM imports available (old API)
2025-06-03 20:30:16,402 - neural_ui_detector - INFO - Started new Chrome instance in headless mode
2025-06-03 20:30:18,855 - neural_ui_detector - INFO - Using EasyOCR for text recognition
2025-06-03 20:30:18,866 - neural_ui_detector - INFO - Loaded 3 templates for matching
2025-06-03 20:30:18,866 - neural_ui_detector - INFO - UI Detector Ensemble initialized
2025-06-03 20:30:19,930 - neural_ui_detector_server - INFO - Starting Neural UI Detector WebSocket Server on port 8768
2025-06-03 20:30:19,947 - websockets.server - INFO - server listening on [::1]:8768
2025-06-03 20:30:19,949 - websockets.server - INFO - server listening on 127.0.0.1:8768
2025-06-03 20:46:48,617 - websockets.server - INFO - connection open
2025-06-03 20:46:48,619 - neural_ui_detector_server - INFO - Client 6035468848 connected
2025-06-03 20:51:12,503 - websockets.server - INFO - connection open
2025-06-03 20:51:12,504 - neural_ui_detector_server - INFO - Client 6035447376 connected
2025-06-03 20:51:13,180 - websockets.server - INFO - connection open
2025-06-03 20:51:13,180 - neural_ui_detector_server - INFO - Client 6035450576 connected
2025-06-03 20:51:18,199 - websockets.server - INFO - connection open
2025-06-03 20:51:18,199 - neural_ui_detector_server - INFO - Client 6020299696 connected
2025-06-04 01:24:56,631 - neural_ui_detector - INFO - PyTorch 2.7.0 available
2025-06-04 01:24:56,876 - neural_ui_detector - INFO - Ultralytics 8.3.148 available
2025-06-04 01:24:57,380 - neural_ui_detector - INFO - Transformers 4.51.3 available
2025-06-04 01:24:57,455 - neural_ui_detector - INFO - ONNX Runtime 1.22.0 available
2025-06-04 01:24:57,455 - neural_ui_detector - INFO - OpenCV 4.11.0 available
2025-06-04 01:24:57,504 - neural_ui_detector - INFO - Selenium available for browser automation
2025-06-04 01:24:57,504 - neural_ui_detector - INFO - Neural UI Detector available components:
2025-06-04 01:24:57,505 - neural_ui_detector - INFO - - YOLO Object Detection: ✅
2025-06-04 01:24:57,505 - neural_ui_detector - INFO - - LayoutLM Document Understanding: ✅
2025-06-04 01:24:57,505 - neural_ui_detector - INFO - - ONNX Model Acceleration: ✅
2025-06-04 01:24:57,505 - neural_ui_detector - INFO - - Computer Vision Support: ✅
2025-06-04 01:24:57,505 - neural_ui_detector - INFO - - Browser Automation: ✅
2025-06-04 01:24:57,563 - neural_ui_detector - INFO - Loaded pre-trained YOLOv8n model
2025-06-04 01:25:02,921 - neural_ui_detector - INFO - LayoutLM imports available (old API)
2025-06-04 01:26:05,264 - neural_ui_detector - INFO - Started new Chrome instance in headless mode
2025-06-04 01:26:12,853 - neural_ui_detector - INFO - Using EasyOCR for text recognition
2025-06-04 01:26:12,885 - neural_ui_detector - INFO - Loaded 3 templates for matching
2025-06-04 01:26:12,887 - neural_ui_detector - INFO - UI Detector Ensemble initialized
2025-06-04 01:26:15,226 - neural_ui_detector_server - INFO - Starting Neural UI Detector WebSocket Server on port 8768
2025-06-04 01:26:15,363 - websockets.server - INFO - server listening on [::1]:8768
2025-06-04 01:26:15,365 - websockets.server - INFO - server listening on 127.0.0.1:8768
2025-06-04 01:26:15,369 - neural_ui_detector_server - INFO - Updated WebSocket URL in test_neural_ui_detector_fixed.html to port 8768
2025-06-04 01:26:22,291 - websockets.server - INFO - connection open
2025-06-04 01:26:22,305 - neural_ui_detector_server - INFO - Client 6229525904 connected
2025-06-04 01:26:24,004 - neural_ui_detector_server - INFO - Received message from client 6229525904: find
2025-06-04 01:26:24,804 - neural_ui_detector - INFO - Took screenshot: cache/neural_ui_detector/screenshot_1749014784.png
2025-06-04 01:26:25,419 - neural_ui_detector - INFO - YOLO detected 1 UI elements
2025-06-04 01:26:25,419 - neural_ui_detector - INFO - macOS accessibility detected 2 UI elements
2025-06-04 01:26:25,672 - neural_ui_detector - INFO - Browser API detected 0 UI elements
2025-06-04 01:26:48,354 - neural_ui_detector - INFO - OCR detected 49 text elements
2025-06-04 01:35:01,604 - neural_ui_detector - INFO - PyTorch 2.7.0 available
2025-06-04 01:35:01,739 - neural_ui_detector - INFO - Ultralytics 8.3.148 available
2025-06-04 01:35:02,508 - neural_ui_detector - INFO - Transformers 4.51.3 available
2025-06-04 01:35:02,676 - neural_ui_detector - INFO - ONNX Runtime 1.22.0 available
2025-06-04 01:35:02,676 - neural_ui_detector - INFO - OpenCV 4.11.0 available
2025-06-04 01:35:02,842 - neural_ui_detector - INFO - Selenium available for browser automation
2025-06-04 01:35:02,842 - neural_ui_detector - INFO - Neural UI Detector available components:
2025-06-04 01:35:02,842 - neural_ui_detector - INFO - - YOLO Object Detection: ✅
2025-06-04 01:35:02,842 - neural_ui_detector - INFO - - LayoutLM Document Understanding: ✅
2025-06-04 01:35:02,842 - neural_ui_detector - INFO - - ONNX Model Acceleration: ✅
2025-06-04 01:35:02,842 - neural_ui_detector - INFO - - Computer Vision Support: ✅
2025-06-04 01:35:02,842 - neural_ui_detector - INFO - - Browser Automation: ✅
2025-06-04 01:35:02,962 - neural_ui_detector - INFO - Loaded pre-trained YOLOv8n model
2025-06-04 01:35:09,252 - neural_ui_detector - INFO - LayoutLM imports available (old API)
2025-06-04 01:36:11,304 - neural_ui_detector - INFO - Started new Chrome instance in headless mode
2025-06-04 01:36:18,133 - neural_ui_detector - INFO - Using EasyOCR for text recognition
2025-06-04 01:36:18,143 - neural_ui_detector - INFO - Loaded 3 templates for matching
2025-06-04 01:36:18,144 - neural_ui_detector - INFO - UI Detector Ensemble initialized
2025-06-04 01:36:19,545 - neural_ui_detector_server - INFO - Starting Neural UI Detector WebSocket Server on port 8768
2025-06-04 01:36:19,628 - websockets.server - INFO - server listening on [::1]:8768
2025-06-04 01:36:19,629 - websockets.server - INFO - server listening on 127.0.0.1:8768
2025-06-04 01:36:24,002 - websockets.server - INFO - connection open
2025-06-04 01:36:24,002 - neural_ui_detector_server - INFO - Client 6212617616 connected
2025-06-04 01:37:39,669 - websockets.server - INFO - connection open
2025-06-04 01:37:39,670 - neural_ui_detector_server - INFO - Client 6212249040 connected
2025-06-04 01:39:21,123 - websockets.server - INFO - connection open
2025-06-04 01:39:21,125 - neural_ui_detector_server - INFO - Client 6212250640 connected
2025-06-04 01:39:21,132 - neural_ui_detector_server - INFO - Received message from client 6212250640: detect
2025-06-04 01:39:24,046 - neural_ui_detector - INFO - Took screenshot: cache/neural_ui_detector/screenshot_1749015561.png
2025-06-04 01:39:24,053 - neural_ui_detector - INFO - Running yolo detector with 10s timeout
2025-06-04 01:39:25,855 - neural_ui_detector - INFO - YOLO detected 2 UI elements
2025-06-04 01:39:25,856 - neural_ui_detector - INFO - Running layoutlm detector with 5s timeout
2025-06-04 01:39:25,857 - neural_ui_detector - INFO - Running accessibility detector with 3s timeout
2025-06-04 01:39:25,857 - neural_ui_detector - INFO - macOS accessibility detected 2 UI elements
2025-06-04 01:39:25,857 - neural_ui_detector - INFO - Running browser detector with 5s timeout
2025-06-04 01:39:26,340 - neural_ui_detector - INFO - Browser API detected 0 UI elements
2025-06-04 01:39:26,341 - neural_ui_detector - INFO - Running ocr detector with 15s timeout
2025-06-04 01:40:17,940 - neural_ui_detector - INFO - OCR detected 256 text elements
2025-06-04 01:40:17,948 - neural_ui_detector - INFO - Running template detector with 10s timeout
2025-06-04 01:43:43,407 - neural_ui_detector - INFO - PyTorch 2.7.0 available
2025-06-04 01:43:43,821 - neural_ui_detector - INFO - Ultralytics 8.3.148 available
2025-06-04 01:43:44,624 - neural_ui_detector - INFO - Transformers 4.51.3 available
2025-06-04 01:43:44,844 - neural_ui_detector - INFO - ONNX Runtime 1.22.0 available
2025-06-04 01:43:44,844 - neural_ui_detector - INFO - OpenCV 4.11.0 available
2025-06-04 01:43:45,022 - neural_ui_detector - INFO - Selenium available for browser automation
2025-06-04 01:43:45,022 - neural_ui_detector - INFO - Neural UI Detector available components:
2025-06-04 01:43:45,022 - neural_ui_detector - INFO - - YOLO Object Detection: ✅
2025-06-04 01:43:45,023 - neural_ui_detector - INFO - - LayoutLM Document Understanding: ✅
2025-06-04 01:43:45,023 - neural_ui_detector - INFO - - ONNX Model Acceleration: ✅
2025-06-04 01:43:45,023 - neural_ui_detector - INFO - - Computer Vision Support: ✅
2025-06-04 01:43:45,023 - neural_ui_detector - INFO - - Browser Automation: ✅
2025-06-04 01:43:45,291 - neural_ui_detector - INFO - Loaded pre-trained YOLOv8n model
2025-06-04 01:44:00,188 - neural_ui_detector - INFO - LayoutLM imports available (old API)
2025-06-04 01:45:02,940 - neural_ui_detector - INFO - Started new Chrome instance in headless mode
2025-06-04 01:45:13,923 - neural_ui_detector - INFO - Using EasyOCR for text recognition
2025-06-04 01:45:13,964 - neural_ui_detector - INFO - Loaded 3 templates for matching
2025-06-04 01:45:13,964 - neural_ui_detector - INFO - UI Detector Ensemble initialized
2025-06-04 01:45:14,383 - neural_ui_detector_server - INFO - Killing existing process on port 8768: PID 34028
2025-06-04 01:45:15,396 - neural_ui_detector_server - INFO - Starting Neural UI Detector WebSocket Server on port 8768
2025-06-04 01:45:15,479 - websockets.server - INFO - server listening on 127.0.0.1:8768
2025-06-04 01:45:15,480 - websockets.server - INFO - server listening on [::1]:8768
2025-06-04 01:45:48,810 - websockets.server - INFO - connection open
2025-06-04 01:45:48,817 - neural_ui_detector_server - INFO - Client 6057444752 connected
2025-06-04 01:45:50,118 - neural_ui_detector_server - INFO - Received message from client 6057444752: find
2025-06-04 01:45:50,119 - neural_ui_detector_server - INFO - Performing fresh detection for find operation: button
2025-06-04 01:45:50,929 - neural_ui_detector - INFO - Took screenshot: cache/neural_ui_detector/screenshot_1749015950.png
2025-06-04 01:45:50,955 - neural_ui_detector - INFO - Running yolo detector with 10s timeout
2025-06-04 01:45:51,684 - neural_ui_detector - INFO - YOLO detected 1 UI elements
2025-06-04 01:45:51,684 - neural_ui_detector - INFO - Running layoutlm detector with 5s timeout
2025-06-04 01:45:51,684 - neural_ui_detector - INFO - Running accessibility detector with 3s timeout
2025-06-04 01:45:51,684 - neural_ui_detector - INFO - macOS accessibility detected 2 UI elements
2025-06-04 01:45:51,684 - neural_ui_detector - INFO - Running browser detector with 5s timeout
2025-06-04 01:45:51,999 - neural_ui_detector - INFO - Browser API detected 0 UI elements
2025-06-04 01:45:52,000 - neural_ui_detector - INFO - Running ocr detector with 8s timeout
2025-06-04 01:45:52,137 - neural_ui_detector - INFO - Resized image for OCR from 2940x1912 to 1200x780
2025-06-04 01:45:57,478 - neural_ui_detector - INFO - OCR optimized detected 25 text elements
2025-06-04 01:45:57,480 - neural_ui_detector - INFO - Running template detector with 7s timeout
2025-06-04 01:49:39,695 - neural_ui_detector - INFO - PyTorch 2.7.0 available
2025-06-04 01:49:39,788 - neural_ui_detector - INFO - Ultralytics 8.3.148 available
2025-06-04 01:49:40,001 - neural_ui_detector - INFO - Transformers 4.51.3 available
2025-06-04 01:49:40,070 - neural_ui_detector - INFO - ONNX Runtime 1.22.0 available
2025-06-04 01:49:40,070 - neural_ui_detector - INFO - OpenCV 4.11.0 available
2025-06-04 01:49:40,115 - neural_ui_detector - INFO - Selenium available for browser automation
2025-06-04 01:49:40,115 - neural_ui_detector - INFO - Neural UI Detector available components:
2025-06-04 01:49:40,115 - neural_ui_detector - INFO - - YOLO Object Detection: ✅
2025-06-04 01:49:40,115 - neural_ui_detector - INFO - - LayoutLM Document Understanding: ✅
2025-06-04 01:49:40,115 - neural_ui_detector - INFO - - ONNX Model Acceleration: ✅
2025-06-04 01:49:40,115 - neural_ui_detector - INFO - - Computer Vision Support: ✅
2025-06-04 01:49:40,115 - neural_ui_detector - INFO - - Browser Automation: ✅
2025-06-04 01:49:40,160 - neural_ui_detector - INFO - Loaded pre-trained YOLOv8n model
2025-06-04 01:49:43,547 - neural_ui_detector - INFO - LayoutLM imports available (old API)
2025-06-04 01:50:45,910 - neural_ui_detector - INFO - Started new Chrome instance in headless mode
2025-06-04 01:50:51,760 - neural_ui_detector - INFO - Using EasyOCR for text recognition
2025-06-04 01:50:51,768 - neural_ui_detector - INFO - Loaded 3 templates for matching
2025-06-04 01:50:51,768 - neural_ui_detector - INFO - UI Detector Ensemble initialized
2025-06-04 01:50:52,872 - neural_ui_detector_server - INFO - Starting Neural UI Detector WebSocket Server on port 8768
2025-06-04 01:50:52,924 - websockets.server - INFO - server listening on [::1]:8768
2025-06-04 01:50:52,925 - websockets.server - INFO - server listening on 127.0.0.1:8768
2025-06-04 01:50:56,080 - websockets.server - INFO - connection open
2025-06-04 01:50:56,080 - neural_ui_detector_server - INFO - Client 6179079568 connected
2025-06-04 01:53:24,559 - websockets.server - INFO - connection open
2025-06-04 01:53:24,560 - neural_ui_detector_server - INFO - Client 6178710992 connected
2025-06-04 01:56:09,000 - websockets.server - INFO - connection open
2025-06-04 01:56:09,020 - neural_ui_detector_server - INFO - Client 6178712592 connected
2025-06-04 01:56:09,022 - neural_ui_detector_server - INFO - Received message from client 6178712592: ping
2025-06-04 02:00:43,255 - neural_ui_detector - INFO - PyTorch 2.7.0 available
2025-06-04 02:00:43,372 - neural_ui_detector - INFO - Ultralytics 8.3.148 available
2025-06-04 02:00:43,571 - neural_ui_detector - INFO - Transformers 4.51.3 available
2025-06-04 02:00:43,629 - neural_ui_detector - INFO - ONNX Runtime 1.22.0 available
2025-06-04 02:00:43,629 - neural_ui_detector - INFO - OpenCV 4.11.0 available
2025-06-04 02:00:43,677 - neural_ui_detector - INFO - Selenium available for browser automation
2025-06-04 02:00:43,677 - neural_ui_detector - INFO - Neural UI Detector available components:
2025-06-04 02:00:43,677 - neural_ui_detector - INFO - - YOLO Object Detection: ✅
2025-06-04 02:00:43,677 - neural_ui_detector - INFO - - LayoutLM Document Understanding: ✅
2025-06-04 02:00:43,678 - neural_ui_detector - INFO - - ONNX Model Acceleration: ✅
2025-06-04 02:00:43,678 - neural_ui_detector - INFO - - Computer Vision Support: ✅
2025-06-04 02:00:43,678 - neural_ui_detector - INFO - - Browser Automation: ✅
2025-06-04 02:00:43,722 - neural_ui_detector - INFO - Loaded pre-trained YOLOv8n model
2025-06-04 02:00:48,520 - neural_ui_detector - INFO - LayoutLM imports available (old API)
2025-06-04 02:02:05,510 - neural_ui_detector - INFO - PyTorch 2.7.0 available
2025-06-04 02:02:05,599 - neural_ui_detector - INFO - Ultralytics 8.3.148 available
2025-06-04 02:02:05,786 - neural_ui_detector - INFO - Transformers 4.51.3 available
2025-06-04 02:02:05,843 - neural_ui_detector - INFO - ONNX Runtime 1.22.0 available
2025-06-04 02:02:05,843 - neural_ui_detector - INFO - OpenCV 4.11.0 available
2025-06-04 02:02:05,882 - neural_ui_detector - INFO - Selenium available for browser automation
2025-06-04 02:02:05,882 - neural_ui_detector - INFO - Neural UI Detector available components:
2025-06-04 02:02:05,882 - neural_ui_detector - INFO - - YOLO Object Detection: ✅
2025-06-04 02:02:05,882 - neural_ui_detector - INFO - - LayoutLM Document Understanding: ✅
2025-06-04 02:02:05,882 - neural_ui_detector - INFO - - ONNX Model Acceleration: ✅
2025-06-04 02:02:05,882 - neural_ui_detector - INFO - - Computer Vision Support: ✅
2025-06-04 02:02:05,882 - neural_ui_detector - INFO - - Browser Automation: ✅
2025-06-04 02:02:05,930 - neural_ui_detector - INFO - Loaded pre-trained YOLOv8n model
2025-06-04 02:02:08,775 - neural_ui_detector - INFO - LayoutLM imports available (old API)
2025-06-04 02:03:11,680 - neural_ui_detector - INFO - Started new Chrome instance in headless mode
2025-06-04 02:03:19,481 - neural_ui_detector - INFO - Using EasyOCR for text recognition
2025-06-04 02:03:19,513 - neural_ui_detector - INFO - Loaded 3 templates for matching
2025-06-04 02:03:19,513 - neural_ui_detector - INFO - UI Detector Ensemble initialized
2025-06-04 02:03:20,744 - neural_ui_detector_server - INFO - Starting Neural UI Detector WebSocket Server on port 8768
2025-06-04 02:03:20,819 - websockets.server - INFO - server listening on [::1]:8768
2025-06-04 02:03:20,820 - websockets.server - INFO - server listening on 127.0.0.1:8768
2025-06-04 02:03:21,836 - websockets.server - INFO - connection open
2025-06-04 02:03:21,836 - neural_ui_detector_server - INFO - Client 6067962272 connected
2025-06-04 02:07:07,657 - neural_ui_detector - INFO - PyTorch 2.7.0 available
2025-06-04 02:07:07,788 - neural_ui_detector - INFO - Ultralytics 8.3.148 available
2025-06-04 02:07:07,977 - neural_ui_detector - INFO - Transformers 4.51.3 available
2025-06-04 02:07:08,032 - neural_ui_detector - INFO - ONNX Runtime 1.22.0 available
2025-06-04 02:07:08,032 - neural_ui_detector - INFO - OpenCV 4.11.0 available
2025-06-04 02:07:08,074 - neural_ui_detector - INFO - Selenium available for browser automation
2025-06-04 02:07:08,074 - neural_ui_detector - INFO - Neural UI Detector available components:
2025-06-04 02:07:08,074 - neural_ui_detector - INFO - - YOLO Object Detection: ✅
2025-06-04 02:07:08,074 - neural_ui_detector - INFO - - LayoutLM Document Understanding: ✅
2025-06-04 02:07:08,074 - neural_ui_detector - INFO - - ONNX Model Acceleration: ✅
2025-06-04 02:07:08,074 - neural_ui_detector - INFO - - Computer Vision Support: ✅
2025-06-04 02:07:08,074 - neural_ui_detector - INFO - - Browser Automation: ✅
2025-06-04 02:07:08,118 - neural_ui_detector - INFO - Loaded pre-trained YOLOv8n model
2025-06-04 02:07:11,011 - neural_ui_detector - INFO - LayoutLM imports available (old API)
2025-06-04 02:08:17,384 - neural_ui_detector - INFO - Started new Chrome instance in headless mode
2025-06-04 02:08:23,957 - neural_ui_detector - INFO - Using EasyOCR for text recognition
2025-06-04 02:08:23,991 - neural_ui_detector - INFO - Loaded 3 templates for matching
2025-06-04 02:08:23,991 - neural_ui_detector - INFO - UI Detector Ensemble initialized
2025-06-04 02:08:25,239 - neural_ui_detector_server - INFO - Starting Neural UI Detector WebSocket Server on port 8768
2025-06-04 02:08:25,326 - websockets.server - INFO - server listening on 127.0.0.1:8768
2025-06-04 02:08:25,327 - websockets.server - INFO - server listening on [::1]:8768
2025-06-04 02:08:27,810 - websockets.server - INFO - connection open
2025-06-04 02:08:27,810 - neural_ui_detector_server - INFO - Client 5775475104 connected
2025-06-04 02:09:35,889 - neural_ui_detector_server - INFO - Client 5775475104 disconnected
2025-06-04 02:09:36,896 - websockets.server - ERROR - opening handshake failed
Traceback (most recent call last):
  File "/Users/segevbin/Desktop/SensAI/Aiayer/.venv/lib/python3.13/site-packages/websockets/http11.py", line 138, in parse
    request_line = yield from parse_line(read_line)
                   ^^^^^^^^^^^^^^^^^^^^^^^^^^^^^^^^
  File "/Users/segevbin/Desktop/SensAI/Aiayer/.venv/lib/python3.13/site-packages/websockets/http11.py", line 309, in parse_line
    line = yield from read_line(MAX_LINE_LENGTH)
           ^^^^^^^^^^^^^^^^^^^^^^^^^^^^^^^^^^^^^
  File "/Users/segevbin/Desktop/SensAI/Aiayer/.venv/lib/python3.13/site-packages/websockets/streams.py", line 46, in read_line
    raise EOFError(f"stream ends after {p} bytes, before end of line")
EOFError: stream ends after 0 bytes, before end of line

The above exception was the direct cause of the following exception:

Traceback (most recent call last):
  File "/Users/segevbin/Desktop/SensAI/Aiayer/.venv/lib/python3.13/site-packages/websockets/server.py", line 545, in parse
    request = yield from Request.parse(
              ^^^^^^^^^^^^^^^^^^^^^^^^^
        self.reader.read_line,
        ^^^^^^^^^^^^^^^^^^^^^^
    )
    ^
  File "/Users/segevbin/Desktop/SensAI/Aiayer/.venv/lib/python3.13/site-packages/websockets/http11.py", line 140, in parse
    raise EOFError("connection closed while reading HTTP request line") from exc
EOFError: connection closed while reading HTTP request line

The above exception was the direct cause of the following exception:

Traceback (most recent call last):
  File "/Users/segevbin/Desktop/SensAI/Aiayer/.venv/lib/python3.13/site-packages/websockets/asyncio/server.py", line 356, in conn_handler
    await connection.handshake(
    ...<3 lines>...
    )
  File "/Users/segevbin/Desktop/SensAI/Aiayer/.venv/lib/python3.13/site-packages/websockets/asyncio/server.py", line 207, in handshake
    raise self.protocol.handshake_exc
websockets.exceptions.InvalidMessage: did not receive a valid HTTP request
2025-06-04 02:09:37,838 - websockets.server - ERROR - opening handshake failed
Traceback (most recent call last):
  File "/Users/segevbin/Desktop/SensAI/Aiayer/.venv/lib/python3.13/site-packages/websockets/http11.py", line 138, in parse
    request_line = yield from parse_line(read_line)
                   ^^^^^^^^^^^^^^^^^^^^^^^^^^^^^^^^
  File "/Users/segevbin/Desktop/SensAI/Aiayer/.venv/lib/python3.13/site-packages/websockets/http11.py", line 309, in parse_line
    line = yield from read_line(MAX_LINE_LENGTH)
           ^^^^^^^^^^^^^^^^^^^^^^^^^^^^^^^^^^^^^
  File "/Users/segevbin/Desktop/SensAI/Aiayer/.venv/lib/python3.13/site-packages/websockets/streams.py", line 46, in read_line
    raise EOFError(f"stream ends after {p} bytes, before end of line")
EOFError: stream ends after 0 bytes, before end of line

The above exception was the direct cause of the following exception:

Traceback (most recent call last):
  File "/Users/segevbin/Desktop/SensAI/Aiayer/.venv/lib/python3.13/site-packages/websockets/server.py", line 545, in parse
    request = yield from Request.parse(
              ^^^^^^^^^^^^^^^^^^^^^^^^^
        self.reader.read_line,
        ^^^^^^^^^^^^^^^^^^^^^^
    )
    ^
  File "/Users/segevbin/Desktop/SensAI/Aiayer/.venv/lib/python3.13/site-packages/websockets/http11.py", line 140, in parse
    raise EOFError("connection closed while reading HTTP request line") from exc
EOFError: connection closed while reading HTTP request line

The above exception was the direct cause of the following exception:

Traceback (most recent call last):
  File "/Users/segevbin/Desktop/SensAI/Aiayer/.venv/lib/python3.13/site-packages/websockets/asyncio/server.py", line 356, in conn_handler
    await connection.handshake(
    ...<3 lines>...
    )
  File "/Users/segevbin/Desktop/SensAI/Aiayer/.venv/lib/python3.13/site-packages/websockets/asyncio/server.py", line 207, in handshake
    raise self.protocol.handshake_exc
websockets.exceptions.InvalidMessage: did not receive a valid HTTP request
2025-06-04 02:09:38,871 - websockets.server - ERROR - opening handshake failed
Traceback (most recent call last):
  File "/Users/segevbin/Desktop/SensAI/Aiayer/.venv/lib/python3.13/site-packages/websockets/http11.py", line 138, in parse
    request_line = yield from parse_line(read_line)
                   ^^^^^^^^^^^^^^^^^^^^^^^^^^^^^^^^
  File "/Users/segevbin/Desktop/SensAI/Aiayer/.venv/lib/python3.13/site-packages/websockets/http11.py", line 309, in parse_line
    line = yield from read_line(MAX_LINE_LENGTH)
           ^^^^^^^^^^^^^^^^^^^^^^^^^^^^^^^^^^^^^
  File "/Users/segevbin/Desktop/SensAI/Aiayer/.venv/lib/python3.13/site-packages/websockets/streams.py", line 46, in read_line
    raise EOFError(f"stream ends after {p} bytes, before end of line")
EOFError: stream ends after 0 bytes, before end of line

The above exception was the direct cause of the following exception:

Traceback (most recent call last):
  File "/Users/segevbin/Desktop/SensAI/Aiayer/.venv/lib/python3.13/site-packages/websockets/server.py", line 545, in parse
    request = yield from Request.parse(
              ^^^^^^^^^^^^^^^^^^^^^^^^^
        self.reader.read_line,
        ^^^^^^^^^^^^^^^^^^^^^^
    )
    ^
  File "/Users/segevbin/Desktop/SensAI/Aiayer/.venv/lib/python3.13/site-packages/websockets/http11.py", line 140, in parse
    raise EOFError("connection closed while reading HTTP request line") from exc
EOFError: connection closed while reading HTTP request line

The above exception was the direct cause of the following exception:

Traceback (most recent call last):
  File "/Users/segevbin/Desktop/SensAI/Aiayer/.venv/lib/python3.13/site-packages/websockets/asyncio/server.py", line 356, in conn_handler
    await connection.handshake(
    ...<3 lines>...
    )
  File "/Users/segevbin/Desktop/SensAI/Aiayer/.venv/lib/python3.13/site-packages/websockets/asyncio/server.py", line 207, in handshake
    raise self.protocol.handshake_exc
websockets.exceptions.InvalidMessage: did not receive a valid HTTP request
2025-06-04 02:09:39,865 - websockets.server - ERROR - opening handshake failed
Traceback (most recent call last):
  File "/Users/segevbin/Desktop/SensAI/Aiayer/.venv/lib/python3.13/site-packages/websockets/http11.py", line 138, in parse
    request_line = yield from parse_line(read_line)
                   ^^^^^^^^^^^^^^^^^^^^^^^^^^^^^^^^
  File "/Users/segevbin/Desktop/SensAI/Aiayer/.venv/lib/python3.13/site-packages/websockets/http11.py", line 309, in parse_line
    line = yield from read_line(MAX_LINE_LENGTH)
           ^^^^^^^^^^^^^^^^^^^^^^^^^^^^^^^^^^^^^
  File "/Users/segevbin/Desktop/SensAI/Aiayer/.venv/lib/python3.13/site-packages/websockets/streams.py", line 46, in read_line
    raise EOFError(f"stream ends after {p} bytes, before end of line")
EOFError: stream ends after 0 bytes, before end of line

The above exception was the direct cause of the following exception:

Traceback (most recent call last):
  File "/Users/segevbin/Desktop/SensAI/Aiayer/.venv/lib/python3.13/site-packages/websockets/server.py", line 545, in parse
    request = yield from Request.parse(
              ^^^^^^^^^^^^^^^^^^^^^^^^^
        self.reader.read_line,
        ^^^^^^^^^^^^^^^^^^^^^^
    )
    ^
  File "/Users/segevbin/Desktop/SensAI/Aiayer/.venv/lib/python3.13/site-packages/websockets/http11.py", line 140, in parse
    raise EOFError("connection closed while reading HTTP request line") from exc
EOFError: connection closed while reading HTTP request line

The above exception was the direct cause of the following exception:

Traceback (most recent call last):
  File "/Users/segevbin/Desktop/SensAI/Aiayer/.venv/lib/python3.13/site-packages/websockets/asyncio/server.py", line 356, in conn_handler
    await connection.handshake(
    ...<3 lines>...
    )
  File "/Users/segevbin/Desktop/SensAI/Aiayer/.venv/lib/python3.13/site-packages/websockets/asyncio/server.py", line 207, in handshake
    raise self.protocol.handshake_exc
websockets.exceptions.InvalidMessage: did not receive a valid HTTP request
2025-06-04 02:09:40,868 - websockets.server - ERROR - opening handshake failed
Traceback (most recent call last):
  File "/Users/segevbin/Desktop/SensAI/Aiayer/.venv/lib/python3.13/site-packages/websockets/http11.py", line 138, in parse
    request_line = yield from parse_line(read_line)
                   ^^^^^^^^^^^^^^^^^^^^^^^^^^^^^^^^
  File "/Users/segevbin/Desktop/SensAI/Aiayer/.venv/lib/python3.13/site-packages/websockets/http11.py", line 309, in parse_line
    line = yield from read_line(MAX_LINE_LENGTH)
           ^^^^^^^^^^^^^^^^^^^^^^^^^^^^^^^^^^^^^
  File "/Users/segevbin/Desktop/SensAI/Aiayer/.venv/lib/python3.13/site-packages/websockets/streams.py", line 46, in read_line
    raise EOFError(f"stream ends after {p} bytes, before end of line")
EOFError: stream ends after 0 bytes, before end of line

The above exception was the direct cause of the following exception:

Traceback (most recent call last):
  File "/Users/segevbin/Desktop/SensAI/Aiayer/.venv/lib/python3.13/site-packages/websockets/server.py", line 545, in parse
    request = yield from Request.parse(
              ^^^^^^^^^^^^^^^^^^^^^^^^^
        self.reader.read_line,
        ^^^^^^^^^^^^^^^^^^^^^^
    )
    ^
  File "/Users/segevbin/Desktop/SensAI/Aiayer/.venv/lib/python3.13/site-packages/websockets/http11.py", line 140, in parse
    raise EOFError("connection closed while reading HTTP request line") from exc
EOFError: connection closed while reading HTTP request line

The above exception was the direct cause of the following exception:

Traceback (most recent call last):
  File "/Users/segevbin/Desktop/SensAI/Aiayer/.venv/lib/python3.13/site-packages/websockets/asyncio/server.py", line 356, in conn_handler
    await connection.handshake(
    ...<3 lines>...
    )
  File "/Users/segevbin/Desktop/SensAI/Aiayer/.venv/lib/python3.13/site-packages/websockets/asyncio/server.py", line 207, in handshake
    raise self.protocol.handshake_exc
websockets.exceptions.InvalidMessage: did not receive a valid HTTP request
2025-06-04 02:09:41,923 - websockets.server - ERROR - opening handshake failed
Traceback (most recent call last):
  File "/Users/segevbin/Desktop/SensAI/Aiayer/.venv/lib/python3.13/site-packages/websockets/http11.py", line 138, in parse
    request_line = yield from parse_line(read_line)
                   ^^^^^^^^^^^^^^^^^^^^^^^^^^^^^^^^
  File "/Users/segevbin/Desktop/SensAI/Aiayer/.venv/lib/python3.13/site-packages/websockets/http11.py", line 309, in parse_line
    line = yield from read_line(MAX_LINE_LENGTH)
           ^^^^^^^^^^^^^^^^^^^^^^^^^^^^^^^^^^^^^
  File "/Users/segevbin/Desktop/SensAI/Aiayer/.venv/lib/python3.13/site-packages/websockets/streams.py", line 46, in read_line
    raise EOFError(f"stream ends after {p} bytes, before end of line")
EOFError: stream ends after 0 bytes, before end of line

The above exception was the direct cause of the following exception:

Traceback (most recent call last):
  File "/Users/segevbin/Desktop/SensAI/Aiayer/.venv/lib/python3.13/site-packages/websockets/server.py", line 545, in parse
    request = yield from Request.parse(
              ^^^^^^^^^^^^^^^^^^^^^^^^^
        self.reader.read_line,
        ^^^^^^^^^^^^^^^^^^^^^^
    )
    ^
  File "/Users/segevbin/Desktop/SensAI/Aiayer/.venv/lib/python3.13/site-packages/websockets/http11.py", line 140, in parse
    raise EOFError("connection closed while reading HTTP request line") from exc
EOFError: connection closed while reading HTTP request line

The above exception was the direct cause of the following exception:

Traceback (most recent call last):
  File "/Users/segevbin/Desktop/SensAI/Aiayer/.venv/lib/python3.13/site-packages/websockets/asyncio/server.py", line 356, in conn_handler
    await connection.handshake(
    ...<3 lines>...
    )
  File "/Users/segevbin/Desktop/SensAI/Aiayer/.venv/lib/python3.13/site-packages/websockets/asyncio/server.py", line 207, in handshake
    raise self.protocol.handshake_exc
websockets.exceptions.InvalidMessage: did not receive a valid HTTP request
2025-06-04 02:10:45,782 - neural_ui_detector - INFO - PyTorch 2.7.0 available
2025-06-04 02:10:45,875 - neural_ui_detector - INFO - Ultralytics 8.3.148 available
2025-06-04 02:10:46,102 - neural_ui_detector - INFO - Transformers 4.51.3 available
2025-06-04 02:10:46,170 - neural_ui_detector - INFO - ONNX Runtime 1.22.0 available
2025-06-04 02:10:46,170 - neural_ui_detector - INFO - OpenCV 4.11.0 available
2025-06-04 02:10:46,213 - neural_ui_detector - INFO - Selenium available for browser automation
2025-06-04 02:10:46,213 - neural_ui_detector - INFO - Neural UI Detector available components:
2025-06-04 02:10:46,213 - neural_ui_detector - INFO - - YOLO Object Detection: ✅
2025-06-04 02:10:46,213 - neural_ui_detector - INFO - - LayoutLM Document Understanding: ✅
2025-06-04 02:10:46,213 - neural_ui_detector - INFO - - ONNX Model Acceleration: ✅
2025-06-04 02:10:46,213 - neural_ui_detector - INFO - - Computer Vision Support: ✅
2025-06-04 02:10:46,213 - neural_ui_detector - INFO - - Browser Automation: ✅
2025-06-04 02:10:46,264 - neural_ui_detector - INFO - Loaded pre-trained YOLOv8n model
2025-06-04 02:10:49,246 - neural_ui_detector - INFO - LayoutLM imports available (old API)
2025-06-04 02:11:13,491 - neural_ui_detector - INFO - PyTorch 2.7.0 available
2025-06-04 02:11:13,575 - neural_ui_detector - INFO - Ultralytics 8.3.148 available
2025-06-04 02:11:13,766 - neural_ui_detector - INFO - Transformers 4.51.3 available
2025-06-04 02:11:13,824 - neural_ui_detector - INFO - ONNX Runtime 1.22.0 available
2025-06-04 02:11:13,824 - neural_ui_detector - INFO - OpenCV 4.11.0 available
2025-06-04 02:11:13,861 - neural_ui_detector - INFO - Selenium available for browser automation
2025-06-04 02:11:13,861 - neural_ui_detector - INFO - Neural UI Detector available components:
2025-06-04 02:11:13,862 - neural_ui_detector - INFO - - YOLO Object Detection: ✅
2025-06-04 02:11:13,862 - neural_ui_detector - INFO - - LayoutLM Document Understanding: ✅
2025-06-04 02:11:13,862 - neural_ui_detector - INFO - - ONNX Model Acceleration: ✅
2025-06-04 02:11:13,862 - neural_ui_detector - INFO - - Computer Vision Support: ✅
2025-06-04 02:11:13,862 - neural_ui_detector - INFO - - Browser Automation: ✅
2025-06-04 02:11:13,903 - neural_ui_detector - INFO - Loaded pre-trained YOLOv8n model
2025-06-04 02:11:17,130 - neural_ui_detector - INFO - LayoutLM imports available (old API)
2025-06-04 02:11:42,762 - neural_ui_detector - INFO - PyTorch 2.7.0 available
2025-06-04 02:11:42,862 - neural_ui_detector - INFO - Ultralytics 8.3.148 available
2025-06-04 02:11:43,064 - neural_ui_detector - INFO - Transformers 4.51.3 available
2025-06-04 02:11:43,091 - neural_ui_detector - INFO - ONNX Runtime 1.22.0 available
2025-06-04 02:11:43,091 - neural_ui_detector - INFO - OpenCV 4.11.0 available
2025-06-04 02:11:43,133 - neural_ui_detector - INFO - Selenium available for browser automation
2025-06-04 02:11:43,133 - neural_ui_detector - INFO - Neural UI Detector available components:
2025-06-04 02:11:43,133 - neural_ui_detector - INFO - - YOLO Object Detection: ✅
2025-06-04 02:11:43,133 - neural_ui_detector - INFO - - LayoutLM Document Understanding: ✅
2025-06-04 02:11:43,133 - neural_ui_detector - INFO - - ONNX Model Acceleration: ✅
2025-06-04 02:11:43,133 - neural_ui_detector - INFO - - Computer Vision Support: ✅
2025-06-04 02:11:43,133 - neural_ui_detector - INFO - - Browser Automation: ✅
2025-06-04 02:11:43,169 - neural_ui_detector - INFO - Loaded pre-trained YOLOv8n model
2025-06-04 02:11:46,456 - neural_ui_detector - INFO - LayoutLM imports available (old API)
2025-06-04 02:11:51,712 - neural_ui_detector - INFO - Started new Chrome instance in headless mode
2025-06-04 02:12:09,437 - neural_ui_detector - INFO - Using EasyOCR for text recognition
2025-06-04 02:12:09,476 - neural_ui_detector - INFO - Loaded 3 templates for matching
2025-06-04 02:12:09,478 - neural_ui_detector - INFO - UI Detector Ensemble initialized
2025-06-04 02:12:11,380 - neural_ui_detector_server - INFO - Starting Neural UI Detector WebSocket Server on port 8768
2025-06-04 02:12:11,803 - websockets.server - INFO - server listening on 127.0.0.1:8768
2025-06-04 02:12:11,808 - websockets.server - INFO - server listening on [::1]:8768
2025-06-04 02:12:18,933 - neural_ui_detector - INFO - Started new Chrome instance in headless mode
2025-06-04 02:12:32,312 - neural_ui_detector - INFO - Using EasyOCR for text recognition
2025-06-04 02:12:32,358 - neural_ui_detector - INFO - Loaded 3 templates for matching
2025-06-04 02:12:32,359 - neural_ui_detector - INFO - UI Detector Ensemble initialized
2025-06-04 02:12:32,758 - neural_ui_detector_server - INFO - Killing existing process on port 8768: PID 44154
2025-06-04 02:12:33,767 - neural_ui_detector_server - INFO - Starting Neural UI Detector WebSocket Server on port 8768
2025-06-04 02:12:34,006 - websockets.server - INFO - server listening on [::1]:8768
2025-06-04 02:12:34,036 - websockets.server - INFO - server listening on 127.0.0.1:8768
2025-06-04 02:12:49,536 - neural_ui_detector - INFO - Started new Chrome instance in headless mode
2025-06-04 02:13:06,505 - neural_ui_detector - INFO - Using EasyOCR for text recognition
2025-06-04 02:13:06,568 - neural_ui_detector - INFO - Loaded 3 templates for matching
2025-06-04 02:13:06,569 - neural_ui_detector - INFO - UI Detector Ensemble initialized
2025-06-04 02:13:07,025 - neural_ui_detector_server - INFO - Killing existing process on port 8768: PID 44317
2025-06-04 02:13:08,033 - neural_ui_detector_server - INFO - Starting Neural UI Detector WebSocket Server on port 8768
2025-06-04 02:13:08,154 - websockets.server - INFO - server listening on 127.0.0.1:8768
2025-06-04 02:13:08,155 - websockets.server - INFO - server listening on [::1]:8768
2025-06-04 02:14:19,507 - neural_ui_detector - INFO - PyTorch 2.7.0 available
2025-06-04 02:14:19,635 - neural_ui_detector - INFO - Ultralytics 8.3.148 available
2025-06-04 02:14:19,894 - neural_ui_detector - INFO - Transformers 4.51.3 available
2025-06-04 02:14:19,962 - neural_ui_detector - INFO - ONNX Runtime 1.22.0 available
2025-06-04 02:14:19,962 - neural_ui_detector - INFO - OpenCV 4.11.0 available
2025-06-04 02:14:20,009 - neural_ui_detector - INFO - Selenium available for browser automation
2025-06-04 02:14:20,009 - neural_ui_detector - INFO - Neural UI Detector available components:
2025-06-04 02:14:20,009 - neural_ui_detector - INFO - - YOLO Object Detection: ✅
2025-06-04 02:14:20,009 - neural_ui_detector - INFO - - LayoutLM Document Understanding: ✅
2025-06-04 02:14:20,009 - neural_ui_detector - INFO - - ONNX Model Acceleration: ✅
2025-06-04 02:14:20,009 - neural_ui_detector - INFO - - Computer Vision Support: ✅
2025-06-04 02:14:20,009 - neural_ui_detector - INFO - - Browser Automation: ✅
2025-06-04 02:14:20,058 - neural_ui_detector - INFO - Loaded pre-trained YOLOv8n model
2025-06-04 02:14:26,745 - neural_ui_detector - INFO - LayoutLM imports available (old API)
2025-06-04 02:15:29,115 - neural_ui_detector - INFO - Started new Chrome instance in headless mode
2025-06-04 02:15:39,570 - neural_ui_detector - INFO - Using EasyOCR for text recognition
2025-06-04 02:15:39,600 - neural_ui_detector - INFO - Loaded 3 templates for matching
2025-06-04 02:15:39,600 - neural_ui_detector - INFO - UI Detector Ensemble initialized
2025-06-04 02:15:40,970 - neural_ui_detector_server - INFO - Starting Neural UI Detector WebSocket Server on port 8768
2025-06-04 02:15:41,085 - websockets.server - INFO - server listening on 127.0.0.1:8768
2025-06-04 02:15:41,087 - websockets.server - INFO - server listening on [::1]:8768
2025-06-04 02:16:09,722 - neural_ui_detector - INFO - PyTorch 2.7.0 available
2025-06-04 02:16:09,861 - neural_ui_detector - INFO - Ultralytics 8.3.148 available
2025-06-04 02:16:10,257 - neural_ui_detector - INFO - Transformers 4.51.3 available
2025-06-04 02:16:10,341 - neural_ui_detector - INFO - ONNX Runtime 1.22.0 available
2025-06-04 02:16:10,341 - neural_ui_detector - INFO - OpenCV 4.11.0 available
2025-06-04 02:16:10,395 - neural_ui_detector - INFO - Selenium available for browser automation
2025-06-04 02:16:10,396 - neural_ui_detector - INFO - Neural UI Detector available components:
2025-06-04 02:16:10,396 - neural_ui_detector - INFO - - YOLO Object Detection: ✅
2025-06-04 02:16:10,396 - neural_ui_detector - INFO - - LayoutLM Document Understanding: ✅
2025-06-04 02:16:10,396 - neural_ui_detector - INFO - - ONNX Model Acceleration: ✅
2025-06-04 02:16:10,396 - neural_ui_detector - INFO - - Computer Vision Support: ✅
2025-06-04 02:16:10,396 - neural_ui_detector - INFO - - Browser Automation: ✅
2025-06-04 02:16:10,444 - neural_ui_detector - INFO - Loaded pre-trained YOLOv8n model
2025-06-04 02:16:14,845 - neural_ui_detector - INFO - LayoutLM imports available (old API)
2025-06-04 02:17:24,780 - neural_ui_detector - INFO - Started new Chrome instance in headless mode
2025-06-04 02:17:39,693 - neural_ui_detector - INFO - Using EasyOCR for text recognition
2025-06-04 02:17:39,736 - neural_ui_detector - INFO - Loaded 3 templates for matching
2025-06-04 02:17:39,736 - neural_ui_detector - INFO - UI Detector Ensemble initialized
2025-06-04 02:17:40,174 - neural_ui_detector_server - INFO - Killing existing process on port 8768: PID 46278
2025-06-04 02:17:41,186 - neural_ui_detector_server - INFO - Starting Neural UI Detector WebSocket Server on port 8768
2025-06-04 02:17:41,326 - websockets.server - INFO - server listening on 127.0.0.1:8768
2025-06-04 02:17:41,332 - websockets.server - INFO - server listening on [::1]:8768
2025-06-04 02:18:21,016 - websockets.server - INFO - connection open
2025-06-04 02:18:21,017 - neural_ui_detector_server - INFO - Client 6184354208 connected
2025-06-04 02:18:21,019 - neural_ui_detector_server - INFO - Received message from client 6184354208: ping
2025-06-04 02:18:21,020 - neural_ui_detector_server - ERROR - Invalid JSON from client 6184354208: ping
2025-06-04 02:22:00,450 - websockets.server - INFO - connection open
2025-06-04 02:22:00,459 - neural_ui_detector_server - INFO - Client 6183937488 connected
2025-06-04 02:22:03,208 - neural_ui_detector_server - INFO - Received message from client 6183937488: ping
2025-06-04 02:22:09,622 - neural_ui_detector_server - INFO - Received message from client 6183937488: detect
2025-06-04 02:22:10,476 - neural_ui_detector - INFO - Took screenshot: cache/neural_ui_detector/screenshot_1749018129.png
2025-06-04 02:22:10,480 - neural_ui_detector - INFO - Running yolo detector with 10s timeout
2025-06-04 02:22:11,060 - neural_ui_detector - INFO - YOLO detected 0 UI elements
2025-06-04 02:22:11,060 - neural_ui_detector - INFO - Running accessibility detector with 3s timeout
2025-06-04 02:22:11,061 - neural_ui_detector - INFO - macOS accessibility detected 2 UI elements
2025-06-04 02:22:11,061 - neural_ui_detector - INFO - Running ocr detector with 8s timeout
2025-06-04 02:22:11,211 - neural_ui_detector - INFO - Resized image for OCR from 2940x1912 to 1200x780
2025-06-04 02:22:19,715 - neural_ui_detector - INFO - OCR optimized detected 42 text elements
2025-06-04 02:22:19,717 - neural_ui_detector - INFO - Merged 44 elements into 44 unique elements
2025-06-04 02:22:19,831 - neural_ui_detector - INFO - Saved detection result: cache/neural_ui_detector/detection_1749018130.json
2025-06-04 02:22:19,832 - neural_ui_detector - INFO - UI detection completed in 10.19s with 44 elements
2025-06-04 02:22:19,955 - neural_ui_detector - INFO - Saved visualization: cache/neural_ui_detector/visualization_1749018139.png
2025-06-04 02:25:28,803 - websockets.server - INFO - connection open
2025-06-04 02:25:28,806 - neural_ui_detector_server - INFO - Client 6183943248 connected
2025-06-04 02:25:29,770 - neural_ui_detector_server - INFO - Received message from client 6183943248: detect
2025-06-04 02:25:30,215 - neural_ui_detector - INFO - Took screenshot: cache/neural_ui_detector/screenshot_1749018329.png
2025-06-04 02:25:30,217 - neural_ui_detector - INFO - Running yolo detector with 10s timeout
2025-06-04 02:25:30,536 - neural_ui_detector - INFO - YOLO detected 0 UI elements
2025-06-04 02:25:30,536 - neural_ui_detector - INFO - Running accessibility detector with 3s timeout
2025-06-04 02:25:30,536 - neural_ui_detector - INFO - macOS accessibility detected 2 UI elements
2025-06-04 02:25:30,536 - neural_ui_detector - INFO - Running ocr detector with 8s timeout
2025-06-04 02:25:30,627 - neural_ui_detector - INFO - Resized image for OCR from 2940x1912 to 1200x780
2025-06-04 02:25:35,821 - neural_ui_detector - INFO - OCR optimized detected 29 text elements
2025-06-04 02:25:35,823 - neural_ui_detector - INFO - Merged 31 elements into 31 unique elements
2025-06-04 02:25:35,923 - neural_ui_detector - INFO - Saved detection result: cache/neural_ui_detector/detection_1749018330.json
2025-06-04 02:25:35,924 - neural_ui_detector - INFO - UI detection completed in 6.15s with 31 elements
2025-06-04 02:25:36,046 - neural_ui_detector - INFO - Saved visualization: cache/neural_ui_detector/visualization_1749018335.png
2025-06-04 02:28:07,054 - websockets.server - INFO - connection open
2025-06-04 02:28:07,055 - neural_ui_detector_server - INFO - Client 6196236832 connected
2025-06-04 02:29:20,618 - websockets.server - INFO - connection open
2025-06-04 02:29:20,626 - neural_ui_detector_server - INFO - Client 6196239264 connected
2025-06-04 02:29:28,841 - websockets.server - INFO - connection open
2025-06-04 02:29:28,843 - neural_ui_detector_server - INFO - Client 6196241696 connected
2025-06-04 02:33:41,898 - websockets.server - INFO - connection open
2025-06-04 02:33:41,901 - neural_ui_detector_server - INFO - Client 6196242608 connected
2025-06-04 02:33:48,160 - neural_ui_detector_server - INFO - Received message from client 6196242608: ping
2025-06-04 02:33:52,060 - neural_ui_detector_server - INFO - Received message from client 6196242608: detect
2025-06-04 02:33:52,606 - neural_ui_detector - INFO - Took screenshot: cache/neural_ui_detector/screenshot_1749018832.png
2025-06-04 02:33:52,609 - neural_ui_detector - INFO - Running yolo detector with 10s timeout
2025-06-04 02:33:52,977 - neural_ui_detector - INFO - YOLO detected 0 UI elements
2025-06-04 02:33:52,977 - neural_ui_detector - INFO - Running accessibility detector with 3s timeout
2025-06-04 02:33:52,977 - neural_ui_detector - INFO - macOS accessibility detected 2 UI elements
2025-06-04 02:33:52,978 - neural_ui_detector - INFO - Running ocr detector with 8s timeout
2025-06-04 02:33:53,074 - neural_ui_detector - INFO - Resized image for OCR from 2940x1912 to 1200x780
2025-06-04 02:34:00,538 - neural_ui_detector - INFO - OCR optimized detected 89 text elements
2025-06-04 02:34:00,548 - neural_ui_detector - INFO - Merged 91 elements into 91 unique elements
2025-06-04 02:34:00,815 - neural_ui_detector - INFO - Saved detection result: cache/neural_ui_detector/detection_1749018832.json
2025-06-04 02:34:00,816 - neural_ui_detector - INFO - UI detection completed in 8.71s with 91 elements
2025-06-04 02:34:01,098 - neural_ui_detector - INFO - Saved visualization: cache/neural_ui_detector/visualization_1749018840.png
2025-06-04 02:34:01,212 - neural_ui_detector_server - INFO - Received message from client 6196242608: find
2025-06-04 02:34:01,213 - neural_ui_detector_server - INFO - Performing fresh detection for find operation: button
2025-06-04 02:34:02,310 - neural_ui_detector - INFO - Took screenshot: cache/neural_ui_detector/screenshot_1749018841.png
2025-06-04 02:34:02,312 - neural_ui_detector - INFO - Running yolo detector with 10s timeout
2025-06-04 02:34:02,675 - neural_ui_detector - INFO - YOLO detected 0 UI elements
2025-06-04 02:34:02,675 - neural_ui_detector - INFO - Running accessibility detector with 3s timeout
2025-06-04 02:34:02,675 - neural_ui_detector - INFO - macOS accessibility detected 2 UI elements
2025-06-04 02:34:02,675 - neural_ui_detector - INFO - Running ocr detector with 8s timeout
2025-06-04 02:34:02,842 - neural_ui_detector - INFO - Resized image for OCR from 2940x1912 to 1200x780
2025-06-04 02:34:11,584 - neural_ui_detector - INFO - OCR optimized detected 90 text elements
2025-06-04 02:34:11,594 - neural_ui_detector - INFO - Merged 92 elements into 92 unique elements
2025-06-04 02:34:11,866 - neural_ui_detector - INFO - Saved detection result: cache/neural_ui_detector/detection_1749018842.json
2025-06-04 02:34:11,866 - neural_ui_detector - INFO - UI detection completed in 10.61s with 92 elements
2025-06-04 02:34:11,871 - neural_ui_detector_server - ERROR - Error processing find command: NeuralUIDetector.find_element() got an unexpected keyword argument 'refresh'
2025-06-04 02:34:11,912 - neural_ui_detector_server - INFO - Received message from client 6196242608: detect
2025-06-04 02:34:13,305 - neural_ui_detector - INFO - Took screenshot: cache/neural_ui_detector/screenshot_1749018851.png
2025-06-04 02:34:13,336 - neural_ui_detector - INFO - Running yolo detector with 10s timeout
2025-06-04 02:34:14,116 - neural_ui_detector - INFO - YOLO detected 1 UI elements
2025-06-04 02:34:14,116 - neural_ui_detector - INFO - Running accessibility detector with 3s timeout
2025-06-04 02:34:14,116 - neural_ui_detector - INFO - macOS accessibility detected 2 UI elements
2025-06-04 02:34:14,116 - neural_ui_detector - INFO - Running ocr detector with 8s timeout
2025-06-04 02:34:14,288 - neural_ui_detector - INFO - Resized image for OCR from 2940x1912 to 1200x780
2025-06-04 02:34:21,397 - neural_ui_detector - INFO - OCR optimized detected 78 text elements
2025-06-04 02:34:21,403 - neural_ui_detector - INFO - Merged 81 elements into 81 unique elements
2025-06-04 02:34:52,572 - neural_ui_detector - INFO - Saved detection result: cache/neural_ui_detector/detection_1749018853.json
2025-06-04 02:34:52,574 - neural_ui_detector - INFO - UI detection completed in 40.64s with 81 elements
2025-06-04 02:34:52,788 - neural_ui_detector - INFO - Saved visualization: cache/neural_ui_detector/visualization_1749018892.png
2025-06-04 02:34:52,935 - neural_ui_detector_server - INFO - Received message from client 6196242608: detect
2025-06-04 02:34:52,935 - neural_ui_detector_server - INFO - Using recent detection result
2025-06-04 02:34:53,077 - neural_ui_detector - INFO - Saved visualization: cache/neural_ui_detector/visualization_1749018892.png
2025-06-04 02:34:53,124 - neural_ui_detector_server - INFO - Received message from client 6196242608: detect
2025-06-04 02:34:53,124 - neural_ui_detector_server - INFO - Using recent detection result
2025-06-04 02:34:53,262 - neural_ui_detector - INFO - Saved visualization: cache/neural_ui_detector/visualization_1749018893.png
2025-06-04 02:34:53,309 - neural_ui_detector_server - INFO - Received message from client 6196242608: detect
2025-06-04 02:34:53,309 - neural_ui_detector_server - INFO - Using recent detection result
2025-06-04 02:34:53,459 - neural_ui_detector - INFO - Saved visualization: cache/neural_ui_detector/visualization_1749018893.png
2025-06-04 02:34:53,505 - neural_ui_detector_server - INFO - Received message from client 6196242608: detect
2025-06-04 02:34:53,505 - neural_ui_detector_server - INFO - Using recent detection result
2025-06-04 02:34:53,641 - neural_ui_detector - INFO - Saved visualization: cache/neural_ui_detector/visualization_1749018893.png
2025-06-04 02:34:53,687 - neural_ui_detector_server - INFO - Received message from client 6196242608: detect
2025-06-04 02:34:53,687 - neural_ui_detector_server - INFO - Using recent detection result
2025-06-04 02:34:53,823 - neural_ui_detector - INFO - Saved visualization: cache/neural_ui_detector/visualization_1749018893.png
2025-06-04 02:34:53,870 - neural_ui_detector_server - INFO - Received message from client 6196242608: detect
2025-06-04 02:34:53,870 - neural_ui_detector_server - INFO - Using recent detection result
2025-06-04 02:34:54,007 - neural_ui_detector - INFO - Saved visualization: cache/neural_ui_detector/visualization_1749018893.png
2025-06-04 02:34:54,054 - neural_ui_detector_server - INFO - Received message from client 6196242608: detect
2025-06-04 02:34:54,054 - neural_ui_detector_server - INFO - Using recent detection result
2025-06-04 02:34:54,189 - neural_ui_detector - INFO - Saved visualization: cache/neural_ui_detector/visualization_1749018894.png
2025-06-04 02:34:54,236 - neural_ui_detector_server - INFO - Received message from client 6196242608: detect
2025-06-04 02:34:54,236 - neural_ui_detector_server - INFO - Using recent detection result
2025-06-04 02:34:54,371 - neural_ui_detector - INFO - Saved visualization: cache/neural_ui_detector/visualization_1749018894.png
2025-06-04 02:34:54,417 - neural_ui_detector_server - INFO - Received message from client 6196242608: detect
2025-06-04 02:34:54,417 - neural_ui_detector_server - INFO - Using recent detection result
2025-06-04 02:34:54,552 - neural_ui_detector - INFO - Saved visualization: cache/neural_ui_detector/visualization_1749018894.png
2025-06-04 02:34:54,601 - neural_ui_detector_server - INFO - Received message from client 6196242608: detect
2025-06-04 02:34:54,601 - neural_ui_detector_server - INFO - Using recent detection result
2025-06-04 02:34:54,740 - neural_ui_detector - INFO - Saved visualization: cache/neural_ui_detector/visualization_1749018894.png
2025-06-04 02:34:54,787 - neural_ui_detector_server - INFO - Received message from client 6196242608: detect
2025-06-04 02:34:54,787 - neural_ui_detector_server - INFO - Using recent detection result
2025-06-04 02:34:54,923 - neural_ui_detector - INFO - Saved visualization: cache/neural_ui_detector/visualization_1749018894.png
2025-06-04 02:34:54,971 - neural_ui_detector_server - INFO - Received message from client 6196242608: detect
2025-06-04 02:34:54,971 - neural_ui_detector_server - INFO - Using recent detection result
2025-06-04 02:34:55,106 - neural_ui_detector - INFO - Saved visualization: cache/neural_ui_detector/visualization_1749018894.png
2025-06-04 02:34:55,153 - neural_ui_detector_server - INFO - Received message from client 6196242608: find
2025-06-04 02:34:55,251 - neural_ui_detector_server - INFO - Received message from client 6196242608: click
2025-06-04 02:34:55,867 - neural_ui_detector - INFO - Took screenshot: cache/neural_ui_detector/screenshot_1749018895.png
2025-06-04 02:34:55,869 - neural_ui_detector - INFO - Running yolo detector with 10s timeout
2025-06-04 02:34:56,228 - neural_ui_detector - INFO - YOLO detected 1 UI elements
2025-06-04 02:34:56,228 - neural_ui_detector - INFO - Running accessibility detector with 3s timeout
2025-06-04 02:34:56,228 - neural_ui_detector - INFO - macOS accessibility detected 2 UI elements
2025-06-04 02:34:56,228 - neural_ui_detector - INFO - Running ocr detector with 8s timeout
2025-06-04 02:34:56,322 - neural_ui_detector - INFO - Resized image for OCR from 2940x1912 to 1200x780
2025-06-04 02:35:05,135 - neural_ui_detector - INFO - OCR optimized detected 38 text elements
2025-06-04 02:35:05,138 - neural_ui_detector - INFO - Merged 41 elements into 41 unique elements
2025-06-04 02:35:28,579 - neural_ui_detector - INFO - Saved detection result: cache/neural_ui_detector/detection_1749018895.json
2025-06-04 02:35:28,580 - neural_ui_detector - INFO - UI detection completed in 33.31s with 41 elements
2025-06-04 02:35:28,973 - neural_ui_detector - INFO - Saved interaction memory with 1 entries
2025-06-04 02:35:28,973 - neural_ui_detector - INFO - Clicked element 'button' at (161, 400)
2025-06-04 02:36:19,777 - neural_ui_detector_server - INFO - Received message from client 6196242608: click
2025-06-04 02:36:19,910 - neural_ui_detector - INFO - Saved interaction memory with 2 entries
2025-06-04 02:36:19,910 - neural_ui_detector - INFO - Clicked element 'Segev' at (522, 52)
2025-06-04 02:38:44,630 - neural_ui_detector_server - INFO - Received message from client 6196242608: execute
2025-06-04 02:38:45,454 - neural_ui_detector - INFO - Took screenshot: cache/neural_ui_detector/screenshot_1749019124.png
2025-06-04 02:38:45,457 - neural_ui_detector - INFO - Running yolo detector with 10s timeout
2025-06-04 02:38:46,222 - neural_ui_detector - INFO - YOLO detected 0 UI elements
2025-06-04 02:38:46,222 - neural_ui_detector - INFO - Running accessibility detector with 3s timeout
2025-06-04 02:38:46,222 - neural_ui_detector - INFO - macOS accessibility detected 2 UI elements
2025-06-04 02:38:46,223 - neural_ui_detector - INFO - Running ocr detector with 8s timeout
2025-06-04 02:38:46,384 - neural_ui_detector - INFO - Resized image for OCR from 2940x1912 to 1200x780
2025-06-04 02:39:07,898 - neural_ui_detector - INFO - OCR optimized detected 81 text elements
2025-06-04 02:39:07,910 - neural_ui_detector - INFO - Merged 83 elements into 83 unique elements
2025-06-04 02:39:08,096 - neural_ui_detector - INFO - Saved detection result: cache/neural_ui_detector/detection_1749019125.json
2025-06-04 02:39:08,096 - neural_ui_detector - INFO - UI detection completed in 23.44s with 83 elements
2025-06-04 02:39:09,223 - neural_ui_detector - INFO - Saved interaction memory with 2 entries
2025-06-04 02:39:09,224 - neural_ui_detector - INFO - Clicked element 'button' at (161, 400)
2025-06-04 02:39:10,352 - neural_ui_detector - INFO - Saved interaction memory with 3 entries
2025-06-04 02:39:10,353 - neural_ui_detector - INFO - Clicked element 'text field' at (330, 657)
2025-06-04 02:39:11,199 - neural_ui_detector - INFO - Typed 'Neural UI Test' into element 'text field'
2025-06-04 02:39:17,516 - neural_ui_detector_server - INFO - Received message from client 6196242608: find
2025-06-04 02:39:17,518 - neural_ui_detector_server - INFO - Performing fresh detection for find operation: neural UI Test
2025-06-04 02:39:18,279 - neural_ui_detector - INFO - Took screenshot: cache/neural_ui_detector/screenshot_1749019157.png
2025-06-04 02:39:18,281 - neural_ui_detector - INFO - Running yolo detector with 10s timeout
2025-06-04 02:39:18,699 - neural_ui_detector - INFO - YOLO detected 1 UI elements
2025-06-04 02:39:18,699 - neural_ui_detector - INFO - Running accessibility detector with 3s timeout
2025-06-04 02:39:18,699 - neural_ui_detector - INFO - macOS accessibility detected 2 UI elements
2025-06-04 02:39:18,699 - neural_ui_detector - INFO - Running ocr detector with 8s timeout
2025-06-04 02:39:18,857 - neural_ui_detector - INFO - Resized image for OCR from 2940x1912 to 1200x780
2025-06-04 02:39:29,919 - neural_ui_detector - INFO - OCR optimized detected 68 text elements
2025-06-04 02:39:29,928 - neural_ui_detector - INFO - Merged 71 elements into 71 unique elements
2025-06-04 02:39:50,176 - neural_ui_detector - INFO - Saved detection result: cache/neural_ui_detector/detection_1749019158.json
2025-06-04 02:39:50,184 - neural_ui_detector - INFO - UI detection completed in 32.64s with 71 elements
2025-06-04 02:39:50,186 - neural_ui_detector_server - ERROR - Error processing find command: NeuralUIDetector.find_element() got an unexpected keyword argument 'refresh'
2025-06-04 02:39:50,195 - neural_ui_detector_server - INFO - Received message from client 6196242608: click
2025-06-04 02:39:50,349 - neural_ui_detector - INFO - Saved interaction memory with 3 entries
2025-06-04 02:39:50,350 - neural_ui_detector - INFO - Clicked element 'button' at (161, 400)
2025-06-04 02:45:42,196 - neural_ui_detector_server - INFO - Client 6196242608 disconnected
2025-06-04 02:45:42,211 - neural_ui_detector_server - INFO - Client 6183943248 disconnected
2025-06-04 02:46:30,805 - websockets.server - INFO - connection open
2025-06-04 02:46:30,807 - neural_ui_detector_server - INFO - Client 6183268304 connected
2025-06-04 02:46:33,840 - neural_ui_detector_server - INFO - Received message from client 6183268304: detect
2025-06-04 02:46:34,342 - neural_ui_detector - INFO - Took screenshot: cache/neural_ui_detector/screenshot_1749019593.png
2025-06-04 02:46:34,345 - neural_ui_detector - INFO - Running yolo detector with 10s timeout
2025-06-04 02:46:34,749 - neural_ui_detector - INFO - YOLO detected 1 UI elements
2025-06-04 02:46:34,749 - neural_ui_detector - INFO - Running accessibility detector with 3s timeout
2025-06-04 02:46:34,750 - neural_ui_detector - INFO - macOS accessibility detected 2 UI elements
2025-06-04 02:46:34,750 - neural_ui_detector - INFO - Running ocr detector with 8s timeout
2025-06-04 02:46:34,848 - neural_ui_detector - INFO - Resized image for OCR from 2940x1912 to 1200x780
2025-06-04 02:46:40,546 - neural_ui_detector - INFO - OCR optimized detected 72 text elements
2025-06-04 02:46:40,550 - neural_ui_detector - INFO - Merged 75 elements into 75 unique elements
2025-06-04 02:46:59,562 - neural_ui_detector - INFO - Saved detection result: cache/neural_ui_detector/detection_1749019594.json
2025-06-04 02:46:59,563 - neural_ui_detector - INFO - UI detection completed in 25.71s with 75 elements
2025-06-04 02:46:59,730 - neural_ui_detector - INFO - Saved visualization: cache/neural_ui_detector/visualization_1749019619.png
2025-06-04 11:33:41,058 - websockets.server - INFO - connection open
2025-06-04 11:33:41,079 - neural_ui_detector_server - INFO - Client 6196243520 connected
2025-06-04 11:33:45,860 - neural_ui_detector_server - INFO - Received message from client 6196243520: detect
2025-06-04 11:33:47,369 - neural_ui_detector - INFO - Took screenshot: cache/neural_ui_detector/screenshot_1749051225.png
2025-06-04 11:33:47,380 - neural_ui_detector - INFO - Running yolo detector with 10s timeout
2025-06-04 11:33:48,788 - neural_ui_detector - INFO - YOLO detected 1 UI elements
2025-06-04 11:33:48,789 - neural_ui_detector - INFO - Running accessibility detector with 3s timeout
2025-06-04 11:33:48,789 - neural_ui_detector - INFO - macOS accessibility detected 2 UI elements
2025-06-04 11:33:48,789 - neural_ui_detector - INFO - Running ocr detector with 8s timeout
2025-06-04 11:33:48,962 - neural_ui_detector - INFO - Resized image for OCR from 2940x1912 to 1200x780
2025-06-04 11:34:10,611 - neural_ui_detector - INFO - OCR optimized detected 49 text elements
2025-06-04 11:34:10,620 - neural_ui_detector - INFO - Merged 52 elements into 52 unique elements
2025-06-04 11:38:53,842 - neural_ui_detector - INFO - Saved detection result: cache/neural_ui_detector/detection_1749051227.json
2025-06-04 11:38:53,856 - neural_ui_detector - INFO - UI detection completed in 307.94s with 52 elements
2025-06-04 11:38:54,128 - neural_ui_detector - INFO - Saved visualization: cache/neural_ui_detector/visualization_1749051533.png
2025-06-04 11:54:35,880 - websockets.server - INFO - connection open
2025-06-04 11:54:35,900 - neural_ui_detector_server - INFO - Client 6196244432 connected
2025-06-04 11:55:40,009 - websockets.server - INFO - connection open
2025-06-04 11:55:40,010 - neural_ui_detector_server - INFO - Client 6196245344 connected
2025-06-04 11:55:41,569 - neural_ui_detector_server - INFO - Received message from client 6196245344: find
2025-06-04 11:55:41,570 - neural_ui_detector_server - INFO - Performing fresh detection for find operation: button
2025-06-04 11:55:41,964 - neural_ui_detector - INFO - Took screenshot: cache/neural_ui_detector/screenshot_1749052541.png
2025-06-04 11:55:41,969 - neural_ui_detector - INFO - Running yolo detector with 10s timeout
2025-06-04 11:55:42,393 - neural_ui_detector - INFO - YOLO detected 1 UI elements
2025-06-04 11:55:42,393 - neural_ui_detector - INFO - Running accessibility detector with 3s timeout
2025-06-04 11:55:42,393 - neural_ui_detector - INFO - macOS accessibility detected 2 UI elements
2025-06-04 11:55:42,393 - neural_ui_detector - INFO - Running ocr detector with 8s timeout
2025-06-04 11:55:42,453 - neural_ui_detector - INFO - Resized image for OCR from 2940x1912 to 1200x780
2025-06-04 11:55:52,566 - neural_ui_detector - INFO - OCR optimized detected 24 text elements
2025-06-04 11:55:52,570 - neural_ui_detector - INFO - Merged 27 elements into 27 unique elements
2025-06-04 11:56:24,528 - neural_ui_detector - INFO - Saved detection result: cache/neural_ui_detector/detection_1749052541.json
2025-06-04 11:56:24,535 - neural_ui_detector - INFO - UI detection completed in 42.91s with 27 elements
2025-06-04 11:56:24,567 - neural_ui_detector_server - ERROR - Error processing find command: NeuralUIDetector.find_element() got an unexpected keyword argument 'refresh'
2025-06-04 11:56:40,395 - websockets.server - INFO - connection open
2025-06-04 11:56:40,397 - neural_ui_detector_server - INFO - Client 6196242912 connected
2025-06-04 11:56:43,915 - neural_ui_detector_server - INFO - Received message from client 6196242912: ping
2025-06-04 11:58:25,042 - neural_ui_detector - INFO - PyTorch 2.7.0 available
2025-06-04 11:58:25,133 - neural_ui_detector - INFO - Ultralytics 8.3.148 available
2025-06-04 11:58:25,290 - neural_ui_detector - INFO - Transformers 4.51.3 available
2025-06-04 11:58:25,342 - neural_ui_detector - INFO - ONNX Runtime 1.22.0 available
2025-06-04 11:58:25,343 - neural_ui_detector - INFO - OpenCV 4.11.0 available
2025-06-04 11:58:25,378 - neural_ui_detector - INFO - Selenium available for browser automation
2025-06-04 11:58:25,378 - neural_ui_detector - INFO - Neural UI Detector available components:
2025-06-04 11:58:25,378 - neural_ui_detector - INFO - - YOLO Object Detection: ✅
2025-06-04 11:58:25,378 - neural_ui_detector - INFO - - LayoutLM Document Understanding: ✅
2025-06-04 11:58:25,378 - neural_ui_detector - INFO - - ONNX Model Acceleration: ✅
2025-06-04 11:58:25,378 - neural_ui_detector - INFO - - Computer Vision Support: ✅
2025-06-04 11:58:25,378 - neural_ui_detector - INFO - - Browser Automation: ✅
2025-06-04 11:58:25,414 - neural_ui_detector - INFO - Loaded pre-trained YOLOv8n model
2025-06-04 11:58:28,694 - neural_ui_detector - INFO - LayoutLM imports available (old API)
2025-06-04 11:59:33,111 - neural_ui_detector - INFO - Started new Chrome instance in headless mode
2025-06-04 11:59:37,174 - neural_ui_detector - INFO - Using EasyOCR for text recognition
2025-06-04 11:59:37,199 - neural_ui_detector - INFO - Loaded 3 templates for matching
2025-06-04 11:59:37,199 - neural_ui_detector - INFO - UI Detector Ensemble initialized
2025-06-04 11:59:37,201 - neural_ui_detector - INFO - Loaded interaction memory with 3 entries
2025-06-04 11:59:38,403 - fixed_neural_ui_detector_server - INFO - Starting Neural UI Detector WebSocket Server on port 8768
2025-06-04 11:59:38,567 - websockets.server - INFO - server listening on 127.0.0.1:8768
2025-06-04 11:59:38,568 - websockets.server - INFO - server listening on [::1]:8768
2025-06-04 11:59:38,574 - fixed_neural_ui_detector_server - INFO - Updated WebSocket URL in test_neural_ui_detector_fixed.html to port 8768
2025-06-04 11:59:42,990 - websockets.server - INFO - connection open
2025-06-04 11:59:42,990 - fixed_neural_ui_detector_server - INFO - Client 6172885744 connected
2025-06-04 12:13:41,728 - websockets.server - INFO - connection open
2025-06-04 12:13:41,731 - fixed_neural_ui_detector_server - INFO - Client 6172493136 connected
2025-06-04 12:13:45,299 - websockets.server - INFO - connection open
2025-06-04 12:13:45,347 - fixed_neural_ui_detector_server - INFO - Client 6172504656 connected
2025-06-04 12:13:45,353 - fixed_neural_ui_detector_server - INFO - Received message from client 6172504656: unknown
2025-06-04 12:13:45,356 - fixed_neural_ui_detector_server - INFO - Command  completed in 0.00s
2025-06-04 12:13:45,858 - fixed_neural_ui_detector_server - INFO - Received message from client 6172504656: unknown
2025-06-04 12:13:45,859 - fixed_neural_ui_detector_server - INFO - Command  completed in 0.00s
2025-06-04 12:13:46,362 - fixed_neural_ui_detector_server - INFO - Received message from client 6172504656: display
2025-06-04 12:13:46,362 - fixed_neural_ui_detector_server - INFO - Command display completed in 0.00s
2025-06-04 12:13:46,864 - fixed_neural_ui_detector_server - INFO - Received message from client 6172504656: unknown
2025-06-04 12:13:46,864 - fixed_neural_ui_detector_server - INFO - Command  completed in 0.00s
2025-06-04 12:13:47,366 - fixed_neural_ui_detector_server - INFO - Received message from client 6172504656: unknown
2025-06-04 12:13:47,366 - fixed_neural_ui_detector_server - INFO - Command  completed in 0.00s
2025-06-04 12:13:48,680 - neural_ui_detector - INFO - PyTorch 2.7.0 available
2025-06-04 12:13:48,764 - neural_ui_detector - INFO - Ultralytics 8.3.148 available
2025-06-04 12:13:48,924 - neural_ui_detector - INFO - Transformers 4.51.3 available
2025-06-04 12:13:48,995 - neural_ui_detector - INFO - ONNX Runtime 1.22.0 available
2025-06-04 12:13:48,995 - neural_ui_detector - INFO - OpenCV 4.11.0 available
2025-06-04 12:13:49,038 - neural_ui_detector - INFO - Selenium available for browser automation
2025-06-04 12:13:49,038 - neural_ui_detector - INFO - Neural UI Detector available components:
2025-06-04 12:13:49,039 - neural_ui_detector - INFO - - YOLO Object Detection: ✅
2025-06-04 12:13:49,039 - neural_ui_detector - INFO - - LayoutLM Document Understanding: ✅
2025-06-04 12:13:49,039 - neural_ui_detector - INFO - - ONNX Model Acceleration: ✅
2025-06-04 12:13:49,039 - neural_ui_detector - INFO - - Computer Vision Support: ✅
2025-06-04 12:13:49,039 - neural_ui_detector - INFO - - Browser Automation: ✅
2025-06-04 12:13:49,097 - neural_ui_detector - INFO - Loaded pre-trained YOLOv8n model
2025-06-04 12:13:51,582 - neural_ui_detector - INFO - LayoutLM imports available (old API)
2025-06-04 12:14:53,725 - neural_ui_detector - INFO - Started new Chrome instance in headless mode
2025-06-04 12:14:56,541 - neural_ui_detector - INFO - Using EasyOCR for text recognition
2025-06-04 12:14:56,557 - neural_ui_detector - INFO - Loaded 3 templates for matching
2025-06-04 12:14:56,557 - neural_ui_detector - INFO - UI Detector Ensemble initialized
2025-06-04 12:14:56,560 - neural_ui_detector - INFO - Loaded interaction memory with 3 entries
2025-06-04 12:14:56,573 - fixed_neural_ui_detector_server - INFO - Debug logging enabled
2025-06-04 12:14:56,784 - fixed_neural_ui_detector_server - INFO - Killing existing process on port 8768: PID 46292
2025-06-04 12:14:56,784 - fixed_neural_ui_detector_server - INFO - Killing existing process on port 8768: PID 79322
2025-06-04 12:14:56,784 - fixed_neural_ui_detector_server - INFO - Killing existing process on port 8768: PID 79323
2025-06-04 12:14:57,793 - asyncio - DEBUG - Using selector: KqueueSelector
2025-06-04 12:14:57,797 - fixed_neural_ui_detector_server - INFO - Starting Neural UI Detector WebSocket Server on port 8768
2025-06-04 12:14:57,895 - websockets.server - INFO - server listening on [::1]:8768
2025-06-04 12:14:57,895 - websockets.server - INFO - server listening on 127.0.0.1:8768
2025-06-04 12:16:19,207 - neural_ui_detector - INFO - PyTorch 2.7.0 available
2025-06-04 12:16:19,321 - neural_ui_detector - INFO - Ultralytics 8.3.148 available
2025-06-04 12:16:19,488 - neural_ui_detector - INFO - Transformers 4.51.3 available
2025-06-04 12:16:19,537 - neural_ui_detector - INFO - ONNX Runtime 1.22.0 available
2025-06-04 12:16:19,537 - neural_ui_detector - INFO - OpenCV 4.11.0 available
2025-06-04 12:16:19,582 - neural_ui_detector - INFO - Selenium available for browser automation
2025-06-04 12:16:19,582 - neural_ui_detector - INFO - Neural UI Detector available components:
2025-06-04 12:16:19,583 - neural_ui_detector - INFO - - YOLO Object Detection: ✅
2025-06-04 12:16:19,583 - neural_ui_detector - INFO - - LayoutLM Document Understanding: ✅
2025-06-04 12:16:19,583 - neural_ui_detector - INFO - - ONNX Model Acceleration: ✅
2025-06-04 12:16:19,583 - neural_ui_detector - INFO - - Computer Vision Support: ✅
2025-06-04 12:16:19,583 - neural_ui_detector - INFO - - Browser Automation: ✅
2025-06-04 12:16:19,620 - neural_ui_detector - INFO - Loaded pre-trained YOLOv8n model
2025-06-04 12:16:22,003 - neural_ui_detector - INFO - LayoutLM imports available (old API)
2025-06-04 12:17:24,427 - neural_ui_detector - INFO - Started new Chrome instance in headless mode
2025-06-04 12:17:27,314 - neural_ui_detector - INFO - Using EasyOCR for text recognition
2025-06-04 12:17:27,341 - neural_ui_detector - INFO - Loaded 3 templates for matching
2025-06-04 12:17:27,341 - neural_ui_detector - INFO - UI Detector Ensemble initialized
2025-06-04 12:17:27,342 - neural_ui_detector - INFO - Loaded interaction memory with 3 entries
2025-06-04 12:17:27,367 - fixed_neural_ui_detector_server - INFO - Debug logging enabled
2025-06-04 12:17:27,669 - fixed_neural_ui_detector_server - INFO - Killing existing process on port 8769: PID 48868
2025-06-04 12:17:28,675 - asyncio - DEBUG - Using selector: KqueueSelector
2025-06-04 12:17:28,677 - fixed_neural_ui_detector_server - INFO - Starting Neural UI Detector WebSocket Server on port 8769
2025-06-04 12:17:28,751 - websockets.server - INFO - server listening on [::1]:8769
2025-06-04 12:17:28,751 - websockets.server - INFO - server listening on 127.0.0.1:8769
2025-06-04 12:17:28,754 - fixed_neural_ui_detector_server - INFO - Updated WebSocket URL in test_neural_ui_detector_fixed.html to port 8769
2025-06-04 13:09:51,877 - neural_ui_detector - INFO - PyTorch 2.7.0 available
2025-06-04 13:09:52,063 - neural_ui_detector - INFO - Ultralytics 8.3.148 available
2025-06-04 13:09:52,462 - neural_ui_detector - INFO - Transformers 4.51.3 available
2025-06-04 13:09:52,542 - neural_ui_detector - INFO - ONNX Runtime 1.22.0 available
2025-06-04 13:09:52,542 - neural_ui_detector - INFO - OpenCV 4.11.0 available
2025-06-04 13:09:52,586 - neural_ui_detector - INFO - Selenium available for browser automation
2025-06-04 13:09:52,586 - neural_ui_detector - INFO - Neural UI Detector available components:
2025-06-04 13:09:52,586 - neural_ui_detector - INFO - - YOLO Object Detection: ✅
2025-06-04 13:09:52,586 - neural_ui_detector - INFO - - LayoutLM Document Understanding: ✅
2025-06-04 13:09:52,586 - neural_ui_detector - INFO - - ONNX Model Acceleration: ✅
2025-06-04 13:09:52,586 - neural_ui_detector - INFO - - Computer Vision Support: ✅
2025-06-04 13:09:52,586 - neural_ui_detector - INFO - - Browser Automation: ✅
2025-06-04 13:09:52,628 - neural_ui_detector - INFO - Loaded pre-trained YOLOv8n model
2025-06-04 13:10:05,591 - neural_ui_detector - INFO - LayoutLM imports available (old API)
2025-06-04 13:11:09,837 - neural_ui_detector - INFO - Started new Chrome instance in headless mode
2025-06-04 13:11:13,105 - neural_ui_detector - INFO - Using EasyOCR for text recognition
2025-06-04 13:11:13,150 - neural_ui_detector - INFO - Loaded 3 templates for matching
2025-06-04 13:11:13,151 - neural_ui_detector - INFO - UI Detector Ensemble initialized
2025-06-04 13:11:13,153 - neural_ui_detector - INFO - Loaded interaction memory with 3 entries
2025-06-04 13:11:13,203 - fixed_neural_ui_detector_server - INFO - Debug logging enabled
2025-06-04 13:11:14,598 - asyncio - DEBUG - Using selector: KqueueSelector
2025-06-04 13:11:14,604 - fixed_neural_ui_detector_server - INFO - Starting Neural UI Detector WebSocket Server on port 8769
2025-06-04 13:11:14,711 - websockets.server - INFO - server listening on [::1]:8769
2025-06-04 13:11:14,711 - websockets.server - INFO - server listening on 127.0.0.1:8769
2025-06-04 13:12:53,808 - neural_ui_detector - INFO - PyTorch 2.7.0 available
2025-06-04 13:12:53,913 - neural_ui_detector - INFO - Ultralytics 8.3.148 available
2025-06-04 13:12:54,086 - neural_ui_detector - INFO - Transformers 4.51.3 available
2025-06-04 13:12:54,155 - neural_ui_detector - INFO - ONNX Runtime 1.22.0 available
2025-06-04 13:12:54,156 - neural_ui_detector - INFO - OpenCV 4.11.0 available
2025-06-04 13:12:54,193 - neural_ui_detector - INFO - Selenium available for browser automation
2025-06-04 13:12:54,193 - neural_ui_detector - INFO - Neural UI Detector available components:
2025-06-04 13:12:54,193 - neural_ui_detector - INFO - - YOLO Object Detection: ✅
2025-06-04 13:12:54,193 - neural_ui_detector - INFO - - LayoutLM Document Understanding: ✅
2025-06-04 13:12:54,193 - neural_ui_detector - INFO - - ONNX Model Acceleration: ✅
2025-06-04 13:12:54,193 - neural_ui_detector - INFO - - Computer Vision Support: ✅
2025-06-04 13:12:54,193 - neural_ui_detector - INFO - - Browser Automation: ✅
2025-06-04 13:12:54,236 - neural_ui_detector - INFO - Loaded pre-trained YOLOv8n model
2025-06-04 13:12:57,100 - neural_ui_detector - INFO - LayoutLM imports available (old API)
2025-06-04 13:13:59,495 - neural_ui_detector - INFO - Started new Chrome instance in headless mode
2025-06-04 13:14:02,439 - neural_ui_detector - INFO - Using EasyOCR for text recognition
2025-06-04 13:14:02,482 - neural_ui_detector - INFO - Loaded 3 templates for matching
2025-06-04 13:14:02,482 - neural_ui_detector - INFO - UI Detector Ensemble initialized
2025-06-04 13:14:02,483 - neural_ui_detector - INFO - Loaded interaction memory with 3 entries
2025-06-04 13:14:02,542 - fixed_neural_ui_detector_server - INFO - Debug logging enabled
2025-06-04 13:14:03,883 - asyncio - DEBUG - Using selector: KqueueSelector
2025-06-04 13:14:03,885 - fixed_neural_ui_detector_server - INFO - Starting Neural UI Detector WebSocket Server on port 8769
2025-06-04 13:14:03,960 - websockets.server - INFO - server listening on [::1]:8769
2025-06-04 13:14:03,960 - websockets.server - INFO - server listening on 127.0.0.1:8769
2025-06-04 13:17:36,818 - websockets.server - INFO - server closing
2025-06-04 13:17:36,837 - websockets.server - INFO - server closed
2025-06-04 13:17:36,842 - fixed_neural_ui_detector_server - INFO - Server closed
2025-06-04 13:17:40,304 - neural_ui_detector - INFO - PyTorch 2.7.0 available
2025-06-04 13:17:40,392 - neural_ui_detector - INFO - Ultralytics 8.3.148 available
2025-06-04 13:17:40,585 - neural_ui_detector - INFO - Transformers 4.51.3 available
2025-06-04 13:17:40,636 - neural_ui_detector - INFO - ONNX Runtime 1.22.0 available
2025-06-04 13:17:40,636 - neural_ui_detector - INFO - OpenCV 4.11.0 available
2025-06-04 13:17:40,673 - neural_ui_detector - INFO - Selenium available for browser automation
2025-06-04 13:17:40,673 - neural_ui_detector - INFO - Neural UI Detector available components:
2025-06-04 13:17:40,673 - neural_ui_detector - INFO - - YOLO Object Detection: ✅
2025-06-04 13:17:40,673 - neural_ui_detector - INFO - - LayoutLM Document Understanding: ✅
2025-06-04 13:17:40,673 - neural_ui_detector - INFO - - ONNX Model Acceleration: ✅
2025-06-04 13:17:40,674 - neural_ui_detector - INFO - - Computer Vision Support: ✅
2025-06-04 13:17:40,674 - neural_ui_detector - INFO - - Browser Automation: ✅
2025-06-04 13:17:40,707 - neural_ui_detector - INFO - Loaded pre-trained YOLOv8n model
2025-06-04 13:17:46,182 - neural_ui_detector - INFO - LayoutLM imports available (old API)
2025-06-04 13:18:44,243 - neural_ui_detector - INFO - PyTorch 2.7.0 available
2025-06-04 13:18:44,323 - neural_ui_detector - INFO - Ultralytics 8.3.148 available
2025-06-04 13:18:44,485 - neural_ui_detector - INFO - Transformers 4.51.3 available
2025-06-04 13:18:44,523 - neural_ui_detector - INFO - ONNX Runtime 1.22.0 available
2025-06-04 13:18:44,523 - neural_ui_detector - INFO - OpenCV 4.11.0 available
2025-06-04 13:18:44,556 - neural_ui_detector - INFO - Selenium available for browser automation
2025-06-04 13:18:44,556 - neural_ui_detector - INFO - Neural UI Detector available components:
2025-06-04 13:18:44,556 - neural_ui_detector - INFO - - YOLO Object Detection: ✅
2025-06-04 13:18:44,556 - neural_ui_detector - INFO - - LayoutLM Document Understanding: ✅
2025-06-04 13:18:44,556 - neural_ui_detector - INFO - - ONNX Model Acceleration: ✅
2025-06-04 13:18:44,556 - neural_ui_detector - INFO - - Computer Vision Support: ✅
2025-06-04 13:18:44,556 - neural_ui_detector - INFO - - Browser Automation: ✅
2025-06-04 13:18:44,590 - neural_ui_detector - INFO - Loaded pre-trained YOLOv8n model
2025-06-04 13:18:46,669 - neural_ui_detector - INFO - LayoutLM imports available (old API)
2025-06-04 13:18:49,286 - neural_ui_detector - INFO - Started new Chrome instance in headless mode
2025-06-04 13:18:52,192 - neural_ui_detector - INFO - Using EasyOCR for text recognition
2025-06-04 13:18:52,210 - neural_ui_detector - INFO - Loaded 3 templates for matching
2025-06-04 13:18:52,210 - neural_ui_detector - INFO - UI Detector Ensemble initialized
2025-06-04 13:18:52,210 - neural_ui_detector - INFO - Loaded interaction memory with 3 entries
2025-06-04 13:18:52,221 - fixed_neural_ui_detector_server - INFO - Debug logging enabled
2025-06-04 13:18:53,382 - asyncio - DEBUG - Using selector: KqueueSelector
2025-06-04 13:18:53,392 - fixed_neural_ui_detector_server - INFO - Starting Neural UI Detector WebSocket Server on port 8769
2025-06-04 13:18:53,423 - websockets.server - INFO - server listening on 127.0.0.1:8769
2025-06-04 13:18:53,423 - websockets.server - INFO - server listening on [::1]:8769
2025-06-04 13:18:58,405 - websockets.server - DEBUG - = connection is CONNECTING
2025-06-04 13:18:58,410 - websockets.server - DEBUG - < GET / HTTP/1.1
2025-06-04 13:18:58,411 - websockets.server - DEBUG - < Host: localhost:8769
2025-06-04 13:18:58,411 - websockets.server - DEBUG - < Upgrade: websocket
2025-06-04 13:18:58,411 - websockets.server - DEBUG - < Connection: Upgrade
2025-06-04 13:18:58,411 - websockets.server - DEBUG - < Sec-WebSocket-Key: Mf+KgMD4uHFjLkcKPK3uEA==
2025-06-04 13:18:58,411 - websockets.server - DEBUG - < Sec-WebSocket-Version: 13
2025-06-04 13:18:58,411 - websockets.server - DEBUG - < Sec-WebSocket-Extensions: permessage-deflate; client_max_window_bits
2025-06-04 13:18:58,411 - websockets.server - DEBUG - < User-Agent: Python/3.13 websockets/15.0.1
2025-06-04 13:18:58,413 - websockets.server - DEBUG - > HTTP/1.1 101 Switching Protocols
2025-06-04 13:18:58,414 - websockets.server - DEBUG - > Date: Wed, 04 Jun 2025 17:18:58 GMT
2025-06-04 13:18:58,414 - websockets.server - DEBUG - > Upgrade: websocket
2025-06-04 13:18:58,414 - websockets.server - DEBUG - > Connection: Upgrade
2025-06-04 13:18:58,414 - websockets.server - DEBUG - > Sec-WebSocket-Accept: Fgn889Opm0FTiO1XmSatqRtNK3M=
2025-06-04 13:18:58,414 - websockets.server - DEBUG - > Sec-WebSocket-Extensions: permessage-deflate; server_max_window_bits=12; client_max_window_bits=12
2025-06-04 13:18:58,414 - websockets.server - DEBUG - > Server: Python/3.13 websockets/15.0.1
2025-06-04 13:18:58,414 - websockets.server - DEBUG - = connection is OPEN
2025-06-04 13:18:58,414 - websockets.server - INFO - connection open
2025-06-04 13:18:58,414 - fixed_neural_ui_detector_server - INFO - Client 6044975856 connected
2025-06-04 13:18:58,414 - websockets.server - DEBUG - > TEXT '{"type": "welcome", "message": "Connected to Ne...server_id": "bbc6f504"}' [218 bytes]
2025-06-04 13:18:58,416 - websockets.server - DEBUG - < TEXT '{"type": "test", "message": "Hello from test sc...amp": 1749057538.41577}' [84 bytes]
2025-06-04 13:18:58,416 - fixed_neural_ui_detector_server - INFO - Received message from client 6044975856: unknown
2025-06-04 13:18:58,416 - fixed_neural_ui_detector_server - INFO - Command  completed in 0.00s
2025-06-04 13:18:58,416 - websockets.server - DEBUG - > TEXT '{"type": "error", "error": "Unknown action: "}' [46 bytes]
2025-06-04 13:18:58,417 - websockets.server - DEBUG - < TEXT '{"action": "detect", "timestamp": 1749057538.417213}' [52 bytes]
2025-06-04 13:18:58,417 - fixed_neural_ui_detector_server - INFO - Received message from client 6044975856: detect
2025-06-04 13:18:58,418 - asyncio - DEBUG - Using selector: KqueueSelector
2025-06-04 13:18:58,871 - PIL.PngImagePlugin - DEBUG - STREAM b'IHDR' 16 13
2025-06-04 13:18:58,878 - PIL.PngImagePlugin - DEBUG - STREAM b'iCCP' 41 3135
2025-06-04 13:18:58,878 - PIL.PngImagePlugin - DEBUG - iCCP profile name b'ICC Profile'
2025-06-04 13:18:58,879 - PIL.PngImagePlugin - DEBUG - Compression method 0
2025-06-04 13:18:58,879 - PIL.PngImagePlugin - DEBUG - STREAM b'eXIf' 3188 56
2025-06-04 13:18:58,879 - PIL.PngImagePlugin - DEBUG - STREAM b'IDAT' 3256 16384
2025-06-04 13:18:59,867 - neural_ui_detector - INFO - Took screenshot: cache/neural_ui_detector/screenshot_1749057538.png
2025-06-04 13:18:59,874 - neural_ui_detector - INFO - Running yolo detector with 10s timeout
2025-06-04 13:19:00,757 - neural_ui_detector - INFO - YOLO detected 0 UI elements
2025-06-04 13:19:00,758 - neural_ui_detector - INFO - Running accessibility detector with 3s timeout
2025-06-04 13:19:00,758 - neural_ui_detector - INFO - macOS accessibility detected 2 UI elements
2025-06-04 13:19:00,758 - neural_ui_detector - INFO - Running ocr detector with 8s timeout
2025-06-04 13:19:00,862 - neural_ui_detector - INFO - Resized image for OCR from 2940x1912 to 1200x780
2025-06-04 13:19:03,837 - neural_ui_detector - INFO - OCR optimized detected 18 text elements
2025-06-04 13:19:03,938 - neural_ui_detector - INFO - Merged 20 elements into 20 unique elements
2025-06-04 13:19:05,226 - neural_ui_detector - INFO - Saved detection result: cache/neural_ui_detector/detection_1749057539.json
2025-06-04 13:19:05,230 - neural_ui_detector - INFO - UI detection completed in 6.43s with 20 elements
2025-06-04 13:19:05,238 - fixed_neural_ui_detector_server - WARNING - Slow operation: ui_detect took 6.82s
2025-06-04 13:19:05,919 - neural_ui_detector - INFO - Saved visualization: cache/neural_ui_detector/visualization_1749057545.png
2025-06-04 13:19:05,998 - fixed_neural_ui_detector_server - WARNING - Slow operation: command_detect took 7.58s
2025-06-04 13:19:05,999 - fixed_neural_ui_detector_server - INFO - Command detect completed in 7.58s
2025-06-04 13:19:06,036 - websockets.server - DEBUG - > TEXT '{"type": "detection_result", "timestamp": 17490...RrQAAAABJRU5ErkJggg=="}' [4517070 bytes]
2025-06-04 13:19:06,392 - websockets.server - DEBUG - < CLOSE 1009 (message too big) frame with 3417075 bytes ...s limit of 1048576 bytes [57 bytes]
2025-06-04 13:19:06,393 - websockets.server - DEBUG - > CLOSE 1009 (message too big) frame with 3417075 bytes ...s limit of 1048576 bytes [57 bytes]
2025-06-04 13:19:06,393 - websockets.server - DEBUG - = connection is CLOSING
2025-06-04 13:19:06,393 - websockets.server - DEBUG - > EOF
2025-06-04 13:19:06,395 - websockets.server - DEBUG - x half-closing TCP connection
2025-06-04 13:19:06,402 - websockets.server - DEBUG - < EOF
2025-06-04 13:19:06,402 - websockets.server - DEBUG - = connection is CLOSED
2025-06-04 13:19:06,404 - fixed_neural_ui_detector_server - INFO - Client 6044975856 disconnected: code=1009, reason=frame with 3417075 bytes exceeds limit of 1048576 bytes
2025-06-04 13:19:49,476 - neural_ui_detector - INFO - Started new Chrome instance in headless mode
2025-06-04 13:19:53,209 - neural_ui_detector - INFO - Using EasyOCR for text recognition
2025-06-04 13:19:53,242 - neural_ui_detector - INFO - Loaded 3 templates for matching
2025-06-04 13:19:53,242 - neural_ui_detector - INFO - UI Detector Ensemble initialized
2025-06-04 13:19:53,243 - neural_ui_detector - INFO - Loaded interaction memory with 3 entries
2025-06-04 13:19:53,273 - fixed_neural_ui_detector_server - INFO - Debug logging enabled
2025-06-04 13:19:53,641 - fixed_neural_ui_detector_server - INFO - Killing existing process on port 8769: PID 90594
2025-06-04 13:19:54,663 - asyncio - DEBUG - Using selector: KqueueSelector
2025-06-04 13:19:54,690 - fixed_neural_ui_detector_server - INFO - Starting Neural UI Detector WebSocket Server on port 8769
2025-06-04 13:19:54,927 - websockets.server - INFO - server listening on 127.0.0.1:8769
2025-06-04 13:19:55,074 - websockets.server - INFO - server listening on [::1]:8769
2025-06-04 13:19:56,123 - neural_ui_detector - INFO - PyTorch 2.7.0 available
2025-06-04 13:19:56,205 - neural_ui_detector - INFO - Ultralytics 8.3.148 available
2025-06-04 13:19:56,415 - neural_ui_detector - INFO - Transformers 4.51.3 available
2025-06-04 13:19:56,481 - neural_ui_detector - INFO - ONNX Runtime 1.22.0 available
2025-06-04 13:19:56,481 - neural_ui_detector - INFO - OpenCV 4.11.0 available
2025-06-04 13:19:56,512 - neural_ui_detector - INFO - Selenium available for browser automation
2025-06-04 13:19:56,543 - neural_ui_detector - INFO - Neural UI Detector available components:
2025-06-04 13:19:56,543 - neural_ui_detector - INFO - - YOLO Object Detection: ✅
2025-06-04 13:19:56,543 - neural_ui_detector - INFO - - LayoutLM Document Understanding: ✅
2025-06-04 13:19:56,585 - neural_ui_detector - INFO - - ONNX Model Acceleration: ✅
2025-06-04 13:19:56,585 - neural_ui_detector - INFO - - Computer Vision Support: ✅
2025-06-04 13:19:56,585 - neural_ui_detector - INFO - - Browser Automation: ✅
2025-06-04 13:19:56,621 - neural_ui_detector - INFO - Loaded pre-trained YOLOv8n model
2025-06-04 13:20:00,773 - neural_ui_detector - INFO - LayoutLM imports available (old API)
2025-06-04 13:20:12,161 - websockets.server - INFO - server closing
2025-06-04 13:20:12,171 - websockets.server - INFO - server closed
2025-06-04 13:20:12,172 - fixed_neural_ui_detector_server - INFO - Server closed
2025-06-04 13:21:04,680 - neural_ui_detector - INFO - Started new Chrome instance in headless mode
2025-06-04 13:21:09,086 - neural_ui_detector - INFO - Using EasyOCR for text recognition
2025-06-04 13:21:09,139 - neural_ui_detector - INFO - Loaded 3 templates for matching
2025-06-04 13:21:09,140 - neural_ui_detector - INFO - UI Detector Ensemble initialized
2025-06-04 13:21:09,141 - neural_ui_detector - INFO - Loaded interaction memory with 3 entries
2025-06-04 13:21:10,761 - neural_ui_detector_server - INFO - Starting Neural UI Detector WebSocket Server on port 8768
2025-06-04 13:21:11,204 - websockets.server - INFO - server listening on [::1]:8768
2025-06-04 13:21:11,210 - websockets.server - INFO - server listening on 127.0.0.1:8768
2025-06-04 13:29:48,555 - websockets.server - INFO - connection open
2025-06-04 13:29:48,558 - neural_ui_detector_server - INFO - Client 6363645328 connected
2025-06-04 13:29:54,942 - neural_ui_detector_server - INFO - Received message from client 6363645328: detect
2025-06-04 13:29:55,482 - neural_ui_detector - INFO - Took screenshot: cache/neural_ui_detector/screenshot_1749058194.png
2025-06-04 13:29:55,486 - neural_ui_detector - INFO - Running yolo detector with 10s timeout
2025-06-04 13:29:55,930 - neural_ui_detector - INFO - YOLO detected 0 UI elements
2025-06-04 13:29:55,930 - neural_ui_detector - INFO - Running accessibility detector with 3s timeout
2025-06-04 13:29:55,930 - neural_ui_detector - INFO - macOS accessibility detected 2 UI elements
2025-06-04 13:29:55,930 - neural_ui_detector - INFO - Running ocr detector with 8s timeout
2025-06-04 13:29:55,988 - neural_ui_detector - INFO - Resized image for OCR from 2940x1912 to 1200x780
2025-06-04 13:29:59,445 - neural_ui_detector - INFO - OCR optimized detected 42 text elements
2025-06-04 13:29:59,446 - neural_ui_detector - INFO - Merged 44 elements into 44 unique elements
2025-06-04 13:29:59,514 - neural_ui_detector - INFO - Saved detection result: cache/neural_ui_detector/detection_1749058195.json
2025-06-04 13:29:59,514 - neural_ui_detector - INFO - UI detection completed in 4.56s with 44 elements
2025-06-04 13:29:59,593 - neural_ui_detector - INFO - Saved visualization: cache/neural_ui_detector/visualization_1749058199.png
2025-06-04 13:37:58,069 - websockets.server - ERROR - opening handshake failed
Traceback (most recent call last):
  File "/Users/segevbin/Desktop/SensAI/Aiayer/.venv/lib/python3.13/site-packages/websockets/http11.py", line 138, in parse
    request_line = yield from parse_line(read_line)
                   ^^^^^^^^^^^^^^^^^^^^^^^^^^^^^^^^
  File "/Users/segevbin/Desktop/SensAI/Aiayer/.venv/lib/python3.13/site-packages/websockets/http11.py", line 309, in parse_line
    line = yield from read_line(MAX_LINE_LENGTH)
           ^^^^^^^^^^^^^^^^^^^^^^^^^^^^^^^^^^^^^
  File "/Users/segevbin/Desktop/SensAI/Aiayer/.venv/lib/python3.13/site-packages/websockets/streams.py", line 46, in read_line
    raise EOFError(f"stream ends after {p} bytes, before end of line")
EOFError: stream ends after 0 bytes, before end of line

The above exception was the direct cause of the following exception:

Traceback (most recent call last):
  File "/Users/segevbin/Desktop/SensAI/Aiayer/.venv/lib/python3.13/site-packages/websockets/server.py", line 545, in parse
    request = yield from Request.parse(
              ^^^^^^^^^^^^^^^^^^^^^^^^^
        self.reader.read_line,
        ^^^^^^^^^^^^^^^^^^^^^^
    )
    ^
  File "/Users/segevbin/Desktop/SensAI/Aiayer/.venv/lib/python3.13/site-packages/websockets/http11.py", line 140, in parse
    raise EOFError("connection closed while reading HTTP request line") from exc
EOFError: connection closed while reading HTTP request line

The above exception was the direct cause of the following exception:

Traceback (most recent call last):
  File "/Users/segevbin/Desktop/SensAI/Aiayer/.venv/lib/python3.13/site-packages/websockets/asyncio/server.py", line 356, in conn_handler
    await connection.handshake(
    ...<3 lines>...
    )
  File "/Users/segevbin/Desktop/SensAI/Aiayer/.venv/lib/python3.13/site-packages/websockets/asyncio/server.py", line 207, in handshake
    raise self.protocol.handshake_exc
websockets.exceptions.InvalidMessage: did not receive a valid HTTP request
2025-06-04 13:37:58,125 - websockets.server - INFO - connection open
2025-06-04 13:37:58,125 - neural_ui_detector_server - INFO - Client 6363266768 connected
2025-06-04 13:37:58,128 - neural_ui_detector_server - INFO - Received message from client 6363266768: unknown
2025-06-04 13:37:58,628 - neural_ui_detector_server - INFO - Received message from client 6363266768: unknown
2025-06-04 13:37:58,628 - neural_ui_detector_server - INFO - Received message from client 6363266768: unknown
2025-06-04 13:37:58,628 - neural_ui_detector_server - ERROR - Error processing message from client 6363266768: received 1000 (OK); then sent 1000 (OK)
2025-06-04 13:37:58,629 - neural_ui_detector_server - INFO - Client 6363266768 disconnected
2025-06-04 13:38:50,675 - websockets.server - INFO - connection open
2025-06-04 13:38:50,677 - neural_ui_detector_server - INFO - Client 6363798128 connected
2025-06-04 13:38:55,256 - neural_ui_detector_server - INFO - Received message from client 6363798128: detect
2025-06-04 13:38:55,633 - neural_ui_detector - INFO - Took screenshot: cache/neural_ui_detector/screenshot_1749058735.png
2025-06-04 13:38:55,635 - neural_ui_detector - INFO - Running yolo detector with 10s timeout
2025-06-04 13:38:55,955 - neural_ui_detector - INFO - YOLO detected 1 UI elements
2025-06-04 13:38:55,955 - neural_ui_detector - INFO - Running accessibility detector with 3s timeout
2025-06-04 13:38:55,955 - neural_ui_detector - INFO - macOS accessibility detected 2 UI elements
2025-06-04 13:38:55,955 - neural_ui_detector - INFO - Running ocr detector with 8s timeout
2025-06-04 13:38:56,021 - neural_ui_detector - INFO - Resized image for OCR from 2940x1912 to 1200x780
2025-06-04 13:39:00,356 - neural_ui_detector - INFO - OCR optimized detected 39 text elements
2025-06-04 13:39:00,357 - neural_ui_detector - INFO - Merged 42 elements into 42 unique elements
2025-06-04 13:39:22,306 - neural_ui_detector - INFO - Saved detection result: cache/neural_ui_detector/detection_1749058735.json
2025-06-04 13:39:22,308 - neural_ui_detector - INFO - UI detection completed in 27.03s with 42 elements
2025-06-04 13:39:22,417 - neural_ui_detector - INFO - Saved visualization: cache/neural_ui_detector/visualization_1749058762.png
2025-06-04 13:39:22,454 - neural_ui_detector_server - INFO - Received message from client 6363798128: find
2025-06-04 13:39:22,454 - neural_ui_detector_server - INFO - Performing fresh detection for find operation: button
2025-06-04 13:39:22,966 - neural_ui_detector - INFO - Took screenshot: cache/neural_ui_detector/screenshot_1749058762.png
2025-06-04 13:39:22,969 - neural_ui_detector - INFO - Running yolo detector with 10s timeout
2025-06-04 13:39:23,275 - neural_ui_detector - INFO - YOLO detected 2 UI elements
2025-06-04 13:39:23,275 - neural_ui_detector - INFO - Running accessibility detector with 3s timeout
2025-06-04 13:39:23,275 - neural_ui_detector - INFO - macOS accessibility detected 2 UI elements
2025-06-04 13:39:23,275 - neural_ui_detector - INFO - Running ocr detector with 8s timeout
2025-06-04 13:39:23,350 - neural_ui_detector - INFO - Resized image for OCR from 2940x1912 to 1200x780
2025-06-04 13:39:28,203 - neural_ui_detector - INFO - OCR optimized detected 47 text elements
2025-06-04 13:39:28,205 - neural_ui_detector - INFO - Merged 51 elements into 51 unique elements
2025-06-04 13:40:09,422 - neural_ui_detector - INFO - Saved detection result: cache/neural_ui_detector/detection_1749058762.json
2025-06-04 13:40:09,426 - neural_ui_detector - INFO - UI detection completed in 46.95s with 51 elements
2025-06-04 13:40:09,427 - neural_ui_detector_server - ERROR - Error processing find command: NeuralUIDetector.find_element() got an unexpected keyword argument 'refresh'
2025-06-04 13:40:09,431 - neural_ui_detector_server - INFO - Received message from client 6363798128: detect
2025-06-04 13:40:09,829 - neural_ui_detector - INFO - Took screenshot: cache/neural_ui_detector/screenshot_1749058809.png
2025-06-04 13:40:09,832 - neural_ui_detector - INFO - Running yolo detector with 10s timeout
2025-06-04 13:40:10,091 - neural_ui_detector - INFO - YOLO detected 2 UI elements
2025-06-04 13:40:10,091 - neural_ui_detector - INFO - Running accessibility detector with 3s timeout
2025-06-04 13:40:10,091 - neural_ui_detector - INFO - macOS accessibility detected 2 UI elements
2025-06-04 13:40:10,091 - neural_ui_detector - INFO - Running ocr detector with 8s timeout
2025-06-04 13:40:10,155 - neural_ui_detector - INFO - Resized image for OCR from 2940x1912 to 1200x780
2025-06-04 13:40:13,035 - neural_ui_detector - INFO - OCR optimized detected 48 text elements
2025-06-04 13:40:13,040 - neural_ui_detector - INFO - Merged 52 elements into 52 unique elements
2025-06-04 13:40:51,240 - neural_ui_detector - INFO - Saved detection result: cache/neural_ui_detector/detection_1749058809.json
2025-06-04 13:40:51,241 - neural_ui_detector - INFO - UI detection completed in 41.80s with 52 elements
2025-06-04 13:40:51,337 - neural_ui_detector - INFO - Saved visualization: cache/neural_ui_detector/visualization_1749058851.png
2025-06-04 13:40:51,371 - neural_ui_detector_server - INFO - Received message from client 6363798128: detect
2025-06-04 13:40:51,371 - neural_ui_detector_server - INFO - Using recent detection result
2025-06-04 13:40:51,457 - neural_ui_detector - INFO - Saved visualization: cache/neural_ui_detector/visualization_1749058851.png
2025-06-04 13:40:51,483 - neural_ui_detector_server - INFO - Received message from client 6363798128: detect
2025-06-04 13:40:51,483 - neural_ui_detector_server - INFO - Using recent detection result
2025-06-04 13:40:51,572 - neural_ui_detector - INFO - Saved visualization: cache/neural_ui_detector/visualization_1749058851.png
2025-06-04 13:40:51,602 - neural_ui_detector_server - INFO - Received message from client 6363798128: detect
2025-06-04 13:40:51,602 - neural_ui_detector_server - INFO - Using recent detection result
2025-06-04 13:40:51,690 - neural_ui_detector - INFO - Saved visualization: cache/neural_ui_detector/visualization_1749058851.png
2025-06-04 13:40:51,715 - neural_ui_detector_server - INFO - Received message from client 6363798128: detect
2025-06-04 13:40:51,715 - neural_ui_detector_server - INFO - Using recent detection result
2025-06-04 13:40:51,800 - neural_ui_detector - INFO - Saved visualization: cache/neural_ui_detector/visualization_1749058851.png
2025-06-04 13:40:51,826 - neural_ui_detector_server - INFO - Received message from client 6363798128: detect
2025-06-04 13:40:51,826 - neural_ui_detector_server - INFO - Using recent detection result
2025-06-04 13:40:51,910 - neural_ui_detector - INFO - Saved visualization: cache/neural_ui_detector/visualization_1749058851.png
2025-06-04 13:40:51,935 - neural_ui_detector_server - INFO - Received message from client 6363798128: detect
2025-06-04 13:40:51,935 - neural_ui_detector_server - INFO - Using recent detection result
2025-06-04 13:40:52,021 - neural_ui_detector - INFO - Saved visualization: cache/neural_ui_detector/visualization_1749058851.png
2025-06-04 13:40:52,046 - neural_ui_detector_server - INFO - Received message from client 6363798128: detect
2025-06-04 13:40:52,046 - neural_ui_detector_server - INFO - Using recent detection result
2025-06-04 13:40:52,130 - neural_ui_detector - INFO - Saved visualization: cache/neural_ui_detector/visualization_1749058852.png
2025-06-04 13:40:52,156 - neural_ui_detector_server - INFO - Received message from client 6363798128: detect
2025-06-04 13:40:52,156 - neural_ui_detector_server - INFO - Using recent detection result
2025-06-04 13:40:52,241 - neural_ui_detector - INFO - Saved visualization: cache/neural_ui_detector/visualization_1749058852.png
2025-06-04 13:40:52,266 - neural_ui_detector_server - INFO - Received message from client 6363798128: detect
2025-06-04 13:40:52,266 - neural_ui_detector_server - INFO - Using recent detection result
2025-06-04 13:40:52,349 - neural_ui_detector - INFO - Saved visualization: cache/neural_ui_detector/visualization_1749058852.png
2025-06-04 13:40:52,375 - neural_ui_detector_server - INFO - Received message from client 6363798128: detect
2025-06-04 13:40:52,375 - neural_ui_detector_server - INFO - Using recent detection result
2025-06-04 13:40:52,478 - neural_ui_detector - INFO - Saved visualization: cache/neural_ui_detector/visualization_1749058852.png
2025-06-04 13:40:52,506 - neural_ui_detector_server - INFO - Received message from client 6363798128: detect
2025-06-04 13:40:52,506 - neural_ui_detector_server - INFO - Using recent detection result
2025-06-04 13:40:52,596 - neural_ui_detector - INFO - Saved visualization: cache/neural_ui_detector/visualization_1749058852.png
2025-06-04 13:40:52,636 - neural_ui_detector_server - INFO - Received message from client 6363798128: detect
2025-06-04 13:40:52,636 - neural_ui_detector_server - INFO - Using recent detection result
2025-06-04 13:40:52,728 - neural_ui_detector - INFO - Saved visualization: cache/neural_ui_detector/visualization_1749058852.png
2025-06-04 13:50:19,111 - neural_ui_detector - INFO - PyTorch 2.7.0 available
2025-06-04 13:50:19,182 - neural_ui_detector - INFO - Ultralytics 8.3.148 available
2025-06-04 13:50:19,310 - neural_ui_detector - INFO - Transformers 4.51.3 available
2025-06-04 13:50:19,362 - neural_ui_detector - INFO - ONNX Runtime 1.22.0 available
2025-06-04 13:50:19,362 - neural_ui_detector - INFO - OpenCV 4.11.0 available
2025-06-04 13:50:19,379 - neural_ui_detector - INFO - Selenium available for browser automation
2025-06-04 13:50:19,379 - neural_ui_detector - INFO - Neural UI Detector available components:
2025-06-04 13:50:19,379 - neural_ui_detector - INFO - - YOLO Object Detection: ✅
2025-06-04 13:50:19,379 - neural_ui_detector - INFO - - LayoutLM Document Understanding: ✅
2025-06-04 13:50:19,379 - neural_ui_detector - INFO - - ONNX Model Acceleration: ✅
2025-06-04 13:50:19,379 - neural_ui_detector - INFO - - Computer Vision Support: ✅
2025-06-04 13:50:19,379 - neural_ui_detector - INFO - - Browser Automation: ✅
2025-06-04 13:50:19,412 - neural_ui_detector - INFO - Loaded pre-trained YOLOv8n model
2025-06-04 13:50:21,357 - neural_ui_detector - INFO - LayoutLM imports available (old API)
2025-06-04 13:51:23,183 - neural_ui_detector - INFO - Started new Chrome instance in headless mode
2025-06-04 13:51:25,989 - neural_ui_detector - INFO - Using EasyOCR for text recognition
2025-06-04 13:51:26,003 - neural_ui_detector - INFO - Loaded 3 templates for matching
2025-06-04 13:51:26,003 - neural_ui_detector - INFO - UI Detector Ensemble initialized
2025-06-04 13:51:26,005 - neural_ui_detector - INFO - Loaded interaction memory with 3 entries
2025-06-04 13:51:27,171 - neural_ui_detector_server - INFO - Starting Neural UI Detector WebSocket Server on port 8768
2025-06-04 13:51:27,234 - websockets.server - INFO - server listening on 127.0.0.1:8768
2025-06-04 13:51:27,235 - websockets.server - INFO - server listening on [::1]:8768
2025-06-04 13:53:32,108 - websockets.server - INFO - connection open
2025-06-04 13:53:32,111 - neural_ui_detector_server - INFO - Client 6091047328 connected
2025-06-04 14:01:04,560 - neural_ui_detector - INFO - PyTorch 2.7.0 available
2025-06-04 14:01:04,622 - neural_ui_detector - INFO - Ultralytics 8.3.148 available
2025-06-04 14:01:04,738 - neural_ui_detector - INFO - Transformers 4.51.3 available
2025-06-04 14:01:04,790 - neural_ui_detector - INFO - ONNX Runtime 1.22.0 available
2025-06-04 14:01:04,790 - neural_ui_detector - INFO - OpenCV 4.11.0 available
2025-06-04 14:01:04,805 - neural_ui_detector - INFO - Selenium available for browser automation
2025-06-04 14:01:04,805 - neural_ui_detector - INFO - Neural UI Detector available components:
2025-06-04 14:01:04,805 - neural_ui_detector - INFO - - YOLO Object Detection: ✅
2025-06-04 14:01:04,805 - neural_ui_detector - INFO - - LayoutLM Document Understanding: ✅
2025-06-04 14:01:04,805 - neural_ui_detector - INFO - - ONNX Model Acceleration: ✅
2025-06-04 14:01:04,805 - neural_ui_detector - INFO - - Computer Vision Support: ✅
2025-06-04 14:01:04,805 - neural_ui_detector - INFO - - Browser Automation: ✅
2025-06-04 14:01:04,834 - neural_ui_detector - INFO - Loaded pre-trained YOLOv8n model
2025-06-04 14:01:06,719 - neural_ui_detector - INFO - LayoutLM imports available (old API)
2025-06-04 14:02:08,832 - neural_ui_detector - INFO - Started new Chrome instance in headless mode
2025-06-04 14:02:13,267 - neural_ui_detector - INFO - Using EasyOCR for text recognition
2025-06-04 14:02:13,319 - neural_ui_detector - INFO - Loaded 3 templates for matching
2025-06-04 14:02:13,319 - neural_ui_detector - INFO - UI Detector Ensemble initialized
2025-06-04 14:02:13,324 - neural_ui_detector - INFO - Loaded interaction memory with 3 entries
2025-06-04 14:02:14,931 - neural_ui_detector_server - INFO - Starting Neural UI Detector WebSocket Server on port 8768
2025-06-04 14:02:15,023 - websockets.server - INFO - server listening on 127.0.0.1:8768
2025-06-04 14:02:15,024 - websockets.server - INFO - server listening on [::1]:8768
2025-06-04 14:02:31,198 - websockets.server - INFO - connection open
2025-06-04 14:02:31,199 - neural_ui_detector_server - INFO - Client 6294471072 connected
2025-06-04 14:02:31,200 - neural_ui_detector_server - INFO - Received message from client 6294471072: unknown
2025-06-04 14:02:32,206 - websockets.server - INFO - connection open
2025-06-04 14:02:32,206 - neural_ui_detector_server - INFO - Client 6294037968 connected
2025-06-04 14:02:32,207 - neural_ui_detector_server - INFO - Received message from client 6294037968: unknown
2025-06-04 14:02:33,221 - websockets.server - INFO - connection open
2025-06-04 14:02:33,221 - neural_ui_detector_server - INFO - Client 6294039888 connected
2025-06-04 14:02:33,222 - neural_ui_detector_server - INFO - Received message from client 6294039888: unknown
2025-06-04 14:02:34,225 - websockets.server - INFO - connection open
2025-06-04 14:02:34,225 - neural_ui_detector_server - INFO - Client 6293386384 connected
2025-06-04 14:02:34,226 - neural_ui_detector_server - INFO - Received message from client 6293386384: unknown
2025-06-04 14:02:35,236 - websockets.server - INFO - connection open
2025-06-04 14:02:35,236 - neural_ui_detector_server - INFO - Client 6294504112 connected
2025-06-04 14:02:35,238 - neural_ui_detector_server - INFO - Received message from client 6294504112: unknown
2025-06-04 17:51:32,088 - neural_ui_detector - INFO - PyTorch 2.7.0 available
2025-06-04 17:51:32,317 - neural_ui_detector - INFO - Ultralytics 8.3.148 available
2025-06-04 17:51:32,443 - neural_ui_detector - INFO - Transformers 4.51.3 available
2025-06-04 17:51:32,542 - neural_ui_detector - INFO - ONNX Runtime 1.22.0 available
2025-06-04 17:51:32,542 - neural_ui_detector - INFO - OpenCV 4.11.0 available
2025-06-04 17:51:32,571 - neural_ui_detector - INFO - Selenium available for browser automation
2025-06-04 17:51:32,571 - neural_ui_detector - INFO - Neural UI Detector available components:
2025-06-04 17:51:32,571 - neural_ui_detector - INFO - - YOLO Object Detection: ✅
2025-06-04 17:51:32,571 - neural_ui_detector - INFO - - LayoutLM Document Understanding: ✅
2025-06-04 17:51:32,571 - neural_ui_detector - INFO - - ONNX Model Acceleration: ✅
2025-06-04 17:51:32,571 - neural_ui_detector - INFO - - Computer Vision Support: ✅
2025-06-04 17:51:32,571 - neural_ui_detector - INFO - - Browser Automation: ✅
2025-06-04 17:51:32,608 - neural_ui_detector - INFO - Loaded pre-trained YOLOv8n model
2025-06-04 17:51:36,976 - neural_ui_detector - INFO - LayoutLM imports available (old API)
2025-06-04 17:52:39,353 - neural_ui_detector - INFO - Started new Chrome instance in headless mode
2025-06-04 17:52:42,406 - neural_ui_detector - INFO - Using EasyOCR for text recognition
2025-06-04 17:52:42,437 - neural_ui_detector - INFO - Loaded 3 templates for matching
2025-06-04 17:52:42,437 - neural_ui_detector - INFO - UI Detector Ensemble initialized
2025-06-04 17:52:42,438 - neural_ui_detector - INFO - Loaded interaction memory with 3 entries
2025-06-04 17:52:42,758 - neural_ui_detector_server - INFO - Killing existing process on port 8768: PID 36575
2025-06-04 17:52:43,764 - neural_ui_detector_server - INFO - Starting Neural UI Detector WebSocket Server on port 8768
2025-06-04 17:52:43,817 - websockets.server - INFO - server listening on [::1]:8768
2025-06-04 17:52:43,818 - websockets.server - INFO - server listening on 127.0.0.1:8768
2025-06-04 17:52:51,527 - neural_ui_detector - INFO - PyTorch 2.7.0 available
2025-06-04 17:52:51,594 - neural_ui_detector - INFO - Ultralytics 8.3.148 available
2025-06-04 17:52:51,702 - neural_ui_detector - INFO - Transformers 4.51.3 available
2025-06-04 17:52:51,745 - neural_ui_detector - INFO - ONNX Runtime 1.22.0 available
2025-06-04 17:52:51,745 - neural_ui_detector - INFO - OpenCV 4.11.0 available
2025-06-04 17:52:51,771 - neural_ui_detector - INFO - Selenium available for browser automation
2025-06-04 17:52:51,771 - neural_ui_detector - INFO - Neural UI Detector available components:
2025-06-04 17:52:51,771 - neural_ui_detector - INFO - - YOLO Object Detection: ✅
2025-06-04 17:52:51,771 - neural_ui_detector - INFO - - LayoutLM Document Understanding: ✅
2025-06-04 17:52:51,771 - neural_ui_detector - INFO - - ONNX Model Acceleration: ✅
2025-06-04 17:52:51,771 - neural_ui_detector - INFO - - Computer Vision Support: ✅
2025-06-04 17:52:51,771 - neural_ui_detector - INFO - - Browser Automation: ✅
2025-06-04 17:52:51,796 - neural_ui_detector - INFO - Loaded pre-trained YOLOv8n model
2025-06-04 17:52:53,593 - neural_ui_detector - INFO - LayoutLM imports available (old API)
2025-06-04 17:53:56,880 - neural_ui_detector - INFO - Started new Chrome instance in headless mode
2025-06-04 17:54:00,112 - neural_ui_detector - INFO - Using EasyOCR for text recognition
2025-06-04 17:54:00,148 - neural_ui_detector - INFO - Loaded 3 templates for matching
2025-06-04 17:54:00,148 - neural_ui_detector - INFO - UI Detector Ensemble initialized
2025-06-04 17:54:00,152 - neural_ui_detector - INFO - Loaded interaction memory with 3 entries
2025-06-04 17:54:00,546 - neural_ui_detector_server - INFO - Killing existing process on port 8768: PID 37015
2025-06-04 17:54:01,553 - neural_ui_detector_server - INFO - Starting Neural UI Detector WebSocket Server on port 8768
2025-06-04 17:54:01,662 - websockets.server - INFO - server listening on [::1]:8768
2025-06-04 17:54:01,663 - websockets.server - INFO - server listening on 127.0.0.1:8768
2025-06-04 17:54:25,814 - websockets.server - INFO - connection open
2025-06-04 17:54:25,815 - neural_ui_detector_server - INFO - Client 6162350496 connected
2025-06-04 17:54:25,823 - neural_ui_detector_server - INFO - Received message from client 6162350496: unknown
2025-06-04 17:54:56,527 - websockets.server - INFO - connection open
2025-06-04 17:54:56,528 - neural_ui_detector_server - INFO - Client 6161917392 connected
2025-06-04 17:54:56,529 - neural_ui_detector_server - INFO - Received message from client 6161917392: unknown
2025-06-04 17:55:16,959 - websockets.server - INFO - connection open
2025-06-04 17:55:16,960 - neural_ui_detector_server - INFO - Client 6161919312 connected
2025-06-04 17:55:16,962 - neural_ui_detector_server - INFO - Received message from client 6161919312: unknown
2025-06-04 17:55:37,445 - neural_ui_detector - INFO - PyTorch 2.7.0 available
2025-06-04 17:55:37,507 - neural_ui_detector - INFO - Ultralytics 8.3.148 available
2025-06-04 17:55:37,626 - neural_ui_detector - INFO - Transformers 4.51.3 available
2025-06-04 17:55:37,669 - neural_ui_detector - INFO - ONNX Runtime 1.22.0 available
2025-06-04 17:55:37,669 - neural_ui_detector - INFO - OpenCV 4.11.0 available
2025-06-04 17:55:37,695 - neural_ui_detector - INFO - Selenium available for browser automation
2025-06-04 17:55:37,696 - neural_ui_detector - INFO - Neural UI Detector available components:
2025-06-04 17:55:37,696 - neural_ui_detector - INFO - - YOLO Object Detection: ✅
2025-06-04 17:55:37,696 - neural_ui_detector - INFO - - LayoutLM Document Understanding: ✅
2025-06-04 17:55:37,696 - neural_ui_detector - INFO - - ONNX Model Acceleration: ✅
2025-06-04 17:55:37,696 - neural_ui_detector - INFO - - Computer Vision Support: ✅
2025-06-04 17:55:37,696 - neural_ui_detector - INFO - - Browser Automation: ✅
2025-06-04 17:55:37,732 - neural_ui_detector - INFO - Loaded pre-trained YOLOv8n model
2025-06-04 17:55:39,755 - neural_ui_detector - INFO - LayoutLM imports available (old API)
2025-06-04 17:56:41,992 - neural_ui_detector - INFO - Started new Chrome instance in headless mode
2025-06-04 17:56:45,188 - neural_ui_detector - INFO - Using EasyOCR for text recognition
2025-06-04 17:56:45,232 - neural_ui_detector - INFO - Loaded 3 templates for matching
2025-06-04 17:56:45,232 - neural_ui_detector - INFO - UI Detector Ensemble initialized
2025-06-04 17:56:45,234 - neural_ui_detector - INFO - Loaded interaction memory with 3 entries
2025-06-04 17:56:45,686 - neural_ui_detector_server - INFO - Killing existing process on port 8768: PID 37660
2025-06-04 17:56:46,699 - neural_ui_detector_server - INFO - Starting Neural UI Detector WebSocket Server on port 8768
2025-06-04 17:56:46,836 - websockets.server - INFO - server listening on 127.0.0.1:8768
2025-06-04 17:56:46,839 - websockets.server - INFO - server listening on [::1]:8768
2025-06-04 17:57:22,135 - neural_ui_detector - INFO - PyTorch 2.7.0 available
2025-06-04 17:57:22,214 - neural_ui_detector - INFO - Ultralytics 8.3.148 available
2025-06-04 17:57:22,353 - neural_ui_detector - INFO - Transformers 4.51.3 available
2025-06-04 17:57:22,420 - neural_ui_detector - INFO - ONNX Runtime 1.22.0 available
2025-06-04 17:57:22,421 - neural_ui_detector - INFO - OpenCV 4.11.0 available
2025-06-04 17:57:22,513 - neural_ui_detector - INFO - Selenium available for browser automation
2025-06-04 17:57:22,513 - neural_ui_detector - INFO - Neural UI Detector available components:
2025-06-04 17:57:22,514 - neural_ui_detector - INFO - - YOLO Object Detection: ✅
2025-06-04 17:57:22,514 - neural_ui_detector - INFO - - LayoutLM Document Understanding: ✅
2025-06-04 17:57:22,514 - neural_ui_detector - INFO - - ONNX Model Acceleration: ✅
2025-06-04 17:57:22,514 - neural_ui_detector - INFO - - Computer Vision Support: ✅
2025-06-04 17:57:22,514 - neural_ui_detector - INFO - - Browser Automation: ✅
2025-06-04 17:57:22,588 - neural_ui_detector - INFO - Loaded pre-trained YOLOv8n model
2025-06-04 17:57:26,527 - neural_ui_detector - INFO - LayoutLM imports available (old API)
2025-06-04 17:58:28,902 - neural_ui_detector - INFO - Started new Chrome instance in headless mode
2025-06-04 17:58:32,025 - neural_ui_detector - INFO - Using EasyOCR for text recognition
2025-06-04 17:58:32,059 - neural_ui_detector - INFO - Loaded 3 templates for matching
2025-06-04 17:58:32,060 - neural_ui_detector - INFO - UI Detector Ensemble initialized
2025-06-04 17:58:32,062 - neural_ui_detector - INFO - Loaded interaction memory with 3 entries
2025-06-04 17:58:32,411 - neural_ui_detector_server - INFO - Killing existing process on port 8768: PID 38196
2025-06-04 17:58:33,417 - neural_ui_detector_server - INFO - Starting Neural UI Detector WebSocket Server on port 8768
2025-06-04 17:58:33,492 - websockets.server - INFO - server listening on 127.0.0.1:8768
2025-06-04 17:58:33,493 - websockets.server - INFO - server listening on [::1]:8768
2025-06-04 17:58:41,505 - websockets.server - INFO - connection open
2025-06-04 17:58:41,505 - neural_ui_detector_server - INFO - Client 6108873120 connected
2025-06-04 17:58:41,506 - neural_ui_detector_server - INFO - Received message from client 6108873120: unknown
2025-06-04 17:59:03,877 - websockets.server - INFO - connection open
2025-06-04 17:59:03,877 - neural_ui_detector_server - INFO - Client 6108456400 connected
2025-06-04 17:59:03,878 - neural_ui_detector_server - INFO - Received message from client 6108456400: unknown
2025-06-04 17:59:36,909 - websockets.server - INFO - connection open
2025-06-04 17:59:36,927 - neural_ui_detector_server - INFO - Client 6108458320 connected
2025-06-04 17:59:36,940 - neural_ui_detector_server - INFO - Received message from client 6108458320: unknown
2025-06-04 17:59:57,564 - websockets.server - INFO - connection open
2025-06-04 17:59:57,569 - neural_ui_detector_server - INFO - Client 6107788432 connected
2025-06-04 17:59:57,572 - neural_ui_detector_server - INFO - Received message from client 6107788432: unknown
2025-06-04 18:00:19,197 - websockets.server - INFO - connection open
2025-06-04 18:00:19,206 - neural_ui_detector_server - INFO - Client 6108922544 connected
2025-06-04 18:00:19,209 - neural_ui_detector_server - INFO - Received message from client 6108922544: unknown
2025-06-04 18:01:18,437 - websockets.server - INFO - connection open
2025-06-04 18:01:18,442 - neural_ui_detector_server - INFO - Client 6108924976 connected
2025-06-04 18:01:18,446 - neural_ui_detector_server - INFO - Received message from client 6108924976: unknown
2025-06-04 18:02:03,691 - websockets.server - INFO - connection open
2025-06-04 18:02:03,694 - neural_ui_detector_server - INFO - Client 6108925888 connected
2025-06-04 18:02:03,696 - neural_ui_detector_server - INFO - Received message from client 6108925888: unknown
2025-06-04 18:02:36,251 - websockets.server - INFO - connection open
2025-06-04 18:02:36,253 - neural_ui_detector_server - INFO - Client 6108926496 connected
2025-06-04 18:02:36,254 - neural_ui_detector_server - INFO - Received message from client 6108926496: unknown
2025-06-04 18:02:56,661 - websockets.server - INFO - connection open
2025-06-04 18:02:56,663 - neural_ui_detector_server - INFO - Client 6108927104 connected
2025-06-04 18:02:56,665 - neural_ui_detector_server - INFO - Received message from client 6108927104: unknown
2025-06-04 18:05:03,180 - websockets.server - INFO - connection open
2025-06-04 18:05:03,181 - neural_ui_detector_server - INFO - Client 6108927712 connected
2025-06-04 18:05:03,182 - neural_ui_detector_server - INFO - Received message from client 6108927712: unknown
2025-06-04 18:05:43,848 - websockets.server - INFO - connection open
2025-06-04 18:05:43,850 - neural_ui_detector_server - INFO - Client 6108928320 connected
2025-06-04 18:05:43,851 - neural_ui_detector_server - INFO - Received message from client 6108928320: unknown
2025-06-04 18:06:18,386 - websockets.server - INFO - connection open
2025-06-04 18:06:18,389 - neural_ui_detector_server - INFO - Client 6108928928 connected
2025-06-04 18:06:18,391 - neural_ui_detector_server - INFO - Received message from client 6108928928: unknown
2025-06-04 18:06:40,753 - websockets.server - INFO - connection open
2025-06-04 18:06:40,755 - neural_ui_detector_server - INFO - Client 6108929536 connected
2025-06-04 18:06:40,756 - neural_ui_detector_server - INFO - Received message from client 6108929536: unknown
2025-06-04 18:07:13,334 - websockets.server - INFO - connection open
2025-06-04 18:07:13,336 - neural_ui_detector_server - INFO - Client 6108930144 connected
2025-06-04 18:07:13,339 - neural_ui_detector_server - INFO - Received message from client 6108930144: unknown
2025-06-04 18:07:36,291 - websockets.server - INFO - connection open
2025-06-04 18:07:36,293 - neural_ui_detector_server - INFO - Client 6108930752 connected
2025-06-04 18:07:36,296 - neural_ui_detector_server - INFO - Received message from client 6108930752: unknown
2025-06-04 18:08:39,505 - websockets.server - INFO - connection open
2025-06-04 18:08:39,507 - neural_ui_detector_server - INFO - Client 6108931360 connected
2025-06-04 18:08:39,509 - neural_ui_detector_server - INFO - Received message from client 6108931360: unknown
2025-06-04 18:08:59,928 - websockets.server - INFO - connection open
2025-06-04 18:08:59,930 - neural_ui_detector_server - INFO - Client 6108931968 connected
2025-06-04 18:08:59,931 - neural_ui_detector_server - INFO - Received message from client 6108931968: unknown
2025-06-04 18:09:54,355 - websockets.server - INFO - connection open
2025-06-04 18:09:54,359 - neural_ui_detector_server - INFO - Client 6108932576 connected
2025-06-04 18:09:54,361 - neural_ui_detector_server - INFO - Received message from client 6108932576: unknown
2025-06-04 18:10:14,999 - websockets.server - INFO - connection open
2025-06-04 18:10:15,004 - neural_ui_detector_server - INFO - Client 6108933184 connected
2025-06-04 18:10:15,024 - neural_ui_detector_server - INFO - Received message from client 6108933184: unknown
2025-06-04 18:13:35,208 - neural_ui_detector - INFO - PyTorch 2.7.0 available
2025-06-04 18:13:35,405 - neural_ui_detector - INFO - Ultralytics 8.3.148 available
2025-06-04 18:13:35,680 - neural_ui_detector - INFO - Transformers 4.51.3 available
2025-06-04 18:13:35,920 - neural_ui_detector - INFO - ONNX Runtime 1.22.0 available
2025-06-04 18:13:35,920 - neural_ui_detector - INFO - OpenCV 4.11.0 available
2025-06-04 18:13:35,978 - neural_ui_detector - INFO - Selenium available for browser automation
2025-06-04 18:13:35,978 - neural_ui_detector - INFO - Neural UI Detector available components:
2025-06-04 18:13:35,978 - neural_ui_detector - INFO - - YOLO Object Detection: ✅
2025-06-04 18:13:35,978 - neural_ui_detector - INFO - - LayoutLM Document Understanding: ✅
2025-06-04 18:13:35,978 - neural_ui_detector - INFO - - ONNX Model Acceleration: ✅
2025-06-04 18:13:35,978 - neural_ui_detector - INFO - - Computer Vision Support: ✅
2025-06-04 18:13:35,978 - neural_ui_detector - INFO - - Browser Automation: ✅
2025-06-04 18:13:36,052 - neural_ui_detector - INFO - Loaded pre-trained YOLOv8n model
2025-06-04 18:13:39,485 - neural_ui_detector - INFO - LayoutLM imports available (old API)
2025-06-04 18:14:44,060 - neural_ui_detector - INFO - Started new Chrome instance in headless mode
2025-06-04 18:14:48,302 - neural_ui_detector - INFO - Using EasyOCR for text recognition
2025-06-04 18:14:48,338 - neural_ui_detector - INFO - Loaded 3 templates for matching
2025-06-04 18:14:48,339 - neural_ui_detector - INFO - UI Detector Ensemble initialized
2025-06-04 18:14:48,342 - neural_ui_detector - INFO - Loaded interaction memory with 3 entries
2025-06-04 18:14:48,845 - neural_ui_detector_server - INFO - Killing existing process on port 8768: PID 44738
2025-06-04 18:14:49,884 - neural_ui_detector_server - INFO - Starting Neural UI Detector WebSocket Server on port 8768
2025-06-04 18:14:50,068 - websockets.server - INFO - server listening on 127.0.0.1:8768
2025-06-04 18:14:50,071 - websockets.server - INFO - server listening on [::1]:8768
2025-06-04 18:14:53,596 - websockets.server - INFO - connection open
2025-06-04 18:14:53,605 - neural_ui_detector_server - INFO - Client 6137168288 connected
2025-06-04 18:14:53,611 - neural_ui_detector_server - INFO - Received message from client 6137168288: unknown
2025-06-04 18:15:04,294 - websockets.server - INFO - connection open
2025-06-04 18:15:04,299 - neural_ui_detector_server - INFO - Client 6136751568 connected
2025-06-04 18:15:04,312 - neural_ui_detector_server - INFO - Received message from client 6136751568: unknown
2025-06-04 18:15:38,224 - websockets.server - INFO - connection open
2025-06-04 18:15:38,228 - neural_ui_detector_server - INFO - Client 6136753488 connected
2025-06-04 18:15:38,229 - neural_ui_detector_server - INFO - Received message from client 6136753488: unknown
2025-06-04 18:16:00,748 - websockets.server - INFO - connection open
2025-06-04 18:16:00,751 - neural_ui_detector_server - INFO - Client 6136099984 connected
2025-06-04 18:16:00,753 - neural_ui_detector_server - INFO - Received message from client 6136099984: unknown
2025-06-04 18:16:11,112 - websockets.server - INFO - connection open
2025-06-04 18:16:11,121 - neural_ui_detector_server - INFO - Client 6137217712 connected
2025-06-04 18:16:11,125 - neural_ui_detector_server - INFO - Received message from client 6137217712: unknown
2025-06-04 18:16:21,339 - websockets.server - INFO - connection open
2025-06-04 18:16:21,340 - neural_ui_detector_server - INFO - Client 6137220144 connected
2025-06-04 18:16:21,341 - neural_ui_detector_server - INFO - Received message from client 6137220144: unknown
2025-06-04 18:16:31,811 - websockets.server - INFO - connection open
2025-06-04 18:16:31,812 - neural_ui_detector_server - INFO - Client 6137221056 connected
2025-06-04 18:16:31,814 - neural_ui_detector_server - INFO - Received message from client 6137221056: unknown
2025-06-04 18:16:42,000 - websockets.server - INFO - connection open
2025-06-04 18:16:42,001 - neural_ui_detector_server - INFO - Client 6137221664 connected
2025-06-04 18:16:42,001 - neural_ui_detector_server - INFO - Received message from client 6137221664: unknown
2025-06-04 18:16:52,496 - websockets.server - INFO - connection open
2025-06-04 18:16:52,498 - neural_ui_detector_server - INFO - Client 6137222272 connected
2025-06-04 18:16:52,501 - neural_ui_detector_server - INFO - Received message from client 6137222272: unknown
2025-06-04 18:17:02,774 - websockets.server - INFO - connection open
2025-06-04 18:17:02,777 - neural_ui_detector_server - INFO - Client 6137222880 connected
2025-06-04 18:17:02,778 - neural_ui_detector_server - INFO - Received message from client 6137222880: unknown
2025-06-04 18:17:35,642 - websockets.server - INFO - connection open
2025-06-04 18:17:35,645 - neural_ui_detector_server - INFO - Client 6137223488 connected
2025-06-04 18:17:35,648 - neural_ui_detector_server - INFO - Received message from client 6137223488: unknown
2025-06-04 18:17:58,820 - websockets.server - INFO - connection open
2025-06-04 18:17:58,827 - neural_ui_detector_server - INFO - Client 6137224096 connected
2025-06-04 18:17:58,833 - neural_ui_detector_server - INFO - Received message from client 6137224096: unknown
2025-06-04 18:18:09,113 - websockets.server - INFO - connection open
2025-06-04 18:18:09,116 - neural_ui_detector_server - INFO - Client 6137224704 connected
2025-06-04 18:18:09,117 - neural_ui_detector_server - INFO - Received message from client 6137224704: unknown
2025-06-04 18:18:19,717 - websockets.server - INFO - connection open
2025-06-04 18:18:19,726 - neural_ui_detector_server - INFO - Client 6137225312 connected
2025-06-04 18:18:19,739 - neural_ui_detector_server - INFO - Received message from client 6137225312: unknown
2025-06-04 18:19:20,152 - websockets.server - INFO - connection open
2025-06-04 18:19:20,155 - neural_ui_detector_server - INFO - Client 6137225920 connected
2025-06-04 18:19:20,157 - neural_ui_detector_server - INFO - Received message from client 6137225920: unknown
2025-06-04 18:19:30,327 - websockets.server - INFO - connection open
2025-06-04 18:19:30,328 - neural_ui_detector_server - INFO - Client 6137226528 connected
2025-06-04 18:19:30,328 - neural_ui_detector_server - INFO - Received message from client 6137226528: unknown
2025-06-04 18:20:00,854 - websockets.server - INFO - connection open
2025-06-04 18:20:00,855 - neural_ui_detector_server - INFO - Client 6137227136 connected
2025-06-04 18:20:00,855 - neural_ui_detector_server - INFO - Received message from client 6137227136: unknown
2025-06-04 18:20:11,026 - websockets.server - INFO - connection open
2025-06-04 18:20:11,026 - neural_ui_detector_server - INFO - Client 6137227744 connected
2025-06-04 18:20:11,027 - neural_ui_detector_server - INFO - Received message from client 6137227744: unknown
2025-06-04 18:20:43,778 - websockets.server - INFO - connection open
2025-06-04 18:20:43,785 - neural_ui_detector_server - INFO - Client 6137228352 connected
2025-06-04 18:20:43,785 - neural_ui_detector_server - INFO - Received message from client 6137228352: unknown
2025-06-04 18:20:54,277 - websockets.server - INFO - connection open
2025-06-04 18:20:54,291 - neural_ui_detector_server - INFO - Client 6137228960 connected
2025-06-04 18:20:54,306 - neural_ui_detector_server - INFO - Received message from client 6137228960: unknown
2025-06-04 18:21:04,873 - websockets.server - INFO - connection open
2025-06-04 18:21:04,874 - neural_ui_detector_server - INFO - Client 6137229568 connected
2025-06-04 18:21:04,878 - neural_ui_detector_server - INFO - Received message from client 6137229568: unknown
2025-06-04 18:21:15,171 - websockets.server - INFO - connection open
2025-06-04 18:21:15,173 - neural_ui_detector_server - INFO - Client 6137230176 connected
2025-06-04 18:21:15,180 - neural_ui_detector_server - INFO - Received message from client 6137230176: unknown
2025-06-04 18:21:49,554 - websockets.server - INFO - connection open
2025-06-04 18:21:49,557 - neural_ui_detector_server - INFO - Client 6137230784 connected
2025-06-04 18:21:49,558 - neural_ui_detector_server - INFO - Received message from client 6137230784: unknown
2025-06-04 18:21:59,760 - websockets.server - INFO - connection open
2025-06-04 18:21:59,761 - neural_ui_detector_server - INFO - Client 6137231392 connected
2025-06-04 18:21:59,762 - neural_ui_detector_server - INFO - Received message from client 6137231392: unknown
2025-06-04 18:22:09,985 - websockets.server - INFO - connection open
2025-06-04 18:22:09,986 - neural_ui_detector_server - INFO - Client 6137232000 connected
2025-06-04 18:22:09,987 - neural_ui_detector_server - INFO - Received message from client 6137232000: unknown
2025-06-04 18:22:20,296 - websockets.server - INFO - connection open
2025-06-04 18:22:20,298 - neural_ui_detector_server - INFO - Client 6137232608 connected
2025-06-04 18:22:20,299 - neural_ui_detector_server - INFO - Received message from client 6137232608: unknown
2025-06-04 18:22:30,506 - websockets.server - INFO - connection open
2025-06-04 18:22:30,507 - neural_ui_detector_server - INFO - Client 6169575504 connected
2025-06-04 18:22:30,508 - neural_ui_detector_server - INFO - Received message from client 6169575504: unknown
2025-06-04 18:22:40,677 - websockets.server - INFO - connection open
2025-06-04 18:22:40,678 - neural_ui_detector_server - INFO - Client 6169576112 connected
2025-06-04 18:22:40,678 - neural_ui_detector_server - INFO - Received message from client 6169576112: unknown
2025-06-04 18:22:50,864 - websockets.server - INFO - connection open
2025-06-04 18:22:50,865 - neural_ui_detector_server - INFO - Client 6136099984 connected
2025-06-04 18:22:50,866 - neural_ui_detector_server - INFO - Received message from client 6136099984: unknown
2025-06-04 18:23:01,054 - websockets.server - INFO - connection open
2025-06-04 18:23:01,054 - neural_ui_detector_server - INFO - Client 6136100896 connected
2025-06-04 18:23:01,055 - neural_ui_detector_server - INFO - Received message from client 6136100896: unknown
2025-06-04 18:23:31,561 - websockets.server - INFO - connection open
2025-06-04 18:23:31,563 - neural_ui_detector_server - INFO - Client 6136101808 connected
2025-06-04 18:23:31,566 - neural_ui_detector_server - INFO - Received message from client 6136101808: unknown
2025-06-04 18:23:41,730 - websockets.server - INFO - connection open
2025-06-04 18:23:41,731 - neural_ui_detector_server - INFO - Client 6136100288 connected
2025-06-04 18:23:41,731 - neural_ui_detector_server - INFO - Received message from client 6136100288: unknown
2025-06-04 18:23:51,912 - websockets.server - INFO - connection open
2025-06-04 18:23:51,913 - neural_ui_detector_server - INFO - Client 6136099680 connected
2025-06-04 18:23:51,914 - neural_ui_detector_server - INFO - Received message from client 6136099680: unknown
2025-06-04 18:24:02,108 - websockets.server - INFO - connection open
2025-06-04 18:24:02,109 - neural_ui_detector_server - INFO - Client 6136098768 connected
2025-06-04 18:24:02,110 - neural_ui_detector_server - INFO - Received message from client 6136098768: unknown
2025-06-04 18:24:22,443 - websockets.server - INFO - connection open
2025-06-04 18:24:22,444 - neural_ui_detector_server - INFO - Client 6169575808 connected
2025-06-04 18:24:22,446 - neural_ui_detector_server - INFO - Received message from client 6169575808: unknown
2025-06-04 18:24:46,783 - websockets.server - INFO - connection open
2025-06-04 18:24:46,797 - neural_ui_detector_server - INFO - Client 6169576720 connected
2025-06-04 18:24:46,828 - neural_ui_detector_server - INFO - Received message from client 6169576720: unknown
2025-06-04 18:25:09,313 - websockets.server - INFO - connection open
2025-06-04 18:25:09,317 - neural_ui_detector_server - INFO - Client 6169577328 connected
2025-06-04 18:25:09,320 - neural_ui_detector_server - INFO - Received message from client 6169577328: unknown
2025-06-04 18:25:31,504 - websockets.server - INFO - connection open
2025-06-04 18:25:31,507 - neural_ui_detector_server - INFO - Client 6169577936 connected
2025-06-04 18:25:31,510 - neural_ui_detector_server - INFO - Received message from client 6169577936: unknown
2025-06-04 18:25:53,960 - websockets.server - INFO - connection open
2025-06-04 18:25:53,963 - neural_ui_detector_server - INFO - Client 6169578544 connected
2025-06-04 18:25:53,965 - neural_ui_detector_server - INFO - Received message from client 6169578544: unknown
2025-06-04 18:26:04,130 - websockets.server - INFO - connection open
2025-06-04 18:26:04,130 - neural_ui_detector_server - INFO - Client 6169579152 connected
2025-06-04 18:26:04,133 - neural_ui_detector_server - INFO - Received message from client 6169579152: unknown
2025-06-04 18:26:14,323 - websockets.server - INFO - connection open
2025-06-04 18:26:14,325 - neural_ui_detector_server - INFO - Client 6169579760 connected
2025-06-04 18:26:14,326 - neural_ui_detector_server - INFO - Received message from client 6169579760: unknown
2025-06-04 18:26:45,322 - websockets.server - INFO - connection open
2025-06-04 18:26:45,325 - neural_ui_detector_server - INFO - Client 6169580368 connected
2025-06-04 18:26:45,328 - neural_ui_detector_server - INFO - Received message from client 6169580368: unknown
2025-06-04 18:26:55,507 - websockets.server - INFO - connection open
2025-06-04 18:26:55,508 - neural_ui_detector_server - INFO - Client 6169580976 connected
2025-06-04 18:26:55,510 - neural_ui_detector_server - INFO - Received message from client 6169580976: unknown
2025-06-04 18:27:18,593 - websockets.server - INFO - connection open
2025-06-04 18:27:18,596 - neural_ui_detector_server - INFO - Client 6169581584 connected
2025-06-04 18:27:18,599 - neural_ui_detector_server - INFO - Received message from client 6169581584: unknown
2025-06-04 18:27:28,898 - websockets.server - INFO - connection open
2025-06-04 18:27:28,900 - neural_ui_detector_server - INFO - Client 6169582192 connected
2025-06-04 18:27:28,902 - neural_ui_detector_server - INFO - Received message from client 6169582192: unknown
2025-06-04 18:27:36,427 - websockets.server - INFO - connection open
2025-06-04 18:27:36,430 - neural_ui_detector_server - INFO - Client 6169582800 connected
2025-06-04 18:27:36,431 - neural_ui_detector_server - INFO - Received message from client 6169582800: unknown
2025-06-04 18:27:39,018 - websockets.server - INFO - connection open
2025-06-04 18:27:39,019 - neural_ui_detector_server - INFO - Client 6169583408 connected
2025-06-04 18:27:39,020 - neural_ui_detector_server - INFO - Received message from client 6169583408: unknown
2025-06-04 18:28:27,898 - websockets.server - INFO - connection open
2025-06-04 18:28:27,907 - neural_ui_detector_server - INFO - Client 6169584016 connected
2025-06-04 18:28:27,917 - neural_ui_detector_server - INFO - Received message from client 6169584016: unknown
2025-06-04 18:29:02,722 - websockets.server - INFO - connection open
2025-06-04 18:29:02,738 - neural_ui_detector_server - INFO - Client 6169584624 connected
2025-06-04 18:29:02,743 - neural_ui_detector_server - INFO - Received message from client 6169584624: unknown
2025-06-04 18:29:13,506 - websockets.server - INFO - connection open
2025-06-04 18:29:13,526 - neural_ui_detector_server - INFO - Client 6169585232 connected
2025-06-04 18:29:13,533 - neural_ui_detector_server - INFO - Received message from client 6169585232: unknown
2025-06-04 18:29:40,876 - websockets.server - INFO - connection open
2025-06-04 18:29:40,893 - neural_ui_detector_server - INFO - Client 6169585840 connected
2025-06-04 18:29:40,906 - neural_ui_detector_server - INFO - Received message from client 6169585840: unknown
2025-06-04 18:29:51,673 - websockets.server - INFO - connection open
2025-06-04 18:29:51,675 - neural_ui_detector_server - INFO - Client 6169586448 connected
2025-06-04 18:29:51,677 - neural_ui_detector_server - INFO - Received message from client 6169586448: unknown
2025-06-04 18:30:48,303 - websockets.server - INFO - connection open
2025-06-04 18:30:48,316 - neural_ui_detector_server - INFO - Client 6169587056 connected
2025-06-04 18:30:48,322 - neural_ui_detector_server - INFO - Received message from client 6169587056: unknown
2025-06-04 18:31:34,048 - websockets.server - INFO - connection open
2025-06-04 18:31:34,057 - neural_ui_detector_server - INFO - Client 6169587664 connected
2025-06-04 18:31:34,059 - neural_ui_detector_server - INFO - Received message from client 6169587664: unknown
2025-06-04 18:31:44,709 - websockets.server - INFO - connection open
2025-06-04 18:31:44,715 - neural_ui_detector_server - INFO - Client 6169588272 connected
2025-06-04 18:31:44,726 - neural_ui_detector_server - INFO - Received message from client 6169588272: unknown
2025-06-04 18:31:56,609 - websockets.server - ERROR - opening handshake failed
Traceback (most recent call last):
  File "/Users/segevbin/Desktop/SensAI/Aiayer/.venv/lib/python3.13/site-packages/websockets/http11.py", line 138, in parse
    request_line = yield from parse_line(read_line)
                   ^^^^^^^^^^^^^^^^^^^^^^^^^^^^^^^^
  File "/Users/segevbin/Desktop/SensAI/Aiayer/.venv/lib/python3.13/site-packages/websockets/http11.py", line 309, in parse_line
    line = yield from read_line(MAX_LINE_LENGTH)
           ^^^^^^^^^^^^^^^^^^^^^^^^^^^^^^^^^^^^^
  File "/Users/segevbin/Desktop/SensAI/Aiayer/.venv/lib/python3.13/site-packages/websockets/streams.py", line 46, in read_line
    raise EOFError(f"stream ends after {p} bytes, before end of line")
EOFError: stream ends after 0 bytes, before end of line

The above exception was the direct cause of the following exception:

Traceback (most recent call last):
  File "/Users/segevbin/Desktop/SensAI/Aiayer/.venv/lib/python3.13/site-packages/websockets/server.py", line 545, in parse
    request = yield from Request.parse(
              ^^^^^^^^^^^^^^^^^^^^^^^^^
        self.reader.read_line,
        ^^^^^^^^^^^^^^^^^^^^^^
    )
    ^
  File "/Users/segevbin/Desktop/SensAI/Aiayer/.venv/lib/python3.13/site-packages/websockets/http11.py", line 140, in parse
    raise EOFError("connection closed while reading HTTP request line") from exc
EOFError: connection closed while reading HTTP request line

The above exception was the direct cause of the following exception:

Traceback (most recent call last):
  File "/Users/segevbin/Desktop/SensAI/Aiayer/.venv/lib/python3.13/site-packages/websockets/asyncio/server.py", line 356, in conn_handler
    await connection.handshake(
    ...<3 lines>...
    )
  File "/Users/segevbin/Desktop/SensAI/Aiayer/.venv/lib/python3.13/site-packages/websockets/asyncio/server.py", line 207, in handshake
    raise self.protocol.handshake_exc
websockets.exceptions.InvalidMessage: did not receive a valid HTTP request
2025-06-04 19:03:49,126 - neural_ui_detector - INFO - PyTorch 2.7.0 available
2025-06-04 19:03:49,195 - neural_ui_detector - INFO - Ultralytics 8.3.148 available
2025-06-04 19:03:49,321 - neural_ui_detector - INFO - Transformers 4.51.3 available
2025-06-04 19:03:49,396 - neural_ui_detector - INFO - ONNX Runtime 1.22.0 available
2025-06-04 19:03:49,396 - neural_ui_detector - INFO - OpenCV 4.11.0 available
2025-06-04 19:03:49,420 - neural_ui_detector - INFO - Selenium available for browser automation
2025-06-04 19:03:49,420 - neural_ui_detector - INFO - Neural UI Detector available components:
2025-06-04 19:03:49,420 - neural_ui_detector - INFO - - YOLO Object Detection: ✅
2025-06-04 19:03:49,420 - neural_ui_detector - INFO - - LayoutLM Document Understanding: ✅
2025-06-04 19:03:49,420 - neural_ui_detector - INFO - - ONNX Model Acceleration: ✅
2025-06-04 19:03:49,420 - neural_ui_detector - INFO - - Computer Vision Support: ✅
2025-06-04 19:03:49,420 - neural_ui_detector - INFO - - Browser Automation: ✅
2025-06-04 19:03:49,451 - neural_ui_detector - INFO - Loaded pre-trained YOLOv8n model
2025-06-04 19:03:53,286 - neural_ui_detector - INFO - LayoutLM imports available (old API)
2025-06-04 19:05:03,646 - neural_ui_detector - INFO - Started new Chrome instance in headless mode
2025-06-04 19:05:15,844 - neural_ui_detector - INFO - Using EasyOCR for text recognition
2025-06-04 19:05:15,896 - neural_ui_detector - INFO - Loaded 3 templates for matching
2025-06-04 19:05:15,897 - neural_ui_detector - INFO - UI Detector Ensemble initialized
2025-06-04 19:05:15,902 - neural_ui_detector - INFO - Loaded interaction memory with 3 entries
2025-06-04 19:05:18,247 - neural_ui_detector_server - INFO - Starting Neural UI Detector WebSocket Server on port 8768
2025-06-04 19:05:18,383 - websockets.server - INFO - server listening on [::1]:8768
2025-06-04 19:05:18,386 - websockets.server - INFO - server listening on 127.0.0.1:8768
2025-06-04 19:05:46,653 - websockets.server - INFO - connection open
2025-06-04 19:05:46,666 - neural_ui_detector_server - INFO - Client 5446156704 connected
2025-06-04 19:05:46,686 - neural_ui_detector_server - INFO - Received message from client 5446156704: unknown
2025-06-04 19:06:07,530 - websockets.server - INFO - connection open
2025-06-04 19:06:07,534 - neural_ui_detector_server - INFO - Client 5445756368 connected
2025-06-04 19:06:07,536 - neural_ui_detector_server - INFO - Received message from client 5445756368: unknown
2025-06-04 19:06:17,742 - websockets.server - INFO - connection open
2025-06-04 19:06:17,745 - neural_ui_detector_server - INFO - Client 5445758288 connected
2025-06-04 19:06:17,747 - neural_ui_detector_server - INFO - Received message from client 5445758288: unknown
2025-06-04 19:06:38,123 - websockets.server - INFO - connection open
2025-06-04 19:06:38,126 - neural_ui_detector_server - INFO - Client 5445088400 connected
2025-06-04 19:06:38,127 - neural_ui_detector_server - INFO - Received message from client 5445088400: unknown
2025-06-04 19:06:48,278 - websockets.server - INFO - connection open
2025-06-04 19:06:48,279 - neural_ui_detector_server - INFO - Client 5446206128 connected
2025-06-04 19:06:48,279 - neural_ui_detector_server - INFO - Received message from client 5446206128: unknown
2025-06-04 19:07:06,164 - neural_ui_detector - INFO - PyTorch 2.7.0 available
2025-06-04 19:07:06,231 - neural_ui_detector - INFO - Ultralytics 8.3.148 available
2025-06-04 19:07:06,360 - neural_ui_detector - INFO - Transformers 4.51.3 available
2025-06-04 19:07:06,406 - neural_ui_detector - INFO - ONNX Runtime 1.22.0 available
2025-06-04 19:07:06,406 - neural_ui_detector - INFO - OpenCV 4.11.0 available
2025-06-04 19:07:06,433 - neural_ui_detector - INFO - Selenium available for browser automation
2025-06-04 19:07:06,433 - neural_ui_detector - INFO - Neural UI Detector available components:
2025-06-04 19:07:06,433 - neural_ui_detector - INFO - - YOLO Object Detection: ✅
2025-06-04 19:07:06,433 - neural_ui_detector - INFO - - LayoutLM Document Understanding: ✅
2025-06-04 19:07:06,433 - neural_ui_detector - INFO - - ONNX Model Acceleration: ✅
2025-06-04 19:07:06,433 - neural_ui_detector - INFO - - Computer Vision Support: ✅
2025-06-04 19:07:06,433 - neural_ui_detector - INFO - - Browser Automation: ✅
2025-06-04 19:07:06,467 - neural_ui_detector - INFO - Loaded pre-trained YOLOv8n model
2025-06-04 19:07:08,612 - neural_ui_detector - INFO - LayoutLM imports available (old API)
2025-06-04 19:08:12,150 - neural_ui_detector - INFO - Started new Chrome instance in headless mode
2025-06-04 19:08:16,365 - neural_ui_detector - INFO - Using EasyOCR for text recognition
2025-06-04 19:08:16,403 - neural_ui_detector - INFO - Loaded 3 templates for matching
2025-06-04 19:08:16,404 - neural_ui_detector - INFO - UI Detector Ensemble initialized
2025-06-04 19:08:16,411 - neural_ui_detector - INFO - Loaded interaction memory with 3 entries
2025-06-04 19:08:17,998 - neural_ui_detector_server - INFO - Starting Neural UI Detector WebSocket Server on port 8768
2025-06-04 19:08:18,109 - websockets.server - INFO - server listening on [::1]:8768
2025-06-04 19:08:18,112 - websockets.server - INFO - server listening on 127.0.0.1:8768
2025-06-04 19:08:20,981 - websockets.server - INFO - connection open
2025-06-04 19:08:20,993 - neural_ui_detector_server - INFO - Client 6152896928 connected
2025-06-04 19:08:21,014 - neural_ui_detector_server - INFO - Received message from client 6152896928: unknown
2025-06-04 19:08:21,258 - websockets.server - INFO - connection open
2025-06-04 19:08:21,258 - neural_ui_detector_server - INFO - Client 6152496592 connected
2025-06-04 19:08:23,091 - neural_ui_detector_server - INFO - Received message from client 6152496592: find
2025-06-04 19:08:23,092 - neural_ui_detector_server - INFO - Performing fresh detection for find operation: button
2025-06-04 19:08:23,397 - neural_ui_detector - INFO - Took screenshot: cache/neural_ui_detector/screenshot_1749078503.png
2025-06-04 19:08:23,398 - neural_ui_detector - INFO - Running yolo detector with 10s timeout
2025-06-04 19:08:23,741 - neural_ui_detector - INFO - YOLO detected 1 UI elements
2025-06-04 19:08:23,741 - neural_ui_detector - INFO - Running accessibility detector with 3s timeout
2025-06-04 19:08:23,741 - neural_ui_detector - INFO - macOS accessibility detected 2 UI elements
2025-06-04 19:08:23,741 - neural_ui_detector - INFO - Running ocr detector with 8s timeout
2025-06-04 19:08:23,804 - neural_ui_detector - INFO - Resized image for OCR from 2940x1912 to 1200x780
2025-06-04 19:08:26,605 - neural_ui_detector - INFO - OCR optimized detected 26 text elements
2025-06-04 19:08:26,607 - neural_ui_detector - INFO - Merged 29 elements into 29 unique elements
2025-06-04 19:09:06,372 - neural_ui_detector - INFO - Saved detection result: cache/neural_ui_detector/detection_1749078503.json
2025-06-04 19:09:06,379 - neural_ui_detector - INFO - UI detection completed in 43.24s with 29 elements
2025-06-04 19:09:06,381 - neural_ui_detector_server - ERROR - Error processing find command: NeuralUIDetector.find_element() got an unexpected keyword argument 'refresh'
2025-06-04 19:09:06,400 - websockets.server - ERROR - opening handshake failed
Traceback (most recent call last):
  File "/Users/segevbin/Desktop/SensAI/Aiayer/.venv/lib/python3.13/site-packages/websockets/asyncio/server.py", line 356, in conn_handler
    await connection.handshake(
    ...<3 lines>...
    )
  File "/Users/segevbin/Desktop/SensAI/Aiayer/.venv/lib/python3.13/site-packages/websockets/asyncio/server.py", line 142, in handshake
    async with self.send_context(expected_state=CONNECTING):
               ~~~~~~~~~~~~~~~~~^^^^^^^^^^^^^^^^^^^^^^^^^^^
  File "/opt/homebrew/Cellar/python@3.13/3.13.3/Frameworks/Python.framework/Versions/3.13/lib/python3.13/contextlib.py", line 214, in __aenter__
    return await anext(self.gen)
           ^^^^^^^^^^^^^^^^^^^^^
  File "/Users/segevbin/Desktop/SensAI/Aiayer/.venv/lib/python3.13/site-packages/websockets/asyncio/connection.py", line 957, in send_context
    raise self.protocol.close_exc from original_exc
websockets.exceptions.ConnectionClosedError: no close frame received or sent
2025-06-04 19:09:07,757 - websockets.server - INFO - connection open
2025-06-04 19:09:07,761 - neural_ui_detector_server - INFO - Client 6099470496 connected
2025-06-04 19:09:07,765 - neural_ui_detector_server - INFO - Received message from client 6099470496: unknown
2025-06-04 19:09:22,647 - websockets.server - INFO - connection open
2025-06-04 19:09:22,653 - neural_ui_detector_server - INFO - Client 6099475056 connected
2025-06-04 19:09:22,671 - neural_ui_detector_server - INFO - Received message from client 6099475056: unknown
2025-06-04 19:09:32,874 - websockets.server - INFO - connection open
2025-06-04 19:09:32,874 - neural_ui_detector_server - INFO - Client 6099477488 connected
2025-06-04 19:09:32,875 - neural_ui_detector_server - INFO - Received message from client 6099477488: unknown
2025-06-04 19:10:03,509 - websockets.server - INFO - connection open
2025-06-04 19:10:03,510 - neural_ui_detector_server - INFO - Client 6099478704 connected
2025-06-04 19:10:03,512 - neural_ui_detector_server - INFO - Received message from client 6099478704: unknown
2025-06-04 19:11:04,421 - websockets.server - INFO - connection open
2025-06-04 19:11:04,422 - neural_ui_detector_server - INFO - Client 6099479616 connected
2025-06-04 19:11:04,423 - neural_ui_detector_server - INFO - Received message from client 6099479616: unknown
2025-06-04 19:11:14,947 - websockets.server - INFO - connection open
2025-06-04 19:11:14,947 - neural_ui_detector_server - INFO - Client 6099480528 connected
2025-06-04 19:11:14,949 - neural_ui_detector_server - INFO - Received message from client 6099480528: unknown
2025-06-04 19:11:15,930 - neural_ui_detector_server - INFO - Received message from client 6152496592: find
2025-06-04 19:11:15,932 - neural_ui_detector_server - INFO - Performing fresh detection for find operation: button
2025-06-04 19:11:16,853 - neural_ui_detector - INFO - Took screenshot: cache/neural_ui_detector/screenshot_1749078675.png
2025-06-04 19:11:16,860 - neural_ui_detector - INFO - Running yolo detector with 10s timeout
2025-06-04 19:11:17,636 - neural_ui_detector - INFO - YOLO detected 0 UI elements
2025-06-04 19:11:17,636 - neural_ui_detector - INFO - Running accessibility detector with 3s timeout
2025-06-04 19:11:17,637 - neural_ui_detector - INFO - macOS accessibility detected 2 UI elements
2025-06-04 19:11:17,638 - neural_ui_detector - INFO - Running ocr detector with 8s timeout
2025-06-04 19:11:17,740 - neural_ui_detector - INFO - Resized image for OCR from 2940x1912 to 1200x780
2025-06-04 19:11:30,386 - neural_ui_detector - INFO - OCR optimized detected 26 text elements
2025-06-04 19:11:30,389 - neural_ui_detector - INFO - Merged 28 elements into 28 unique elements
2025-06-04 19:11:30,462 - neural_ui_detector - INFO - Saved detection result: cache/neural_ui_detector/detection_1749078676.json
2025-06-04 19:11:30,462 - neural_ui_detector - INFO - UI detection completed in 14.52s with 28 elements
2025-06-04 19:11:30,462 - neural_ui_detector_server - ERROR - Error processing find command: NeuralUIDetector.find_element() got an unexpected keyword argument 'refresh'
2025-06-04 19:11:30,465 - neural_ui_detector_server - INFO - Received message from client 6152496592: find
2025-06-04 19:11:30,465 - neural_ui_detector_server - INFO - Performing fresh detection for find operation: text-input
2025-06-04 19:11:31,381 - neural_ui_detector - INFO - Took screenshot: cache/neural_ui_detector/screenshot_1749078690.png
2025-06-04 19:11:31,384 - neural_ui_detector - INFO - Running yolo detector with 10s timeout
2025-06-04 19:11:31,574 - neural_ui_detector - INFO - YOLO detected 0 UI elements
2025-06-04 19:11:31,574 - neural_ui_detector - INFO - Running accessibility detector with 3s timeout
2025-06-04 19:11:31,574 - neural_ui_detector - INFO - macOS accessibility detected 2 UI elements
2025-06-04 19:11:31,574 - neural_ui_detector - INFO - Running ocr detector with 8s timeout
2025-06-04 19:11:31,642 - neural_ui_detector - INFO - Resized image for OCR from 2940x1912 to 1200x780
2025-06-04 19:11:36,649 - neural_ui_detector - INFO - OCR optimized detected 32 text elements
2025-06-04 19:11:36,651 - neural_ui_detector - INFO - Merged 34 elements into 34 unique elements
2025-06-04 19:11:36,722 - neural_ui_detector - INFO - Saved detection result: cache/neural_ui_detector/detection_1749078691.json
2025-06-04 19:11:36,722 - neural_ui_detector - INFO - UI detection completed in 6.25s with 34 elements
2025-06-04 19:11:36,722 - neural_ui_detector_server - ERROR - Error processing find command: NeuralUIDetector.find_element() got an unexpected keyword argument 'refresh'
2025-06-04 19:11:36,723 - neural_ui_detector_server - INFO - Received message from client 6152496592: find
2025-06-04 19:11:36,723 - neural_ui_detector_server - INFO - Performing fresh detection for find operation: search-box
2025-06-04 19:11:37,085 - neural_ui_detector - INFO - Took screenshot: cache/neural_ui_detector/screenshot_1749078696.png
2025-06-04 19:11:37,085 - neural_ui_detector - INFO - Running yolo detector with 10s timeout
2025-06-04 19:11:37,276 - neural_ui_detector - INFO - YOLO detected 0 UI elements
2025-06-04 19:11:37,276 - neural_ui_detector - INFO - Running accessibility detector with 3s timeout
2025-06-04 19:11:37,276 - neural_ui_detector - INFO - macOS accessibility detected 2 UI elements
2025-06-04 19:11:37,277 - neural_ui_detector - INFO - Running ocr detector with 8s timeout
2025-06-04 19:11:37,346 - neural_ui_detector - INFO - Resized image for OCR from 2940x1912 to 1200x780
2025-06-04 19:11:54,816 - neural_ui_detector - INFO - OCR optimized detected 32 text elements
2025-06-04 19:11:54,820 - neural_ui_detector - INFO - Merged 34 elements into 34 unique elements
2025-06-04 19:11:54,981 - neural_ui_detector - INFO - Saved detection result: cache/neural_ui_detector/detection_1749078697.json
2025-06-04 19:11:54,982 - neural_ui_detector - INFO - UI detection completed in 18.25s with 34 elements
2025-06-04 19:11:54,983 - neural_ui_detector_server - ERROR - Error processing find command: NeuralUIDetector.find_element() got an unexpected keyword argument 'refresh'
2025-06-04 19:11:54,988 - neural_ui_detector_server - INFO - Received message from client 6152496592: find
2025-06-04 19:11:54,988 - neural_ui_detector_server - INFO - Performing fresh detection for find operation: checkbox
2025-06-04 19:11:55,799 - neural_ui_detector - INFO - Took screenshot: cache/neural_ui_detector/screenshot_1749078714.png
2025-06-04 19:11:55,803 - neural_ui_detector - INFO - Running yolo detector with 10s timeout
2025-06-04 19:11:56,208 - neural_ui_detector - INFO - YOLO detected 0 UI elements
2025-06-04 19:11:56,208 - neural_ui_detector - INFO - Running accessibility detector with 3s timeout
2025-06-04 19:11:56,208 - neural_ui_detector - INFO - macOS accessibility detected 2 UI elements
2025-06-04 19:11:56,208 - neural_ui_detector - INFO - Running ocr detector with 8s timeout
2025-06-04 19:11:56,287 - neural_ui_detector - INFO - Resized image for OCR from 2940x1912 to 1200x780
2025-06-04 19:12:04,401 - neural_ui_detector - INFO - OCR optimized detected 34 text elements
2025-06-04 19:12:04,403 - neural_ui_detector - INFO - Merged 36 elements into 36 unique elements
2025-06-04 19:12:04,527 - neural_ui_detector - INFO - Saved detection result: cache/neural_ui_detector/detection_1749078715.json
2025-06-04 19:12:04,527 - neural_ui_detector - INFO - UI detection completed in 9.52s with 36 elements
2025-06-04 19:12:04,528 - neural_ui_detector_server - ERROR - Error processing find command: NeuralUIDetector.find_element() got an unexpected keyword argument 'refresh'
2025-06-04 19:12:04,582 - websockets.server - INFO - connection open
2025-06-04 19:12:04,583 - neural_ui_detector_server - INFO - Client 6099481136 connected
2025-06-04 19:12:12,810 - websockets.server - INFO - connection open
2025-06-04 19:12:12,818 - neural_ui_detector_server - INFO - Client 6099482656 connected
2025-06-04 19:12:12,822 - neural_ui_detector_server - INFO - Received message from client 6099482656: unknown
2025-06-04 19:12:35,010 - websockets.server - INFO - connection open
2025-06-04 19:12:35,032 - neural_ui_detector_server - INFO - Client 6099483872 connected
2025-06-04 19:12:35,059 - neural_ui_detector_server - INFO - Received message from client 6099483872: unknown
2025-06-04 19:12:55,686 - websockets.server - INFO - connection open
2025-06-04 19:12:55,688 - neural_ui_detector_server - INFO - Client 6099483264 connected
2025-06-04 19:12:55,689 - neural_ui_detector_server - INFO - Received message from client 6099483264: unknown
2025-06-04 19:13:26,075 - websockets.server - INFO - connection open
2025-06-04 19:13:26,078 - neural_ui_detector_server - INFO - Client 6170116176 connected
2025-06-04 19:13:26,081 - neural_ui_detector_server - INFO - Received message from client 6170116176: unknown
2025-06-04 19:13:46,378 - websockets.server - INFO - connection open
2025-06-04 19:13:46,379 - neural_ui_detector_server - INFO - Client 6170116784 connected
2025-06-04 19:13:46,379 - neural_ui_detector_server - INFO - Received message from client 6170116784: unknown
2025-06-04 19:13:56,505 - websockets.server - INFO - connection open
2025-06-04 19:13:56,506 - neural_ui_detector_server - INFO - Client 6170117392 connected
2025-06-04 19:13:56,507 - neural_ui_detector_server - INFO - Received message from client 6170117392: unknown
2025-06-04 19:14:16,849 - websockets.server - INFO - connection open
2025-06-04 19:14:16,849 - neural_ui_detector_server - INFO - Client 6170118000 connected
2025-06-04 19:14:16,850 - neural_ui_detector_server - INFO - Received message from client 6170118000: unknown
2025-06-04 19:14:27,101 - websockets.server - INFO - connection open
2025-06-04 19:14:27,102 - neural_ui_detector_server - INFO - Client 6170118608 connected
2025-06-04 19:14:27,104 - neural_ui_detector_server - INFO - Received message from client 6170118608: unknown
2025-06-04 19:15:07,665 - neural_ui_detector_server - INFO - Received message from client 6099481136: find
2025-06-04 19:15:07,673 - neural_ui_detector_server - INFO - Performing fresh detection for find operation: button
2025-06-04 19:15:08,392 - neural_ui_detector - INFO - Took screenshot: cache/neural_ui_detector/screenshot_1749078907.png
2025-06-04 19:15:08,399 - neural_ui_detector - INFO - Running yolo detector with 10s timeout
2025-06-04 19:15:09,425 - neural_ui_detector - INFO - YOLO detected 1 UI elements
2025-06-04 19:15:09,426 - neural_ui_detector - INFO - Running accessibility detector with 3s timeout
2025-06-04 19:15:09,426 - neural_ui_detector - INFO - macOS accessibility detected 2 UI elements
2025-06-04 19:15:09,427 - neural_ui_detector - INFO - Running ocr detector with 8s timeout
2025-06-04 19:15:09,504 - neural_ui_detector - INFO - Resized image for OCR from 2940x1912 to 1200x780
2025-06-04 19:15:37,143 - neural_ui_detector - INFO - OCR optimized detected 26 text elements
2025-06-04 19:15:37,153 - neural_ui_detector - INFO - Merged 29 elements into 29 unique elements
2025-06-04 19:16:48,066 - neural_ui_detector - INFO - Saved detection result: cache/neural_ui_detector/detection_1749078908.json
2025-06-04 19:16:48,069 - neural_ui_detector - INFO - UI detection completed in 100.37s with 29 elements
2025-06-04 19:16:48,070 - neural_ui_detector_server - ERROR - Error processing find command: NeuralUIDetector.find_element() got an unexpected keyword argument 'refresh'
2025-06-04 19:16:48,104 - websockets.server - INFO - connection open
2025-06-04 19:16:48,104 - websockets.server - ERROR - opening handshake failed
Traceback (most recent call last):
  File "/Users/segevbin/Desktop/SensAI/Aiayer/.venv/lib/python3.13/site-packages/websockets/asyncio/server.py", line 356, in conn_handler
    await connection.handshake(
    ...<3 lines>...
    )
  File "/Users/segevbin/Desktop/SensAI/Aiayer/.venv/lib/python3.13/site-packages/websockets/asyncio/server.py", line 142, in handshake
    async with self.send_context(expected_state=CONNECTING):
               ~~~~~~~~~~~~~~~~~^^^^^^^^^^^^^^^^^^^^^^^^^^^
  File "/opt/homebrew/Cellar/python@3.13/3.13.3/Frameworks/Python.framework/Versions/3.13/lib/python3.13/contextlib.py", line 214, in __aenter__
    return await anext(self.gen)
           ^^^^^^^^^^^^^^^^^^^^^
  File "/Users/segevbin/Desktop/SensAI/Aiayer/.venv/lib/python3.13/site-packages/websockets/asyncio/connection.py", line 957, in send_context
    raise self.protocol.close_exc from original_exc
websockets.exceptions.ConnectionClosedError: no close frame received or sent
2025-06-04 19:16:48,582 - websockets.server - INFO - connection open
2025-06-04 19:16:48,583 - neural_ui_detector_server - INFO - Client 6099482960 connected
2025-06-04 19:16:48,584 - neural_ui_detector_server - INFO - Received message from client 6099482960: unknown
2025-06-04 19:17:09,682 - websockets.server - INFO - connection open
2025-06-04 19:17:09,686 - neural_ui_detector_server - INFO - Client 6099483872 connected
2025-06-04 19:17:09,687 - neural_ui_detector_server - INFO - Received message from client 6099483872: unknown
2025-06-04 19:17:53,411 - websockets.server - INFO - connection open
2025-06-04 19:17:53,414 - neural_ui_detector_server - INFO - Client 6099482656 connected
2025-06-04 19:17:53,418 - neural_ui_detector_server - INFO - Received message from client 6099482656: unknown
2025-06-04 19:18:03,716 - websockets.server - INFO - connection open
2025-06-04 19:18:03,718 - neural_ui_detector_server - INFO - Client 6099480528 connected
2025-06-04 19:18:03,719 - neural_ui_detector_server - INFO - Received message from client 6099480528: unknown
2025-06-04 19:18:47,246 - websockets.server - INFO - connection open
2025-06-04 19:18:47,370 - neural_ui_detector_server - INFO - Client 6099479616 connected
2025-06-04 19:18:47,392 - neural_ui_detector_server - INFO - Received message from client 6099479616: unknown
2025-06-04 19:19:18,546 - websockets.server - INFO - connection open
2025-06-04 19:19:18,552 - neural_ui_detector_server - INFO - Client 6099478704 connected
2025-06-04 19:19:18,556 - neural_ui_detector_server - INFO - Received message from client 6099478704: unknown
2025-06-04 19:19:26,044 - neural_ui_detector - INFO - PyTorch 2.7.0 available
2025-06-04 19:19:26,133 - neural_ui_detector - INFO - Ultralytics 8.3.148 available
2025-06-04 19:19:26,361 - neural_ui_detector - INFO - Transformers 4.51.3 available
2025-06-04 19:19:26,476 - neural_ui_detector - INFO - ONNX Runtime 1.22.0 available
2025-06-04 19:19:26,476 - neural_ui_detector - INFO - OpenCV 4.11.0 available
2025-06-04 19:19:26,532 - neural_ui_detector - INFO - Selenium available for browser automation
2025-06-04 19:19:26,532 - neural_ui_detector - INFO - Neural UI Detector available components:
2025-06-04 19:19:26,532 - neural_ui_detector - INFO - - YOLO Object Detection: ✅
2025-06-04 19:19:26,532 - neural_ui_detector - INFO - - LayoutLM Document Understanding: ✅
2025-06-04 19:19:26,532 - neural_ui_detector - INFO - - ONNX Model Acceleration: ✅
2025-06-04 19:19:26,532 - neural_ui_detector - INFO - - Computer Vision Support: ✅
2025-06-04 19:19:26,532 - neural_ui_detector - INFO - - Browser Automation: ✅
2025-06-04 19:19:26,613 - neural_ui_detector - INFO - Loaded pre-trained YOLOv8n model
2025-06-04 19:19:35,515 - neural_ui_detector - INFO - LayoutLM imports available (old API)
2025-06-04 19:19:57,830 - neural_ui_detector - INFO - PyTorch 2.7.0 available
2025-06-04 19:19:57,913 - neural_ui_detector - INFO - Ultralytics 8.3.148 available
2025-06-04 19:19:58,056 - neural_ui_detector - INFO - Transformers 4.51.3 available
2025-06-04 19:19:58,106 - neural_ui_detector - INFO - ONNX Runtime 1.22.0 available
2025-06-04 19:19:58,106 - neural_ui_detector - INFO - OpenCV 4.11.0 available
2025-06-04 19:19:58,138 - neural_ui_detector - INFO - Selenium available for browser automation
2025-06-04 19:19:58,139 - neural_ui_detector - INFO - Neural UI Detector available components:
2025-06-04 19:19:58,139 - neural_ui_detector - INFO - - YOLO Object Detection: ✅
2025-06-04 19:19:58,139 - neural_ui_detector - INFO - - LayoutLM Document Understanding: ✅
2025-06-04 19:19:58,139 - neural_ui_detector - INFO - - ONNX Model Acceleration: ✅
2025-06-04 19:19:58,140 - neural_ui_detector - INFO - - Computer Vision Support: ✅
2025-06-04 19:19:58,140 - neural_ui_detector - INFO - - Browser Automation: ✅
2025-06-04 19:19:58,196 - neural_ui_detector - INFO - Loaded pre-trained YOLOv8n model
2025-06-04 19:20:03,422 - neural_ui_detector - INFO - LayoutLM imports available (old API)
2025-06-04 19:20:39,944 - neural_ui_detector - INFO - Started new Chrome instance in headless mode
2025-06-04 19:20:43,348 - neural_ui_detector - INFO - Using EasyOCR for text recognition
2025-06-04 19:20:43,380 - neural_ui_detector - INFO - Loaded 3 templates for matching
2025-06-04 19:20:43,380 - neural_ui_detector - INFO - UI Detector Ensemble initialized
2025-06-04 19:20:43,383 - neural_ui_detector - INFO - Loaded interaction memory with 3 entries
2025-06-04 19:20:44,941 - neural_ui_detector_server - INFO - Starting Neural UI Detector WebSocket Server on port 8768
2025-06-04 19:20:45,066 - websockets.server - INFO - server listening on [::1]:8768
2025-06-04 19:20:45,072 - websockets.server - INFO - server listening on 127.0.0.1:8768
2025-06-04 19:20:51,128 - websockets.server - INFO - connection open
2025-06-04 19:20:51,129 - neural_ui_detector_server - INFO - Client 6143459744 connected
2025-06-04 19:20:51,132 - neural_ui_detector_server - INFO - Received message from client 6143459744: unknown
2025-06-04 19:21:06,221 - neural_ui_detector - INFO - Started new Chrome instance in headless mode
2025-06-04 19:21:10,568 - neural_ui_detector - INFO - Using EasyOCR for text recognition
2025-06-04 19:21:10,589 - neural_ui_detector - INFO - Loaded 3 templates for matching
2025-06-04 19:21:10,589 - neural_ui_detector - INFO - UI Detector Ensemble initialized
2025-06-04 19:21:10,592 - neural_ui_detector - INFO - Loaded interaction memory with 3 entries
2025-06-04 19:21:11,059 - neural_ui_detector_server - INFO - Killing existing process on port 8768: PID 57522
2025-06-04 19:21:12,069 - neural_ui_detector_server - INFO - Starting Neural UI Detector WebSocket Server on port 8768
2025-06-04 19:21:12,146 - websockets.server - INFO - server listening on 127.0.0.1:8768
2025-06-04 19:21:12,147 - websockets.server - INFO - server listening on [::1]:8768
2025-06-04 19:21:32,385 - websockets.server - INFO - connection open
2025-06-04 19:21:32,386 - neural_ui_detector_server - INFO - Client 6439158176 connected
2025-06-04 19:21:32,389 - neural_ui_detector_server - INFO - Received message from client 6439158176: unknown
2025-06-04 19:21:42,596 - websockets.server - INFO - connection open
2025-06-04 19:21:42,598 - neural_ui_detector_server - INFO - Client 6438757840 connected
2025-06-04 19:21:42,604 - neural_ui_detector_server - INFO - Received message from client 6438757840: unknown
2025-06-04 19:22:13,103 - websockets.server - INFO - connection open
2025-06-04 19:22:13,106 - neural_ui_detector_server - INFO - Client 6438759760 connected
2025-06-04 19:22:13,277 - websockets.server - INFO - connection open
2025-06-04 19:22:13,277 - neural_ui_detector_server - INFO - Client 6438090176 connected
2025-06-04 19:22:13,279 - neural_ui_detector_server - INFO - Received message from client 6438090176: unknown
2025-06-04 19:22:17,045 - websockets.server - INFO - connection open
2025-06-04 19:22:17,045 - neural_ui_detector_server - INFO - Client 6439207600 connected
2025-06-04 19:22:17,053 - neural_ui_detector_server - INFO - Received message from client 6439207600: ping
2025-06-04 19:22:17,055 - neural_ui_detector_server - ERROR - Error processing message from client 6439207600: received 1005 (no status received [internal]); then sent 1005 (no status received [internal])
2025-06-04 19:22:17,056 - neural_ui_detector_server - INFO - Client 6439207600 disconnected
2025-06-04 19:22:20,935 - neural_ui_detector_server - INFO - Received message from client 6438759760: detect
2025-06-04 19:22:21,516 - neural_ui_detector - INFO - Took screenshot: cache/neural_ui_detector/screenshot_1749079340.png
2025-06-04 19:22:21,519 - neural_ui_detector - INFO - Running yolo detector with 10s timeout
2025-06-04 19:22:21,985 - neural_ui_detector - INFO - YOLO detected 0 UI elements
2025-06-04 19:22:21,985 - neural_ui_detector - INFO - Running accessibility detector with 3s timeout
2025-06-04 19:22:21,985 - neural_ui_detector - INFO - macOS accessibility detected 2 UI elements
2025-06-04 19:22:21,985 - neural_ui_detector - INFO - Running ocr detector with 8s timeout
2025-06-04 19:22:22,067 - neural_ui_detector - INFO - Resized image for OCR from 2940x1912 to 1200x780
2025-06-04 19:22:26,680 - neural_ui_detector - INFO - OCR optimized detected 55 text elements
2025-06-04 19:22:26,681 - neural_ui_detector - INFO - Merged 57 elements into 57 unique elements
2025-06-04 19:22:26,751 - neural_ui_detector - INFO - Saved detection result: cache/neural_ui_detector/detection_1749079341.json
2025-06-04 19:22:26,751 - neural_ui_detector - INFO - UI detection completed in 5.81s with 57 elements
2025-06-04 19:22:26,838 - neural_ui_detector - INFO - Saved visualization: cache/neural_ui_detector/visualization_1749079346.png
2025-06-04 19:22:26,866 - neural_ui_detector_server - INFO - Received message from client 6438759760: detect
2025-06-04 19:22:26,866 - neural_ui_detector_server - INFO - Using recent detection result
2025-06-04 19:22:26,948 - neural_ui_detector - INFO - Saved visualization: cache/neural_ui_detector/visualization_1749079346.png
2025-06-04 19:22:26,974 - websockets.server - INFO - connection open
2025-06-04 19:22:26,975 - neural_ui_detector_server - INFO - Client 6438091088 connected
2025-06-04 19:22:26,977 - neural_ui_detector_server - INFO - Received message from client 6438091088: unknown
2025-06-04 19:22:27,894 - neural_ui_detector_server - INFO - Received message from client 6438759760: detect
2025-06-04 19:22:27,894 - neural_ui_detector_server - INFO - Using recent detection result
2025-06-04 19:22:28,021 - neural_ui_detector - INFO - Saved visualization: cache/neural_ui_detector/visualization_1749079347.png
2025-06-04 19:22:29,068 - neural_ui_detector_server - INFO - Received message from client 6438759760: detect
2025-06-04 19:22:29,068 - neural_ui_detector_server - INFO - Using recent detection result
2025-06-04 19:22:29,164 - neural_ui_detector - INFO - Saved visualization: cache/neural_ui_detector/visualization_1749079349.png
2025-06-04 19:22:33,623 - neural_ui_detector_server - INFO - Received message from client 6438759760: click
2025-06-04 19:22:33,964 - neural_ui_detector - INFO - Took screenshot: cache/neural_ui_detector/screenshot_1749079353.png
2025-06-04 19:22:33,965 - neural_ui_detector - INFO - Running yolo detector with 10s timeout
2025-06-04 19:22:34,112 - neural_ui_detector - INFO - YOLO detected 0 UI elements
2025-06-04 19:22:34,112 - neural_ui_detector - INFO - Running accessibility detector with 3s timeout
2025-06-04 19:22:34,112 - neural_ui_detector - INFO - macOS accessibility detected 2 UI elements
2025-06-04 19:22:34,112 - neural_ui_detector - INFO - Running ocr detector with 8s timeout
2025-06-04 19:22:34,173 - neural_ui_detector - INFO - Resized image for OCR from 2940x1912 to 1200x780
2025-06-04 19:22:37,028 - neural_ui_detector - INFO - OCR optimized detected 53 text elements
2025-06-04 19:22:37,030 - neural_ui_detector - INFO - Merged 55 elements into 55 unique elements
2025-06-04 19:22:37,095 - neural_ui_detector - INFO - Saved detection result: cache/neural_ui_detector/detection_1749079353.json
2025-06-04 19:22:37,095 - neural_ui_detector - INFO - UI detection completed in 3.46s with 55 elements
2025-06-04 19:22:37,462 - neural_ui_detector - INFO - Saved interaction memory with 4 entries
2025-06-04 19:22:37,463 - neural_ui_detector - INFO - Clicked element 'testButton' at (185, 766)
2025-06-04 19:22:37,637 - neural_ui_detector_server - INFO - Received message from client 6438759760: type
2025-06-04 19:22:37,637 - neural_ui_detector - ERROR - Element 'testInput' not found
2025-06-04 19:22:38,660 - neural_ui_detector_server - INFO - Received message from client 6438759760: click
2025-06-04 19:22:38,661 - neural_ui_detector - ERROR - Element 'testCheckbox' not found
2025-06-04 19:22:39,668 - neural_ui_detector_server - INFO - Received message from client 6438759760: select
2025-06-04 19:23:00,416 - websockets.server - INFO - connection open
2025-06-04 19:23:00,426 - neural_ui_detector_server - INFO - Client 6438089568 connected
2025-06-04 19:23:00,436 - neural_ui_detector_server - INFO - Received message from client 6438089568: unknown
2025-06-04 19:23:10,762 - websockets.server - INFO - connection open
2025-06-04 19:23:10,763 - neural_ui_detector_server - INFO - Client 6439209728 connected
2025-06-04 19:23:10,765 - neural_ui_detector_server - INFO - Received message from client 6439209728: unknown
2025-06-04 19:23:20,961 - websockets.server - INFO - connection open
2025-06-04 19:23:20,965 - neural_ui_detector_server - INFO - Client 6439214288 connected
2025-06-04 19:23:20,968 - neural_ui_detector_server - INFO - Received message from client 6439214288: unknown
2025-06-04 19:23:23,086 - neural_ui_detector_server - INFO - Received message from client 6438759760: detect
2025-06-04 19:23:24,037 - neural_ui_detector - INFO - Took screenshot: cache/neural_ui_detector/screenshot_1749079403.png
2025-06-04 19:23:24,050 - neural_ui_detector - INFO - Running yolo detector with 10s timeout
2025-06-04 19:23:24,448 - neural_ui_detector - INFO - YOLO detected 0 UI elements
2025-06-04 19:23:24,448 - neural_ui_detector - INFO - Running accessibility detector with 3s timeout
2025-06-04 19:23:24,448 - neural_ui_detector - INFO - macOS accessibility detected 2 UI elements
2025-06-04 19:23:24,448 - neural_ui_detector - INFO - Running ocr detector with 8s timeout
2025-06-04 19:23:24,514 - neural_ui_detector - INFO - Resized image for OCR from 2940x1912 to 1200x780
2025-06-04 19:23:39,223 - neural_ui_detector - INFO - OCR optimized detected 66 text elements
2025-06-04 19:23:39,256 - neural_ui_detector - INFO - Merged 68 elements into 68 unique elements
2025-06-04 19:23:39,414 - neural_ui_detector - INFO - Saved detection result: cache/neural_ui_detector/detection_1749079404.json
2025-06-04 19:23:39,415 - neural_ui_detector - INFO - UI detection completed in 16.30s with 68 elements
2025-06-04 19:23:39,513 - neural_ui_detector - INFO - Saved visualization: cache/neural_ui_detector/visualization_1749079419.png
2025-06-04 19:23:39,567 - neural_ui_detector_server - INFO - Received message from client 6438759760: detect
2025-06-04 19:23:39,567 - neural_ui_detector_server - INFO - Using recent detection result
2025-06-04 19:23:39,669 - neural_ui_detector - INFO - Saved visualization: cache/neural_ui_detector/visualization_1749079419.png
2025-06-04 19:23:39,680 - neural_ui_detector_server - ERROR - Error processing message from client 6438759760: received 1001 (going away); then sent 1001 (going away)
2025-06-04 19:23:39,681 - neural_ui_detector_server - INFO - Client 6438759760 disconnected
2025-06-04 19:23:39,684 - websockets.server - INFO - connection open
2025-06-04 19:23:39,684 - neural_ui_detector_server - INFO - Client 6438092000 connected
2025-06-04 19:23:39,685 - websockets.server - INFO - connection open
2025-06-04 19:23:39,685 - neural_ui_detector_server - INFO - Client 6438089568 connected
2025-06-04 19:23:39,685 - websockets.server - ERROR - opening handshake failed
Traceback (most recent call last):
  File "/Users/segevbin/Desktop/SensAI/Aiayer/.venv/lib/python3.13/site-packages/websockets/asyncio/server.py", line 356, in conn_handler
    await connection.handshake(
    ...<3 lines>...
    )
  File "/Users/segevbin/Desktop/SensAI/Aiayer/.venv/lib/python3.13/site-packages/websockets/asyncio/server.py", line 142, in handshake
    async with self.send_context(expected_state=CONNECTING):
               ~~~~~~~~~~~~~~~~~^^^^^^^^^^^^^^^^^^^^^^^^^^^
  File "/opt/homebrew/Cellar/python@3.13/3.13.3/Frameworks/Python.framework/Versions/3.13/lib/python3.13/contextlib.py", line 214, in __aenter__
    return await anext(self.gen)
           ^^^^^^^^^^^^^^^^^^^^^
  File "/Users/segevbin/Desktop/SensAI/Aiayer/.venv/lib/python3.13/site-packages/websockets/asyncio/connection.py", line 957, in send_context
    raise self.protocol.close_exc from original_exc
websockets.exceptions.ConnectionClosedError: no close frame received or sent
2025-06-04 19:23:39,961 - websockets.server - INFO - connection open
2025-06-04 19:23:39,962 - neural_ui_detector_server - INFO - Client 6438088656 connected
2025-06-04 19:23:52,724 - neural_ui_detector_server - INFO - Received message from client 6438088656: find
2025-06-04 19:23:52,733 - neural_ui_detector_server - INFO - Performing fresh detection for find operation: testButton
2025-06-04 19:23:53,131 - neural_ui_detector - INFO - Took screenshot: cache/neural_ui_detector/screenshot_1749079432.png
2025-06-04 19:23:53,133 - neural_ui_detector - INFO - Running yolo detector with 10s timeout
2025-06-04 19:23:53,331 - neural_ui_detector - INFO - YOLO detected 0 UI elements
2025-06-04 19:23:53,331 - neural_ui_detector - INFO - Running accessibility detector with 3s timeout
2025-06-04 19:23:53,331 - neural_ui_detector - INFO - macOS accessibility detected 2 UI elements
2025-06-04 19:23:53,331 - neural_ui_detector - INFO - Running ocr detector with 8s timeout
2025-06-04 19:23:53,389 - neural_ui_detector - INFO - Resized image for OCR from 2940x1912 to 1200x780
2025-06-04 19:23:57,490 - neural_ui_detector - INFO - OCR optimized detected 32 text elements
2025-06-04 19:23:57,491 - neural_ui_detector - INFO - Merged 34 elements into 34 unique elements
2025-06-04 19:23:57,557 - neural_ui_detector - INFO - Saved detection result: cache/neural_ui_detector/detection_1749079433.json
2025-06-04 19:23:57,557 - neural_ui_detector - INFO - UI detection completed in 4.82s with 34 elements
2025-06-04 19:23:57,558 - neural_ui_detector_server - ERROR - Error processing find command: NeuralUIDetector.find_element() got an unexpected keyword argument 'refresh'
2025-06-04 19:23:57,561 - neural_ui_detector_server - INFO - Received message from client 6438088656: find
2025-06-04 19:23:57,561 - neural_ui_detector_server - INFO - Performing fresh detection for find operation: testInput
2025-06-04 19:23:57,996 - neural_ui_detector - INFO - Took screenshot: cache/neural_ui_detector/screenshot_1749079437.png
2025-06-04 19:23:57,998 - neural_ui_detector - INFO - Running yolo detector with 10s timeout
2025-06-04 19:23:58,217 - neural_ui_detector - INFO - YOLO detected 0 UI elements
2025-06-04 19:23:58,217 - neural_ui_detector - INFO - Running accessibility detector with 3s timeout
2025-06-04 19:23:58,217 - neural_ui_detector - INFO - macOS accessibility detected 2 UI elements
2025-06-04 19:23:58,217 - neural_ui_detector - INFO - Running ocr detector with 8s timeout
2025-06-04 19:23:58,280 - neural_ui_detector - INFO - Resized image for OCR from 2940x1912 to 1200x780
2025-06-04 19:23:59,824 - neural_ui_detector - INFO - OCR optimized detected 17 text elements
2025-06-04 19:23:59,825 - neural_ui_detector - INFO - Merged 19 elements into 19 unique elements
2025-06-04 19:23:59,898 - neural_ui_detector - INFO - Saved detection result: cache/neural_ui_detector/detection_1749079437.json
2025-06-04 19:23:59,898 - neural_ui_detector - INFO - UI detection completed in 2.33s with 19 elements
2025-06-04 19:23:59,899 - neural_ui_detector_server - ERROR - Error processing find command: NeuralUIDetector.find_element() got an unexpected keyword argument 'refresh'
2025-06-04 19:23:59,904 - websockets.server - INFO - connection open
2025-06-04 19:23:59,904 - neural_ui_detector_server - INFO - Client 6439214288 connected
2025-06-04 19:24:00,014 - neural_ui_detector_server - INFO - Received message from client 6439214288: unknown
2025-06-04 19:24:00,903 - neural_ui_detector_server - INFO - Received message from client 6438088656: find
2025-06-04 19:24:00,904 - neural_ui_detector_server - INFO - Performing fresh detection for find operation: testCheckbox
2025-06-04 19:24:01,347 - neural_ui_detector - INFO - Took screenshot: cache/neural_ui_detector/screenshot_1749079440.png
2025-06-04 19:24:01,348 - neural_ui_detector - INFO - Running yolo detector with 10s timeout
2025-06-04 19:24:01,493 - neural_ui_detector - INFO - YOLO detected 0 UI elements
2025-06-04 19:24:01,493 - neural_ui_detector - INFO - Running accessibility detector with 3s timeout
2025-06-04 19:24:01,493 - neural_ui_detector - INFO - macOS accessibility detected 2 UI elements
2025-06-04 19:24:01,493 - neural_ui_detector - INFO - Running ocr detector with 8s timeout
2025-06-04 19:24:01,553 - neural_ui_detector - INFO - Resized image for OCR from 2940x1912 to 1200x780
2025-06-04 19:24:03,300 - neural_ui_detector - INFO - OCR optimized detected 19 text elements
2025-06-04 19:24:03,302 - neural_ui_detector - INFO - Merged 21 elements into 21 unique elements
2025-06-04 19:24:03,364 - neural_ui_detector - INFO - Saved detection result: cache/neural_ui_detector/detection_1749079441.json
2025-06-04 19:24:03,365 - neural_ui_detector - INFO - UI detection completed in 2.46s with 21 elements
2025-06-04 19:24:03,365 - neural_ui_detector_server - ERROR - Error processing find command: NeuralUIDetector.find_element() got an unexpected keyword argument 'refresh'
2025-06-04 19:24:04,923 - neural_ui_detector_server - INFO - Received message from client 6438088656: find
2025-06-04 19:24:04,924 - neural_ui_detector_server - INFO - Performing fresh detection for find operation: testSelect
2025-06-04 19:24:05,199 - neural_ui_detector - INFO - Took screenshot: cache/neural_ui_detector/screenshot_1749079444.png
2025-06-04 19:24:05,199 - neural_ui_detector - INFO - Running yolo detector with 10s timeout
2025-06-04 19:24:05,344 - neural_ui_detector - INFO - YOLO detected 0 UI elements
2025-06-04 19:24:05,345 - neural_ui_detector - INFO - Running accessibility detector with 3s timeout
2025-06-04 19:24:05,345 - neural_ui_detector - INFO - macOS accessibility detected 2 UI elements
2025-06-04 19:24:05,345 - neural_ui_detector - INFO - Running ocr detector with 8s timeout
2025-06-04 19:24:05,403 - neural_ui_detector - INFO - Resized image for OCR from 2940x1912 to 1200x780
2025-06-04 19:24:07,596 - neural_ui_detector - INFO - OCR optimized detected 23 text elements
2025-06-04 19:24:07,602 - neural_ui_detector - INFO - Merged 25 elements into 25 unique elements
2025-06-04 19:24:07,705 - neural_ui_detector - INFO - Saved detection result: cache/neural_ui_detector/detection_1749079445.json
2025-06-04 19:24:07,706 - neural_ui_detector - INFO - UI detection completed in 2.77s with 25 elements
2025-06-04 19:24:07,708 - neural_ui_detector_server - ERROR - Error processing find command: NeuralUIDetector.find_element() got an unexpected keyword argument 'refresh'
2025-06-04 19:24:13,856 - neural_ui_detector_server - INFO - Received message from client 6438088656: find
2025-06-04 19:24:13,858 - neural_ui_detector_server - INFO - Performing fresh detection for find operation: testButton
2025-06-04 19:24:14,271 - neural_ui_detector - INFO - Took screenshot: cache/neural_ui_detector/screenshot_1749079453.png
2025-06-04 19:24:14,273 - neural_ui_detector - INFO - Running yolo detector with 10s timeout
2025-06-04 19:24:14,487 - neural_ui_detector - INFO - YOLO detected 0 UI elements
2025-06-04 19:24:14,488 - neural_ui_detector - INFO - Running accessibility detector with 3s timeout
2025-06-04 19:24:14,488 - neural_ui_detector - INFO - macOS accessibility detected 2 UI elements
2025-06-04 19:24:14,488 - neural_ui_detector - INFO - Running ocr detector with 8s timeout
2025-06-04 19:24:14,548 - neural_ui_detector - INFO - Resized image for OCR from 2940x1912 to 1200x780
2025-06-04 19:24:20,823 - neural_ui_detector - INFO - OCR optimized detected 31 text elements
2025-06-04 19:24:20,825 - neural_ui_detector - INFO - Merged 33 elements into 33 unique elements
2025-06-04 19:24:20,896 - neural_ui_detector - INFO - Saved detection result: cache/neural_ui_detector/detection_1749079454.json
2025-06-04 19:24:20,897 - neural_ui_detector - INFO - UI detection completed in 7.03s with 33 elements
2025-06-04 19:24:20,897 - neural_ui_detector_server - ERROR - Error processing find command: NeuralUIDetector.find_element() got an unexpected keyword argument 'refresh'
2025-06-04 19:24:20,898 - neural_ui_detector_server - INFO - Received message from client 6438088656: find
2025-06-04 19:24:20,898 - neural_ui_detector_server - INFO - Performing fresh detection for find operation: testInput
2025-06-04 19:24:21,449 - neural_ui_detector - INFO - Took screenshot: cache/neural_ui_detector/screenshot_1749079460.png
2025-06-04 19:24:21,450 - neural_ui_detector - INFO - Running yolo detector with 10s timeout
2025-06-04 19:24:21,636 - neural_ui_detector - INFO - YOLO detected 0 UI elements
2025-06-04 19:24:21,636 - neural_ui_detector - INFO - Running accessibility detector with 3s timeout
2025-06-04 19:24:21,637 - neural_ui_detector - INFO - macOS accessibility detected 2 UI elements
2025-06-04 19:24:21,637 - neural_ui_detector - INFO - Running ocr detector with 8s timeout
2025-06-04 19:24:21,696 - neural_ui_detector - INFO - Resized image for OCR from 2940x1912 to 1200x780
2025-06-04 19:24:24,717 - neural_ui_detector - INFO - OCR optimized detected 19 text elements
2025-06-04 19:24:24,725 - neural_ui_detector - INFO - Merged 21 elements into 21 unique elements
2025-06-04 19:24:24,812 - neural_ui_detector - INFO - Saved detection result: cache/neural_ui_detector/detection_1749079461.json
2025-06-04 19:24:24,812 - neural_ui_detector - INFO - UI detection completed in 3.90s with 21 elements
2025-06-04 19:24:24,812 - neural_ui_detector_server - ERROR - Error processing find command: NeuralUIDetector.find_element() got an unexpected keyword argument 'refresh'
2025-06-04 19:24:24,828 - neural_ui_detector_server - INFO - Received message from client 6438088656: find
2025-06-04 19:24:24,828 - neural_ui_detector_server - INFO - Performing fresh detection for find operation: testCheckbox
2025-06-04 19:24:25,655 - neural_ui_detector - INFO - Took screenshot: cache/neural_ui_detector/screenshot_1749079464.png
2025-06-04 19:24:25,657 - neural_ui_detector - INFO - Running yolo detector with 10s timeout
2025-06-04 19:24:25,837 - neural_ui_detector - INFO - YOLO detected 0 UI elements
2025-06-04 19:24:25,837 - neural_ui_detector - INFO - Running accessibility detector with 3s timeout
2025-06-04 19:24:25,837 - neural_ui_detector - INFO - macOS accessibility detected 2 UI elements
2025-06-04 19:24:25,837 - neural_ui_detector - INFO - Running ocr detector with 8s timeout
2025-06-04 19:24:25,894 - neural_ui_detector - INFO - Resized image for OCR from 2940x1912 to 1200x780
2025-06-04 19:24:30,272 - neural_ui_detector - INFO - OCR optimized detected 21 text elements
2025-06-04 19:24:30,275 - neural_ui_detector - INFO - Merged 23 elements into 23 unique elements
2025-06-04 19:24:30,339 - neural_ui_detector - INFO - Saved detection result: cache/neural_ui_detector/detection_1749079465.json
2025-06-04 19:24:30,339 - neural_ui_detector - INFO - UI detection completed in 5.51s with 23 elements
2025-06-04 19:24:30,339 - neural_ui_detector_server - ERROR - Error processing find command: NeuralUIDetector.find_element() got an unexpected keyword argument 'refresh'
2025-06-04 19:24:30,344 - neural_ui_detector_server - INFO - Received message from client 6438088656: find
2025-06-04 19:24:30,344 - neural_ui_detector_server - INFO - Performing fresh detection for find operation: testSelect
2025-06-04 19:24:30,752 - neural_ui_detector - INFO - Took screenshot: cache/neural_ui_detector/screenshot_1749079470.png
2025-06-04 19:24:30,754 - neural_ui_detector - INFO - Running yolo detector with 10s timeout
2025-06-04 19:24:30,944 - neural_ui_detector - INFO - YOLO detected 0 UI elements
2025-06-04 19:24:30,945 - neural_ui_detector - INFO - Running accessibility detector with 3s timeout
2025-06-04 19:24:30,945 - neural_ui_detector - INFO - macOS accessibility detected 2 UI elements
2025-06-04 19:24:30,945 - neural_ui_detector - INFO - Running ocr detector with 8s timeout
2025-06-04 19:24:31,006 - neural_ui_detector - INFO - Resized image for OCR from 2940x1912 to 1200x780
2025-06-04 19:25:24,044 - neural_ui_detector - INFO - OCR optimized detected 24 text elements
2025-06-04 19:25:24,076 - neural_ui_detector - INFO - Merged 26 elements into 26 unique elements
2025-06-04 19:25:24,215 - neural_ui_detector - INFO - Saved detection result: cache/neural_ui_detector/detection_1749079470.json
2025-06-04 19:25:24,217 - neural_ui_detector - INFO - UI detection completed in 53.83s with 26 elements
2025-06-04 19:25:24,222 - neural_ui_detector_server - ERROR - Error processing find command: NeuralUIDetector.find_element() got an unexpected keyword argument 'refresh'
2025-06-04 19:25:24,513 - websockets.server - ERROR - opening handshake failed
Traceback (most recent call last):
  File "/Users/segevbin/Desktop/SensAI/Aiayer/.venv/lib/python3.13/site-packages/websockets/asyncio/server.py", line 356, in conn_handler
    await connection.handshake(
    ...<3 lines>...
    )
  File "/Users/segevbin/Desktop/SensAI/Aiayer/.venv/lib/python3.13/site-packages/websockets/asyncio/server.py", line 142, in handshake
    async with self.send_context(expected_state=CONNECTING):
               ~~~~~~~~~~~~~~~~~^^^^^^^^^^^^^^^^^^^^^^^^^^^
  File "/opt/homebrew/Cellar/python@3.13/3.13.3/Frameworks/Python.framework/Versions/3.13/lib/python3.13/contextlib.py", line 214, in __aenter__
    return await anext(self.gen)
           ^^^^^^^^^^^^^^^^^^^^^
  File "/Users/segevbin/Desktop/SensAI/Aiayer/.venv/lib/python3.13/site-packages/websockets/asyncio/connection.py", line 957, in send_context
    raise self.protocol.close_exc from original_exc
websockets.exceptions.ConnectionClosedError: no close frame received or sent
2025-06-04 19:25:24,586 - websockets.server - ERROR - opening handshake failed
Traceback (most recent call last):
  File "/Users/segevbin/Desktop/SensAI/Aiayer/.venv/lib/python3.13/site-packages/websockets/asyncio/server.py", line 356, in conn_handler
    await connection.handshake(
    ...<3 lines>...
    )
  File "/Users/segevbin/Desktop/SensAI/Aiayer/.venv/lib/python3.13/site-packages/websockets/asyncio/server.py", line 142, in handshake
    async with self.send_context(expected_state=CONNECTING):
               ~~~~~~~~~~~~~~~~~^^^^^^^^^^^^^^^^^^^^^^^^^^^
  File "/opt/homebrew/Cellar/python@3.13/3.13.3/Frameworks/Python.framework/Versions/3.13/lib/python3.13/contextlib.py", line 214, in __aenter__
    return await anext(self.gen)
           ^^^^^^^^^^^^^^^^^^^^^
  File "/Users/segevbin/Desktop/SensAI/Aiayer/.venv/lib/python3.13/site-packages/websockets/asyncio/connection.py", line 957, in send_context
    raise self.protocol.close_exc from original_exc
websockets.exceptions.ConnectionClosedError: no close frame received or sent
2025-06-04 19:25:24,651 - websockets.server - ERROR - opening handshake failed
Traceback (most recent call last):
  File "/Users/segevbin/Desktop/SensAI/Aiayer/.venv/lib/python3.13/site-packages/websockets/asyncio/server.py", line 356, in conn_handler
    await connection.handshake(
    ...<3 lines>...
    )
  File "/Users/segevbin/Desktop/SensAI/Aiayer/.venv/lib/python3.13/site-packages/websockets/asyncio/server.py", line 142, in handshake
    async with self.send_context(expected_state=CONNECTING):
               ~~~~~~~~~~~~~~~~~^^^^^^^^^^^^^^^^^^^^^^^^^^^
  File "/opt/homebrew/Cellar/python@3.13/3.13.3/Frameworks/Python.framework/Versions/3.13/lib/python3.13/contextlib.py", line 214, in __aenter__
    return await anext(self.gen)
           ^^^^^^^^^^^^^^^^^^^^^
  File "/Users/segevbin/Desktop/SensAI/Aiayer/.venv/lib/python3.13/site-packages/websockets/asyncio/connection.py", line 957, in send_context
    raise self.protocol.close_exc from original_exc
websockets.exceptions.ConnectionClosedError: no close frame received or sent
2025-06-04 19:25:27,813 - websockets.server - INFO - connection open
2025-06-04 19:25:27,819 - neural_ui_detector_server - INFO - Client 6439209424 connected
2025-06-04 19:25:27,825 - neural_ui_detector_server - INFO - Received message from client 6439209424: unknown
2025-06-04 19:25:51,387 - websockets.server - INFO - connection open
2025-06-04 19:25:51,419 - neural_ui_detector_server - INFO - Client 6439208512 connected
2025-06-04 19:25:51,432 - neural_ui_detector_server - INFO - Received message from client 6439208512: unknown
2025-06-04 19:26:03,249 - websockets.server - INFO - connection open
2025-06-04 19:26:03,261 - neural_ui_detector_server - INFO - Client 6439210336 connected
2025-06-04 19:26:03,268 - neural_ui_detector_server - INFO - Received message from client 6439210336: unknown
2025-06-04 19:26:58,060 - websockets.server - INFO - connection open
2025-06-04 19:26:58,065 - neural_ui_detector_server - INFO - Client 6439210640 connected
2025-06-04 19:26:58,068 - neural_ui_detector_server - INFO - Received message from client 6439210640: unknown
2025-06-04 19:27:27,608 - neural_ui_detector - INFO - PyTorch 2.7.0 available
2025-06-04 19:27:27,859 - neural_ui_detector - INFO - Ultralytics 8.3.148 available
2025-06-04 19:27:28,374 - neural_ui_detector - INFO - Transformers 4.51.3 available
2025-06-04 19:27:28,599 - neural_ui_detector - INFO - ONNX Runtime 1.22.0 available
2025-06-04 19:27:28,599 - neural_ui_detector - INFO - OpenCV 4.11.0 available
2025-06-04 19:27:28,668 - neural_ui_detector - INFO - Selenium available for browser automation
2025-06-04 19:27:28,668 - neural_ui_detector - INFO - Neural UI Detector available components:
2025-06-04 19:27:28,668 - neural_ui_detector - INFO - - YOLO Object Detection: ✅
2025-06-04 19:27:28,668 - neural_ui_detector - INFO - - LayoutLM Document Understanding: ✅
2025-06-04 19:27:28,668 - neural_ui_detector - INFO - - ONNX Model Acceleration: ✅
2025-06-04 19:27:28,668 - neural_ui_detector - INFO - - Computer Vision Support: ✅
2025-06-04 19:27:28,668 - neural_ui_detector - INFO - - Browser Automation: ✅
2025-06-04 19:27:28,727 - neural_ui_detector - INFO - Loaded pre-trained YOLOv8n model
2025-06-04 19:27:33,508 - neural_ui_detector - INFO - LayoutLM imports available (old API)
2025-06-04 19:28:31,052 - neural_ui_detector - INFO - PyTorch 2.7.0 available
2025-06-04 19:28:31,980 - neural_ui_detector - INFO - Ultralytics 8.3.148 available
2025-06-04 19:28:32,600 - neural_ui_detector - INFO - Transformers 4.51.3 available
2025-06-04 19:28:33,047 - neural_ui_detector - INFO - ONNX Runtime 1.22.0 available
2025-06-04 19:28:33,047 - neural_ui_detector - INFO - OpenCV 4.11.0 available
2025-06-04 19:28:33,440 - neural_ui_detector - INFO - Selenium available for browser automation
2025-06-04 19:28:33,461 - neural_ui_detector - INFO - Neural UI Detector available components:
2025-06-04 19:28:33,461 - neural_ui_detector - INFO - - YOLO Object Detection: ✅
2025-06-04 19:28:33,461 - neural_ui_detector - INFO - - LayoutLM Document Understanding: ✅
2025-06-04 19:28:33,461 - neural_ui_detector - INFO - - ONNX Model Acceleration: ✅
2025-06-04 19:28:33,461 - neural_ui_detector - INFO - - Computer Vision Support: ✅
2025-06-04 19:28:33,461 - neural_ui_detector - INFO - - Browser Automation: ✅
2025-06-04 19:28:33,970 - neural_ui_detector - INFO - Loaded pre-trained YOLOv8n model
2025-06-04 19:28:56,006 - neural_ui_detector - INFO - Started new Chrome instance in headless mode
2025-06-04 19:29:00,922 - neural_ui_detector - INFO - LayoutLM imports available (old API)
2025-06-04 19:29:19,577 - neural_ui_detector - INFO - Using EasyOCR for text recognition
2025-06-04 19:29:19,672 - neural_ui_detector - INFO - Loaded 3 templates for matching
2025-06-04 19:29:19,679 - neural_ui_detector - INFO - UI Detector Ensemble initialized
2025-06-04 19:29:19,702 - neural_ui_detector - INFO - Loaded interaction memory with 4 entries
2025-06-04 19:29:21,815 - neural_ui_detector_server - INFO - Killing existing process on port 8768: PID 59766
2025-06-04 19:29:21,819 - neural_ui_detector_server - INFO - Killing existing process on port 8768: PID 59768
2025-06-04 19:29:22,949 - neural_ui_detector_server - INFO - Starting Neural UI Detector WebSocket Server on port 8768
2025-06-04 19:29:23,960 - websockets.server - INFO - server listening on [::1]:8768
2025-06-04 19:29:24,007 - websockets.server - INFO - server listening on 127.0.0.1:8768
2025-06-04 19:30:32,117 - neural_ui_detector - INFO - Started new Chrome instance in headless mode
2025-06-04 19:30:45,521 - websockets.server - INFO - connection open
2025-06-04 19:30:45,569 - neural_ui_detector_server - INFO - Client 6225265056 connected
2025-06-04 19:30:46,007 - neural_ui_detector_server - INFO - Received message from client 6225265056: unknown
2025-06-04 19:31:06,278 - websockets.server - INFO - connection open
2025-06-04 19:31:07,901 - neural_ui_detector_server - INFO - Client 6224848336 connected
2025-06-04 19:31:12,995 - neural_ui_detector_server - INFO - Received message from client 6224848336: unknown
2025-06-04 19:31:21,613 - neural_ui_detector - INFO - Using EasyOCR for text recognition
2025-06-04 19:31:21,686 - neural_ui_detector - INFO - Loaded 3 templates for matching
2025-06-04 19:31:21,686 - neural_ui_detector - INFO - UI Detector Ensemble initialized
2025-06-04 19:31:21,700 - neural_ui_detector - INFO - Loaded interaction memory with 4 entries
2025-06-04 19:31:22,432 - neural_ui_detector_server - INFO - Killing existing process on port 8768: PID 59779
2025-06-04 19:31:23,516 - neural_ui_detector_server - INFO - Starting Neural UI Detector WebSocket Server on port 8768
2025-06-04 19:31:23,928 - websockets.server - INFO - server listening on 127.0.0.1:8768
2025-06-04 19:31:23,948 - websockets.server - INFO - server listening on [::1]:8768
2025-06-04 19:33:32,414 - neural_ui_detector - INFO - PyTorch 2.7.0 available
2025-06-04 19:33:32,985 - neural_ui_detector - INFO - Ultralytics 8.3.148 available
2025-06-04 19:33:33,635 - neural_ui_detector - INFO - Transformers 4.51.3 available
2025-06-04 19:33:33,906 - neural_ui_detector - INFO - ONNX Runtime 1.22.0 available
2025-06-04 19:33:33,906 - neural_ui_detector - INFO - OpenCV 4.11.0 available
2025-06-04 19:33:34,003 - neural_ui_detector - INFO - Selenium available for browser automation
2025-06-04 19:33:34,004 - neural_ui_detector - INFO - Neural UI Detector available components:
2025-06-04 19:33:34,004 - neural_ui_detector - INFO - - YOLO Object Detection: ✅
2025-06-04 19:33:34,004 - neural_ui_detector - INFO - - LayoutLM Document Understanding: ✅
2025-06-04 19:33:34,004 - neural_ui_detector - INFO - - ONNX Model Acceleration: ✅
2025-06-04 19:33:34,004 - neural_ui_detector - INFO - - Computer Vision Support: ✅
2025-06-04 19:33:34,004 - neural_ui_detector - INFO - - Browser Automation: ✅
2025-06-04 19:33:34,169 - neural_ui_detector - INFO - Loaded pre-trained YOLOv8n model
2025-06-04 19:33:41,561 - neural_ui_detector - INFO - LayoutLM imports available (old API)
2025-06-04 19:34:56,096 - neural_ui_detector - INFO - Started new Chrome instance in headless mode
2025-06-04 19:35:03,528 - neural_ui_detector - INFO - Using EasyOCR for text recognition
2025-06-04 19:35:03,586 - neural_ui_detector - INFO - Loaded 3 templates for matching
2025-06-04 19:35:03,587 - neural_ui_detector - INFO - UI Detector Ensemble initialized
2025-06-04 19:35:03,594 - neural_ui_detector - INFO - Loaded interaction memory with 4 entries
2025-06-04 19:35:06,600 - neural_ui_detector_server - INFO - Starting Neural UI Detector WebSocket Server on port 8768
2025-06-04 19:35:06,724 - websockets.server - INFO - server listening on [::1]:8768
2025-06-04 19:35:06,725 - websockets.server - INFO - server listening on 127.0.0.1:8768
2025-06-04 19:38:00,088 - websockets.server - INFO - connection open
2025-06-04 19:38:00,110 - neural_ui_detector_server - INFO - Client 6180159904 connected
2025-06-04 19:38:00,694 - neural_ui_detector_server - INFO - Received message from client 6180159904: unknown
2025-06-04 19:39:13,379 - websockets.server - INFO - connection open
2025-06-04 19:39:13,405 - neural_ui_detector_server - INFO - Client 6179759568 connected
2025-06-04 19:39:13,429 - neural_ui_detector_server - INFO - Received message from client 6179759568: unknown
2025-06-04 19:39:37,095 - neural_ui_detector - INFO - PyTorch 2.7.0 available
2025-06-04 19:39:37,473 - neural_ui_detector - INFO - Ultralytics 8.3.148 available
2025-06-04 19:39:38,135 - neural_ui_detector - INFO - Transformers 4.51.3 available
2025-06-04 19:39:38,370 - neural_ui_detector - INFO - ONNX Runtime 1.22.0 available
2025-06-04 19:39:38,370 - neural_ui_detector - INFO - OpenCV 4.11.0 available
2025-06-04 19:39:38,503 - neural_ui_detector - INFO - Selenium available for browser automation
2025-06-04 19:39:38,503 - neural_ui_detector - INFO - Neural UI Detector available components:
2025-06-04 19:39:38,503 - neural_ui_detector - INFO - - YOLO Object Detection: ✅
2025-06-04 19:39:38,503 - neural_ui_detector - INFO - - LayoutLM Document Understanding: ✅
2025-06-04 19:39:38,503 - neural_ui_detector - INFO - - ONNX Model Acceleration: ✅
2025-06-04 19:39:38,503 - neural_ui_detector - INFO - - Computer Vision Support: ✅
2025-06-04 19:39:38,503 - neural_ui_detector - INFO - - Browser Automation: ✅
2025-06-04 19:39:38,795 - neural_ui_detector - INFO - Loaded pre-trained YOLOv8n model
2025-06-04 19:39:52,526 - neural_ui_detector - INFO - LayoutLM imports available (old API)
2025-06-04 19:40:55,710 - neural_ui_detector - INFO - PyTorch 2.7.0 available
2025-06-04 19:40:55,781 - neural_ui_detector - INFO - Ultralytics 8.3.148 available
2025-06-04 19:40:55,920 - neural_ui_detector - INFO - Transformers 4.51.3 available
2025-06-04 19:40:55,970 - neural_ui_detector - INFO - ONNX Runtime 1.22.0 available
2025-06-04 19:40:55,970 - neural_ui_detector - INFO - OpenCV 4.11.0 available
2025-06-04 19:40:55,998 - neural_ui_detector - INFO - Selenium available for browser automation
2025-06-04 19:40:55,998 - neural_ui_detector - INFO - Neural UI Detector available components:
2025-06-04 19:40:55,998 - neural_ui_detector - INFO - - YOLO Object Detection: ✅
2025-06-04 19:40:55,998 - neural_ui_detector - INFO - - LayoutLM Document Understanding: ✅
2025-06-04 19:40:55,998 - neural_ui_detector - INFO - - ONNX Model Acceleration: ✅
2025-06-04 19:40:55,998 - neural_ui_detector - INFO - - Computer Vision Support: ✅
2025-06-04 19:40:55,998 - neural_ui_detector - INFO - - Browser Automation: ✅
2025-06-04 19:40:56,031 - neural_ui_detector - INFO - Loaded pre-trained YOLOv8n model
2025-06-04 19:40:58,189 - neural_ui_detector - INFO - LayoutLM imports available (old API)
2025-06-04 19:41:00,295 - neural_ui_detector - INFO - Started new Chrome instance in headless mode
2025-06-04 19:41:03,368 - neural_ui_detector - INFO - Using EasyOCR for text recognition
2025-06-04 19:41:03,394 - neural_ui_detector - INFO - Loaded 3 templates for matching
2025-06-04 19:41:03,394 - neural_ui_detector - INFO - UI Detector Ensemble initialized
2025-06-04 19:41:03,397 - neural_ui_detector - INFO - Loaded interaction memory with 4 entries
2025-06-04 19:41:03,568 - neural_ui_detector_server - INFO - Killing existing process on port 8768: PID 64203
2025-06-04 19:41:04,576 - neural_ui_detector_server - INFO - Starting Neural UI Detector WebSocket Server on port 8768
2025-06-04 19:41:04,644 - websockets.server - INFO - server listening on [::1]:8768
2025-06-04 19:41:04,645 - websockets.server - INFO - server listening on 127.0.0.1:8768
2025-06-04 19:41:53,989 - websockets.server - INFO - connection open
2025-06-04 19:41:53,991 - neural_ui_detector_server - INFO - Client 5596119456 connected
2025-06-04 19:41:53,994 - neural_ui_detector_server - INFO - Received message from client 5596119456: unknown
2025-06-04 19:42:00,985 - neural_ui_detector - INFO - Started new Chrome instance in headless mode
2025-06-04 19:42:04,374 - websockets.server - INFO - connection open
2025-06-04 19:42:04,378 - neural_ui_detector_server - INFO - Client 5595702736 connected
2025-06-04 19:42:04,382 - neural_ui_detector_server - INFO - Received message from client 5595702736: unknown
2025-06-04 19:42:05,782 - neural_ui_detector - INFO - Using EasyOCR for text recognition
2025-06-04 19:42:05,862 - neural_ui_detector - INFO - Loaded 3 templates for matching
2025-06-04 19:42:05,863 - neural_ui_detector - INFO - UI Detector Ensemble initialized
2025-06-04 19:42:05,872 - neural_ui_detector - INFO - Loaded interaction memory with 4 entries
2025-06-04 19:42:06,324 - neural_ui_detector_server - INFO - Killing existing process on port 8768: PID 63782
2025-06-04 19:42:07,331 - neural_ui_detector_server - INFO - Starting Neural UI Detector WebSocket Server on port 8768
2025-06-04 19:42:07,421 - websockets.server - INFO - server listening on 127.0.0.1:8768
2025-06-04 19:42:07,423 - websockets.server - INFO - server listening on [::1]:8768
2025-06-04 19:42:41,264 - neural_ui_detector - INFO - PyTorch 2.7.0 available
2025-06-04 19:42:41,346 - neural_ui_detector - INFO - Ultralytics 8.3.148 available
2025-06-04 19:42:41,472 - neural_ui_detector - INFO - Transformers 4.51.3 available
2025-06-04 19:42:41,531 - neural_ui_detector - INFO - ONNX Runtime 1.22.0 available
2025-06-04 19:42:41,531 - neural_ui_detector - INFO - OpenCV 4.11.0 available
2025-06-04 19:42:41,562 - neural_ui_detector - INFO - Selenium available for browser automation
2025-06-04 19:42:41,562 - neural_ui_detector - INFO - Neural UI Detector available components:
2025-06-04 19:42:41,562 - neural_ui_detector - INFO - - YOLO Object Detection: ✅
2025-06-04 19:42:41,562 - neural_ui_detector - INFO - - LayoutLM Document Understanding: ✅
2025-06-04 19:42:41,562 - neural_ui_detector - INFO - - ONNX Model Acceleration: ✅
2025-06-04 19:42:41,562 - neural_ui_detector - INFO - - Computer Vision Support: ✅
2025-06-04 19:42:41,562 - neural_ui_detector - INFO - - Browser Automation: ✅
2025-06-04 19:42:41,599 - neural_ui_detector - INFO - Loaded pre-trained YOLOv8n model
2025-06-04 19:42:43,657 - neural_ui_detector - INFO - LayoutLM imports available (old API)
2025-06-04 19:43:45,523 - neural_ui_detector - INFO - Started new Chrome instance in headless mode
2025-06-04 19:43:48,583 - neural_ui_detector - INFO - Using EasyOCR for text recognition
2025-06-04 19:43:48,601 - neural_ui_detector - INFO - Loaded 3 templates for matching
2025-06-04 19:43:48,601 - neural_ui_detector - INFO - UI Detector Ensemble initialized
2025-06-04 19:43:48,602 - neural_ui_detector - INFO - Loaded interaction memory with 4 entries
2025-06-04 19:43:48,913 - neural_ui_detector_server - INFO - Killing existing process on port 8768: PID 64924
2025-06-04 19:43:49,922 - neural_ui_detector_server - INFO - Starting Neural UI Detector WebSocket Server on port 8768
2025-06-04 19:43:49,989 - websockets.server - INFO - server listening on [::1]:8768
2025-06-04 19:43:49,990 - websockets.server - INFO - server listening on 127.0.0.1:8768
2025-06-04 19:44:28,709 - neural_ui_detector - INFO - PyTorch 2.7.0 available
2025-06-04 19:44:28,772 - neural_ui_detector - INFO - Ultralytics 8.3.148 available
2025-06-04 19:44:28,887 - neural_ui_detector - INFO - Transformers 4.51.3 available
2025-06-04 19:44:28,938 - neural_ui_detector - INFO - ONNX Runtime 1.22.0 available
2025-06-04 19:44:28,938 - neural_ui_detector - INFO - OpenCV 4.11.0 available
2025-06-04 19:44:28,964 - neural_ui_detector - INFO - Selenium available for browser automation
2025-06-04 19:44:28,964 - neural_ui_detector - INFO - Neural UI Detector available components:
2025-06-04 19:44:28,964 - neural_ui_detector - INFO - - YOLO Object Detection: ✅
2025-06-04 19:44:28,964 - neural_ui_detector - INFO - - LayoutLM Document Understanding: ✅
2025-06-04 19:44:28,964 - neural_ui_detector - INFO - - ONNX Model Acceleration: ✅
2025-06-04 19:44:28,964 - neural_ui_detector - INFO - - Computer Vision Support: ✅
2025-06-04 19:44:28,964 - neural_ui_detector - INFO - - Browser Automation: ✅
2025-06-04 19:44:28,995 - neural_ui_detector - INFO - Loaded pre-trained YOLOv8n model
2025-06-04 19:44:30,913 - neural_ui_detector - INFO - LayoutLM imports available (old API)
2025-06-04 19:45:35,247 - neural_ui_detector - INFO - Started new Chrome instance in headless mode
2025-06-04 19:45:42,857 - neural_ui_detector - INFO - Using EasyOCR for text recognition
2025-06-04 19:45:42,993 - neural_ui_detector - INFO - Loaded 3 templates for matching
2025-06-04 19:45:42,993 - neural_ui_detector - INFO - UI Detector Ensemble initialized
2025-06-04 19:45:42,997 - neural_ui_detector - INFO - Loaded interaction memory with 4 entries
2025-06-04 19:45:43,390 - neural_ui_detector_server - INFO - Killing existing process on port 8768: PID 65587
2025-06-04 19:45:44,401 - neural_ui_detector_server - INFO - Starting Neural UI Detector WebSocket Server on port 8768
2025-06-04 19:45:44,507 - websockets.server - INFO - server listening on [::1]:8768
2025-06-04 19:45:44,511 - websockets.server - INFO - server listening on 127.0.0.1:8768
2025-06-04 19:46:12,108 - websockets.server - INFO - connection open
2025-06-04 19:46:12,109 - neural_ui_detector_server - INFO - Client 5671616928 connected
2025-06-04 19:46:12,112 - neural_ui_detector_server - INFO - Received message from client 5671616928: unknown
2025-06-04 19:46:22,297 - websockets.server - INFO - connection open
2025-06-04 19:46:22,298 - neural_ui_detector_server - INFO - Client 5671200208 connected
2025-06-04 19:46:22,298 - neural_ui_detector_server - INFO - Received message from client 5671200208: unknown
2025-06-04 19:46:32,544 - websockets.server - INFO - connection open
2025-06-04 19:46:32,544 - neural_ui_detector_server - INFO - Client 5671202128 connected
2025-06-04 19:46:32,545 - neural_ui_detector_server - INFO - Received message from client 5671202128: unknown
2025-06-04 19:46:52,889 - websockets.server - INFO - connection open
2025-06-04 19:46:52,890 - neural_ui_detector_server - INFO - Client 5662160016 connected
2025-06-04 19:46:52,890 - neural_ui_detector_server - INFO - Received message from client 5662160016: unknown
2025-06-04 19:47:13,188 - websockets.server - INFO - connection open
2025-06-04 19:47:13,188 - neural_ui_detector_server - INFO - Client 5671666352 connected
2025-06-04 19:47:13,189 - neural_ui_detector_server - INFO - Received message from client 5671666352: unknown
2025-06-04 19:47:33,449 - websockets.server - INFO - connection open
2025-06-04 19:47:33,450 - neural_ui_detector_server - INFO - Client 5671668784 connected
2025-06-04 19:47:33,451 - neural_ui_detector_server - INFO - Received message from client 5671668784: unknown
2025-06-04 19:48:03,933 - websockets.server - INFO - connection open
2025-06-04 19:48:03,934 - neural_ui_detector_server - INFO - Client 5671669696 connected
2025-06-04 19:48:03,934 - neural_ui_detector_server - INFO - Received message from client 5671669696: unknown
2025-06-04 19:48:14,132 - websockets.server - INFO - connection open
2025-06-04 19:48:14,132 - neural_ui_detector_server - INFO - Client 5671670304 connected
2025-06-04 19:48:14,133 - neural_ui_detector_server - INFO - Received message from client 5671670304: unknown
2025-06-04 19:48:34,598 - websockets.server - INFO - connection open
2025-06-04 19:48:34,603 - neural_ui_detector_server - INFO - Client 5671670912 connected
2025-06-04 19:48:34,605 - neural_ui_detector_server - INFO - Received message from client 5671670912: unknown
2025-06-04 19:48:44,765 - websockets.server - INFO - connection open
2025-06-04 19:48:44,766 - neural_ui_detector_server - INFO - Client 5671671520 connected
2025-06-04 19:48:44,767 - neural_ui_detector_server - INFO - Received message from client 5671671520: unknown
2025-06-04 19:48:54,899 - websockets.server - INFO - connection open
2025-06-04 19:48:54,900 - neural_ui_detector_server - INFO - Client 5671672128 connected
2025-06-04 19:48:54,901 - neural_ui_detector_server - INFO - Received message from client 5671672128: unknown
2025-06-04 19:49:15,182 - websockets.server - INFO - connection open
2025-06-04 19:49:15,183 - neural_ui_detector_server - INFO - Client 5671672736 connected
2025-06-04 19:49:15,185 - neural_ui_detector_server - INFO - Received message from client 5671672736: unknown
2025-06-04 19:49:35,572 - websockets.server - INFO - connection open
2025-06-04 19:49:35,573 - neural_ui_detector_server - INFO - Client 5671673344 connected
2025-06-04 19:49:35,574 - neural_ui_detector_server - INFO - Received message from client 5671673344: unknown
2025-06-04 19:49:47,473 - websockets.server - INFO - connection open
2025-06-04 19:49:47,476 - neural_ui_detector_server - INFO - Client 5671673952 connected
2025-06-04 19:49:47,483 - neural_ui_detector_server - INFO - Received message from client 5671673952: unknown
2025-06-04 19:50:00,099 - neural_ui_detector - INFO - PyTorch 2.7.0 available
2025-06-04 19:50:00,167 - neural_ui_detector - INFO - Ultralytics 8.3.148 available
2025-06-04 19:50:00,292 - neural_ui_detector - INFO - Transformers 4.51.3 available
2025-06-04 19:50:00,344 - neural_ui_detector - INFO - ONNX Runtime 1.22.0 available
2025-06-04 19:50:00,344 - neural_ui_detector - INFO - OpenCV 4.11.0 available
2025-06-04 19:50:00,372 - neural_ui_detector - INFO - Selenium available for browser automation
2025-06-04 19:50:00,372 - neural_ui_detector - INFO - Neural UI Detector available components:
2025-06-04 19:50:00,372 - neural_ui_detector - INFO - - YOLO Object Detection: ✅
2025-06-04 19:50:00,372 - neural_ui_detector - INFO - - LayoutLM Document Understanding: ✅
2025-06-04 19:50:00,372 - neural_ui_detector - INFO - - ONNX Model Acceleration: ✅
2025-06-04 19:50:00,372 - neural_ui_detector - INFO - - Computer Vision Support: ✅
2025-06-04 19:50:00,372 - neural_ui_detector - INFO - - Browser Automation: ✅
2025-06-04 19:50:00,399 - neural_ui_detector - INFO - Loaded pre-trained YOLOv8n model
2025-06-04 19:50:02,284 - neural_ui_detector - INFO - LayoutLM imports available (old API)
2025-06-04 19:51:04,269 - neural_ui_detector - INFO - Started new Chrome instance in headless mode
2025-06-04 19:51:07,035 - neural_ui_detector - INFO - Using EasyOCR for text recognition
2025-06-04 19:51:07,054 - neural_ui_detector - INFO - Loaded 3 templates for matching
2025-06-04 19:51:07,054 - neural_ui_detector - INFO - UI Detector Ensemble initialized
2025-06-04 19:51:07,056 - neural_ui_detector - INFO - Loaded interaction memory with 4 entries
2025-06-04 19:51:07,338 - neural_ui_detector_server - INFO - Killing existing process on port 8768: PID 67055
2025-06-04 19:51:08,346 - neural_ui_detector_server - INFO - Starting Neural UI Detector WebSocket Server on port 8768
2025-06-04 19:51:08,373 - websockets.server - INFO - server listening on 127.0.0.1:8768
2025-06-04 19:51:08,374 - websockets.server - INFO - server listening on [::1]:8768
2025-06-04 19:52:24,601 - neural_ui_detector - INFO - PyTorch 2.7.0 available
2025-06-04 19:52:24,687 - neural_ui_detector - INFO - Ultralytics 8.3.148 available
2025-06-04 19:52:24,928 - neural_ui_detector - INFO - Transformers 4.51.3 available
2025-06-04 19:52:24,996 - neural_ui_detector - INFO - ONNX Runtime 1.22.0 available
2025-06-04 19:52:24,996 - neural_ui_detector - INFO - OpenCV 4.11.0 available
2025-06-04 19:52:25,032 - neural_ui_detector - INFO - Selenium available for browser automation
2025-06-04 19:52:25,032 - neural_ui_detector - INFO - Neural UI Detector available components:
2025-06-04 19:52:25,032 - neural_ui_detector - INFO - - YOLO Object Detection: ✅
2025-06-04 19:52:25,032 - neural_ui_detector - INFO - - LayoutLM Document Understanding: ✅
2025-06-04 19:52:25,032 - neural_ui_detector - INFO - - ONNX Model Acceleration: ✅
2025-06-04 19:52:25,032 - neural_ui_detector - INFO - - Computer Vision Support: ✅
2025-06-04 19:52:25,032 - neural_ui_detector - INFO - - Browser Automation: ✅
2025-06-04 19:52:25,077 - neural_ui_detector - INFO - Loaded pre-trained YOLOv8n model
2025-06-04 19:52:27,652 - neural_ui_detector - INFO - LayoutLM imports available (old API)
2025-06-04 19:53:31,809 - neural_ui_detector - INFO - Started new Chrome instance in headless mode
2025-06-04 19:53:37,848 - neural_ui_detector - INFO - Using EasyOCR for text recognition
2025-06-04 19:53:37,950 - neural_ui_detector - INFO - Loaded 3 templates for matching
2025-06-04 19:53:37,951 - neural_ui_detector - INFO - UI Detector Ensemble initialized
2025-06-04 19:53:37,960 - neural_ui_detector - INFO - Loaded interaction memory with 4 entries
2025-06-04 19:53:38,738 - neural_ui_detector_server - INFO - Killing existing process on port 8768: PID 67882
2025-06-04 19:53:39,780 - neural_ui_detector_server - INFO - Starting Neural UI Detector WebSocket Server on port 8768
2025-06-04 19:53:39,952 - websockets.server - INFO - server listening on 127.0.0.1:8768
2025-06-04 19:53:39,956 - websockets.server - INFO - server listening on [::1]:8768
2025-06-04 19:53:41,934 - websockets.server - INFO - connection open
2025-06-04 19:53:41,944 - neural_ui_detector_server - INFO - Client 5649596832 connected
2025-06-04 19:53:44,039 - neural_ui_detector_server - INFO - Received message from client 5649596832: detect
2025-06-04 19:53:44,595 - neural_ui_detector - INFO - Took screenshot: cache/neural_ui_detector/screenshot_1749081224.png
2025-06-04 19:53:44,596 - neural_ui_detector - INFO - Running yolo detector with 10s timeout
2025-06-04 19:53:45,086 - neural_ui_detector - INFO - YOLO detected 0 UI elements
2025-06-04 19:53:45,086 - neural_ui_detector - INFO - Running accessibility detector with 3s timeout
2025-06-04 19:53:45,086 - neural_ui_detector - INFO - macOS accessibility detected 2 UI elements
2025-06-04 19:53:45,086 - neural_ui_detector - INFO - Running ocr detector with 8s timeout
2025-06-04 19:53:45,157 - neural_ui_detector - INFO - Resized image for OCR from 2940x1912 to 1200x780
2025-06-04 19:53:48,327 - neural_ui_detector - INFO - OCR optimized detected 31 text elements
2025-06-04 19:53:48,329 - neural_ui_detector - INFO - Merged 33 elements into 33 unique elements
2025-06-04 19:53:48,413 - neural_ui_detector - INFO - Saved detection result: cache/neural_ui_detector/detection_1749081224.json
2025-06-04 19:53:48,413 - neural_ui_detector - INFO - UI detection completed in 4.37s with 33 elements
2025-06-04 19:53:48,510 - neural_ui_detector - INFO - Saved visualization: cache/neural_ui_detector/visualization_1749081228.png
2025-06-04 19:53:55,126 - websockets.server - INFO - connection open
2025-06-04 19:53:55,128 - neural_ui_detector_server - INFO - Client 5649183632 connected
2025-06-04 19:53:55,128 - neural_ui_detector_server - INFO - Received message from client 5649183632: unknown
2025-06-04 19:54:15,827 - websockets.server - INFO - connection open
2025-06-04 19:54:15,828 - neural_ui_detector_server - INFO - Client 5764579408 connected
2025-06-04 19:54:15,830 - neural_ui_detector_server - INFO - Received message from client 5764579408: unknown
2025-06-04 19:54:36,442 - websockets.server - INFO - connection open
2025-06-04 19:54:36,447 - neural_ui_detector_server - INFO - Client 5764157984 connected
2025-06-04 19:54:36,453 - neural_ui_detector_server - INFO - Received message from client 5764157984: unknown
2025-06-04 19:54:57,389 - websockets.server - INFO - connection open
2025-06-04 19:54:57,394 - neural_ui_detector_server - INFO - Client 5764161328 connected
2025-06-04 19:54:57,407 - neural_ui_detector_server - INFO - Received message from client 5764161328: unknown
2025-06-04 19:55:53,505 - neural_ui_detector - INFO - PyTorch 2.7.0 available
2025-06-04 19:55:53,576 - neural_ui_detector - INFO - Ultralytics 8.3.148 available
2025-06-04 19:55:53,709 - neural_ui_detector - INFO - Transformers 4.51.3 available
2025-06-04 19:55:53,754 - neural_ui_detector - INFO - ONNX Runtime 1.22.0 available
2025-06-04 19:55:53,754 - neural_ui_detector - INFO - OpenCV 4.11.0 available
2025-06-04 19:55:53,787 - neural_ui_detector - INFO - Selenium available for browser automation
2025-06-04 19:55:53,787 - neural_ui_detector - INFO - Neural UI Detector available components:
2025-06-04 19:55:53,787 - neural_ui_detector - INFO - - YOLO Object Detection: ✅
2025-06-04 19:55:53,787 - neural_ui_detector - INFO - - LayoutLM Document Understanding: ✅
2025-06-04 19:55:53,787 - neural_ui_detector - INFO - - ONNX Model Acceleration: ✅
2025-06-04 19:55:53,787 - neural_ui_detector - INFO - - Computer Vision Support: ✅
2025-06-04 19:55:53,787 - neural_ui_detector - INFO - - Browser Automation: ✅
2025-06-04 19:55:53,824 - neural_ui_detector - INFO - Loaded pre-trained YOLOv8n model
2025-06-04 19:55:56,053 - neural_ui_detector - INFO - LayoutLM imports available (old API)
2025-06-04 19:57:00,250 - neural_ui_detector - INFO - Started new Chrome instance in headless mode
2025-06-04 19:57:05,366 - neural_ui_detector - INFO - Using EasyOCR for text recognition
2025-06-04 19:57:05,421 - neural_ui_detector - INFO - Loaded 3 templates for matching
2025-06-04 19:57:05,422 - neural_ui_detector - INFO - UI Detector Ensemble initialized
2025-06-04 19:57:05,428 - neural_ui_detector - INFO - Loaded interaction memory with 4 entries
2025-06-04 19:57:06,124 - neural_ui_detector_server - INFO - Killing existing process on port 8768: PID 69385
2025-06-04 19:57:07,274 - neural_ui_detector_server - INFO - Starting Neural UI Detector WebSocket Server on port 8768
2025-06-04 19:57:07,665 - websockets.server - INFO - server listening on 127.0.0.1:8768
2025-06-04 19:57:07,675 - websockets.server - INFO - server listening on [::1]:8768
2025-06-04 19:57:31,933 - websockets.server - INFO - connection open
2025-06-04 19:57:31,934 - neural_ui_detector_server - INFO - Client 6075318688 connected
2025-06-04 19:57:31,935 - neural_ui_detector_server - INFO - Received message from client 6075318688: unknown
2025-06-04 19:57:42,077 - websockets.server - INFO - connection open
2025-06-04 19:57:42,078 - neural_ui_detector_server - INFO - Client 6074901968 connected
2025-06-04 19:57:42,080 - neural_ui_detector_server - INFO - Received message from client 6074901968: unknown
2025-06-04 19:58:13,531 - neural_ui_detector - INFO - PyTorch 2.7.0 available
2025-06-04 19:58:13,602 - neural_ui_detector - INFO - Ultralytics 8.3.148 available
2025-06-04 19:58:13,775 - neural_ui_detector - INFO - Transformers 4.51.3 available
2025-06-04 19:58:13,836 - neural_ui_detector - INFO - ONNX Runtime 1.22.0 available
2025-06-04 19:58:13,836 - neural_ui_detector - INFO - OpenCV 4.11.0 available
2025-06-04 19:58:13,879 - neural_ui_detector - INFO - Selenium available for browser automation
2025-06-04 19:58:13,880 - neural_ui_detector - INFO - Neural UI Detector available components:
2025-06-04 19:58:13,880 - neural_ui_detector - INFO - - YOLO Object Detection: ✅
2025-06-04 19:58:13,880 - neural_ui_detector - INFO - - LayoutLM Document Understanding: ✅
2025-06-04 19:58:13,880 - neural_ui_detector - INFO - - ONNX Model Acceleration: ✅
2025-06-04 19:58:13,880 - neural_ui_detector - INFO - - Computer Vision Support: ✅
2025-06-04 19:58:13,880 - neural_ui_detector - INFO - - Browser Automation: ✅
2025-06-04 19:58:13,924 - neural_ui_detector - INFO - Loaded pre-trained YOLOv8n model
2025-06-04 19:58:16,536 - neural_ui_detector - INFO - LayoutLM imports available (old API)
2025-06-04 19:59:01,223 - neural_ui_detector - INFO - PyTorch 2.7.0 available
2025-06-04 19:59:02,209 - neural_ui_detector - INFO - Ultralytics 8.3.148 available
2025-06-04 19:59:02,377 - neural_ui_detector - INFO - Transformers 4.51.3 available
2025-06-04 19:59:02,439 - neural_ui_detector - INFO - ONNX Runtime 1.22.0 available
2025-06-04 19:59:02,439 - neural_ui_detector - INFO - OpenCV 4.11.0 available
2025-06-04 19:59:02,471 - neural_ui_detector - INFO - Selenium available for browser automation
2025-06-04 19:59:02,471 - neural_ui_detector - INFO - Neural UI Detector available components:
2025-06-04 19:59:02,471 - neural_ui_detector - INFO - - YOLO Object Detection: ✅
2025-06-04 19:59:02,471 - neural_ui_detector - INFO - - LayoutLM Document Understanding: ✅
2025-06-04 19:59:02,471 - neural_ui_detector - INFO - - ONNX Model Acceleration: ✅
2025-06-04 19:59:02,471 - neural_ui_detector - INFO - - Computer Vision Support: ✅
2025-06-04 19:59:02,471 - neural_ui_detector - INFO - - Browser Automation: ✅
2025-06-04 19:59:02,514 - neural_ui_detector - INFO - Loaded pre-trained YOLOv8n model
2025-06-04 19:59:05,344 - neural_ui_detector - INFO - LayoutLM imports available (old API)
2025-06-04 19:59:18,733 - neural_ui_detector - INFO - Started new Chrome instance in headless mode
2025-06-04 19:59:22,044 - neural_ui_detector - INFO - Using EasyOCR for text recognition
2025-06-04 19:59:22,085 - neural_ui_detector - INFO - Loaded 3 templates for matching
2025-06-04 19:59:22,085 - neural_ui_detector - INFO - UI Detector Ensemble initialized
2025-06-04 19:59:22,089 - neural_ui_detector - INFO - Loaded interaction memory with 4 entries
2025-06-04 19:59:22,624 - neural_ui_detector_server - INFO - Killing existing process on port 8768: PID 70631
2025-06-04 19:59:23,635 - neural_ui_detector_server - INFO - Starting Neural UI Detector WebSocket Server on port 8768
2025-06-04 19:59:23,726 - websockets.server - INFO - server listening on 127.0.0.1:8768
2025-06-04 19:59:23,727 - websockets.server - INFO - server listening on [::1]:8768
2025-06-04 19:59:39,307 - neural_ui_detector - INFO - PyTorch 2.7.0 available
2025-06-04 19:59:39,398 - neural_ui_detector - INFO - Ultralytics 8.3.148 available
2025-06-04 19:59:39,569 - neural_ui_detector - INFO - Transformers 4.51.3 available
2025-06-04 19:59:39,618 - neural_ui_detector - INFO - ONNX Runtime 1.22.0 available
2025-06-04 19:59:39,618 - neural_ui_detector - INFO - OpenCV 4.11.0 available
2025-06-04 19:59:39,647 - neural_ui_detector - INFO - Selenium available for browser automation
2025-06-04 19:59:39,647 - neural_ui_detector - INFO - Neural UI Detector available components:
2025-06-04 19:59:39,647 - neural_ui_detector - INFO - - YOLO Object Detection: ✅
2025-06-04 19:59:39,647 - neural_ui_detector - INFO - - LayoutLM Document Understanding: ✅
2025-06-04 19:59:39,647 - neural_ui_detector - INFO - - ONNX Model Acceleration: ✅
2025-06-04 19:59:39,647 - neural_ui_detector - INFO - - Computer Vision Support: ✅
2025-06-04 19:59:39,647 - neural_ui_detector - INFO - - Browser Automation: ✅
2025-06-04 19:59:39,679 - neural_ui_detector - INFO - Loaded pre-trained YOLOv8n model
2025-06-04 19:59:43,343 - neural_ui_detector - INFO - LayoutLM imports available (old API)
2025-06-04 19:59:43,958 - neural_ui_detector - INFO - PyTorch 2.7.0 available
2025-06-04 19:59:44,017 - neural_ui_detector - INFO - Ultralytics 8.3.148 available
2025-06-04 19:59:44,154 - neural_ui_detector - INFO - Transformers 4.51.3 available
2025-06-04 19:59:44,177 - neural_ui_detector - INFO - ONNX Runtime 1.22.0 available
2025-06-04 19:59:44,177 - neural_ui_detector - INFO - OpenCV 4.11.0 available
2025-06-04 19:59:44,201 - neural_ui_detector - INFO - Selenium available for browser automation
2025-06-04 19:59:44,201 - neural_ui_detector - INFO - Neural UI Detector available components:
2025-06-04 19:59:44,201 - neural_ui_detector - INFO - - YOLO Object Detection: ✅
2025-06-04 19:59:44,201 - neural_ui_detector - INFO - - LayoutLM Document Understanding: ✅
2025-06-04 19:59:44,201 - neural_ui_detector - INFO - - ONNX Model Acceleration: ✅
2025-06-04 19:59:44,201 - neural_ui_detector - INFO - - Computer Vision Support: ✅
2025-06-04 19:59:44,201 - neural_ui_detector - INFO - - Browser Automation: ✅
2025-06-04 19:59:44,221 - neural_ui_detector - INFO - Loaded pre-trained YOLOv8n model
2025-06-04 19:59:46,275 - neural_ui_detector - INFO - LayoutLM imports available (old API)
2025-06-04 20:00:13,447 - neural_ui_detector - INFO - PyTorch 2.7.0 available
2025-06-04 20:00:13,518 - neural_ui_detector - INFO - Ultralytics 8.3.148 available
2025-06-04 20:00:13,669 - neural_ui_detector - INFO - Transformers 4.51.3 available
2025-06-04 20:00:13,736 - neural_ui_detector - INFO - ONNX Runtime 1.22.0 available
2025-06-04 20:00:13,736 - neural_ui_detector - INFO - OpenCV 4.11.0 available
2025-06-04 20:00:13,766 - neural_ui_detector - INFO - Selenium available for browser automation
2025-06-04 20:00:13,767 - neural_ui_detector - INFO - Neural UI Detector available components:
2025-06-04 20:00:13,767 - neural_ui_detector - INFO - - YOLO Object Detection: ✅
2025-06-04 20:00:13,767 - neural_ui_detector - INFO - - LayoutLM Document Understanding: ✅
2025-06-04 20:00:13,767 - neural_ui_detector - INFO - - ONNX Model Acceleration: ✅
2025-06-04 20:00:13,767 - neural_ui_detector - INFO - - Computer Vision Support: ✅
2025-06-04 20:00:13,767 - neural_ui_detector - INFO - - Browser Automation: ✅
2025-06-04 20:00:13,804 - neural_ui_detector - INFO - Loaded pre-trained YOLOv8n model
2025-06-04 20:00:16,359 - neural_ui_detector - INFO - LayoutLM imports available (old API)
2025-06-04 20:01:19,270 - neural_ui_detector - INFO - Started new Chrome instance in headless mode
2025-06-04 20:01:22,359 - neural_ui_detector - INFO - Using EasyOCR for text recognition
2025-06-04 20:01:22,405 - neural_ui_detector - INFO - Loaded 3 templates for matching
2025-06-04 20:01:22,405 - neural_ui_detector - INFO - UI Detector Ensemble initialized
2025-06-04 20:01:22,407 - neural_ui_detector - INFO - Loaded interaction memory with 4 entries
2025-06-04 20:01:22,818 - neural_ui_detector_server - INFO - Killing existing process on port 8768: PID 71388
2025-06-04 20:01:23,832 - neural_ui_detector_server - INFO - Starting Neural UI Detector WebSocket Server on port 8768
2025-06-04 20:01:23,927 - websockets.server - INFO - server listening on [::1]:8768
2025-06-04 20:01:23,928 - websockets.server - INFO - server listening on 127.0.0.1:8768
2025-06-04 20:02:18,324 - neural_ui_detector - INFO - PyTorch 2.7.0 available
2025-06-04 20:02:18,407 - neural_ui_detector - INFO - Ultralytics 8.3.148 available
2025-06-04 20:02:18,542 - neural_ui_detector - INFO - Transformers 4.51.3 available
2025-06-04 20:02:18,675 - neural_ui_detector - INFO - ONNX Runtime 1.22.0 available
2025-06-04 20:02:18,676 - neural_ui_detector - INFO - OpenCV 4.11.0 available
2025-06-04 20:02:18,767 - neural_ui_detector - INFO - Selenium available for browser automation
2025-06-04 20:02:18,767 - neural_ui_detector - INFO - Neural UI Detector available components:
2025-06-04 20:02:18,767 - neural_ui_detector - INFO - - YOLO Object Detection: ✅
2025-06-04 20:02:18,767 - neural_ui_detector - INFO - - LayoutLM Document Understanding: ✅
2025-06-04 20:02:18,767 - neural_ui_detector - INFO - - ONNX Model Acceleration: ✅
2025-06-04 20:02:18,767 - neural_ui_detector - INFO - - Computer Vision Support: ✅
2025-06-04 20:02:18,767 - neural_ui_detector - INFO - - Browser Automation: ✅
2025-06-04 20:02:18,839 - neural_ui_detector - INFO - Loaded pre-trained YOLOv8n model
2025-06-04 20:02:24,927 - neural_ui_detector - INFO - LayoutLM imports available (old API)
2025-06-04 20:03:23,068 - neural_ui_detector - INFO - PyTorch 2.7.0 available
2025-06-04 20:03:23,180 - neural_ui_detector - INFO - Ultralytics 8.3.148 available
2025-06-04 20:03:23,377 - neural_ui_detector - INFO - Transformers 4.51.3 available
2025-06-04 20:03:23,500 - neural_ui_detector - INFO - ONNX Runtime 1.22.0 available
2025-06-04 20:03:23,500 - neural_ui_detector - INFO - OpenCV 4.11.0 available
2025-06-04 20:03:23,536 - neural_ui_detector - INFO - Selenium available for browser automation
2025-06-04 20:03:23,536 - neural_ui_detector - INFO - Neural UI Detector available components:
2025-06-04 20:03:23,536 - neural_ui_detector - INFO - - YOLO Object Detection: ✅
2025-06-04 20:03:23,536 - neural_ui_detector - INFO - - LayoutLM Document Understanding: ✅
2025-06-04 20:03:23,536 - neural_ui_detector - INFO - - ONNX Model Acceleration: ✅
2025-06-04 20:03:23,536 - neural_ui_detector - INFO - - Computer Vision Support: ✅
2025-06-04 20:03:23,536 - neural_ui_detector - INFO - - Browser Automation: ✅
2025-06-04 20:03:23,594 - neural_ui_detector - INFO - Loaded pre-trained YOLOv8n model
2025-06-04 20:03:26,298 - neural_ui_detector - INFO - LayoutLM imports available (old API)
2025-06-04 20:03:27,775 - neural_ui_detector - INFO - PyTorch 2.7.0 available
2025-06-04 20:03:27,885 - neural_ui_detector - INFO - Ultralytics 8.3.148 available
2025-06-04 20:03:28,057 - neural_ui_detector - INFO - Transformers 4.51.3 available
2025-06-04 20:03:28,115 - neural_ui_detector - INFO - ONNX Runtime 1.22.0 available
2025-06-04 20:03:28,115 - neural_ui_detector - INFO - OpenCV 4.11.0 available
2025-06-04 20:03:28,141 - neural_ui_detector - INFO - Selenium available for browser automation
2025-06-04 20:03:28,141 - neural_ui_detector - INFO - Neural UI Detector available components:
2025-06-04 20:03:28,141 - neural_ui_detector - INFO - - YOLO Object Detection: ✅
2025-06-04 20:03:28,141 - neural_ui_detector - INFO - - LayoutLM Document Understanding: ✅
2025-06-04 20:03:28,141 - neural_ui_detector - INFO - - ONNX Model Acceleration: ✅
2025-06-04 20:03:28,141 - neural_ui_detector - INFO - - Computer Vision Support: ✅
2025-06-04 20:03:28,141 - neural_ui_detector - INFO - - Browser Automation: ✅
2025-06-04 20:03:28,175 - neural_ui_detector - INFO - Loaded pre-trained YOLOv8n model
2025-06-04 20:03:28,585 - neural_ui_detector - INFO - Started new Chrome instance in headless mode
2025-06-04 20:03:31,955 - neural_ui_detector - INFO - LayoutLM imports available (old API)
2025-06-04 20:03:32,063 - neural_ui_detector - INFO - Using EasyOCR for text recognition
2025-06-04 20:03:32,102 - neural_ui_detector - INFO - Loaded 3 templates for matching
2025-06-04 20:03:32,102 - neural_ui_detector - INFO - UI Detector Ensemble initialized
2025-06-04 20:03:32,104 - neural_ui_detector - INFO - Loaded interaction memory with 4 entries
2025-06-04 20:03:33,510 - neural_ui_detector_server - INFO - Starting Neural UI Detector WebSocket Server on port 8768
2025-06-04 20:03:33,570 - websockets.server - INFO - server listening on [::1]:8768
2025-06-04 20:03:33,579 - websockets.server - INFO - server listening on 127.0.0.1:8768
2025-06-04 20:04:36,712 - neural_ui_detector - INFO - Started new Chrome instance in headless mode
2025-06-04 20:04:41,405 - neural_ui_detector - INFO - Using EasyOCR for text recognition
2025-06-04 20:04:41,443 - neural_ui_detector - INFO - Loaded 3 templates for matching
2025-06-04 20:04:41,443 - neural_ui_detector - INFO - UI Detector Ensemble initialized
2025-06-04 20:04:41,445 - neural_ui_detector - INFO - Loaded interaction memory with 4 entries
2025-06-04 20:04:41,874 - neural_ui_detector_server - INFO - Killing existing process on port 8768: PID 72101
2025-06-04 20:04:42,882 - neural_ui_detector_server - INFO - Starting Neural UI Detector WebSocket Server on port 8768
2025-06-04 20:04:42,964 - websockets.server - INFO - server listening on [::1]:8768
2025-06-04 20:04:42,966 - websockets.server - INFO - server listening on 127.0.0.1:8768
2025-06-04 20:05:04,693 - websockets.server - INFO - connection open
2025-06-04 20:05:04,695 - neural_ui_detector_server - INFO - Client 6158139808 connected
2025-06-04 20:05:11,930 - neural_ui_detector_server - INFO - Received message from client 6158139808: detect
2025-06-04 20:05:12,594 - neural_ui_detector - INFO - Took screenshot: cache/neural_ui_detector/screenshot_1749081911.png
2025-06-04 20:05:12,596 - neural_ui_detector - INFO - Running yolo detector with 10s timeout
2025-06-04 20:05:13,004 - neural_ui_detector - INFO - YOLO detected 0 UI elements
2025-06-04 20:05:13,004 - neural_ui_detector - INFO - Running accessibility detector with 3s timeout
2025-06-04 20:05:13,004 - neural_ui_detector - INFO - macOS accessibility detected 2 UI elements
2025-06-04 20:05:13,004 - neural_ui_detector - INFO - Running ocr detector with 8s timeout
2025-06-04 20:05:13,067 - neural_ui_detector - INFO - Resized image for OCR from 2940x1912 to 1200x780
2025-06-04 20:05:18,764 - neural_ui_detector - INFO - OCR optimized detected 34 text elements
2025-06-04 20:05:18,766 - neural_ui_detector - INFO - Merged 36 elements into 36 unique elements
2025-06-04 20:05:18,837 - neural_ui_detector - INFO - Saved detection result: cache/neural_ui_detector/detection_1749081912.json
2025-06-04 20:05:18,837 - neural_ui_detector - INFO - UI detection completed in 6.90s with 36 elements
2025-06-04 20:05:18,919 - neural_ui_detector - INFO - Saved visualization: cache/neural_ui_detector/visualization_1749081918.png
2025-06-04 20:05:18,944 - neural_ui_detector_server - INFO - Received message from client 6158139808: click
2025-06-04 20:05:19,460 - neural_ui_detector - INFO - Took screenshot: cache/neural_ui_detector/screenshot_1749081918.png
2025-06-04 20:05:19,461 - neural_ui_detector - INFO - Running yolo detector with 10s timeout
2025-06-04 20:05:19,694 - neural_ui_detector - INFO - YOLO detected 0 UI elements
2025-06-04 20:05:19,694 - neural_ui_detector - INFO - Running accessibility detector with 3s timeout
2025-06-04 20:05:19,694 - neural_ui_detector - INFO - macOS accessibility detected 2 UI elements
2025-06-04 20:05:19,694 - neural_ui_detector - INFO - Running ocr detector with 8s timeout
2025-06-04 20:05:19,766 - neural_ui_detector - INFO - Resized image for OCR from 2940x1912 to 1200x780
2025-06-04 20:05:22,860 - neural_ui_detector - INFO - OCR optimized detected 51 text elements
2025-06-04 20:05:22,861 - neural_ui_detector - INFO - Merged 53 elements into 53 unique elements
2025-06-04 20:05:22,933 - neural_ui_detector - INFO - Saved detection result: cache/neural_ui_detector/detection_1749081919.json
2025-06-04 20:05:22,933 - neural_ui_detector - INFO - UI detection completed in 3.98s with 53 elements
2025-06-04 20:05:23,238 - neural_ui_detector - INFO - Saved interaction memory with 5 entries
2025-06-04 20:05:23,238 - neural_ui_detector - INFO - Clicked element 'Primary Button' at (176, 535)
2025-06-04 20:05:24,262 - neural_ui_detector_server - INFO - Received message from client 6158139808: click
2025-06-04 20:05:24,396 - neural_ui_detector - INFO - Saved interaction memory with 6 entries
2025-06-04 20:05:24,396 - neural_ui_detector - INFO - Clicked element 'Success Button' at (194, 627)
2025-06-04 20:05:25,400 - neural_ui_detector_server - INFO - Received message from client 6158139808: type
2025-06-04 20:05:25,401 - neural_ui_detector - ERROR - Element 'Text Input' not found
2025-06-04 20:05:26,403 - neural_ui_detector_server - INFO - Received message from client 6158139808: type
2025-06-04 20:05:26,415 - neural_ui_detector - ERROR - Element 'Email Input' not found
2025-06-04 20:07:59,056 - neural_ui_detector - INFO - PyTorch 2.7.0 available
2025-06-04 20:07:59,160 - neural_ui_detector - INFO - Ultralytics 8.3.148 available
2025-06-04 20:07:59,368 - neural_ui_detector - INFO - Transformers 4.51.3 available
2025-06-04 20:07:59,437 - neural_ui_detector - INFO - ONNX Runtime 1.22.0 available
2025-06-04 20:07:59,438 - neural_ui_detector - INFO - OpenCV 4.11.0 available
2025-06-04 20:07:59,481 - neural_ui_detector - INFO - Selenium available for browser automation
2025-06-04 20:07:59,481 - neural_ui_detector - INFO - Neural UI Detector available components:
2025-06-04 20:07:59,481 - neural_ui_detector - INFO - - YOLO Object Detection: ✅
2025-06-04 20:07:59,481 - neural_ui_detector - INFO - - LayoutLM Document Understanding: ✅
2025-06-04 20:07:59,481 - neural_ui_detector - INFO - - ONNX Model Acceleration: ✅
2025-06-04 20:07:59,481 - neural_ui_detector - INFO - - Computer Vision Support: ✅
2025-06-04 20:07:59,481 - neural_ui_detector - INFO - - Browser Automation: ✅
2025-06-04 20:07:59,518 - neural_ui_detector - INFO - Loaded pre-trained YOLOv8n model
2025-06-04 20:08:01,992 - neural_ui_detector - INFO - LayoutLM imports available (old API)
2025-06-04 20:08:18,719 - neural_ui_detector - INFO - PyTorch 2.7.0 available
2025-06-04 20:08:18,793 - neural_ui_detector - INFO - Ultralytics 8.3.148 available
2025-06-04 20:08:18,960 - neural_ui_detector - INFO - Transformers 4.51.3 available
2025-06-04 20:08:19,005 - neural_ui_detector - INFO - ONNX Runtime 1.22.0 available
2025-06-04 20:08:19,005 - neural_ui_detector - INFO - OpenCV 4.11.0 available
2025-06-04 20:08:19,034 - neural_ui_detector - INFO - Selenium available for browser automation
2025-06-04 20:08:19,034 - neural_ui_detector - INFO - Neural UI Detector available components:
2025-06-04 20:08:19,034 - neural_ui_detector - INFO - - YOLO Object Detection: ✅
2025-06-04 20:08:19,034 - neural_ui_detector - INFO - - LayoutLM Document Understanding: ✅
2025-06-04 20:08:19,034 - neural_ui_detector - INFO - - ONNX Model Acceleration: ✅
2025-06-04 20:08:19,034 - neural_ui_detector - INFO - - Computer Vision Support: ✅
2025-06-04 20:08:19,034 - neural_ui_detector - INFO - - Browser Automation: ✅
2025-06-04 20:08:19,066 - neural_ui_detector - INFO - Loaded pre-trained YOLOv8n model
2025-06-04 20:08:21,840 - neural_ui_detector - INFO - LayoutLM imports available (old API)
2025-06-04 20:09:24,169 - neural_ui_detector - INFO - Started new Chrome instance in headless mode
2025-06-04 20:09:27,116 - neural_ui_detector - INFO - Using EasyOCR for text recognition
2025-06-04 20:09:27,149 - neural_ui_detector - INFO - Loaded 3 templates for matching
2025-06-04 20:09:27,150 - neural_ui_detector - INFO - UI Detector Ensemble initialized
2025-06-04 20:09:27,156 - neural_ui_detector - INFO - Loaded interaction memory with 6 entries
2025-06-04 20:09:27,344 - neural_ui_detector_server - INFO - Killing existing process on port 8768: PID 75611
2025-06-04 20:09:28,348 - neural_ui_detector_server - INFO - Starting Neural UI Detector WebSocket Server on port 8768
2025-06-04 20:09:28,405 - websockets.server - INFO - server listening on [::1]:8768
2025-06-04 20:09:28,406 - websockets.server - INFO - server listening on 127.0.0.1:8768
2025-06-04 20:09:29,467 - neural_ui_detector - INFO - PyTorch 2.7.0 available
2025-06-04 20:09:29,533 - neural_ui_detector - INFO - Ultralytics 8.3.148 available
2025-06-04 20:09:29,671 - neural_ui_detector - INFO - Transformers 4.51.3 available
2025-06-04 20:09:29,729 - neural_ui_detector - INFO - ONNX Runtime 1.22.0 available
2025-06-04 20:09:29,729 - neural_ui_detector - INFO - OpenCV 4.11.0 available
2025-06-04 20:09:29,764 - neural_ui_detector - INFO - Selenium available for browser automation
2025-06-04 20:09:29,764 - neural_ui_detector - INFO - Neural UI Detector available components:
2025-06-04 20:09:29,764 - neural_ui_detector - INFO - - YOLO Object Detection: ✅
2025-06-04 20:09:29,764 - neural_ui_detector - INFO - - LayoutLM Document Understanding: ✅
2025-06-04 20:09:29,764 - neural_ui_detector - INFO - - ONNX Model Acceleration: ✅
2025-06-04 20:09:29,764 - neural_ui_detector - INFO - - Computer Vision Support: ✅
2025-06-04 20:09:29,764 - neural_ui_detector - INFO - - Browser Automation: ✅
2025-06-04 20:09:29,790 - neural_ui_detector - INFO - Loaded pre-trained YOLOv8n model
2025-06-04 20:09:32,217 - neural_ui_detector - INFO - LayoutLM imports available (old API)
2025-06-04 20:10:34,591 - neural_ui_detector - INFO - Started new Chrome instance in headless mode
2025-06-04 20:10:38,078 - neural_ui_detector - INFO - Using EasyOCR for text recognition
2025-06-04 20:10:38,096 - neural_ui_detector - INFO - Loaded 3 templates for matching
2025-06-04 20:10:38,096 - neural_ui_detector - INFO - UI Detector Ensemble initialized
2025-06-04 20:10:38,097 - neural_ui_detector - INFO - Loaded interaction memory with 6 entries
2025-06-04 20:10:38,392 - neural_ui_detector_server - INFO - Killing existing process on port 8768: PID 74380
2025-06-04 20:10:39,397 - neural_ui_detector_server - INFO - Starting Neural UI Detector WebSocket Server on port 8768
2025-06-04 20:10:39,572 - websockets.server - INFO - server listening on 127.0.0.1:8768
2025-06-04 20:10:39,573 - websockets.server - INFO - server listening on [::1]:8768
2025-06-04 20:10:52,121 - neural_ui_detector - INFO - PyTorch 2.7.0 available
2025-06-04 20:10:52,189 - neural_ui_detector - INFO - Ultralytics 8.3.148 available
2025-06-04 20:10:52,310 - neural_ui_detector - INFO - Transformers 4.51.3 available
2025-06-04 20:10:52,356 - neural_ui_detector - INFO - ONNX Runtime 1.22.0 available
2025-06-04 20:10:52,357 - neural_ui_detector - INFO - OpenCV 4.11.0 available
2025-06-04 20:10:52,387 - neural_ui_detector - INFO - Selenium available for browser automation
2025-06-04 20:10:52,387 - neural_ui_detector - INFO - Neural UI Detector available components:
2025-06-04 20:10:52,387 - neural_ui_detector - INFO - - YOLO Object Detection: ✅
2025-06-04 20:10:52,387 - neural_ui_detector - INFO - - LayoutLM Document Understanding: ✅
2025-06-04 20:10:52,387 - neural_ui_detector - INFO - - ONNX Model Acceleration: ✅
2025-06-04 20:10:52,387 - neural_ui_detector - INFO - - Computer Vision Support: ✅
2025-06-04 20:10:52,387 - neural_ui_detector - INFO - - Browser Automation: ✅
2025-06-04 20:10:52,412 - neural_ui_detector - INFO - Loaded pre-trained YOLOv8n model
2025-06-04 20:10:54,327 - neural_ui_detector - INFO - LayoutLM imports available (old API)
2025-06-04 20:11:50,799 - neural_ui_detector - INFO - PyTorch 2.7.0 available
2025-06-04 20:11:50,870 - neural_ui_detector - INFO - Ultralytics 8.3.148 available
2025-06-04 20:11:50,987 - neural_ui_detector - INFO - Transformers 4.51.3 available
2025-06-04 20:11:51,036 - neural_ui_detector - INFO - ONNX Runtime 1.22.0 available
2025-06-04 20:11:51,037 - neural_ui_detector - INFO - OpenCV 4.11.0 available
2025-06-04 20:11:51,060 - neural_ui_detector - INFO - Selenium available for browser automation
2025-06-04 20:11:51,060 - neural_ui_detector - INFO - Neural UI Detector available components:
2025-06-04 20:11:51,060 - neural_ui_detector - INFO - - YOLO Object Detection: ✅
2025-06-04 20:11:51,060 - neural_ui_detector - INFO - - LayoutLM Document Understanding: ✅
2025-06-04 20:11:51,060 - neural_ui_detector - INFO - - ONNX Model Acceleration: ✅
2025-06-04 20:11:51,060 - neural_ui_detector - INFO - - Computer Vision Support: ✅
2025-06-04 20:11:51,060 - neural_ui_detector - INFO - - Browser Automation: ✅
2025-06-04 20:11:51,087 - neural_ui_detector - INFO - Loaded pre-trained YOLOv8n model
2025-06-04 20:11:53,001 - neural_ui_detector - INFO - LayoutLM imports available (old API)
2025-06-04 20:11:55,960 - neural_ui_detector - INFO - Started new Chrome instance in headless mode
2025-06-04 20:12:00,255 - neural_ui_detector - INFO - Using EasyOCR for text recognition
2025-06-04 20:12:00,277 - neural_ui_detector - INFO - Loaded 3 templates for matching
2025-06-04 20:12:00,277 - neural_ui_detector - INFO - UI Detector Ensemble initialized
2025-06-04 20:12:00,280 - neural_ui_detector - INFO - Loaded interaction memory with 6 entries
2025-06-04 20:12:00,451 - neural_ui_detector_server - INFO - Killing existing process on port 8768: PID 76603
2025-06-04 20:12:01,457 - neural_ui_detector_server - INFO - Starting Neural UI Detector WebSocket Server on port 8768
2025-06-04 20:12:01,522 - websockets.server - INFO - server listening on 127.0.0.1:8768
2025-06-04 20:12:01,523 - websockets.server - INFO - server listening on [::1]:8768
2025-06-04 20:12:54,516 - neural_ui_detector - INFO - Started new Chrome instance in headless mode
2025-06-04 20:12:57,200 - neural_ui_detector - INFO - Using EasyOCR for text recognition
2025-06-04 20:12:57,222 - neural_ui_detector - INFO - Loaded 3 templates for matching
2025-06-04 20:12:57,222 - neural_ui_detector - INFO - UI Detector Ensemble initialized
2025-06-04 20:12:57,224 - neural_ui_detector - INFO - Loaded interaction memory with 6 entries
2025-06-04 20:12:57,382 - neural_ui_detector_server - INFO - Killing existing process on port 8768: PID 76196
2025-06-04 20:12:58,385 - neural_ui_detector_server - INFO - Starting Neural UI Detector WebSocket Server on port 8768
2025-06-04 20:12:58,451 - websockets.server - INFO - server listening on 127.0.0.1:8768
2025-06-04 20:12:58,451 - websockets.server - INFO - server listening on [::1]:8768
2025-06-04 20:16:00,213 - neural_ui_detector - INFO - PyTorch 2.7.0 available
2025-06-04 20:16:00,281 - neural_ui_detector - INFO - Ultralytics 8.3.148 available
2025-06-04 20:16:00,432 - neural_ui_detector - INFO - Transformers 4.51.3 available
2025-06-04 20:16:00,486 - neural_ui_detector - INFO - ONNX Runtime 1.22.0 available
2025-06-04 20:16:00,486 - neural_ui_detector - INFO - OpenCV 4.11.0 available
2025-06-04 20:16:00,515 - neural_ui_detector - INFO - Selenium available for browser automation
2025-06-04 20:16:00,515 - neural_ui_detector - INFO - Neural UI Detector available components:
2025-06-04 20:16:00,516 - neural_ui_detector - INFO - - YOLO Object Detection: ✅
2025-06-04 20:16:00,516 - neural_ui_detector - INFO - - LayoutLM Document Understanding: ✅
2025-06-04 20:16:00,516 - neural_ui_detector - INFO - - ONNX Model Acceleration: ✅
2025-06-04 20:16:00,516 - neural_ui_detector - INFO - - Computer Vision Support: ✅
2025-06-04 20:16:00,516 - neural_ui_detector - INFO - - Browser Automation: ✅
2025-06-04 20:16:00,551 - neural_ui_detector - INFO - Loaded pre-trained YOLOv8n model
2025-06-04 20:16:03,546 - neural_ui_detector - INFO - LayoutLM imports available (old API)
2025-06-04 20:16:04,791 - neural_ui_detector - INFO - PyTorch 2.7.0 available
2025-06-04 20:16:04,845 - neural_ui_detector - INFO - Ultralytics 8.3.148 available
2025-06-04 20:16:04,973 - neural_ui_detector - INFO - Transformers 4.51.3 available
2025-06-04 20:16:04,989 - neural_ui_detector - INFO - ONNX Runtime 1.22.0 available
2025-06-04 20:16:04,989 - neural_ui_detector - INFO - OpenCV 4.11.0 available
2025-06-04 20:16:05,011 - neural_ui_detector - INFO - Selenium available for browser automation
2025-06-04 20:16:05,011 - neural_ui_detector - INFO - Neural UI Detector available components:
2025-06-04 20:16:05,011 - neural_ui_detector - INFO - - YOLO Object Detection: ✅
2025-06-04 20:16:05,011 - neural_ui_detector - INFO - - LayoutLM Document Understanding: ✅
2025-06-04 20:16:05,011 - neural_ui_detector - INFO - - ONNX Model Acceleration: ✅
2025-06-04 20:16:05,011 - neural_ui_detector - INFO - - Computer Vision Support: ✅
2025-06-04 20:16:05,011 - neural_ui_detector - INFO - - Browser Automation: ✅
2025-06-04 20:16:05,029 - neural_ui_detector - INFO - Loaded pre-trained YOLOv8n model
2025-06-04 20:16:06,682 - neural_ui_detector - INFO - LayoutLM imports available (old API)
2025-06-04 20:17:08,568 - neural_ui_detector - INFO - Started new Chrome instance in headless mode
2025-06-04 20:17:13,546 - neural_ui_detector - INFO - Using EasyOCR for text recognition
2025-06-04 20:17:13,609 - neural_ui_detector - INFO - Loaded 3 templates for matching
2025-06-04 20:17:13,609 - neural_ui_detector - INFO - UI Detector Ensemble initialized
2025-06-04 20:17:13,611 - neural_ui_detector - INFO - Loaded interaction memory with 6 entries
2025-06-04 20:17:15,378 - neural_ui_detector_server - INFO - Starting Neural UI Detector WebSocket Server on port 8768
2025-06-04 20:17:15,548 - websockets.server - INFO - server listening on [::1]:8768
2025-06-04 20:17:15,549 - websockets.server - INFO - server listening on 127.0.0.1:8768
2025-06-04 20:23:54,141 - neural_ui_detector - INFO - PyTorch 2.7.0 available
2025-06-04 20:23:54,378 - neural_ui_detector - INFO - Ultralytics 8.3.148 available
2025-06-04 20:23:54,520 - neural_ui_detector - INFO - Transformers 4.51.3 available
2025-06-04 20:23:54,569 - neural_ui_detector - INFO - ONNX Runtime 1.22.0 available
2025-06-04 20:23:54,569 - neural_ui_detector - INFO - OpenCV 4.11.0 available
2025-06-04 20:23:54,595 - neural_ui_detector - INFO - Selenium available for browser automation
2025-06-04 20:23:54,595 - neural_ui_detector - INFO - Neural UI Detector available components:
2025-06-04 20:23:54,595 - neural_ui_detector - INFO - - YOLO Object Detection: ✅
2025-06-04 20:23:54,595 - neural_ui_detector - INFO - - LayoutLM Document Understanding: ✅
2025-06-04 20:23:54,595 - neural_ui_detector - INFO - - ONNX Model Acceleration: ✅
2025-06-04 20:23:54,595 - neural_ui_detector - INFO - - Computer Vision Support: ✅
2025-06-04 20:23:54,595 - neural_ui_detector - INFO - - Browser Automation: ✅
2025-06-04 20:23:54,640 - neural_ui_detector - INFO - Loaded pre-trained YOLOv8n model
2025-06-04 20:23:56,674 - neural_ui_detector - INFO - LayoutLM imports available (old API)
2025-06-04 20:23:57,647 - neural_ui_detector - INFO - PyTorch 2.7.0 available
2025-06-04 20:23:57,708 - neural_ui_detector - INFO - Ultralytics 8.3.148 available
2025-06-04 20:23:57,830 - neural_ui_detector - INFO - Transformers 4.51.3 available
2025-06-04 20:23:57,846 - neural_ui_detector - INFO - ONNX Runtime 1.22.0 available
2025-06-04 20:23:57,846 - neural_ui_detector - INFO - OpenCV 4.11.0 available
2025-06-04 20:23:57,868 - neural_ui_detector - INFO - Selenium available for browser automation
2025-06-04 20:23:57,868 - neural_ui_detector - INFO - Neural UI Detector available components:
2025-06-04 20:23:57,869 - neural_ui_detector - INFO - - YOLO Object Detection: ✅
2025-06-04 20:23:57,869 - neural_ui_detector - INFO - - LayoutLM Document Understanding: ✅
2025-06-04 20:23:57,869 - neural_ui_detector - INFO - - ONNX Model Acceleration: ✅
2025-06-04 20:23:57,869 - neural_ui_detector - INFO - - Computer Vision Support: ✅
2025-06-04 20:23:57,869 - neural_ui_detector - INFO - - Browser Automation: ✅
2025-06-04 20:23:57,888 - neural_ui_detector - INFO - Loaded pre-trained YOLOv8n model
2025-06-04 20:23:59,554 - neural_ui_detector - INFO - LayoutLM imports available (old API)
2025-06-04 20:24:14,291 - neural_ui_detector - INFO - PyTorch 2.7.0 available
2025-06-04 20:24:14,341 - neural_ui_detector - INFO - Ultralytics 8.3.148 available
2025-06-04 20:24:14,465 - neural_ui_detector - INFO - Transformers 4.51.3 available
2025-06-04 20:24:14,480 - neural_ui_detector - INFO - ONNX Runtime 1.22.0 available
2025-06-04 20:24:14,480 - neural_ui_detector - INFO - OpenCV 4.11.0 available
2025-06-04 20:24:14,502 - neural_ui_detector - INFO - Selenium available for browser automation
2025-06-04 20:24:14,503 - neural_ui_detector - INFO - Neural UI Detector available components:
2025-06-04 20:24:14,503 - neural_ui_detector - INFO - - YOLO Object Detection: ✅
2025-06-04 20:24:14,503 - neural_ui_detector - INFO - - LayoutLM Document Understanding: ✅
2025-06-04 20:24:14,503 - neural_ui_detector - INFO - - ONNX Model Acceleration: ✅
2025-06-04 20:24:14,503 - neural_ui_detector - INFO - - Computer Vision Support: ✅
2025-06-04 20:24:14,503 - neural_ui_detector - INFO - - Browser Automation: ✅
2025-06-04 20:24:14,526 - neural_ui_detector - INFO - Loaded pre-trained YOLOv8n model
2025-06-04 20:24:16,954 - neural_ui_detector - INFO - LayoutLM imports available (old API)
2025-06-04 20:24:19,392 - neural_ui_detector - INFO - PyTorch 2.7.0 available
2025-06-04 20:24:19,450 - neural_ui_detector - INFO - Ultralytics 8.3.148 available
2025-06-04 20:24:19,572 - neural_ui_detector - INFO - Transformers 4.51.3 available
2025-06-04 20:24:19,588 - neural_ui_detector - INFO - ONNX Runtime 1.22.0 available
2025-06-04 20:24:19,588 - neural_ui_detector - INFO - OpenCV 4.11.0 available
2025-06-04 20:24:19,610 - neural_ui_detector - INFO - Selenium available for browser automation
2025-06-04 20:24:19,610 - neural_ui_detector - INFO - Neural UI Detector available components:
2025-06-04 20:24:19,610 - neural_ui_detector - INFO - - YOLO Object Detection: ✅
2025-06-04 20:24:19,610 - neural_ui_detector - INFO - - LayoutLM Document Understanding: ✅
2025-06-04 20:24:19,610 - neural_ui_detector - INFO - - ONNX Model Acceleration: ✅
2025-06-04 20:24:19,611 - neural_ui_detector - INFO - - Computer Vision Support: ✅
2025-06-04 20:24:19,611 - neural_ui_detector - INFO - - Browser Automation: ✅
2025-06-04 20:24:19,635 - neural_ui_detector - INFO - Loaded pre-trained YOLOv8n model
2025-06-04 20:24:21,601 - neural_ui_detector - INFO - LayoutLM imports available (old API)
2025-06-04 20:24:59,258 - neural_ui_detector - INFO - Started new Chrome instance in headless mode
2025-06-04 20:25:00,832 - neural_ui_detector - INFO - Started new Chrome instance in headless mode
2025-06-04 20:25:02,814 - neural_ui_detector - INFO - Using EasyOCR for text recognition
2025-06-04 20:25:02,835 - neural_ui_detector - INFO - Loaded 3 templates for matching
2025-06-04 20:25:02,835 - neural_ui_detector - INFO - UI Detector Ensemble initialized
2025-06-04 20:25:02,836 - neural_ui_detector - INFO - Loaded interaction memory with 6 entries
2025-06-04 20:25:04,014 - neural_ui_detector - INFO - Using EasyOCR for text recognition
2025-06-04 20:25:04,021 - neural_ui_detector - INFO - Loaded 3 templates for matching
2025-06-04 20:25:04,021 - neural_ui_detector - INFO - UI Detector Ensemble initialized
2025-06-04 20:25:04,021 - neural_ui_detector - INFO - Loaded interaction memory with 6 entries
2025-06-04 20:25:04,218 - neural_ui_detector_server - INFO - Starting Neural UI Detector WebSocket Server on port 8768
2025-06-04 20:25:04,463 - websockets.server - INFO - server listening on [::1]:8768
2025-06-04 20:25:04,464 - websockets.server - INFO - server listening on 127.0.0.1:8768
2025-06-04 20:25:05,082 - neural_ui_detector_server - INFO - Starting Neural UI Detector WebSocket Server on port 8768
2025-06-04 20:25:05,110 - neural_ui_detector_server - WARNING - Port 8768 is already in use, trying port 8769... (attempt 1/5)
2025-06-04 20:25:05,110 - websockets.server - INFO - server listening on 127.0.0.1:8769
2025-06-04 20:25:05,111 - websockets.server - INFO - server listening on [::1]:8769
2025-06-04 23:40:14,410 - neural_ui_detector - INFO - PyTorch 2.7.0 available
2025-06-04 23:40:14,474 - neural_ui_detector - INFO - Ultralytics 8.3.148 available
2025-06-04 23:40:14,566 - neural_ui_detector - INFO - Transformers 4.51.3 available
2025-06-04 23:40:14,620 - neural_ui_detector - INFO - ONNX Runtime 1.22.0 available
2025-06-04 23:40:14,621 - neural_ui_detector - INFO - OpenCV 4.11.0 available
2025-06-04 23:40:14,649 - neural_ui_detector - INFO - Selenium available for browser automation
2025-06-04 23:40:14,649 - neural_ui_detector - INFO - Neural UI Detector available components:
2025-06-04 23:40:14,649 - neural_ui_detector - INFO - - YOLO Object Detection: ✅
2025-06-04 23:40:14,649 - neural_ui_detector - INFO - - LayoutLM Document Understanding: ✅
2025-06-04 23:40:14,649 - neural_ui_detector - INFO - - ONNX Model Acceleration: ✅
2025-06-04 23:40:14,650 - neural_ui_detector - INFO - - Computer Vision Support: ✅
2025-06-04 23:40:14,650 - neural_ui_detector - INFO - - Browser Automation: ✅
2025-06-04 23:40:14,675 - neural_ui_detector - INFO - Loaded pre-trained YOLOv8n model
2025-06-04 23:40:16,776 - neural_ui_detector - INFO - LayoutLM imports available (old API)
2025-06-04 23:41:18,257 - neural_ui_detector - INFO - Started new Chrome instance in headless mode
2025-06-04 23:41:20,892 - neural_ui_detector - INFO - Using EasyOCR for text recognition
2025-06-04 23:41:20,907 - neural_ui_detector - INFO - Loaded 3 templates for matching
2025-06-04 23:41:20,907 - neural_ui_detector - INFO - UI Detector Ensemble initialized
2025-06-04 23:41:20,908 - neural_ui_detector - INFO - Loaded interaction memory with 6 entries
2025-06-04 23:41:20,961 - neural_ui_detector_server - INFO - Killing existing process on port 8768: PID 11699
2025-06-04 23:41:21,967 - neural_ui_detector_server - INFO - Starting Neural UI Detector WebSocket Server on port 8768
2025-06-04 23:41:22,000 - websockets.server - INFO - server listening on [::1]:8768
2025-06-04 23:41:22,003 - websockets.server - INFO - server listening on 127.0.0.1:8768
2025-06-04 23:52:48,287 - neural_ui_detector - INFO - PyTorch 2.7.0 available
2025-06-04 23:52:48,326 - neural_ui_detector - INFO - Ultralytics 8.3.148 available
2025-06-04 23:52:48,468 - neural_ui_detector - INFO - Transformers 4.51.3 available
2025-06-04 23:52:48,515 - neural_ui_detector - INFO - ONNX Runtime 1.22.0 available
2025-06-04 23:52:48,515 - neural_ui_detector - INFO - OpenCV 4.11.0 available
2025-06-04 23:52:48,551 - neural_ui_detector - INFO - Selenium available for browser automation
2025-06-04 23:52:48,551 - neural_ui_detector - INFO - Neural UI Detector available components:
2025-06-04 23:52:48,551 - neural_ui_detector - INFO - - YOLO Object Detection: ✅
2025-06-04 23:52:48,551 - neural_ui_detector - INFO - - LayoutLM Document Understanding: ✅
2025-06-04 23:52:48,551 - neural_ui_detector - INFO - - ONNX Model Acceleration: ✅
2025-06-04 23:52:48,551 - neural_ui_detector - INFO - - Computer Vision Support: ✅
2025-06-04 23:52:48,552 - neural_ui_detector - INFO - - Browser Automation: ✅
2025-06-04 23:52:48,588 - neural_ui_detector - INFO - Loaded pre-trained YOLOv8n model
2025-06-04 23:52:50,679 - neural_ui_detector - INFO - LayoutLM imports available (old API)
2025-06-04 23:53:23,271 - neural_ui_detector - INFO - PyTorch 2.7.0 available
2025-06-04 23:53:23,336 - neural_ui_detector - INFO - Ultralytics 8.3.148 available
2025-06-04 23:53:23,478 - neural_ui_detector - INFO - Transformers 4.51.3 available
2025-06-04 23:53:23,556 - neural_ui_detector - INFO - ONNX Runtime 1.22.0 available
2025-06-04 23:53:23,556 - neural_ui_detector - INFO - OpenCV 4.11.0 available
2025-06-04 23:53:23,595 - neural_ui_detector - INFO - Selenium available for browser automation
2025-06-04 23:53:23,595 - neural_ui_detector - INFO - Neural UI Detector available components:
2025-06-04 23:53:23,595 - neural_ui_detector - INFO - - YOLO Object Detection: ✅
2025-06-04 23:53:23,595 - neural_ui_detector - INFO - - LayoutLM Document Understanding: ✅
2025-06-04 23:53:23,595 - neural_ui_detector - INFO - - ONNX Model Acceleration: ✅
2025-06-04 23:53:23,595 - neural_ui_detector - INFO - - Computer Vision Support: ✅
2025-06-04 23:53:23,595 - neural_ui_detector - INFO - - Browser Automation: ✅
2025-06-04 23:53:23,631 - neural_ui_detector - INFO - Loaded pre-trained YOLOv8n model
2025-06-04 23:53:26,158 - neural_ui_detector - INFO - LayoutLM imports available (old API)
2025-06-04 23:57:23,695 - neural_ui_detector - INFO - PyTorch 2.7.0 available
2025-06-04 23:57:23,739 - neural_ui_detector - INFO - Ultralytics 8.3.148 available
2025-06-04 23:57:23,883 - neural_ui_detector - INFO - Transformers 4.51.3 available
2025-06-04 23:57:23,927 - neural_ui_detector - INFO - ONNX Runtime 1.22.0 available
2025-06-04 23:57:23,928 - neural_ui_detector - INFO - OpenCV 4.11.0 available
2025-06-04 23:57:23,956 - neural_ui_detector - INFO - Selenium available for browser automation
2025-06-04 23:57:23,956 - neural_ui_detector - INFO - Neural UI Detector available components:
2025-06-04 23:57:23,956 - neural_ui_detector - INFO - - YOLO Object Detection: ✅
2025-06-04 23:57:23,956 - neural_ui_detector - INFO - - LayoutLM Document Understanding: ✅
2025-06-04 23:57:23,956 - neural_ui_detector - INFO - - ONNX Model Acceleration: ✅
2025-06-04 23:57:23,956 - neural_ui_detector - INFO - - Computer Vision Support: ✅
2025-06-04 23:57:23,956 - neural_ui_detector - INFO - - Browser Automation: ✅
2025-06-04 23:57:23,988 - neural_ui_detector - INFO - Loaded pre-trained YOLOv8n model
2025-06-05 00:09:06,348 - neural_ui_detector - INFO - PyTorch 2.7.0 available
2025-06-05 00:09:06,385 - neural_ui_detector - INFO - Ultralytics 8.3.148 available
2025-06-05 00:09:06,534 - neural_ui_detector - INFO - Transformers 4.51.3 available
2025-06-05 00:09:06,584 - neural_ui_detector - INFO - ONNX Runtime 1.22.0 available
2025-06-05 00:09:06,584 - neural_ui_detector - INFO - OpenCV 4.11.0 available
2025-06-05 00:09:06,610 - neural_ui_detector - INFO - Selenium available for browser automation
2025-06-05 00:09:06,610 - neural_ui_detector - INFO - Neural UI Detector available components:
2025-06-05 00:09:06,610 - neural_ui_detector - INFO - - YOLO Object Detection: ✅
2025-06-05 00:09:06,610 - neural_ui_detector - INFO - - LayoutLM Document Understanding: ✅
2025-06-05 00:09:06,610 - neural_ui_detector - INFO - - ONNX Model Acceleration: ✅
2025-06-05 00:09:06,610 - neural_ui_detector - INFO - - Computer Vision Support: ✅
2025-06-05 00:09:06,610 - neural_ui_detector - INFO - - Browser Automation: ✅
2025-06-05 00:09:06,639 - neural_ui_detector - INFO - Loaded pre-trained YOLOv8n model
2025-06-05 00:59:16,555 - neural_ui_detector - INFO - PyTorch 2.7.0 available
2025-06-05 00:59:16,639 - neural_ui_detector - INFO - Ultralytics 8.3.148 available
2025-06-05 00:59:16,783 - neural_ui_detector - INFO - Transformers 4.51.3 available
2025-06-05 00:59:16,847 - neural_ui_detector - INFO - ONNX Runtime 1.22.0 available
2025-06-05 00:59:16,848 - neural_ui_detector - INFO - OpenCV 4.11.0 available
2025-06-05 00:59:16,874 - neural_ui_detector - INFO - Selenium available for browser automation
2025-06-05 00:59:16,875 - neural_ui_detector - INFO - Neural UI Detector available components:
2025-06-05 00:59:16,875 - neural_ui_detector - INFO - - YOLO Object Detection: ✅
2025-06-05 00:59:16,875 - neural_ui_detector - INFO - - LayoutLM Document Understanding: ✅
2025-06-05 00:59:16,875 - neural_ui_detector - INFO - - ONNX Model Acceleration: ✅
2025-06-05 00:59:16,875 - neural_ui_detector - INFO - - Computer Vision Support: ✅
2025-06-05 00:59:16,875 - neural_ui_detector - INFO - - Browser Automation: ✅
2025-06-05 00:59:16,909 - neural_ui_detector - INFO - Loaded pre-trained YOLOv8n model
2025-06-05 00:59:19,165 - neural_ui_detector - INFO - LayoutLM imports available (old API)
2025-06-05 01:00:21,147 - neural_ui_detector - INFO - Started new Chrome instance in headless mode
2025-06-05 01:00:23,835 - neural_ui_detector - INFO - Using EasyOCR for text recognition
2025-06-05 01:00:23,864 - neural_ui_detector - INFO - Loaded 3 templates for matching
2025-06-05 01:00:24,271 - neural_ui_detector - INFO - UI Detector Ensemble initialized
2025-06-05 01:00:24,273 - neural_ui_detector - INFO - Loaded interaction memory with 6 entries
2025-06-05 01:00:24,652 - neural_ui_detector_server - INFO - Killing existing process on port 8768: PID 28913
2025-06-05 01:00:25,656 - neural_ui_detector_server - INFO - Starting Neural UI Detector WebSocket Server on port 8768
2025-06-05 01:00:25,712 - websockets.server - INFO - server listening on 127.0.0.1:8768
2025-06-05 01:00:25,713 - websockets.server - INFO - server listening on [::1]:8768
2025-06-05 01:05:14,564 - neural_ui_detector - INFO - PyTorch 2.7.0 available
2025-06-05 01:05:14,632 - neural_ui_detector - INFO - Ultralytics 8.3.148 available
2025-06-05 01:05:14,738 - neural_ui_detector - INFO - Transformers 4.51.3 available
2025-06-05 01:05:14,783 - neural_ui_detector - INFO - ONNX Runtime 1.22.0 available
2025-06-05 01:05:14,783 - neural_ui_detector - INFO - OpenCV 4.11.0 available
2025-06-05 01:05:14,809 - neural_ui_detector - INFO - Selenium available for browser automation
2025-06-05 01:05:14,809 - neural_ui_detector - INFO - Neural UI Detector available components:
2025-06-05 01:05:14,809 - neural_ui_detector - INFO - - YOLO Object Detection: ✅
2025-06-05 01:05:14,809 - neural_ui_detector - INFO - - LayoutLM Document Understanding: ✅
2025-06-05 01:05:14,809 - neural_ui_detector - INFO - - ONNX Model Acceleration: ✅
2025-06-05 01:05:14,809 - neural_ui_detector - INFO - - Computer Vision Support: ✅
2025-06-05 01:05:14,809 - neural_ui_detector - INFO - - Browser Automation: ✅
2025-06-05 01:05:14,837 - neural_ui_detector - INFO - Loaded pre-trained YOLOv8n model
2025-06-05 01:05:17,104 - neural_ui_detector - INFO - LayoutLM imports available (old API)
2025-06-05 01:06:18,880 - neural_ui_detector - INFO - Started new Chrome instance in headless mode
2025-06-05 01:06:21,401 - neural_ui_detector - INFO - Using EasyOCR for text recognition
2025-06-05 01:06:21,405 - neural_ui_detector - INFO - Loaded 3 templates for matching
2025-06-05 01:06:21,405 - neural_ui_detector - INFO - UI Detector Ensemble initialized
2025-06-05 01:06:21,405 - neural_ui_detector - INFO - Loaded interaction memory with 6 entries
2025-06-05 01:06:21,437 - neural_ui_detector_server - INFO - Killing existing process on port 8768: PID 29799
2025-06-05 01:06:22,438 - neural_ui_detector_server - INFO - Starting Neural UI Detector WebSocket Server on port 8768
2025-06-05 01:06:22,452 - websockets.server - INFO - server listening on 127.0.0.1:8768
2025-06-05 01:06:22,453 - websockets.server - INFO - server listening on [::1]:8768
2025-06-05 01:40:54,020 - neural_ui_detector - INFO - PyTorch 2.7.0 available
2025-06-05 01:40:54,109 - neural_ui_detector - INFO - Ultralytics 8.3.148 available
2025-06-05 01:40:54,272 - neural_ui_detector - INFO - Transformers 4.51.3 available
2025-06-05 01:40:54,343 - neural_ui_detector - INFO - ONNX Runtime 1.22.0 available
2025-06-05 01:40:54,343 - neural_ui_detector - INFO - OpenCV 4.11.0 available
2025-06-05 01:40:54,383 - neural_ui_detector - INFO - Selenium available for browser automation
2025-06-05 01:40:54,383 - neural_ui_detector - INFO - Neural UI Detector available components:
2025-06-05 01:40:54,383 - neural_ui_detector - INFO - - YOLO Object Detection: ✅
2025-06-05 01:40:54,384 - neural_ui_detector - INFO - - LayoutLM Document Understanding: ✅
2025-06-05 01:40:54,384 - neural_ui_detector - INFO - - ONNX Model Acceleration: ✅
2025-06-05 01:40:54,384 - neural_ui_detector - INFO - - Computer Vision Support: ✅
2025-06-05 01:40:54,384 - neural_ui_detector - INFO - - Browser Automation: ✅
2025-06-05 01:40:54,422 - neural_ui_detector - INFO - Loaded pre-trained YOLOv8n model
2025-06-05 01:40:56,887 - neural_ui_detector - INFO - PyTorch 2.7.0 available
2025-06-05 01:40:56,958 - neural_ui_detector - INFO - Ultralytics 8.3.148 available
2025-06-05 01:40:57,089 - neural_ui_detector - INFO - Transformers 4.51.3 available
2025-06-05 01:40:57,109 - neural_ui_detector - INFO - ONNX Runtime 1.22.0 available
2025-06-05 01:40:57,109 - neural_ui_detector - INFO - OpenCV 4.11.0 available
2025-06-05 01:40:57,535 - neural_ui_detector - INFO - Selenium available for browser automation
2025-06-05 01:40:57,535 - neural_ui_detector - INFO - Neural UI Detector available components:
2025-06-05 01:40:57,537 - neural_ui_detector - INFO - - YOLO Object Detection: ✅
2025-06-05 01:40:57,537 - neural_ui_detector - INFO - - LayoutLM Document Understanding: ✅
2025-06-05 01:40:57,537 - neural_ui_detector - INFO - - ONNX Model Acceleration: ✅
2025-06-05 01:40:57,537 - neural_ui_detector - INFO - - Computer Vision Support: ✅
2025-06-05 01:40:57,537 - neural_ui_detector - INFO - - Browser Automation: ✅
2025-06-05 01:40:57,616 - neural_ui_detector - INFO - Loaded pre-trained YOLOv8n model
2025-06-05 01:40:58,251 - neural_ui_detector - INFO - LayoutLM imports available (old API)
2025-06-05 01:42:00,362 - neural_ui_detector - INFO - Started new Chrome instance in headless mode
2025-06-05 01:42:02,989 - neural_ui_detector - INFO - Using EasyOCR for text recognition
2025-06-05 01:42:02,993 - neural_ui_detector - INFO - Loaded 3 templates for matching
2025-06-05 01:42:02,993 - neural_ui_detector - INFO - UI Detector Ensemble initialized
2025-06-05 01:42:02,993 - neural_ui_detector - INFO - Loaded interaction memory with 6 entries
2025-06-05 01:42:03,299 - neural_ui_detector - INFO - Took screenshot: cache/neural_ui_detector/screenshot_1749102122.png
2025-06-05 01:42:03,300 - neural_ui_detector - INFO - Running yolo detector with 10s timeout
2025-06-05 01:42:03,495 - neural_ui_detector - INFO - YOLO detected 2 UI elements
2025-06-05 01:42:03,495 - neural_ui_detector - INFO - Running accessibility detector with 3s timeout
2025-06-05 01:42:03,495 - neural_ui_detector - INFO - macOS accessibility detected 2 UI elements
2025-06-05 01:42:03,495 - neural_ui_detector - INFO - Running ocr detector with 8s timeout
2025-06-05 01:42:03,561 - neural_ui_detector - INFO - Resized image for OCR from 2940x1912 to 1200x780
2025-06-05 01:42:08,984 - neural_ui_detector - INFO - OCR optimized detected 81 text elements
2025-06-05 01:42:08,986 - neural_ui_detector - INFO - Merged 85 elements into 85 unique elements
2025-06-05 01:42:37,473 - neural_ui_detector - INFO - Saved detection result: cache/neural_ui_detector/detection_1749102123.json
2025-06-05 01:42:37,476 - neural_ui_detector - INFO - UI detection completed in 34.47s with 85 elements
2025-06-05 01:42:37,651 - neural_ui_detector - INFO - Saved visualization: cache/neural_ui_detector/visualization_1749102157.png
2025-06-05 01:51:31,917 - neural_ui_detector - INFO - PyTorch 2.7.0 available
2025-06-05 01:51:32,010 - neural_ui_detector - INFO - Ultralytics 8.3.148 available
2025-06-05 01:51:32,206 - neural_ui_detector - INFO - Transformers 4.51.3 available
2025-06-05 01:51:32,266 - neural_ui_detector - INFO - ONNX Runtime 1.22.0 available
2025-06-05 01:51:32,266 - neural_ui_detector - INFO - OpenCV 4.11.0 available
2025-06-05 01:51:32,303 - neural_ui_detector - INFO - Selenium available for browser automation
2025-06-05 01:51:32,303 - neural_ui_detector - INFO - Neural UI Detector available components:
2025-06-05 01:51:32,303 - neural_ui_detector - INFO - - YOLO Object Detection: ✅
2025-06-05 01:51:32,303 - neural_ui_detector - INFO - - LayoutLM Document Understanding: ✅
2025-06-05 01:51:32,303 - neural_ui_detector - INFO - - ONNX Model Acceleration: ✅
2025-06-05 01:51:32,303 - neural_ui_detector - INFO - - Computer Vision Support: ✅
2025-06-05 01:51:32,303 - neural_ui_detector - INFO - - Browser Automation: ✅
2025-06-05 01:51:32,348 - neural_ui_detector - INFO - Loaded pre-trained YOLOv8n model
2025-06-05 01:51:34,510 - neural_ui_detector - INFO - PyTorch 2.7.0 available
2025-06-05 01:51:34,581 - neural_ui_detector - INFO - Ultralytics 8.3.148 available
2025-06-05 01:51:34,784 - neural_ui_detector - INFO - Transformers 4.51.3 available
2025-06-05 01:51:34,810 - neural_ui_detector - INFO - ONNX Runtime 1.22.0 available
2025-06-05 01:51:34,810 - neural_ui_detector - INFO - OpenCV 4.11.0 available
2025-06-05 01:51:34,848 - neural_ui_detector - INFO - Selenium available for browser automation
2025-06-05 01:51:34,848 - neural_ui_detector - INFO - Neural UI Detector available components:
2025-06-05 01:51:34,848 - neural_ui_detector - INFO - - YOLO Object Detection: ✅
2025-06-05 01:51:34,848 - neural_ui_detector - INFO - - LayoutLM Document Understanding: ✅
2025-06-05 01:51:34,848 - neural_ui_detector - INFO - - ONNX Model Acceleration: ✅
2025-06-05 01:51:34,848 - neural_ui_detector - INFO - - Computer Vision Support: ✅
2025-06-05 01:51:34,848 - neural_ui_detector - INFO - - Browser Automation: ✅
2025-06-05 01:51:34,877 - neural_ui_detector - INFO - Loaded pre-trained YOLOv8n model
2025-06-05 01:51:35,400 - neural_ui_detector - INFO - LayoutLM imports available (old API)
2025-06-05 01:52:38,585 - neural_ui_detector - INFO - Started new Chrome instance in headless mode
2025-06-05 01:52:49,554 - neural_ui_detector - INFO - Using EasyOCR for text recognition
2025-06-05 01:52:49,565 - neural_ui_detector - INFO - Loaded 3 templates for matching
2025-06-05 01:52:49,565 - neural_ui_detector - INFO - UI Detector Ensemble initialized
2025-06-05 01:52:49,566 - neural_ui_detector - INFO - Loaded interaction memory with 6 entries
2025-06-05 01:52:50,667 - neural_ui_detector - INFO - Took screenshot: cache/neural_ui_detector/screenshot_1749102769.png
2025-06-05 01:52:50,669 - neural_ui_detector - INFO - Running yolo detector with 10s timeout
2025-06-05 01:52:51,200 - neural_ui_detector - INFO - YOLO detected 1 UI elements
2025-06-05 01:52:51,201 - neural_ui_detector - INFO - Running accessibility detector with 3s timeout
2025-06-05 01:52:51,201 - neural_ui_detector - INFO - macOS accessibility detected 2 UI elements
2025-06-05 01:52:51,201 - neural_ui_detector - INFO - Running ocr detector with 8s timeout
2025-06-05 01:52:51,373 - neural_ui_detector - INFO - Resized image for OCR from 2940x1912 to 1200x780
2025-06-05 01:53:04,064 - neural_ui_detector - INFO - OCR optimized detected 81 text elements
2025-06-05 01:53:04,074 - neural_ui_detector - INFO - Merged 84 elements into 84 unique elements
2025-06-05 01:53:31,532 - neural_ui_detector - INFO - Saved detection result: cache/neural_ui_detector/detection_1749102770.json
2025-06-05 01:53:31,533 - neural_ui_detector - INFO - UI detection completed in 41.95s with 84 elements
2025-06-05 01:53:31,727 - neural_ui_detector - INFO - Saved visualization: cache/neural_ui_detector/visualization_1749102811.png
2025-06-05 01:53:35,933 - neural_ui_detector - INFO - PyTorch 2.7.0 available
2025-06-05 01:53:36,068 - neural_ui_detector - INFO - Ultralytics 8.3.148 available
2025-06-05 01:53:36,315 - neural_ui_detector - INFO - Transformers 4.51.3 available
2025-06-05 01:53:36,371 - neural_ui_detector - INFO - ONNX Runtime 1.22.0 available
2025-06-05 01:53:36,371 - neural_ui_detector - INFO - OpenCV 4.11.0 available
2025-06-05 01:53:36,413 - neural_ui_detector - INFO - Selenium available for browser automation
2025-06-05 01:53:36,413 - neural_ui_detector - INFO - Neural UI Detector available components:
2025-06-05 01:53:36,413 - neural_ui_detector - INFO - - YOLO Object Detection: ✅
2025-06-05 01:53:36,413 - neural_ui_detector - INFO - - LayoutLM Document Understanding: ✅
2025-06-05 01:53:36,413 - neural_ui_detector - INFO - - ONNX Model Acceleration: ✅
2025-06-05 01:53:36,414 - neural_ui_detector - INFO - - Computer Vision Support: ✅
2025-06-05 01:53:36,414 - neural_ui_detector - INFO - - Browser Automation: ✅
2025-06-05 01:53:36,451 - neural_ui_detector - INFO - Loaded pre-trained YOLOv8n model
2025-06-05 01:53:39,453 - neural_ui_detector - INFO - LayoutLM imports available (old API)
2025-06-05 01:53:56,864 - neural_ui_detector - INFO - PyTorch 2.7.0 available
2025-06-05 01:53:56,930 - neural_ui_detector - INFO - Ultralytics 8.3.148 available
2025-06-05 01:53:57,099 - neural_ui_detector - INFO - Transformers 4.51.3 available
2025-06-05 01:53:57,125 - neural_ui_detector - INFO - ONNX Runtime 1.22.0 available
2025-06-05 01:53:57,125 - neural_ui_detector - INFO - OpenCV 4.11.0 available
2025-06-05 01:53:57,155 - neural_ui_detector - INFO - Selenium available for browser automation
2025-06-05 01:53:57,155 - neural_ui_detector - INFO - Neural UI Detector available components:
2025-06-05 01:53:57,155 - neural_ui_detector - INFO - - YOLO Object Detection: ✅
2025-06-05 01:53:57,156 - neural_ui_detector - INFO - - LayoutLM Document Understanding: ✅
2025-06-05 01:53:57,156 - neural_ui_detector - INFO - - ONNX Model Acceleration: ✅
2025-06-05 01:53:57,156 - neural_ui_detector - INFO - - Computer Vision Support: ✅
2025-06-05 01:53:57,156 - neural_ui_detector - INFO - - Browser Automation: ✅
2025-06-05 01:53:57,209 - neural_ui_detector - INFO - Loaded pre-trained YOLOv8n model
2025-06-05 01:53:59,827 - neural_ui_detector - INFO - LayoutLM imports available (old API)
2025-06-05 01:54:38,590 - neural_ui_detector - INFO - PyTorch 2.7.0 available
2025-06-05 01:54:38,668 - neural_ui_detector - INFO - Ultralytics 8.3.148 available
2025-06-05 01:54:38,858 - neural_ui_detector - INFO - Transformers 4.51.3 available
2025-06-05 01:54:38,884 - neural_ui_detector - INFO - ONNX Runtime 1.22.0 available
2025-06-05 01:54:38,884 - neural_ui_detector - INFO - OpenCV 4.11.0 available
2025-06-05 01:54:38,919 - neural_ui_detector - INFO - Selenium available for browser automation
2025-06-05 01:54:38,919 - neural_ui_detector - INFO - Neural UI Detector available components:
2025-06-05 01:54:38,920 - neural_ui_detector - INFO - - YOLO Object Detection: ✅
2025-06-05 01:54:38,920 - neural_ui_detector - INFO - - LayoutLM Document Understanding: ✅
2025-06-05 01:54:38,920 - neural_ui_detector - INFO - - ONNX Model Acceleration: ✅
2025-06-05 01:54:38,920 - neural_ui_detector - INFO - - Computer Vision Support: ✅
2025-06-05 01:54:38,920 - neural_ui_detector - INFO - - Browser Automation: ✅
2025-06-05 01:54:38,955 - neural_ui_detector - INFO - Loaded pre-trained YOLOv8n model
2025-06-05 01:54:41,631 - neural_ui_detector - INFO - LayoutLM imports available (old API)
2025-06-05 01:55:01,396 - neural_ui_detector - INFO - PyTorch 2.7.0 available
2025-06-05 01:55:01,470 - neural_ui_detector - INFO - Ultralytics 8.3.148 available
2025-06-05 01:55:01,657 - neural_ui_detector - INFO - Transformers 4.51.3 available
2025-06-05 01:55:01,682 - neural_ui_detector - INFO - ONNX Runtime 1.22.0 available
2025-06-05 01:55:01,682 - neural_ui_detector - INFO - OpenCV 4.11.0 available
2025-06-05 01:55:01,714 - neural_ui_detector - INFO - Selenium available for browser automation
2025-06-05 01:55:01,714 - neural_ui_detector - INFO - Neural UI Detector available components:
2025-06-05 01:55:01,714 - neural_ui_detector - INFO - - YOLO Object Detection: ✅
2025-06-05 01:55:01,714 - neural_ui_detector - INFO - - LayoutLM Document Understanding: ✅
2025-06-05 01:55:01,714 - neural_ui_detector - INFO - - ONNX Model Acceleration: ✅
2025-06-05 01:55:01,714 - neural_ui_detector - INFO - - Computer Vision Support: ✅
2025-06-05 01:55:01,714 - neural_ui_detector - INFO - - Browser Automation: ✅
2025-06-05 01:55:01,750 - neural_ui_detector - INFO - Loaded pre-trained YOLOv8n model
2025-06-05 01:55:04,317 - neural_ui_detector - INFO - LayoutLM imports available (old API)
2025-06-05 01:55:33,643 - neural_ui_detector - INFO - PyTorch 2.7.0 available
2025-06-05 01:55:33,741 - neural_ui_detector - INFO - Ultralytics 8.3.148 available
2025-06-05 01:55:33,955 - neural_ui_detector - INFO - Transformers 4.51.3 available
2025-06-05 01:55:33,986 - neural_ui_detector - INFO - ONNX Runtime 1.22.0 available
2025-06-05 01:55:33,986 - neural_ui_detector - INFO - OpenCV 4.11.0 available
2025-06-05 01:55:34,020 - neural_ui_detector - INFO - Selenium available for browser automation
2025-06-05 01:55:34,020 - neural_ui_detector - INFO - Neural UI Detector available components:
2025-06-05 01:55:34,020 - neural_ui_detector - INFO - - YOLO Object Detection: ✅
2025-06-05 01:55:34,020 - neural_ui_detector - INFO - - LayoutLM Document Understanding: ✅
2025-06-05 01:55:34,020 - neural_ui_detector - INFO - - ONNX Model Acceleration: ✅
2025-06-05 01:55:34,020 - neural_ui_detector - INFO - - Computer Vision Support: ✅
2025-06-05 01:55:34,020 - neural_ui_detector - INFO - - Browser Automation: ✅
2025-06-05 01:55:34,061 - neural_ui_detector - INFO - Loaded pre-trained YOLOv8n model
2025-06-05 01:55:37,221 - neural_ui_detector - INFO - PyTorch 2.7.0 available
2025-06-05 01:55:37,370 - neural_ui_detector - INFO - Ultralytics 8.3.148 available
2025-06-05 01:55:37,714 - neural_ui_detector - INFO - Transformers 4.51.3 available
2025-06-05 01:55:37,758 - neural_ui_detector - INFO - ONNX Runtime 1.22.0 available
2025-06-05 01:55:37,758 - neural_ui_detector - INFO - OpenCV 4.11.0 available
2025-06-05 01:55:38,270 - neural_ui_detector - INFO - LayoutLM imports available (old API)
2025-06-05 01:56:21,438 - neural_ui_detector - INFO - PyTorch 2.7.0 available
2025-06-05 01:56:21,517 - neural_ui_detector - INFO - Ultralytics 8.3.148 available
2025-06-05 01:56:21,707 - neural_ui_detector - INFO - Transformers 4.51.3 available
2025-06-05 01:56:21,736 - neural_ui_detector - INFO - ONNX Runtime 1.22.0 available
2025-06-05 01:56:21,736 - neural_ui_detector - INFO - OpenCV 4.11.0 available
2025-06-05 01:56:21,767 - neural_ui_detector - INFO - Selenium available for browser automation
2025-06-05 01:56:21,768 - neural_ui_detector - INFO - Neural UI Detector available components:
2025-06-05 01:56:21,768 - neural_ui_detector - INFO - - YOLO Object Detection: ✅
2025-06-05 01:56:21,768 - neural_ui_detector - INFO - - LayoutLM Document Understanding: ✅
2025-06-05 01:56:21,768 - neural_ui_detector - INFO - - ONNX Model Acceleration: ✅
2025-06-05 01:56:21,768 - neural_ui_detector - INFO - - Computer Vision Support: ✅
2025-06-05 01:56:21,768 - neural_ui_detector - INFO - - Browser Automation: ✅
2025-06-05 01:56:21,804 - neural_ui_detector - INFO - Loaded pre-trained YOLOv8n model
2025-06-05 01:56:24,572 - neural_ui_detector - INFO - LayoutLM imports available (old API)
2025-06-05 01:56:39,715 - neural_ui_detector - INFO - Started new Chrome instance in headless mode
2025-06-05 01:56:43,756 - neural_ui_detector - INFO - Using EasyOCR for text recognition
2025-06-05 01:56:43,763 - neural_ui_detector - INFO - Loaded 3 templates for matching
2025-06-05 01:56:43,764 - neural_ui_detector - INFO - UI Detector Ensemble initialized
2025-06-05 01:56:43,764 - neural_ui_detector - INFO - Loaded interaction memory with 6 entries
2025-06-05 01:56:44,292 - neural_ui_detector - INFO - Took screenshot: cache/neural_ui_detector/screenshot_1749103003.png
2025-06-05 01:56:44,293 - neural_ui_detector - INFO - Running yolo detector with 10s timeout
2025-06-05 01:56:44,565 - neural_ui_detector - INFO - YOLO detected 2 UI elements
2025-06-05 01:56:44,565 - neural_ui_detector - INFO - Running accessibility detector with 3s timeout
2025-06-05 01:56:44,565 - neural_ui_detector - INFO - macOS accessibility detected 2 UI elements
2025-06-05 01:56:44,565 - neural_ui_detector - INFO - Running ocr detector with 8s timeout
2025-06-05 01:56:44,674 - neural_ui_detector - INFO - Resized image for OCR from 2940x1912 to 1200x780
2025-06-05 01:56:52,357 - neural_ui_detector - INFO - OCR optimized detected 88 text elements
2025-06-05 01:56:52,362 - neural_ui_detector - INFO - Merged 92 elements into 92 unique elements
2025-06-05 01:57:39,043 - neural_ui_detector - INFO - Started new Chrome instance in headless mode
2025-06-05 01:57:49,813 - neural_ui_detector - INFO - Using EasyOCR for text recognition
2025-06-05 01:57:49,838 - neural_ui_detector - INFO - Loaded 3 templates for matching
2025-06-05 01:57:49,838 - neural_ui_detector - INFO - UI Detector Ensemble initialized
2025-06-05 01:57:49,851 - neural_ui_detector - INFO - Loaded interaction memory with 6 entries
2025-06-05 01:57:56,389 - neural_ui_detector - INFO - Saved detection result: cache/neural_ui_detector/detection_1749103004.json
2025-06-05 01:57:56,394 - neural_ui_detector - INFO - UI detection completed in 72.59s with 92 elements
2025-06-05 01:57:56,692 - neural_ui_detector - INFO - Saved visualization: cache/neural_ui_detector/visualization_1749103076.png
2025-06-05 02:04:38,981 - neural_ui_detector - INFO - PyTorch 2.7.0 available
2025-06-05 02:04:39,073 - neural_ui_detector - INFO - Ultralytics 8.3.148 available
2025-06-05 02:04:39,259 - neural_ui_detector - INFO - Transformers 4.51.3 available
2025-06-05 02:04:39,317 - neural_ui_detector - INFO - ONNX Runtime 1.22.0 available
2025-06-05 02:04:39,317 - neural_ui_detector - INFO - OpenCV 4.11.0 available
2025-06-05 02:04:39,350 - neural_ui_detector - INFO - Selenium available for browser automation
2025-06-05 02:04:39,350 - neural_ui_detector - INFO - Neural UI Detector available components:
2025-06-05 02:04:39,350 - neural_ui_detector - INFO - - YOLO Object Detection: ✅
2025-06-05 02:04:39,350 - neural_ui_detector - INFO - - LayoutLM Document Understanding: ✅
2025-06-05 02:04:39,350 - neural_ui_detector - INFO - - ONNX Model Acceleration: ✅
2025-06-05 02:04:39,350 - neural_ui_detector - INFO - - Computer Vision Support: ✅
2025-06-05 02:04:39,350 - neural_ui_detector - INFO - - Browser Automation: ✅
2025-06-05 02:04:39,469 - neural_ui_detector - INFO - Loaded pre-trained YOLOv8n model
2025-06-05 02:04:41,645 - neural_ui_detector - INFO - PyTorch 2.7.0 available
2025-06-05 02:04:41,700 - neural_ui_detector - INFO - Ultralytics 8.3.148 available
2025-06-05 02:04:41,866 - neural_ui_detector - INFO - Transformers 4.51.3 available
2025-06-05 02:04:41,891 - neural_ui_detector - INFO - ONNX Runtime 1.22.0 available
2025-06-05 02:04:41,891 - neural_ui_detector - INFO - OpenCV 4.11.0 available
2025-06-05 02:04:41,917 - neural_ui_detector - INFO - Selenium available for browser automation
2025-06-05 02:04:41,917 - neural_ui_detector - INFO - Neural UI Detector available components:
2025-06-05 02:04:41,917 - neural_ui_detector - INFO - - YOLO Object Detection: ✅
2025-06-05 02:04:41,917 - neural_ui_detector - INFO - - LayoutLM Document Understanding: ✅
2025-06-05 02:04:41,917 - neural_ui_detector - INFO - - ONNX Model Acceleration: ✅
2025-06-05 02:04:41,917 - neural_ui_detector - INFO - - Computer Vision Support: ✅
2025-06-05 02:04:41,917 - neural_ui_detector - INFO - - Browser Automation: ✅
2025-06-05 02:04:41,944 - neural_ui_detector - INFO - Loaded pre-trained YOLOv8n model
2025-06-05 02:04:42,271 - neural_ui_detector - INFO - LayoutLM imports available (old API)
2025-06-05 02:05:43,900 - neural_ui_detector - INFO - Started new Chrome instance in headless mode
2025-06-05 02:05:48,141 - neural_ui_detector - INFO - Using EasyOCR for text recognition
2025-06-05 02:05:48,150 - neural_ui_detector - INFO - Loaded 3 templates for matching
2025-06-05 02:05:48,150 - neural_ui_detector - INFO - UI Detector Ensemble initialized
2025-06-05 02:05:48,151 - neural_ui_detector - INFO - Loaded interaction memory with 6 entries
2025-06-05 02:05:48,777 - neural_ui_detector - INFO - Took screenshot: cache/neural_ui_detector/screenshot_1749103548.png
2025-06-05 02:05:48,778 - neural_ui_detector - INFO - Running yolo detector with 10s timeout
2025-06-05 02:05:49,200 - neural_ui_detector - INFO - YOLO detected 1 UI elements
2025-06-05 02:05:49,200 - neural_ui_detector - INFO - Running accessibility detector with 3s timeout
2025-06-05 02:05:49,200 - neural_ui_detector - INFO - macOS accessibility detected 2 UI elements
2025-06-05 02:05:49,201 - neural_ui_detector - INFO - Running ocr detector with 8s timeout
2025-06-05 02:05:49,316 - neural_ui_detector - INFO - Resized image for OCR from 2940x1912 to 1200x780
2025-06-05 02:06:04,853 - neural_ui_detector - INFO - OCR optimized detected 82 text elements
2025-06-05 02:06:04,858 - neural_ui_detector - INFO - Merged 85 elements into 85 unique elements
2025-06-05 02:06:36,318 - neural_ui_detector - INFO - Saved detection result: cache/neural_ui_detector/detection_1749103548.json
2025-06-05 02:06:36,319 - neural_ui_detector - INFO - UI detection completed in 48.15s with 85 elements
2025-06-05 02:06:36,572 - neural_ui_detector - INFO - Saved visualization: cache/neural_ui_detector/visualization_1749103596.png
2025-06-05 02:08:19,658 - neural_ui_detector - INFO - PyTorch 2.7.0 available
2025-06-05 02:08:19,743 - neural_ui_detector - INFO - Ultralytics 8.3.148 available
2025-06-05 02:08:19,928 - neural_ui_detector - INFO - Transformers 4.51.3 available
2025-06-05 02:08:19,988 - neural_ui_detector - INFO - ONNX Runtime 1.22.0 available
2025-06-05 02:08:19,988 - neural_ui_detector - INFO - OpenCV 4.11.0 available
2025-06-05 02:08:20,025 - neural_ui_detector - INFO - Selenium available for browser automation
2025-06-05 02:08:20,026 - neural_ui_detector - INFO - Neural UI Detector available components:
2025-06-05 02:08:20,026 - neural_ui_detector - INFO - - YOLO Object Detection: ✅
2025-06-05 02:08:20,026 - neural_ui_detector - INFO - - LayoutLM Document Understanding: ✅
2025-06-05 02:08:20,026 - neural_ui_detector - INFO - - ONNX Model Acceleration: ✅
2025-06-05 02:08:20,026 - neural_ui_detector - INFO - - Computer Vision Support: ✅
2025-06-05 02:08:20,026 - neural_ui_detector - INFO - - Browser Automation: ✅
2025-06-05 02:08:20,067 - neural_ui_detector - INFO - Loaded pre-trained YOLOv8n model
2025-06-05 02:08:22,379 - neural_ui_detector - INFO - PyTorch 2.7.0 available
2025-06-05 02:08:22,436 - neural_ui_detector - INFO - Ultralytics 8.3.148 available
2025-06-05 02:08:22,620 - neural_ui_detector - INFO - Transformers 4.51.3 available
2025-06-05 02:08:22,647 - neural_ui_detector - INFO - ONNX Runtime 1.22.0 available
2025-06-05 02:08:22,647 - neural_ui_detector - INFO - OpenCV 4.11.0 available
2025-06-05 02:08:22,672 - neural_ui_detector - INFO - Selenium available for browser automation
2025-06-05 02:08:22,672 - neural_ui_detector - INFO - Neural UI Detector available components:
2025-06-05 02:08:22,672 - neural_ui_detector - INFO - - YOLO Object Detection: ✅
2025-06-05 02:08:22,672 - neural_ui_detector - INFO - - LayoutLM Document Understanding: ✅
2025-06-05 02:08:22,672 - neural_ui_detector - INFO - - ONNX Model Acceleration: ✅
2025-06-05 02:08:22,672 - neural_ui_detector - INFO - - Computer Vision Support: ✅
2025-06-05 02:08:22,672 - neural_ui_detector - INFO - - Browser Automation: ✅
2025-06-05 02:08:22,701 - neural_ui_detector - INFO - Loaded pre-trained YOLOv8n model
2025-06-05 02:08:23,040 - neural_ui_detector - INFO - LayoutLM imports available (old API)
2025-06-05 02:09:24,330 - neural_ui_detector - INFO - Started new Chrome instance in headless mode
2025-06-05 02:09:28,433 - neural_ui_detector - INFO - Using EasyOCR for text recognition
2025-06-05 02:09:28,439 - neural_ui_detector - INFO - Loaded 3 templates for matching
2025-06-05 02:09:28,440 - neural_ui_detector - INFO - UI Detector Ensemble initialized
2025-06-05 02:09:28,440 - neural_ui_detector - INFO - Loaded interaction memory with 6 entries
2025-06-05 02:09:28,936 - neural_ui_detector - INFO - Took screenshot: cache/neural_ui_detector/screenshot_1749103768.png
2025-06-05 02:09:28,937 - neural_ui_detector - INFO - Running yolo detector with 10s timeout
2025-06-05 02:09:29,197 - neural_ui_detector - INFO - YOLO detected 2 UI elements
2025-06-05 02:09:29,198 - neural_ui_detector - INFO - Running accessibility detector with 3s timeout
2025-06-05 02:09:29,198 - neural_ui_detector - INFO - macOS accessibility detected 2 UI elements
2025-06-05 02:09:29,198 - neural_ui_detector - INFO - Running ocr detector with 8s timeout
2025-06-05 02:09:29,311 - neural_ui_detector - INFO - Resized image for OCR from 2940x1912 to 1200x780
2025-06-05 02:09:48,733 - neural_ui_detector - INFO - PyTorch 2.7.0 available
2025-06-05 02:09:48,813 - neural_ui_detector - INFO - Ultralytics 8.3.148 available
2025-06-05 02:09:48,998 - neural_ui_detector - INFO - Transformers 4.51.3 available
2025-06-05 02:09:49,055 - neural_ui_detector - INFO - ONNX Runtime 1.22.0 available
2025-06-05 02:09:49,055 - neural_ui_detector - INFO - OpenCV 4.11.0 available
2025-06-05 02:09:49,093 - neural_ui_detector - INFO - Selenium available for browser automation
2025-06-05 02:09:49,093 - neural_ui_detector - INFO - Neural UI Detector available components:
2025-06-05 02:09:49,093 - neural_ui_detector - INFO - - YOLO Object Detection: ✅
2025-06-05 02:09:49,093 - neural_ui_detector - INFO - - LayoutLM Document Understanding: ✅
2025-06-05 02:09:49,093 - neural_ui_detector - INFO - - ONNX Model Acceleration: ✅
2025-06-05 02:09:49,093 - neural_ui_detector - INFO - - Computer Vision Support: ✅
2025-06-05 02:09:49,093 - neural_ui_detector - INFO - - Browser Automation: ✅
2025-06-05 02:09:49,127 - neural_ui_detector - INFO - Loaded pre-trained YOLOv8n model
2025-06-05 02:09:51,643 - neural_ui_detector - INFO - PyTorch 2.7.0 available
2025-06-05 02:09:51,709 - neural_ui_detector - INFO - Ultralytics 8.3.148 available
2025-06-05 02:09:51,875 - neural_ui_detector - INFO - Transformers 4.51.3 available
2025-06-05 02:09:51,901 - neural_ui_detector - INFO - ONNX Runtime 1.22.0 available
2025-06-05 02:09:51,901 - neural_ui_detector - INFO - OpenCV 4.11.0 available
2025-06-05 02:09:51,927 - neural_ui_detector - INFO - Selenium available for browser automation
2025-06-05 02:09:51,927 - neural_ui_detector - INFO - Neural UI Detector available components:
2025-06-05 02:09:51,927 - neural_ui_detector - INFO - - YOLO Object Detection: ✅
2025-06-05 02:09:51,927 - neural_ui_detector - INFO - - LayoutLM Document Understanding: ✅
2025-06-05 02:09:51,927 - neural_ui_detector - INFO - - ONNX Model Acceleration: ✅
2025-06-05 02:09:51,927 - neural_ui_detector - INFO - - Computer Vision Support: ✅
2025-06-05 02:09:51,928 - neural_ui_detector - INFO - - Browser Automation: ✅
2025-06-05 02:09:51,955 - neural_ui_detector - INFO - Loaded pre-trained YOLOv8n model
2025-06-05 02:09:52,092 - neural_ui_detector - INFO - LayoutLM imports available (old API)
2025-06-05 02:10:04,983 - neural_ui_detector - INFO - PyTorch 2.7.0 available
2025-06-05 02:10:05,055 - neural_ui_detector - INFO - Ultralytics 8.3.148 available
2025-06-05 02:10:05,233 - neural_ui_detector - INFO - Transformers 4.51.3 available
2025-06-05 02:10:05,258 - neural_ui_detector - INFO - ONNX Runtime 1.22.0 available
2025-06-05 02:10:05,258 - neural_ui_detector - INFO - OpenCV 4.11.0 available
2025-06-05 02:10:05,286 - neural_ui_detector - INFO - Selenium available for browser automation
2025-06-05 02:10:05,286 - neural_ui_detector - INFO - Neural UI Detector available components:
2025-06-05 02:10:05,286 - neural_ui_detector - INFO - - YOLO Object Detection: ✅
2025-06-05 02:10:05,286 - neural_ui_detector - INFO - - LayoutLM Document Understanding: ✅
2025-06-05 02:10:05,286 - neural_ui_detector - INFO - - ONNX Model Acceleration: ✅
2025-06-05 02:10:05,286 - neural_ui_detector - INFO - - Computer Vision Support: ✅
2025-06-05 02:10:05,286 - neural_ui_detector - INFO - - Browser Automation: ✅
2025-06-05 02:10:05,323 - neural_ui_detector - INFO - Loaded pre-trained YOLOv8n model
2025-06-05 02:10:07,971 - neural_ui_detector - INFO - LayoutLM imports available (old API)
2025-06-05 02:10:18,138 - neural_ui_detector - INFO - PyTorch 2.7.0 available
2025-06-05 02:10:18,212 - neural_ui_detector - INFO - Ultralytics 8.3.148 available
2025-06-05 02:10:18,397 - neural_ui_detector - INFO - Transformers 4.51.3 available
2025-06-05 02:10:18,422 - neural_ui_detector - INFO - ONNX Runtime 1.22.0 available
2025-06-05 02:10:18,423 - neural_ui_detector - INFO - OpenCV 4.11.0 available
2025-06-05 02:10:18,456 - neural_ui_detector - INFO - Selenium available for browser automation
2025-06-05 02:10:18,456 - neural_ui_detector - INFO - Neural UI Detector available components:
2025-06-05 02:10:18,456 - neural_ui_detector - INFO - - YOLO Object Detection: ✅
2025-06-05 02:10:18,456 - neural_ui_detector - INFO - - LayoutLM Document Understanding: ✅
2025-06-05 02:10:18,456 - neural_ui_detector - INFO - - ONNX Model Acceleration: ✅
2025-06-05 02:10:18,456 - neural_ui_detector - INFO - - Computer Vision Support: ✅
2025-06-05 02:10:18,456 - neural_ui_detector - INFO - - Browser Automation: ✅
2025-06-05 02:10:18,492 - neural_ui_detector - INFO - Loaded pre-trained YOLOv8n model
2025-06-05 02:10:21,106 - neural_ui_detector - INFO - LayoutLM imports available (old API)
2025-06-05 02:10:53,507 - neural_ui_detector - INFO - Started new Chrome instance in headless mode
2025-06-05 02:10:57,706 - neural_ui_detector - INFO - Using EasyOCR for text recognition
2025-06-05 02:10:57,713 - neural_ui_detector - INFO - Loaded 3 templates for matching
2025-06-05 02:10:57,713 - neural_ui_detector - INFO - UI Detector Ensemble initialized
2025-06-05 02:10:57,713 - neural_ui_detector - INFO - Loaded interaction memory with 6 entries
2025-06-05 02:10:58,179 - neural_ui_detector - INFO - Took screenshot: cache/neural_ui_detector/screenshot_1749103857.png
2025-06-05 02:10:58,180 - neural_ui_detector - INFO - Running yolo detector with 10s timeout
2025-06-05 02:10:58,432 - neural_ui_detector - INFO - YOLO detected 3 UI elements
2025-06-05 02:10:58,432 - neural_ui_detector - INFO - Running accessibility detector with 3s timeout
2025-06-05 02:10:58,432 - neural_ui_detector - INFO - macOS accessibility detected 2 UI elements
2025-06-05 02:10:58,432 - neural_ui_detector - INFO - Running ocr detector with 8s timeout
2025-06-05 02:10:58,550 - neural_ui_detector - INFO - Resized image for OCR from 2940x1912 to 1200x780
2025-06-05 02:11:06,983 - neural_ui_detector - INFO - OCR optimized detected 81 text elements
2025-06-05 02:11:06,987 - neural_ui_detector - INFO - Merged 86 elements into 86 unique elements
2025-06-05 02:11:24,498 - neural_ui_detector - INFO - Started new Chrome instance in headless mode
2025-06-05 02:11:28,520 - neural_ui_detector - INFO - Started new Chrome instance in headless mode
2025-06-05 02:11:38,241 - neural_ui_detector - INFO - Using EasyOCR for text recognition
2025-06-05 02:11:38,273 - neural_ui_detector - INFO - Loaded 3 templates for matching
2025-06-05 02:11:38,274 - neural_ui_detector - INFO - UI Detector Ensemble initialized
2025-06-05 02:11:38,277 - neural_ui_detector - INFO - Loaded interaction memory with 6 entries
2025-06-05 02:11:39,608 - neural_ui_detector_server - INFO - Starting Neural UI Detector WebSocket Server on port 8769
2025-06-05 02:11:39,864 - websockets.server - INFO - server listening on 127.0.0.1:8769
2025-06-05 02:11:39,876 - websockets.server - INFO - server listening on [::1]:8769
2025-06-05 02:11:40,039 - neural_ui_detector - INFO - Using EasyOCR for text recognition
2025-06-05 02:11:40,058 - neural_ui_detector - INFO - Loaded 3 templates for matching
2025-06-05 02:11:40,060 - neural_ui_detector - INFO - UI Detector Ensemble initialized
2025-06-05 02:11:40,067 - neural_ui_detector - INFO - Loaded interaction memory with 6 entries
2025-06-05 02:12:37,788 - neural_ui_detector - INFO - Saved detection result: cache/neural_ui_detector/detection_1749103858.json
2025-06-05 02:12:37,792 - neural_ui_detector - INFO - UI detection completed in 100.05s with 86 elements
2025-06-05 02:12:38,034 - neural_ui_detector - INFO - Saved visualization: cache/neural_ui_detector/visualization_1749103957.png
2025-06-05 02:14:06,060 - neural_ui_detector - INFO - PyTorch 2.7.0 available
2025-06-05 02:14:06,147 - neural_ui_detector - INFO - Ultralytics 8.3.148 available
2025-06-05 02:14:06,336 - neural_ui_detector - INFO - Transformers 4.51.3 available
2025-06-05 02:14:06,394 - neural_ui_detector - INFO - ONNX Runtime 1.22.0 available
2025-06-05 02:14:06,394 - neural_ui_detector - INFO - OpenCV 4.11.0 available
2025-06-05 02:14:06,432 - neural_ui_detector - INFO - Selenium available for browser automation
2025-06-05 02:14:06,432 - neural_ui_detector - INFO - Neural UI Detector available components:
2025-06-05 02:14:06,432 - neural_ui_detector - INFO - - YOLO Object Detection: ✅
2025-06-05 02:14:06,432 - neural_ui_detector - INFO - - LayoutLM Document Understanding: ✅
2025-06-05 02:14:06,432 - neural_ui_detector - INFO - - ONNX Model Acceleration: ✅
2025-06-05 02:14:06,432 - neural_ui_detector - INFO - - Computer Vision Support: ✅
2025-06-05 02:14:06,432 - neural_ui_detector - INFO - - Browser Automation: ✅
2025-06-05 02:14:06,470 - neural_ui_detector - INFO - Loaded pre-trained YOLOv8n model
2025-06-05 02:14:08,984 - neural_ui_detector - INFO - PyTorch 2.7.0 available
2025-06-05 02:14:09,045 - neural_ui_detector - INFO - Ultralytics 8.3.148 available
2025-06-05 02:14:09,204 - neural_ui_detector - INFO - Transformers 4.51.3 available
2025-06-05 02:14:09,229 - neural_ui_detector - INFO - ONNX Runtime 1.22.0 available
2025-06-05 02:14:09,229 - neural_ui_detector - INFO - OpenCV 4.11.0 available
2025-06-05 02:14:09,256 - neural_ui_detector - INFO - Selenium available for browser automation
2025-06-05 02:14:09,256 - neural_ui_detector - INFO - Neural UI Detector available components:
2025-06-05 02:14:09,256 - neural_ui_detector - INFO - - YOLO Object Detection: ✅
2025-06-05 02:14:09,256 - neural_ui_detector - INFO - - LayoutLM Document Understanding: ✅
2025-06-05 02:14:09,256 - neural_ui_detector - INFO - - ONNX Model Acceleration: ✅
2025-06-05 02:14:09,256 - neural_ui_detector - INFO - - Computer Vision Support: ✅
2025-06-05 02:14:09,256 - neural_ui_detector - INFO - - Browser Automation: ✅
2025-06-05 02:14:09,282 - neural_ui_detector - INFO - Loaded pre-trained YOLOv8n model
2025-06-05 02:14:09,445 - neural_ui_detector - INFO - LayoutLM imports available (old API)
2025-06-05 02:15:11,057 - neural_ui_detector - INFO - Started new Chrome instance in headless mode
2025-06-05 02:15:14,990 - neural_ui_detector - INFO - Using EasyOCR for text recognition
2025-06-05 02:15:14,998 - neural_ui_detector - INFO - Loaded 3 templates for matching
2025-06-05 02:15:14,998 - neural_ui_detector - INFO - UI Detector Ensemble initialized
2025-06-05 02:15:14,999 - neural_ui_detector - INFO - Loaded interaction memory with 6 entries
2025-06-05 02:15:15,485 - neural_ui_detector - INFO - Took screenshot: cache/neural_ui_detector/screenshot_1749104114.png
2025-06-05 02:15:15,485 - neural_ui_detector - INFO - Running yolo detector with 10s timeout
2025-06-05 02:15:15,768 - neural_ui_detector - INFO - YOLO detected 1 UI elements
2025-06-05 02:15:15,768 - neural_ui_detector - INFO - Running accessibility detector with 3s timeout
2025-06-05 02:15:15,768 - neural_ui_detector - INFO - macOS accessibility detected 2 UI elements
2025-06-05 02:15:15,768 - neural_ui_detector - INFO - Running ocr detector with 8s timeout
2025-06-05 02:15:15,880 - neural_ui_detector - INFO - Resized image for OCR from 2940x1912 to 1200x780
2025-06-05 02:15:32,658 - neural_ui_detector - INFO - OCR optimized detected 79 text elements
2025-06-05 02:15:32,667 - neural_ui_detector - INFO - Merged 82 elements into 82 unique elements
2025-06-05 02:16:06,008 - neural_ui_detector - INFO - Saved detection result: cache/neural_ui_detector/detection_1749104115.json
2025-06-05 02:16:06,008 - neural_ui_detector - INFO - UI detection completed in 50.99s with 82 elements
2025-06-05 02:16:06,211 - neural_ui_detector - INFO - Saved visualization: cache/neural_ui_detector/visualization_1749104166.png
2025-06-05 11:02:49,294 - neural_ui_detector - INFO - PyTorch 2.7.0 available
2025-06-05 11:02:49,371 - neural_ui_detector - INFO - Ultralytics 8.3.148 available
2025-06-05 11:02:49,506 - neural_ui_detector - INFO - Transformers 4.51.3 available
2025-06-05 11:02:49,550 - neural_ui_detector - INFO - ONNX Runtime 1.22.0 available
2025-06-05 11:02:49,550 - neural_ui_detector - INFO - OpenCV 4.11.0 available
2025-06-05 11:02:49,581 - neural_ui_detector - INFO - Selenium available for browser automation
2025-06-05 11:02:49,581 - neural_ui_detector - INFO - Neural UI Detector available components:
2025-06-05 11:02:49,581 - neural_ui_detector - INFO - - YOLO Object Detection: ✅
2025-06-05 11:02:49,581 - neural_ui_detector - INFO - - LayoutLM Document Understanding: ✅
2025-06-05 11:02:49,581 - neural_ui_detector - INFO - - ONNX Model Acceleration: ✅
2025-06-05 11:02:49,581 - neural_ui_detector - INFO - - Computer Vision Support: ✅
2025-06-05 11:02:49,581 - neural_ui_detector - INFO - - Browser Automation: ✅
2025-06-05 11:02:49,613 - neural_ui_detector - INFO - Loaded pre-trained YOLOv8n model
2025-06-05 11:02:51,962 - neural_ui_detector - INFO - LayoutLM imports available (old API)
2025-06-05 11:02:51,987 - neural_ui_detector - INFO - PyTorch 2.7.0 available
2025-06-05 11:02:52,028 - neural_ui_detector - INFO - Ultralytics 8.3.148 available
2025-06-05 11:02:52,126 - neural_ui_detector - INFO - Transformers 4.51.3 available
2025-06-05 11:02:52,141 - neural_ui_detector - INFO - ONNX Runtime 1.22.0 available
2025-06-05 11:02:52,141 - neural_ui_detector - INFO - OpenCV 4.11.0 available
2025-06-05 11:02:52,156 - neural_ui_detector - INFO - Selenium available for browser automation
2025-06-05 11:02:52,156 - neural_ui_detector - INFO - Neural UI Detector available components:
2025-06-05 11:02:52,156 - neural_ui_detector - INFO - - YOLO Object Detection: ✅
2025-06-05 11:02:52,157 - neural_ui_detector - INFO - - LayoutLM Document Understanding: ✅
2025-06-05 11:02:52,157 - neural_ui_detector - INFO - - ONNX Model Acceleration: ✅
2025-06-05 11:02:52,157 - neural_ui_detector - INFO - - Computer Vision Support: ✅
2025-06-05 11:02:52,157 - neural_ui_detector - INFO - - Browser Automation: ✅
2025-06-05 11:02:52,174 - neural_ui_detector - INFO - Loaded pre-trained YOLOv8n model
2025-06-05 11:02:53,362 - neural_ui_detector - INFO - LayoutLM imports available (old API)
2025-06-05 11:03:54,338 - neural_ui_detector - INFO - Started new Chrome instance in headless mode
2025-06-05 11:03:57,272 - neural_ui_detector - INFO - Using EasyOCR for text recognition
2025-06-05 11:03:57,290 - neural_ui_detector - INFO - Loaded 3 templates for matching
2025-06-05 11:03:57,290 - neural_ui_detector - INFO - UI Detector Ensemble initialized
2025-06-05 11:03:57,291 - neural_ui_detector - INFO - Loaded interaction memory with 6 entries
2025-06-05 11:03:57,960 - neural_ui_detector - INFO - Took screenshot: cache/neural_ui_detector/screenshot_1749135837.png
2025-06-05 11:03:57,961 - neural_ui_detector - INFO - Running yolo detector with 10s timeout
2025-06-05 11:03:58,175 - neural_ui_detector - INFO - YOLO detected 2 UI elements
2025-06-05 11:03:58,175 - neural_ui_detector - INFO - Running accessibility detector with 3s timeout
2025-06-05 11:03:58,175 - neural_ui_detector - INFO - macOS accessibility detected 2 UI elements
2025-06-05 11:03:58,175 - neural_ui_detector - INFO - Running ocr detector with 8s timeout
2025-06-05 11:03:58,247 - neural_ui_detector - INFO - Resized image for OCR from 2940x1912 to 1200x780
2025-06-05 11:04:04,199 - neural_ui_detector - INFO - OCR optimized detected 87 text elements
2025-06-05 11:04:04,203 - neural_ui_detector - INFO - Merged 91 elements into 91 unique elements
2025-06-05 11:05:03,207 - neural_ui_detector - INFO - Saved detection result: cache/neural_ui_detector/detection_1749135837.json
2025-06-05 11:05:03,211 - neural_ui_detector - INFO - UI detection completed in 65.90s with 91 elements
2025-06-05 11:05:03,332 - neural_ui_detector - INFO - Saved visualization: cache/neural_ui_detector/visualization_1749135903.png
2025-06-05 11:34:56,849 - neural_ui_detector - INFO - PyTorch 2.7.0 available
2025-06-05 11:34:56,926 - neural_ui_detector - INFO - Ultralytics 8.3.148 available
2025-06-05 11:34:57,079 - neural_ui_detector - INFO - Transformers 4.51.3 available
2025-06-05 11:34:57,135 - neural_ui_detector - INFO - ONNX Runtime 1.22.0 available
2025-06-05 11:34:57,135 - neural_ui_detector - INFO - OpenCV 4.11.0 available
2025-06-05 11:34:57,161 - neural_ui_detector - INFO - Selenium available for browser automation
2025-06-05 11:34:57,161 - neural_ui_detector - INFO - Neural UI Detector available components:
2025-06-05 11:34:57,161 - neural_ui_detector - INFO - - YOLO Object Detection: ✅
2025-06-05 11:34:57,161 - neural_ui_detector - INFO - - LayoutLM Document Understanding: ✅
2025-06-05 11:34:57,161 - neural_ui_detector - INFO - - ONNX Model Acceleration: ✅
2025-06-05 11:34:57,161 - neural_ui_detector - INFO - - Computer Vision Support: ✅
2025-06-05 11:34:57,161 - neural_ui_detector - INFO - - Browser Automation: ✅
2025-06-05 11:34:57,196 - neural_ui_detector - INFO - Loaded pre-trained YOLOv8n model
2025-06-05 11:34:59,952 - neural_ui_detector - INFO - LayoutLM imports available (old API)
2025-06-05 11:35:11,784 - neural_ui_detector - INFO - PyTorch 2.7.0 available
2025-06-05 11:35:11,841 - neural_ui_detector - INFO - Ultralytics 8.3.148 available
2025-06-05 11:35:11,974 - neural_ui_detector - INFO - Transformers 4.51.3 available
2025-06-05 11:35:11,991 - neural_ui_detector - INFO - ONNX Runtime 1.22.0 available
2025-06-05 11:35:11,991 - neural_ui_detector - INFO - OpenCV 4.11.0 available
2025-06-05 11:35:12,017 - neural_ui_detector - INFO - Selenium available for browser automation
2025-06-05 11:35:12,017 - neural_ui_detector - INFO - Neural UI Detector available components:
2025-06-05 11:35:12,017 - neural_ui_detector - INFO - - YOLO Object Detection: ✅
2025-06-05 11:35:12,017 - neural_ui_detector - INFO - - LayoutLM Document Understanding: ✅
2025-06-05 11:35:12,017 - neural_ui_detector - INFO - - ONNX Model Acceleration: ✅
2025-06-05 11:35:12,017 - neural_ui_detector - INFO - - Computer Vision Support: ✅
2025-06-05 11:35:12,017 - neural_ui_detector - INFO - - Browser Automation: ✅
2025-06-05 11:35:12,043 - neural_ui_detector - INFO - Loaded pre-trained YOLOv8n model
2025-06-05 11:35:13,838 - neural_ui_detector - INFO - LayoutLM imports available (old API)
2025-06-05 11:54:30,999 - neural_ui_detector - INFO - PyTorch 2.7.0 available
2025-06-05 11:54:31,077 - neural_ui_detector - INFO - Ultralytics 8.3.148 available
2025-06-05 11:54:31,207 - neural_ui_detector - INFO - Transformers 4.51.3 available
2025-06-05 11:54:31,263 - neural_ui_detector - INFO - ONNX Runtime 1.22.0 available
2025-06-05 11:54:31,263 - neural_ui_detector - INFO - OpenCV 4.11.0 available
2025-06-05 11:54:31,285 - neural_ui_detector - INFO - Selenium available for browser automation
2025-06-05 11:54:31,286 - neural_ui_detector - INFO - Neural UI Detector available components:
2025-06-05 11:54:31,286 - neural_ui_detector - INFO - - YOLO Object Detection: ✅
2025-06-05 11:54:31,286 - neural_ui_detector - INFO - - LayoutLM Document Understanding: ✅
2025-06-05 11:54:31,286 - neural_ui_detector - INFO - - ONNX Model Acceleration: ✅
2025-06-05 11:54:31,286 - neural_ui_detector - INFO - - Computer Vision Support: ✅
2025-06-05 11:54:31,286 - neural_ui_detector - INFO - - Browser Automation: ✅
2025-06-05 11:54:31,322 - neural_ui_detector - INFO - Loaded pre-trained YOLOv8n model
2025-06-05 11:54:33,898 - neural_ui_detector - INFO - LayoutLM imports available (old API)
2025-06-05 11:54:46,232 - neural_ui_detector - INFO - PyTorch 2.7.0 available
2025-06-05 11:54:46,289 - neural_ui_detector - INFO - Ultralytics 8.3.148 available
2025-06-05 11:54:46,423 - neural_ui_detector - INFO - Transformers 4.51.3 available
2025-06-05 11:54:46,440 - neural_ui_detector - INFO - ONNX Runtime 1.22.0 available
2025-06-05 11:54:46,440 - neural_ui_detector - INFO - OpenCV 4.11.0 available
2025-06-05 11:54:46,467 - neural_ui_detector - INFO - Selenium available for browser automation
2025-06-05 11:54:46,467 - neural_ui_detector - INFO - Neural UI Detector available components:
2025-06-05 11:54:46,467 - neural_ui_detector - INFO - - YOLO Object Detection: ✅
2025-06-05 11:54:46,467 - neural_ui_detector - INFO - - LayoutLM Document Understanding: ✅
2025-06-05 11:54:46,467 - neural_ui_detector - INFO - - ONNX Model Acceleration: ✅
2025-06-05 11:54:46,467 - neural_ui_detector - INFO - - Computer Vision Support: ✅
2025-06-05 11:54:46,467 - neural_ui_detector - INFO - - Browser Automation: ✅
2025-06-05 11:54:46,492 - neural_ui_detector - INFO - Loaded pre-trained YOLOv8n model
2025-06-05 11:54:48,261 - neural_ui_detector - INFO - LayoutLM imports available (old API)
2025-06-05 18:06:27,345 - neural_ui_detector - INFO - PyTorch 2.7.0 available
2025-06-05 18:06:27,442 - neural_ui_detector - INFO - Ultralytics 8.3.148 available
2025-06-05 18:06:27,589 - neural_ui_detector - INFO - Transformers 4.51.3 available
2025-06-05 18:06:28,157 - neural_ui_detector - INFO - ONNX Runtime 1.22.0 available
2025-06-05 18:06:28,157 - neural_ui_detector - INFO - OpenCV 4.11.0 available
2025-06-05 18:06:28,181 - neural_ui_detector - INFO - Selenium available for browser automation
2025-06-05 18:06:28,182 - neural_ui_detector - INFO - Neural UI Detector available components:
2025-06-05 18:06:28,182 - neural_ui_detector - INFO - - YOLO Object Detection: ✅
2025-06-05 18:06:28,182 - neural_ui_detector - INFO - - LayoutLM Document Understanding: ✅
2025-06-05 18:06:28,182 - neural_ui_detector - INFO - - ONNX Model Acceleration: ✅
2025-06-05 18:06:28,182 - neural_ui_detector - INFO - - Computer Vision Support: ✅
2025-06-05 18:06:28,182 - neural_ui_detector - INFO - - Browser Automation: ✅
2025-06-05 18:06:28,208 - neural_ui_detector - INFO - Loaded pre-trained YOLOv8n model
2025-06-05 18:06:32,448 - neural_ui_detector - INFO - LayoutLM imports available (old API)
2025-06-05 18:06:40,874 - neural_ui_detector - INFO - PyTorch 2.7.0 available
2025-06-05 18:06:40,932 - neural_ui_detector - INFO - Ultralytics 8.3.148 available
2025-06-05 18:06:41,056 - neural_ui_detector - INFO - Transformers 4.51.3 available
2025-06-05 18:06:41,073 - neural_ui_detector - INFO - ONNX Runtime 1.22.0 available
2025-06-05 18:06:41,073 - neural_ui_detector - INFO - OpenCV 4.11.0 available
2025-06-05 18:06:41,100 - neural_ui_detector - INFO - Selenium available for browser automation
2025-06-05 18:06:41,100 - neural_ui_detector - INFO - Neural UI Detector available components:
2025-06-05 18:06:41,100 - neural_ui_detector - INFO - - YOLO Object Detection: ✅
2025-06-05 18:06:41,100 - neural_ui_detector - INFO - - LayoutLM Document Understanding: ✅
2025-06-05 18:06:41,100 - neural_ui_detector - INFO - - ONNX Model Acceleration: ✅
2025-06-05 18:06:41,100 - neural_ui_detector - INFO - - Computer Vision Support: ✅
2025-06-05 18:06:41,100 - neural_ui_detector - INFO - - Browser Automation: ✅
2025-06-05 18:06:41,126 - neural_ui_detector - INFO - Loaded pre-trained YOLOv8n model
2025-06-05 18:06:42,797 - neural_ui_detector - INFO - LayoutLM imports available (old API)
2025-06-05 18:52:35,948 - neural_ui_detector - INFO - PyTorch 2.7.0 available
2025-06-05 18:52:36,046 - neural_ui_detector - INFO - Ultralytics 8.3.148 available
2025-06-05 18:52:36,236 - neural_ui_detector - INFO - Transformers 4.51.3 available
2025-06-05 18:52:36,290 - neural_ui_detector - INFO - ONNX Runtime 1.22.0 available
2025-06-05 18:52:36,291 - neural_ui_detector - INFO - OpenCV 4.11.0 available
2025-06-05 18:52:36,322 - neural_ui_detector - INFO - Selenium available for browser automation
2025-06-05 18:52:36,322 - neural_ui_detector - INFO - Neural UI Detector available components:
2025-06-05 18:52:36,322 - neural_ui_detector - INFO - - YOLO Object Detection: ✅
2025-06-05 18:52:36,322 - neural_ui_detector - INFO - - LayoutLM Document Understanding: ✅
2025-06-05 18:52:36,322 - neural_ui_detector - INFO - - ONNX Model Acceleration: ✅
2025-06-05 18:52:36,322 - neural_ui_detector - INFO - - Computer Vision Support: ✅
2025-06-05 18:52:36,322 - neural_ui_detector - INFO - - Browser Automation: ✅
2025-06-05 18:52:36,363 - neural_ui_detector - INFO - Loaded pre-trained YOLOv8n model
2025-06-05 18:52:40,242 - neural_ui_detector - INFO - LayoutLM imports available (old API)
2025-06-05 18:52:51,515 - neural_ui_detector - INFO - PyTorch 2.7.0 available
2025-06-05 18:52:51,597 - neural_ui_detector - INFO - Ultralytics 8.3.148 available
2025-06-05 18:52:51,808 - neural_ui_detector - INFO - Transformers 4.51.3 available
2025-06-05 18:52:51,833 - neural_ui_detector - INFO - ONNX Runtime 1.22.0 available
2025-06-05 18:52:51,833 - neural_ui_detector - INFO - OpenCV 4.11.0 available
2025-06-05 18:52:51,864 - neural_ui_detector - INFO - Selenium available for browser automation
2025-06-05 18:52:51,864 - neural_ui_detector - INFO - Neural UI Detector available components:
2025-06-05 18:52:51,864 - neural_ui_detector - INFO - - YOLO Object Detection: ✅
2025-06-05 18:52:51,864 - neural_ui_detector - INFO - - LayoutLM Document Understanding: ✅
2025-06-05 18:52:51,864 - neural_ui_detector - INFO - - ONNX Model Acceleration: ✅
2025-06-05 18:52:51,864 - neural_ui_detector - INFO - - Computer Vision Support: ✅
2025-06-05 18:52:51,864 - neural_ui_detector - INFO - - Browser Automation: ✅
2025-06-05 18:52:51,898 - neural_ui_detector - INFO - Loaded pre-trained YOLOv8n model
2025-06-05 18:52:55,075 - neural_ui_detector - INFO - LayoutLM imports available (old API)
2025-06-05 19:04:19,364 - neural_ui_detector - INFO - PyTorch 2.7.0 available
2025-06-05 19:04:19,515 - neural_ui_detector - INFO - Ultralytics 8.3.148 available
2025-06-05 19:04:19,833 - neural_ui_detector - INFO - Transformers 4.51.3 available
2025-06-05 19:04:19,920 - neural_ui_detector - INFO - ONNX Runtime 1.22.0 available
2025-06-05 19:04:19,920 - neural_ui_detector - INFO - OpenCV 4.11.0 available
2025-06-05 19:04:19,972 - neural_ui_detector - INFO - Selenium available for browser automation
2025-06-05 19:04:19,973 - neural_ui_detector - INFO - Neural UI Detector available components:
2025-06-05 19:04:19,973 - neural_ui_detector - INFO - - YOLO Object Detection: ✅
2025-06-05 19:04:19,973 - neural_ui_detector - INFO - - LayoutLM Document Understanding: ✅
2025-06-05 19:04:19,973 - neural_ui_detector - INFO - - ONNX Model Acceleration: ✅
2025-06-05 19:04:19,973 - neural_ui_detector - INFO - - Computer Vision Support: ✅
2025-06-05 19:04:19,973 - neural_ui_detector - INFO - - Browser Automation: ✅
2025-06-05 19:04:20,063 - neural_ui_detector - INFO - Loaded pre-trained YOLOv8n model
2025-06-05 19:04:23,974 - neural_ui_detector - INFO - LayoutLM imports available (old API)
2025-06-05 19:04:33,721 - neural_ui_detector - INFO - PyTorch 2.7.0 available
2025-06-05 19:04:33,805 - neural_ui_detector - INFO - Ultralytics 8.3.148 available
2025-06-05 19:04:34,006 - neural_ui_detector - INFO - Transformers 4.51.3 available
2025-06-05 19:04:34,063 - neural_ui_detector - INFO - ONNX Runtime 1.22.0 available
2025-06-05 19:04:34,063 - neural_ui_detector - INFO - OpenCV 4.11.0 available
2025-06-05 19:04:34,098 - neural_ui_detector - INFO - Selenium available for browser automation
2025-06-05 19:04:34,098 - neural_ui_detector - INFO - Neural UI Detector available components:
2025-06-05 19:04:34,098 - neural_ui_detector - INFO - - YOLO Object Detection: ✅
2025-06-05 19:04:34,098 - neural_ui_detector - INFO - - LayoutLM Document Understanding: ✅
2025-06-05 19:04:34,098 - neural_ui_detector - INFO - - ONNX Model Acceleration: ✅
2025-06-05 19:04:34,098 - neural_ui_detector - INFO - - Computer Vision Support: ✅
2025-06-05 19:04:34,098 - neural_ui_detector - INFO - - Browser Automation: ✅
2025-06-05 19:04:34,141 - neural_ui_detector - INFO - Loaded pre-trained YOLOv8n model
2025-06-05 19:04:38,292 - neural_ui_detector - INFO - LayoutLM imports available (old API)
2025-06-06 10:20:55,795 - neural_ui_detector - INFO - PyTorch 2.7.0 available
2025-06-06 10:20:55,910 - neural_ui_detector - INFO - Ultralytics 8.3.148 available
2025-06-06 10:20:56,048 - neural_ui_detector - INFO - Transformers 4.51.3 available
2025-06-06 10:20:56,095 - neural_ui_detector - INFO - ONNX Runtime 1.22.0 available
2025-06-06 10:20:56,095 - neural_ui_detector - INFO - OpenCV 4.11.0 available
2025-06-06 10:20:56,119 - neural_ui_detector - INFO - Selenium available for browser automation
2025-06-06 10:20:56,119 - neural_ui_detector - INFO - Neural UI Detector available components:
2025-06-06 10:20:56,119 - neural_ui_detector - INFO - - YOLO Object Detection: ✅
2025-06-06 10:20:56,119 - neural_ui_detector - INFO - - LayoutLM Document Understanding: ✅
2025-06-06 10:20:56,119 - neural_ui_detector - INFO - - ONNX Model Acceleration: ✅
2025-06-06 10:20:56,120 - neural_ui_detector - INFO - - Computer Vision Support: ✅
2025-06-06 10:20:56,120 - neural_ui_detector - INFO - - Browser Automation: ✅
2025-06-06 10:20:56,174 - neural_ui_detector - INFO - Loaded pre-trained YOLOv8n model
2025-06-06 10:20:59,482 - neural_ui_detector - INFO - LayoutLM imports available (old API)
2025-06-06 10:21:09,542 - neural_ui_detector - INFO - PyTorch 2.7.0 available
2025-06-06 10:21:09,633 - neural_ui_detector - INFO - Ultralytics 8.3.148 available
2025-06-06 10:21:09,769 - neural_ui_detector - INFO - Transformers 4.51.3 available
2025-06-06 10:21:09,786 - neural_ui_detector - INFO - ONNX Runtime 1.22.0 available
2025-06-06 10:21:09,786 - neural_ui_detector - INFO - OpenCV 4.11.0 available
2025-06-06 10:21:09,813 - neural_ui_detector - INFO - Selenium available for browser automation
2025-06-06 10:21:09,813 - neural_ui_detector - INFO - Neural UI Detector available components:
2025-06-06 10:21:09,813 - neural_ui_detector - INFO - - YOLO Object Detection: ✅
2025-06-06 10:21:09,813 - neural_ui_detector - INFO - - LayoutLM Document Understanding: ✅
2025-06-06 10:21:09,813 - neural_ui_detector - INFO - - ONNX Model Acceleration: ✅
2025-06-06 10:21:09,813 - neural_ui_detector - INFO - - Computer Vision Support: ✅
2025-06-06 10:21:09,813 - neural_ui_detector - INFO - - Browser Automation: ✅
2025-06-06 10:21:09,839 - neural_ui_detector - INFO - Loaded pre-trained YOLOv8n model
2025-06-06 10:21:11,639 - neural_ui_detector - INFO - LayoutLM imports available (old API)
2025-06-06 11:08:54,936 - neural_ui_detector - INFO - PyTorch 2.7.0 available
2025-06-06 11:08:55,084 - neural_ui_detector - INFO - Ultralytics 8.3.148 available
2025-06-06 11:08:55,232 - neural_ui_detector - INFO - Transformers 4.51.3 available
2025-06-06 11:08:55,825 - neural_ui_detector - INFO - ONNX Runtime 1.22.0 available
2025-06-06 11:08:55,825 - neural_ui_detector - INFO - OpenCV 4.11.0 available
2025-06-06 11:08:55,850 - neural_ui_detector - INFO - Selenium available for browser automation
2025-06-06 11:08:55,850 - neural_ui_detector - INFO - Neural UI Detector available components:
2025-06-06 11:08:55,850 - neural_ui_detector - INFO - - YOLO Object Detection: ✅
2025-06-06 11:08:55,850 - neural_ui_detector - INFO - - LayoutLM Document Understanding: ✅
2025-06-06 11:08:55,850 - neural_ui_detector - INFO - - ONNX Model Acceleration: ✅
2025-06-06 11:08:55,850 - neural_ui_detector - INFO - - Computer Vision Support: ✅
2025-06-06 11:08:55,850 - neural_ui_detector - INFO - - Browser Automation: ✅
2025-06-06 11:08:55,877 - neural_ui_detector - INFO - Loaded pre-trained YOLOv8n model
2025-06-06 11:09:01,341 - neural_ui_detector - INFO - LayoutLM imports available (old API)
2025-06-06 11:09:08,366 - neural_ui_detector - INFO - PyTorch 2.7.0 available
2025-06-06 11:09:08,473 - neural_ui_detector - INFO - Ultralytics 8.3.148 available
2025-06-06 11:09:08,623 - neural_ui_detector - INFO - Transformers 4.51.3 available
2025-06-06 11:09:08,643 - neural_ui_detector - INFO - ONNX Runtime 1.22.0 available
2025-06-06 11:09:08,643 - neural_ui_detector - INFO - OpenCV 4.11.0 available
2025-06-06 11:09:08,665 - neural_ui_detector - INFO - Selenium available for browser automation
2025-06-06 11:09:08,665 - neural_ui_detector - INFO - Neural UI Detector available components:
2025-06-06 11:09:08,665 - neural_ui_detector - INFO - - YOLO Object Detection: ✅
2025-06-06 11:09:08,665 - neural_ui_detector - INFO - - LayoutLM Document Understanding: ✅
2025-06-06 11:09:08,665 - neural_ui_detector - INFO - - ONNX Model Acceleration: ✅
2025-06-06 11:09:08,665 - neural_ui_detector - INFO - - Computer Vision Support: ✅
2025-06-06 11:09:08,665 - neural_ui_detector - INFO - - Browser Automation: ✅
2025-06-06 11:09:08,694 - neural_ui_detector - INFO - Loaded pre-trained YOLOv8n model
2025-06-06 11:09:10,722 - neural_ui_detector - INFO - LayoutLM imports available (old API)
2025-06-06 11:51:35,487 - neural_ui_detector - INFO - PyTorch 2.7.0 available
2025-06-06 11:51:35,598 - neural_ui_detector - INFO - Ultralytics 8.3.148 available
2025-06-06 11:51:35,733 - neural_ui_detector - INFO - Transformers 4.51.3 available
2025-06-06 11:51:36,313 - neural_ui_detector - INFO - ONNX Runtime 1.22.0 available
2025-06-06 11:51:36,313 - neural_ui_detector - INFO - OpenCV 4.11.0 available
2025-06-06 11:51:36,339 - neural_ui_detector - INFO - Selenium available for browser automation
2025-06-06 11:51:36,339 - neural_ui_detector - INFO - Neural UI Detector available components:
2025-06-06 11:51:36,339 - neural_ui_detector - INFO - - YOLO Object Detection: ✅
2025-06-06 11:51:36,339 - neural_ui_detector - INFO - - LayoutLM Document Understanding: ✅
2025-06-06 11:51:36,339 - neural_ui_detector - INFO - - ONNX Model Acceleration: ✅
2025-06-06 11:51:36,339 - neural_ui_detector - INFO - - Computer Vision Support: ✅
2025-06-06 11:51:36,339 - neural_ui_detector - INFO - - Browser Automation: ✅
2025-06-06 11:51:36,367 - neural_ui_detector - INFO - Loaded pre-trained YOLOv8n model
2025-06-06 11:51:41,436 - neural_ui_detector - INFO - LayoutLM imports available (old API)
2025-06-06 11:51:49,244 - neural_ui_detector - INFO - PyTorch 2.7.0 available
2025-06-06 11:51:49,318 - neural_ui_detector - INFO - Ultralytics 8.3.148 available
2025-06-06 11:51:49,461 - neural_ui_detector - INFO - Transformers 4.51.3 available
2025-06-06 11:51:49,480 - neural_ui_detector - INFO - ONNX Runtime 1.22.0 available
2025-06-06 11:51:49,480 - neural_ui_detector - INFO - OpenCV 4.11.0 available
2025-06-06 11:51:49,513 - neural_ui_detector - INFO - Selenium available for browser automation
2025-06-06 11:51:49,531 - neural_ui_detector - INFO - Neural UI Detector available components:
2025-06-06 11:51:49,563 - neural_ui_detector - INFO - - YOLO Object Detection: ✅
2025-06-06 11:51:49,563 - neural_ui_detector - INFO - - LayoutLM Document Understanding: ✅
2025-06-06 11:51:49,563 - neural_ui_detector - INFO - - ONNX Model Acceleration: ✅
2025-06-06 11:51:49,563 - neural_ui_detector - INFO - - Computer Vision Support: ✅
2025-06-06 11:51:49,563 - neural_ui_detector - INFO - - Browser Automation: ✅
2025-06-06 11:51:49,589 - neural_ui_detector - INFO - Loaded pre-trained YOLOv8n model
2025-06-06 11:51:51,645 - neural_ui_detector - INFO - LayoutLM imports available (old API)
2025-06-07 23:19:30,228 - neural_ui_detector - INFO - PyTorch 2.7.0 available
2025-06-07 23:19:30,434 - neural_ui_detector - INFO - Ultralytics 8.3.148 available
2025-06-07 23:19:30,700 - neural_ui_detector - INFO - Transformers 4.51.3 available
2025-06-07 23:19:31,717 - neural_ui_detector - INFO - ONNX Runtime 1.22.0 available
2025-06-07 23:19:31,718 - neural_ui_detector - INFO - OpenCV 4.11.0 available
2025-06-07 23:19:31,763 - neural_ui_detector - INFO - Selenium available for browser automation
2025-06-07 23:19:31,763 - neural_ui_detector - INFO - Neural UI Detector available components:
2025-06-07 23:19:31,763 - neural_ui_detector - INFO - - YOLO Object Detection: ✅
2025-06-07 23:19:31,763 - neural_ui_detector - INFO - - LayoutLM Document Understanding: ✅
2025-06-07 23:19:31,763 - neural_ui_detector - INFO - - ONNX Model Acceleration: ✅
2025-06-07 23:19:31,763 - neural_ui_detector - INFO - - Computer Vision Support: ✅
2025-06-07 23:19:31,763 - neural_ui_detector - INFO - - Browser Automation: ✅
2025-06-07 23:19:31,840 - neural_ui_detector - INFO - Loaded pre-trained YOLOv8n model
2025-06-07 23:19:39,321 - neural_ui_detector - INFO - LayoutLM imports available (old API)
2025-06-07 23:19:42,877 - neural_ui_detector - INFO - PyTorch 2.7.0 available
2025-06-07 23:19:43,004 - neural_ui_detector - INFO - Ultralytics 8.3.148 available
2025-06-07 23:19:43,235 - neural_ui_detector - INFO - Transformers 4.51.3 available
2025-06-07 23:19:43,271 - neural_ui_detector - INFO - ONNX Runtime 1.22.0 available
2025-06-07 23:19:43,271 - neural_ui_detector - INFO - OpenCV 4.11.0 available
2025-06-07 23:19:43,308 - neural_ui_detector - INFO - Selenium available for browser automation
2025-06-07 23:19:43,308 - neural_ui_detector - INFO - Neural UI Detector available components:
2025-06-07 23:19:43,308 - neural_ui_detector - INFO - - YOLO Object Detection: ✅
2025-06-07 23:19:43,308 - neural_ui_detector - INFO - - LayoutLM Document Understanding: ✅
2025-06-07 23:19:43,308 - neural_ui_detector - INFO - - ONNX Model Acceleration: ✅
2025-06-07 23:19:43,308 - neural_ui_detector - INFO - - Computer Vision Support: ✅
2025-06-07 23:19:43,308 - neural_ui_detector - INFO - - Browser Automation: ✅
2025-06-07 23:19:43,346 - neural_ui_detector - INFO - Loaded pre-trained YOLOv8n model
2025-06-07 23:19:46,279 - neural_ui_detector - INFO - LayoutLM imports available (old API)
2025-06-07 23:20:20,092 - neural_ui_detector - INFO - PyTorch 2.7.0 available
2025-06-07 23:20:20,200 - neural_ui_detector - INFO - Ultralytics 8.3.148 available
2025-06-07 23:20:20,409 - neural_ui_detector - INFO - Transformers 4.51.3 available
2025-06-07 23:20:20,471 - neural_ui_detector - INFO - ONNX Runtime 1.22.0 available
2025-06-07 23:20:20,471 - neural_ui_detector - INFO - OpenCV 4.11.0 available
2025-06-07 23:20:20,523 - neural_ui_detector - INFO - Selenium available for browser automation
2025-06-07 23:20:20,524 - neural_ui_detector - INFO - Neural UI Detector available components:
2025-06-07 23:20:20,524 - neural_ui_detector - INFO - - YOLO Object Detection: ✅
2025-06-07 23:20:20,524 - neural_ui_detector - INFO - - LayoutLM Document Understanding: ✅
2025-06-07 23:20:20,524 - neural_ui_detector - INFO - - ONNX Model Acceleration: ✅
2025-06-07 23:20:20,524 - neural_ui_detector - INFO - - Computer Vision Support: ✅
2025-06-07 23:20:20,524 - neural_ui_detector - INFO - - Browser Automation: ✅
2025-06-07 23:20:20,578 - neural_ui_detector - INFO - Loaded pre-trained YOLOv8n model
2025-06-07 23:20:23,660 - neural_ui_detector - INFO - LayoutLM imports available (old API)
2025-06-07 23:20:35,229 - neural_ui_detector - INFO - PyTorch 2.7.0 available
2025-06-07 23:20:35,332 - neural_ui_detector - INFO - Ultralytics 8.3.148 available
2025-06-07 23:20:35,527 - neural_ui_detector - INFO - Transformers 4.51.3 available
2025-06-07 23:20:35,553 - neural_ui_detector - INFO - ONNX Runtime 1.22.0 available
2025-06-07 23:20:35,553 - neural_ui_detector - INFO - OpenCV 4.11.0 available
2025-06-07 23:20:35,590 - neural_ui_detector - INFO - Selenium available for browser automation
2025-06-07 23:20:35,590 - neural_ui_detector - INFO - Neural UI Detector available components:
2025-06-07 23:20:35,590 - neural_ui_detector - INFO - - YOLO Object Detection: ✅
2025-06-07 23:20:35,590 - neural_ui_detector - INFO - - LayoutLM Document Understanding: ✅
2025-06-07 23:20:35,590 - neural_ui_detector - INFO - - ONNX Model Acceleration: ✅
2025-06-07 23:20:35,590 - neural_ui_detector - INFO - - Computer Vision Support: ✅
2025-06-07 23:20:35,590 - neural_ui_detector - INFO - - Browser Automation: ✅
2025-06-07 23:20:35,620 - neural_ui_detector - INFO - Loaded pre-trained YOLOv8n model
2025-06-07 23:20:38,346 - neural_ui_detector - INFO - LayoutLM imports available (old API)
2025-06-07 23:23:13,366 - neural_ui_detector - INFO - PyTorch 2.7.0 available
2025-06-07 23:23:13,478 - neural_ui_detector - INFO - Ultralytics 8.3.148 available
2025-06-07 23:23:13,694 - neural_ui_detector - INFO - Transformers 4.51.3 available
2025-06-07 23:23:13,753 - neural_ui_detector - INFO - ONNX Runtime 1.22.0 available
2025-06-07 23:23:13,753 - neural_ui_detector - INFO - OpenCV 4.11.0 available
2025-06-07 23:23:13,791 - neural_ui_detector - INFO - Selenium available for browser automation
2025-06-07 23:23:13,792 - neural_ui_detector - INFO - Neural UI Detector available components:
2025-06-07 23:23:13,792 - neural_ui_detector - INFO - - YOLO Object Detection: ✅
2025-06-07 23:23:13,792 - neural_ui_detector - INFO - - LayoutLM Document Understanding: ✅
2025-06-07 23:23:13,792 - neural_ui_detector - INFO - - ONNX Model Acceleration: ✅
2025-06-07 23:23:13,792 - neural_ui_detector - INFO - - Computer Vision Support: ✅
2025-06-07 23:23:13,792 - neural_ui_detector - INFO - - Browser Automation: ✅
2025-06-07 23:23:13,835 - neural_ui_detector - INFO - Loaded pre-trained YOLOv8n model
2025-06-07 23:23:18,040 - neural_ui_detector - INFO - LayoutLM imports available (old API)
2025-06-07 23:23:28,710 - neural_ui_detector - INFO - PyTorch 2.7.0 available
2025-06-07 23:23:28,787 - neural_ui_detector - INFO - Ultralytics 8.3.148 available
2025-06-07 23:23:28,970 - neural_ui_detector - INFO - Transformers 4.51.3 available
2025-06-07 23:23:28,995 - neural_ui_detector - INFO - ONNX Runtime 1.22.0 available
2025-06-07 23:23:28,995 - neural_ui_detector - INFO - OpenCV 4.11.0 available
2025-06-07 23:23:29,026 - neural_ui_detector - INFO - Selenium available for browser automation
2025-06-07 23:23:29,026 - neural_ui_detector - INFO - Neural UI Detector available components:
2025-06-07 23:23:29,026 - neural_ui_detector - INFO - - YOLO Object Detection: ✅
2025-06-07 23:23:29,026 - neural_ui_detector - INFO - - LayoutLM Document Understanding: ✅
2025-06-07 23:23:29,026 - neural_ui_detector - INFO - - ONNX Model Acceleration: ✅
2025-06-07 23:23:29,026 - neural_ui_detector - INFO - - Computer Vision Support: ✅
2025-06-07 23:23:29,026 - neural_ui_detector - INFO - - Browser Automation: ✅
2025-06-07 23:23:29,062 - neural_ui_detector - INFO - Loaded pre-trained YOLOv8n model
2025-06-07 23:23:31,566 - neural_ui_detector - INFO - LayoutLM imports available (old API)
2025-07-08 11:51:19,274 - neural_ui_detector - INFO - PyTorch 2.7.0 available
2025-07-08 11:51:19,707 - neural_ui_detector - INFO - Ultralytics 8.3.148 available
2025-07-08 11:51:20,197 - neural_ui_detector - INFO - Transformers 4.51.3 available
2025-07-08 11:51:21,628 - neural_ui_detector - INFO - ONNX Runtime 1.22.0 available
2025-07-08 11:51:22,444 - neural_ui_detector - INFO - OpenCV 4.11.0 available
2025-07-08 11:51:22,657 - neural_ui_detector - INFO - Selenium available for browser automation
2025-07-08 11:51:22,657 - neural_ui_detector - INFO - Neural UI Detector available components:
2025-07-08 11:51:22,657 - neural_ui_detector - INFO - - YOLO Object Detection: ✅
2025-07-08 11:51:22,657 - neural_ui_detector - INFO - - LayoutLM Document Understanding: ✅
2025-07-08 11:51:22,657 - neural_ui_detector - INFO - - ONNX Model Acceleration: ✅
2025-07-08 11:51:22,657 - neural_ui_detector - INFO - - Computer Vision Support: ✅
2025-07-08 11:51:22,657 - neural_ui_detector - INFO - - Browser Automation: ✅
2025-07-08 11:51:23,005 - neural_ui_detector - INFO - Loaded pre-trained YOLOv8n model
2025-07-08 11:52:26,413 - neural_ui_detector - INFO - LayoutLM imports available (old API)
2025-07-08 11:54:10,808 - neural_ui_detector - INFO - Started new Chrome instance in headless mode
2025-07-08 11:54:42,909 - neural_ui_detector - INFO - Using EasyOCR for text recognition
2025-07-08 11:54:43,332 - neural_ui_detector - INFO - Loaded 3 templates for matching
2025-07-08 11:54:43,332 - neural_ui_detector - INFO - UI Detector Ensemble initialized
2025-07-08 11:54:43,390 - neural_ui_detector - INFO - Loaded interaction memory with 6 entries
2025-07-08 11:54:44,503 - neural_ui_detector - INFO - Loaded pre-trained YOLOv8n model
2025-07-08 11:54:44,508 - neural_ui_detector - INFO - LayoutLM imports available (old API)
2025-07-08 11:56:07,427 - neural_ui_detector - INFO - Started new Chrome instance in headless mode
2025-07-08 11:56:43,729 - neural_ui_detector - INFO - Using EasyOCR for text recognition
2025-07-08 11:56:44,462 - neural_ui_detector - INFO - Loaded 3 templates for matching
2025-07-08 11:56:44,463 - neural_ui_detector - INFO - UI Detector Ensemble initialized
2025-07-08 11:56:44,470 - neural_ui_detector - INFO - Loaded interaction memory with 6 entries
2025-07-08 11:56:53,317 - neural_ui_detector - INFO - Took screenshot: cache/neural_ui_detector/screenshot_1751990204.png
2025-07-08 11:56:53,505 - neural_ui_detector - INFO - Running yolo detector with 10s timeout
2025-07-08 11:56:55,966 - neural_ui_detector - INFO - YOLO detected 0 UI elements
2025-07-08 11:56:55,972 - neural_ui_detector - INFO - Running accessibility detector with 3s timeout
2025-07-08 11:56:55,976 - neural_ui_detector - INFO - macOS accessibility detected 2 UI elements
2025-07-08 11:56:55,976 - neural_ui_detector - INFO - Running ocr detector with 8s timeout
2025-07-08 11:56:56,117 - neural_ui_detector - INFO - Resized image for OCR from 2940x1912 to 1200x780
2025-07-08 12:57:53,427 - neural_ui_detector - INFO - PyTorch 2.7.0 available
2025-07-08 12:57:53,526 - neural_ui_detector - INFO - Ultralytics 8.3.148 available
2025-07-08 12:57:53,720 - neural_ui_detector - INFO - Transformers 4.51.3 available
2025-07-08 12:57:53,786 - neural_ui_detector - INFO - ONNX Runtime 1.22.0 available
2025-07-08 12:57:53,786 - neural_ui_detector - INFO - OpenCV 4.11.0 available
2025-07-08 12:57:53,818 - neural_ui_detector - INFO - Selenium available for browser automation
2025-07-08 12:57:53,818 - neural_ui_detector - INFO - Neural UI Detector available components:
2025-07-08 12:57:53,818 - neural_ui_detector - INFO - - YOLO Object Detection: ✅
2025-07-08 12:57:53,818 - neural_ui_detector - INFO - - LayoutLM Document Understanding: ✅
2025-07-08 12:57:53,818 - neural_ui_detector - INFO - - ONNX Model Acceleration: ✅
2025-07-08 12:57:53,818 - neural_ui_detector - INFO - - Computer Vision Support: ✅
2025-07-08 12:57:53,818 - neural_ui_detector - INFO - - Browser Automation: ✅
2025-07-08 12:57:53,848 - neural_ui_detector - INFO - Loaded pre-trained YOLOv8n model
2025-07-08 12:57:56,058 - neural_ui_detector - INFO - LayoutLM imports available (old API)
2025-07-08 12:58:58,052 - neural_ui_detector - INFO - Started new Chrome instance in headless mode
2025-07-08 12:59:00,830 - neural_ui_detector - INFO - Using EasyOCR for text recognition
2025-07-08 12:59:00,852 - neural_ui_detector - INFO - Loaded 3 templates for matching
2025-07-08 12:59:00,852 - neural_ui_detector - INFO - UI Detector Ensemble initialized
2025-07-08 12:59:00,854 - neural_ui_detector - INFO - Loaded interaction memory with 6 entries
2025-07-08 12:59:02,269 - fixed_neural_ui_detector_server - INFO - Starting Neural UI Detector WebSocket Server on port 8768
2025-07-08 12:59:02,316 - websockets.server - INFO - server listening on [::1]:8768
2025-07-08 12:59:02,317 - websockets.server - INFO - server listening on 127.0.0.1:8768
2025-07-08 13:01:24,974 - neural_ui_detector - INFO - PyTorch 2.7.0 available
2025-07-08 13:01:25,044 - neural_ui_detector - INFO - Ultralytics 8.3.148 available
2025-07-08 13:01:25,187 - neural_ui_detector - INFO - Transformers 4.51.3 available
2025-07-08 13:01:25,236 - neural_ui_detector - INFO - ONNX Runtime 1.22.0 available
2025-07-08 13:01:25,236 - neural_ui_detector - INFO - OpenCV 4.11.0 available
2025-07-08 13:01:25,265 - neural_ui_detector - INFO - Selenium available for browser automation
2025-07-08 13:01:25,265 - neural_ui_detector - INFO - Neural UI Detector available components:
2025-07-08 13:01:25,265 - neural_ui_detector - INFO - - YOLO Object Detection: ✅
2025-07-08 13:01:25,265 - neural_ui_detector - INFO - - LayoutLM Document Understanding: ✅
2025-07-08 13:01:25,265 - neural_ui_detector - INFO - - ONNX Model Acceleration: ✅
2025-07-08 13:01:25,265 - neural_ui_detector - INFO - - Computer Vision Support: ✅
2025-07-08 13:01:25,265 - neural_ui_detector - INFO - - Browser Automation: ✅
2025-07-08 13:01:25,294 - neural_ui_detector - INFO - Loaded pre-trained YOLOv8n model
2025-07-08 13:01:27,537 - neural_ui_detector - INFO - LayoutLM imports available (old API)
2025-07-08 13:02:29,509 - neural_ui_detector - INFO - Started new Chrome instance in headless mode
2025-07-08 13:02:32,275 - neural_ui_detector - INFO - Using EasyOCR for text recognition
2025-07-08 13:02:32,282 - neural_ui_detector - INFO - Loaded 3 templates for matching
2025-07-08 13:02:32,282 - neural_ui_detector - INFO - UI Detector Ensemble initialized
2025-07-08 13:02:32,283 - neural_ui_detector - INFO - Loaded interaction memory with 6 entries
2025-07-08 13:02:33,412 - fixed_neural_ui_detector_server - INFO - Starting Neural UI Detector WebSocket Server on port 8768
2025-07-08 13:02:33,459 - websockets.server - INFO - server listening on [::1]:8768
2025-07-08 13:02:33,460 - websockets.server - INFO - server listening on 127.0.0.1:8768
2025-07-08 13:29:39,131 - websockets.server - INFO - server closing
2025-07-08 13:29:39,149 - websockets.server - INFO - server closed
2025-07-08 13:29:39,160 - fixed_neural_ui_detector_server - INFO - Server closed
2025-07-08 13:30:16,767 - neural_ui_detector - INFO - PyTorch 2.7.0 available
2025-07-08 13:30:16,838 - neural_ui_detector - INFO - Ultralytics 8.3.148 available
2025-07-08 13:30:16,978 - neural_ui_detector - INFO - Transformers 4.51.3 available
2025-07-08 13:30:17,020 - neural_ui_detector - INFO - ONNX Runtime 1.22.0 available
2025-07-08 13:30:17,020 - neural_ui_detector - INFO - OpenCV 4.11.0 available
2025-07-08 13:30:17,054 - neural_ui_detector - INFO - Selenium available for browser automation
2025-07-08 13:30:17,054 - neural_ui_detector - INFO - Neural UI Detector available components:
2025-07-08 13:30:17,054 - neural_ui_detector - INFO - - YOLO Object Detection: ✅
2025-07-08 13:30:17,054 - neural_ui_detector - INFO - - LayoutLM Document Understanding: ✅
2025-07-08 13:30:17,054 - neural_ui_detector - INFO - - ONNX Model Acceleration: ✅
2025-07-08 13:30:17,054 - neural_ui_detector - INFO - - Computer Vision Support: ✅
2025-07-08 13:30:17,054 - neural_ui_detector - INFO - - Browser Automation: ✅
2025-07-08 13:30:17,086 - neural_ui_detector - INFO - Loaded pre-trained YOLOv8n model
2025-07-08 13:30:19,125 - neural_ui_detector - INFO - LayoutLM imports available (old API)
2025-07-08 13:31:21,110 - neural_ui_detector - INFO - Started new Chrome instance in headless mode
2025-07-08 13:31:24,161 - neural_ui_detector - INFO - Using EasyOCR for text recognition
2025-07-08 13:31:24,259 - neural_ui_detector - INFO - Loaded 3 templates for matching
2025-07-08 13:31:24,259 - neural_ui_detector - INFO - UI Detector Ensemble initialized
2025-07-08 13:31:24,264 - neural_ui_detector - INFO - Loaded interaction memory with 6 entries
2025-07-08 13:31:25,532 - fixed_neural_ui_detector_server - INFO - Starting Neural UI Detector WebSocket Server on port 8768
2025-07-08 13:31:25,621 - websockets.server - INFO - server listening on 127.0.0.1:8768
2025-07-08 13:31:25,622 - websockets.server - INFO - server listening on [::1]:8768
2025-07-08 13:33:24,315 - websockets.server - INFO - server closing
2025-07-08 13:33:24,501 - websockets.server - INFO - server closed
2025-07-08 13:33:24,504 - fixed_neural_ui_detector_server - INFO - Server closed
2025-07-08 13:33:48,252 - neural_ui_detector - INFO - PyTorch 2.7.0 available
2025-07-08 13:33:48,331 - neural_ui_detector - INFO - Ultralytics 8.3.148 available
2025-07-08 13:33:48,465 - neural_ui_detector - INFO - Transformers 4.51.3 available
2025-07-08 13:33:48,515 - neural_ui_detector - INFO - ONNX Runtime 1.22.0 available
2025-07-08 13:33:48,515 - neural_ui_detector - INFO - OpenCV 4.11.0 available
2025-07-08 13:33:48,548 - neural_ui_detector - INFO - Selenium available for browser automation
2025-07-08 13:33:48,548 - neural_ui_detector - INFO - Neural UI Detector available components:
2025-07-08 13:33:48,548 - neural_ui_detector - INFO - - YOLO Object Detection: ✅
2025-07-08 13:33:48,548 - neural_ui_detector - INFO - - LayoutLM Document Understanding: ✅
2025-07-08 13:33:48,548 - neural_ui_detector - INFO - - ONNX Model Acceleration: ✅
2025-07-08 13:33:48,548 - neural_ui_detector - INFO - - Computer Vision Support: ✅
2025-07-08 13:33:48,548 - neural_ui_detector - INFO - - Browser Automation: ✅
2025-07-08 13:33:48,583 - neural_ui_detector - INFO - Loaded pre-trained YOLOv8n model
2025-07-08 13:33:50,876 - neural_ui_detector - INFO - LayoutLM imports available (old API)
2025-07-08 13:34:02,802 - neural_ui_detector - INFO - PyTorch 2.7.0 available
2025-07-08 13:34:02,903 - neural_ui_detector - INFO - Ultralytics 8.3.148 available
2025-07-08 13:34:03,298 - neural_ui_detector - INFO - Transformers 4.51.3 available
2025-07-08 13:34:03,337 - neural_ui_detector - INFO - ONNX Runtime 1.22.0 available
2025-07-08 13:34:03,337 - neural_ui_detector - INFO - OpenCV 4.11.0 available
2025-07-08 13:34:03,366 - neural_ui_detector - INFO - Selenium available for browser automation
2025-07-08 13:34:03,366 - neural_ui_detector - INFO - Neural UI Detector available components:
2025-07-08 13:34:03,366 - neural_ui_detector - INFO - - YOLO Object Detection: ✅
2025-07-08 13:34:03,366 - neural_ui_detector - INFO - - LayoutLM Document Understanding: ✅
2025-07-08 13:34:03,366 - neural_ui_detector - INFO - - ONNX Model Acceleration: ✅
2025-07-08 13:34:03,366 - neural_ui_detector - INFO - - Computer Vision Support: ✅
2025-07-08 13:34:03,366 - neural_ui_detector - INFO - - Browser Automation: ✅
2025-07-08 13:34:03,393 - neural_ui_detector - INFO - Loaded pre-trained YOLOv8n model
2025-07-08 13:34:05,903 - neural_ui_detector - INFO - LayoutLM imports available (old API)
2025-07-08 13:34:53,296 - neural_ui_detector - INFO - Started new Chrome instance in headless mode
2025-07-08 13:34:56,815 - neural_ui_detector - INFO - Using EasyOCR for text recognition
2025-07-08 13:34:56,851 - neural_ui_detector - INFO - Loaded 3 templates for matching
2025-07-08 13:34:56,851 - neural_ui_detector - INFO - UI Detector Ensemble initialized
2025-07-08 13:34:56,853 - neural_ui_detector - INFO - Loaded interaction memory with 6 entries
2025-07-08 13:34:58,270 - fixed_neural_ui_detector_server - INFO - Starting Neural UI Detector WebSocket Server on port 8768
2025-07-08 13:34:58,345 - websockets.server - INFO - server listening on 127.0.0.1:8768
2025-07-08 13:34:58,346 - websockets.server - INFO - server listening on [::1]:8768
2025-07-08 13:35:09,026 - neural_ui_detector - INFO - Started new Chrome instance in headless mode
2025-07-08 13:35:12,121 - neural_ui_detector - INFO - Using EasyOCR for text recognition
2025-07-08 13:35:12,148 - neural_ui_detector - INFO - Loaded 3 templates for matching
2025-07-08 13:35:12,148 - neural_ui_detector - INFO - UI Detector Ensemble initialized
2025-07-08 13:35:12,150 - neural_ui_detector - INFO - Loaded interaction memory with 6 entries
2025-07-08 13:35:12,391 - fixed_neural_ui_detector_server - INFO - Killing existing process on port 8768: PID 57480
2025-07-08 13:35:13,394 - fixed_neural_ui_detector_server - INFO - Starting Neural UI Detector WebSocket Server on port 8768
2025-07-08 13:35:13,486 - websockets.server - INFO - server listening on 127.0.0.1:8768
2025-07-08 13:35:13,487 - websockets.server - INFO - server listening on [::1]:8768
2025-07-08 13:36:07,572 - websockets.server - INFO - server closing
2025-07-08 13:36:07,576 - websockets.server - INFO - server closed
2025-07-08 13:36:07,576 - fixed_neural_ui_detector_server - INFO - Server closed
