2025-05-21 23:17:23,440 - direct_sensor_memory - INFO - Starting direct sensor to memory integration
2025-05-21 23:17:23,440 - direct_sensor_memory - INFO - Initial modified times: process=1747894641.9345968, screen=1747894621.2095995, file=1747709753.627815
2025-05-21 23:17:23,441 - direct_sensor_memory - INFO - Processing process data: {"timestamp": "2025-05-21T23:17:21.933533", "active_app": "Unknown", "active_window": "Unknown Window", "active_processes": [{"name": "Cursor Helper (Renderer)", "pid": 76214, "type": "other", "memory...
2025-05-21 23:17:23,441 - direct_sensor_memory - INFO - Extracted process context: {"active_window": "Unknown Window", "active_app": "Unknown", "active_apps": ["Cursor Helper (Renderer)", "Cursor", "Cursor Helper (Plugin): extension-host [2-2]", "Google Chrome", "Cursor Helper (Plugin): extension-host [1-1]", "tesseract", "Safari", "Google Chrome Helper (Renderer)", "node", "Cursor Helper (GPU)"], "window_history": ["Unknown Window"]}
2025-05-21 23:17:23,442 - direct_sensor_memory - INFO - ✅ Updated context file with keys: ['active_window', 'active_app', 'active_apps', 'window_history']
2025-05-21 23:17:23,442 - direct_sensor_memory - INFO - ✅ Successfully processed process data and updated memory/context
2025-05-21 23:17:23,442 - direct_sensor_memory - INFO - Processing screen data: {"timestamp": 1747894621, "screen_text": "", "has_images": false, "has_videos": false}...
2025-05-21 23:17:23,442 - direct_sensor_memory - INFO - Extracted screen context: active_window=None, screen_text_length=0
2025-05-21 23:17:23,442 - direct_sensor_memory - INFO - ✅ Updated context file with keys: ['screen_text']
2025-05-21 23:17:23,442 - direct_sensor_memory - INFO - ✅ Successfully processed screen data and updated memory/context
2025-05-21 23:17:23,443 - direct_sensor_memory - INFO - Processing file data: {"timestamp": "2025-05-19T19:55:53.627757", "data": {}}...
2025-05-21 23:17:23,443 - direct_sensor_memory - INFO - ✅ Successfully processed file data and updated memory/context
2025-05-21 23:17:27,446 - direct_sensor_memory - INFO - Detected process sensor update (last: 1747894641.9345968, new: 1747894647.1479692)
2025-05-21 23:17:27,446 - direct_sensor_memory - INFO - Processing process data: {"timestamp": "2025-05-21T23:17:27.147107", "active_app": "Unknown", "active_window": "Unknown Window", "active_processes": [{"name": "Cursor Helper (Renderer)", "pid": 76214, "type": "other", "memory...
2025-05-21 23:17:27,446 - direct_sensor_memory - INFO - Extracted process context: {"active_window": "Unknown Window", "active_app": "Unknown", "active_apps": ["Cursor Helper (Renderer)", "Cursor", "Cursor Helper (Plugin): extension-host [2-2]", "node", "Google Chrome", "Cursor Helper (Plugin): extension-host [1-1]", "Safari", "tesseract", "Google Chrome Helper (Renderer)", "Cursor Helper (GPU)"]}
2025-05-21 23:17:27,448 - direct_sensor_memory - INFO - ✅ Updated context file with keys: ['active_window', 'active_app', 'active_apps']
2025-05-21 23:17:27,448 - direct_sensor_memory - INFO - ✅ Successfully processed process data and updated memory/context
2025-05-21 23:17:33,451 - direct_sensor_memory - INFO - Detected process sensor update (last: 1747894647.1479692, new: 1747894652.346913)
2025-05-21 23:17:33,451 - direct_sensor_memory - INFO - Processing process data: {"timestamp": "2025-05-21T23:17:32.346272", "active_app": "Unknown", "active_window": "Unknown Window", "active_processes": [{"name": "Cursor Helper (Renderer)", "pid": 76214, "type": "other", "memory...
2025-05-21 23:17:33,451 - direct_sensor_memory - INFO - Extracted process context: {"active_window": "Unknown Window", "active_app": "Unknown", "active_apps": ["Cursor Helper (Renderer)", "Cursor", "Cursor Helper (Plugin): extension-host [2-2]", "node", "Google Chrome", "tesseract", "Cursor Helper (Plugin): extension-host [1-1]", "Safari", "Google Chrome Helper (Renderer)", "Cursor Helper (GPU)"]}
2025-05-21 23:17:33,454 - direct_sensor_memory - INFO - ✅ Updated context file with keys: ['active_window', 'active_app', 'active_apps']
2025-05-21 23:17:33,454 - direct_sensor_memory - INFO - ✅ Successfully processed process data and updated memory/context
2025-05-21 23:17:39,457 - direct_sensor_memory - INFO - Detected process sensor update (last: 1747894652.346913, new: 1747894657.5522254)
2025-05-21 23:17:39,457 - direct_sensor_memory - INFO - Processing process data: {"timestamp": "2025-05-21T23:17:37.551598", "active_app": "Unknown", "active_window": "Unknown Window", "active_processes": [{"name": "Cursor Helper (Renderer)", "pid": 76214, "type": "other", "memory...
2025-05-21 23:17:39,458 - direct_sensor_memory - INFO - Extracted process context: {"active_window": "Unknown Window", "active_app": "Unknown", "active_apps": ["Cursor Helper (Renderer)", "Cursor", "Cursor Helper (Plugin): extension-host [2-2]", "node", "Google Chrome", "Cursor Helper (Plugin): extension-host [1-1]", "tesseract", "Safari", "Google Chrome Helper (Renderer)", "Cursor Helper (GPU)"]}
2025-05-21 23:17:39,460 - direct_sensor_memory - INFO - ✅ Updated context file with keys: ['active_window', 'active_app', 'active_apps']
2025-05-21 23:17:39,460 - direct_sensor_memory - INFO - ✅ Successfully processed process data and updated memory/context
2025-05-21 23:17:43,462 - direct_sensor_memory - INFO - Detected process sensor update (last: 1747894657.5522254, new: 1747894662.7521164)
2025-05-21 23:17:43,463 - direct_sensor_memory - INFO - Processing process data: {"timestamp": "2025-05-21T23:17:42.751463", "active_app": "Unknown", "active_window": "Unknown Window", "active_processes": [{"name": "Cursor Helper (Renderer)", "pid": 76214, "type": "other", "memory...
2025-05-21 23:17:43,463 - direct_sensor_memory - INFO - Extracted process context: {"active_window": "Unknown Window", "active_app": "Unknown", "active_apps": ["Cursor Helper (Renderer)", "Cursor", "Cursor Helper (Plugin): extension-host [2-2]", "node", "Google Chrome", "tesseract", "Cursor Helper (Plugin): extension-host [1-1]", "Safari", "Google Chrome Helper (Renderer)", "Cursor Helper (GPU)"]}
2025-05-21 23:17:43,465 - direct_sensor_memory - INFO - ✅ Updated context file with keys: ['active_window', 'active_app', 'active_apps']
2025-05-21 23:17:43,465 - direct_sensor_memory - INFO - ✅ Successfully processed process data and updated memory/context
2025-05-21 23:17:49,468 - direct_sensor_memory - INFO - Detected process sensor update (last: 1747894662.7521164, new: 1747894667.9571004)
2025-05-21 23:17:49,469 - direct_sensor_memory - INFO - Processing process data: {"timestamp": "2025-05-21T23:17:47.955658", "active_app": "Unknown", "active_window": "Unknown Window", "active_processes": [{"name": "Cursor Helper (Renderer)", "pid": 76214, "type": "other", "memory...
2025-05-21 23:17:49,469 - direct_sensor_memory - INFO - Extracted process context: {"active_window": "Unknown Window", "active_app": "Unknown", "active_apps": ["Cursor Helper (Renderer)", "Cursor", "Cursor Helper (Plugin): extension-host [2-2]", "Google Chrome", "node", "Cursor Helper (Plugin): extension-host [1-1]", "Safari", "Google Chrome Helper (Renderer)", "Cursor Helper (GPU)", "Google Chrome Helper"]}
2025-05-21 23:17:49,472 - direct_sensor_memory - INFO - ✅ Updated context file with keys: ['active_window', 'active_app', 'active_apps']
2025-05-21 23:17:49,472 - direct_sensor_memory - INFO - ✅ Successfully processed process data and updated memory/context
2025-05-21 23:17:53,474 - direct_sensor_memory - INFO - Detected process sensor update (last: 1747894667.9571004, new: 1747894673.1584492)
2025-05-21 23:17:53,475 - direct_sensor_memory - INFO - Processing process data: {"timestamp": "2025-05-21T23:17:53.157825", "active_app": "Unknown", "active_window": "Unknown Window", "active_processes": [{"name": "Cursor Helper (Renderer)", "pid": 76214, "type": "other", "memory...
2025-05-21 23:17:53,476 - direct_sensor_memory - INFO - Extracted process context: {"active_window": "Unknown Window", "active_app": "Unknown", "active_apps": ["Cursor Helper (Renderer)", "Cursor", "Cursor Helper (Plugin): extension-host [2-2]", "Google Chrome", "node", "Cursor Helper (Plugin): extension-host [1-1]", "Safari", "tesseract", "Google Chrome Helper (Renderer)", "Cursor Helper (GPU)"]}
2025-05-21 23:17:53,478 - direct_sensor_memory - INFO - ✅ Updated context file with keys: ['active_window', 'active_app', 'active_apps']
2025-05-21 23:17:53,478 - direct_sensor_memory - INFO - ✅ Successfully processed process data and updated memory/context
2025-05-21 23:17:59,481 - direct_sensor_memory - INFO - Detected process sensor update (last: 1747894673.1584492, new: 1747894678.3722553)
2025-05-21 23:17:59,482 - direct_sensor_memory - INFO - Processing process data: {"timestamp": "2025-05-21T23:17:58.371612", "active_app": "Unknown", "active_window": "Unknown Window", "active_processes": [{"name": "Cursor Helper (Renderer)", "pid": 76214, "type": "other", "memory...
2025-05-21 23:17:59,482 - direct_sensor_memory - INFO - Extracted process context: {"active_window": "Unknown Window", "active_app": "Unknown", "active_apps": ["Cursor Helper (Renderer)", "Cursor", "Cursor Helper (Plugin): extension-host [2-2]", "Google Chrome", "node", "Cursor Helper (Plugin): extension-host [1-1]", "Safari", "tesseract", "Google Chrome Helper (Renderer)", "Cursor Helper (GPU)"]}
2025-05-21 23:17:59,485 - direct_sensor_memory - INFO - ✅ Updated context file with keys: ['active_window', 'active_app', 'active_apps']
2025-05-21 23:17:59,485 - direct_sensor_memory - INFO - ✅ Successfully processed process data and updated memory/context
2025-05-21 23:18:05,487 - direct_sensor_memory - INFO - Detected process sensor update (last: 1747894678.3722553, new: 1747894683.5946102)
2025-05-21 23:18:05,488 - direct_sensor_memory - INFO - Processing process data: {"timestamp": "2025-05-21T23:18:03.594004", "active_app": "Unknown", "active_window": "Unknown Window", "active_processes": [{"name": "Cursor Helper (Renderer)", "pid": 76214, "type": "other", "memory...
2025-05-21 23:18:05,488 - direct_sensor_memory - INFO - Extracted process context: {"active_window": "Unknown Window", "active_app": "Unknown", "active_apps": ["Cursor Helper (Renderer)", "Cursor", "Cursor Helper (Plugin): extension-host [2-2]", "Google Chrome", "node", "Cursor Helper (Plugin): extension-host [1-1]", "Safari", "tesseract", "Google Chrome Helper (Renderer)", "Cursor Helper (GPU)"]}
2025-05-21 23:18:05,490 - direct_sensor_memory - INFO - ✅ Updated context file with keys: ['active_window', 'active_app', 'active_apps']
2025-05-21 23:18:05,490 - direct_sensor_memory - INFO - ✅ Successfully processed process data and updated memory/context
2025-05-21 23:18:09,506 - direct_sensor_memory - INFO - Detected process sensor update (last: 1747894683.5946102, new: 1747894688.8199644)
2025-05-21 23:18:09,507 - direct_sensor_memory - INFO - Processing process data: {"timestamp": "2025-05-21T23:18:08.818786", "active_app": "Unknown", "active_window": "Unknown Window", "active_processes": [{"name": "Cursor", "pid": 76164, "type": "other", "memory_mb": 140.4, "cpu_...
2025-05-21 23:18:09,507 - direct_sensor_memory - INFO - Extracted process context: {"active_window": "Unknown Window", "active_app": "Unknown", "active_apps": ["Cursor", "Cursor Helper (Plugin): extension-host [2-2]", "Google Chrome", "node", "Cursor Helper (Renderer)", "Safari", "Google Chrome Helper (Renderer)", "Cursor Helper (GPU)", "Cursor Helper (Plugin): extension-host [1-1]", "Google Chrome Helper"]}
2025-05-21 23:18:09,511 - direct_sensor_memory - INFO - ✅ Updated context file with keys: ['active_window', 'active_app', 'active_apps']
2025-05-21 23:18:09,511 - direct_sensor_memory - INFO - ✅ Successfully processed process data and updated memory/context
2025-05-21 23:18:15,514 - direct_sensor_memory - INFO - Detected process sensor update (last: 1747894688.8199644, new: 1747894694.0279205)
2025-05-21 23:18:15,515 - direct_sensor_memory - INFO - Processing process data: {"timestamp": "2025-05-21T23:18:14.026280", "active_app": "Unknown", "active_window": "Unknown Window", "active_processes": [{"name": "Cursor", "pid": 76164, "type": "other", "memory_mb": 121.7, "cpu_...
2025-05-21 23:18:15,515 - direct_sensor_memory - INFO - Extracted process context: {"active_window": "Unknown Window", "active_app": "Unknown", "active_apps": ["Cursor", "Cursor Helper (Plugin): extension-host [2-2]", "Google Chrome", "Cursor Helper (Renderer)", "tesseract", "Safari", "Google Chrome Helper (Renderer)", "Cursor Helper (GPU)", "Google Chrome Helper (GPU)", "Google Chrome Helper"]}
2025-05-21 23:18:15,521 - direct_sensor_memory - INFO - ✅ Updated context file with keys: ['active_window', 'active_app', 'active_apps']
2025-05-21 23:18:15,521 - direct_sensor_memory - INFO - ✅ Successfully processed process data and updated memory/context
2025-05-21 23:18:19,523 - direct_sensor_memory - INFO - Detected process sensor update (last: 1747894694.0279205, new: 1747894699.2512965)
2025-05-21 23:18:19,524 - direct_sensor_memory - INFO - Processing process data: {"timestamp": "2025-05-21T23:18:19.250582", "active_app": "Unknown", "active_window": "Unknown Window", "active_processes": [{"name": "Cursor Helper (Renderer)", "pid": 76214, "type": "other", "memory...
2025-05-21 23:18:19,524 - direct_sensor_memory - INFO - Extracted process context: {"active_window": "Unknown Window", "active_app": "Unknown", "active_apps": ["Cursor Helper (Renderer)", "Cursor Helper (Plugin): extension-host [2-2]", "Cursor", "Google Chrome", "Safari", "Cursor Helper (Plugin): extension-host [1-1]", "Google Chrome Helper (Renderer)", "Cursor Helper (GPU)", "Google Chrome Helper (GPU)", "ScreenTimeWidgetExtension"]}
2025-05-21 23:18:19,527 - direct_sensor_memory - INFO - ✅ Updated context file with keys: ['active_window', 'active_app', 'active_apps']
2025-05-21 23:18:19,527 - direct_sensor_memory - INFO - ✅ Successfully processed process data and updated memory/context
2025-05-21 23:18:25,531 - direct_sensor_memory - INFO - Detected process sensor update (last: 1747894699.2512965, new: 1747894704.466708)
2025-05-21 23:18:25,534 - direct_sensor_memory - INFO - Processing process data: {"timestamp": "2025-05-21T23:18:24.466039", "active_app": "Unknown", "active_window": "Unknown Window", "active_processes": [{"name": "Cursor Helper (Renderer)", "pid": 76214, "type": "other", "memory...
2025-05-21 23:18:25,534 - direct_sensor_memory - INFO - Extracted process context: {"active_window": "Unknown Window", "active_app": "Unknown", "active_apps": ["Cursor Helper (Renderer)", "Cursor", "Cursor Helper (Plugin): extension-host [2-2]", "Google Chrome", "Cursor Helper (Plugin): extension-host [1-1]", "Safari", "Google Chrome Helper (Renderer)", "Cursor Helper (GPU)", "Google Chrome Helper (GPU)", "ScreenTimeWidgetExtension"]}
2025-05-21 23:18:25,541 - direct_sensor_memory - INFO - ✅ Updated context file with keys: ['active_window', 'active_app', 'active_apps']
2025-05-21 23:18:25,541 - direct_sensor_memory - INFO - ✅ Successfully processed process data and updated memory/context
2025-05-21 23:18:31,546 - direct_sensor_memory - INFO - Detected process sensor update (last: 1747894704.466708, new: 1747894709.6839404)
2025-05-21 23:18:31,548 - direct_sensor_memory - INFO - Processing process data: {"timestamp": "2025-05-21T23:18:29.682226", "active_app": "Unknown", "active_window": "Unknown Window", "active_processes": [{"name": "Cursor Helper (Renderer)", "pid": 76214, "type": "other", "memory...
2025-05-21 23:18:31,548 - direct_sensor_memory - INFO - Extracted process context: {"active_window": "Unknown Window", "active_app": "Unknown", "active_apps": ["Cursor Helper (Renderer)", "Cursor Helper (Plugin): extension-host [2-2]", "Cursor", "Google Chrome", "Cursor Helper (Plugin): extension-host [1-1]", "Safari", "Google Chrome Helper (Renderer)", "Cursor Helper (GPU)", "Google Chrome Helper (GPU)", "ScreenTimeWidgetExtension"]}
2025-05-21 23:18:31,558 - direct_sensor_memory - INFO - ✅ Updated context file with keys: ['active_window', 'active_app', 'active_apps']
2025-05-21 23:18:31,558 - direct_sensor_memory - INFO - ✅ Successfully processed process data and updated memory/context
2025-05-21 23:18:35,560 - direct_sensor_memory - INFO - Detected process sensor update (last: 1747894709.6839404, new: 1747894714.8838894)
2025-05-21 23:18:35,562 - direct_sensor_memory - INFO - Processing process data: {"timestamp": "2025-05-21T23:18:34.883235", "active_app": "Unknown", "active_window": "Unknown Window", "active_processes": [{"name": "Cursor Helper (Renderer)", "pid": 76214, "type": "other", "memory...
2025-05-21 23:18:35,562 - direct_sensor_memory - INFO - Extracted process context: {"active_window": "Unknown Window", "active_app": "Unknown", "active_apps": ["Cursor Helper (Renderer)", "Cursor Helper (Plugin): extension-host [2-2]", "Cursor", "Google Chrome", "Cursor Helper (Plugin): extension-host [1-1]", "Safari", "Cursor Helper (GPU)", "Google Chrome Helper (Renderer)", "Google Chrome Helper (GPU)", "ScreenTimeWidgetExtension"]}
2025-05-21 23:18:35,567 - direct_sensor_memory - INFO - ✅ Updated context file with keys: ['active_window', 'active_app', 'active_apps']
2025-05-21 23:18:35,567 - direct_sensor_memory - INFO - ✅ Successfully processed process data and updated memory/context
2025-05-21 23:18:41,572 - direct_sensor_memory - INFO - Detected process sensor update (last: 1747894714.8838894, new: 1747894720.0817535)
2025-05-21 23:18:41,575 - direct_sensor_memory - INFO - Processing process data: {"timestamp": "2025-05-21T23:18:40.081081", "active_app": "Unknown", "active_window": "Unknown Window", "active_processes": [{"name": "Cursor Helper (Renderer)", "pid": 76214, "type": "other", "memory...
2025-05-21 23:18:41,575 - direct_sensor_memory - INFO - Extracted process context: {"active_window": "Unknown Window", "active_app": "Unknown", "active_apps": ["Cursor Helper (Renderer)", "Cursor Helper (Plugin): extension-host [2-2]", "Cursor", "Google Chrome", "Cursor Helper (Plugin): extension-host [1-1]", "Safari", "Cursor Helper (GPU)", "Google Chrome Helper (Renderer)", "Google Chrome Helper (GPU)", "ScreenTimeWidgetExtension"]}
2025-05-21 23:18:41,583 - direct_sensor_memory - INFO - ✅ Updated context file with keys: ['active_window', 'active_app', 'active_apps']
2025-05-21 23:18:41,583 - direct_sensor_memory - INFO - ✅ Successfully processed process data and updated memory/context
2025-05-21 23:18:45,586 - direct_sensor_memory - INFO - Detected process sensor update (last: 1747894720.0817535, new: 1747894725.2929087)
2025-05-21 23:18:45,587 - direct_sensor_memory - INFO - Processing process data: {"timestamp": "2025-05-21T23:18:45.292217", "active_app": "Unknown", "active_window": "Unknown Window", "active_processes": [{"name": "Cursor Helper (Renderer)", "pid": 76214, "type": "other", "memory...
2025-05-21 23:18:45,587 - direct_sensor_memory - INFO - Extracted process context: {"active_window": "Unknown Window", "active_app": "Unknown", "active_apps": ["Cursor Helper (Renderer)", "Cursor Helper (Plugin): extension-host [2-2]", "Cursor", "Google Chrome", "Cursor Helper (Plugin): extension-host [1-1]", "Safari", "Google Chrome Helper (Renderer)", "Cursor Helper (GPU)", "Google Chrome Helper (GPU)", "ScreenTimeWidgetExtension"]}
2025-05-21 23:18:45,592 - direct_sensor_memory - INFO - ✅ Updated context file with keys: ['active_window', 'active_app', 'active_apps']
2025-05-21 23:18:45,592 - direct_sensor_memory - INFO - ✅ Successfully processed process data and updated memory/context
2025-05-21 23:18:51,596 - direct_sensor_memory - INFO - Detected process sensor update (last: 1747894725.2929087, new: 1747894730.5065641)
2025-05-21 23:18:51,599 - direct_sensor_memory - INFO - Processing process data: {"timestamp": "2025-05-21T23:18:50.505886", "active_app": "Unknown", "active_window": "Unknown Window", "active_processes": [{"name": "Cursor Helper (Renderer)", "pid": 76214, "type": "other", "memory...
2025-05-21 23:18:51,600 - direct_sensor_memory - INFO - Extracted process context: {"active_window": "Unknown Window", "active_app": "Unknown", "active_apps": ["Cursor Helper (Renderer)", "Cursor", "Cursor Helper (Plugin): extension-host [2-2]", "Google Chrome", "Cursor Helper (Plugin): extension-host [1-1]", "Safari", "Google Chrome Helper (Renderer)", "Cursor Helper (GPU)", "Google Chrome Helper (GPU)", "ScreenTimeWidgetExtension"]}
2025-05-21 23:18:51,609 - direct_sensor_memory - INFO - ✅ Updated context file with keys: ['active_window', 'active_app', 'active_apps']
2025-05-21 23:18:51,609 - direct_sensor_memory - INFO - ✅ Successfully processed process data and updated memory/context
2025-05-21 23:18:57,612 - direct_sensor_memory - INFO - Detected process sensor update (last: 1747894730.5065641, new: 1747894735.724134)
2025-05-21 23:18:57,615 - direct_sensor_memory - INFO - Processing process data: {"timestamp": "2025-05-21T23:18:55.723478", "active_app": "Unknown", "active_window": "Unknown Window", "active_processes": [{"name": "Cursor Helper (Renderer)", "pid": 76214, "type": "other", "memory...
2025-05-21 23:18:57,615 - direct_sensor_memory - INFO - Extracted process context: {"active_window": "Unknown Window", "active_app": "Unknown", "active_apps": ["Cursor Helper (Renderer)", "Cursor Helper (Plugin): extension-host [2-2]", "Cursor", "Google Chrome", "Cursor Helper (Plugin): extension-host [1-1]", "Safari", "Google Chrome Helper (Renderer)", "Cursor Helper (GPU)", "Google Chrome Helper (GPU)", "Google Chrome Helper"]}
2025-05-21 23:18:57,626 - direct_sensor_memory - INFO - ✅ Updated context file with keys: ['active_window', 'active_app', 'active_apps']
2025-05-21 23:18:57,626 - direct_sensor_memory - INFO - ✅ Successfully processed process data and updated memory/context
2025-05-21 23:19:01,628 - direct_sensor_memory - INFO - Detected process sensor update (last: 1747894735.724134, new: 1747894740.9417725)
2025-05-21 23:19:01,632 - direct_sensor_memory - INFO - Processing process data: {"timestamp": "2025-05-21T23:19:00.941096", "active_app": "Unknown", "active_window": "Unknown Window", "active_processes": [{"name": "Cursor Helper (Renderer)", "pid": 76214, "type": "other", "memory...
2025-05-21 23:19:01,632 - direct_sensor_memory - INFO - Extracted process context: {"active_window": "Unknown Window", "active_app": "Unknown", "active_apps": ["Cursor Helper (Renderer)", "Cursor", "Cursor Helper (Plugin): extension-host [2-2]", "Google Chrome", "Cursor Helper (Plugin): extension-host [1-1]", "Safari", "Google Chrome Helper (Renderer)", "Cursor Helper (GPU)", "Google Chrome Helper (GPU)", "Google Chrome Helper"]}
2025-05-21 23:19:01,642 - direct_sensor_memory - INFO - ✅ Updated context file with keys: ['active_window', 'active_app', 'active_apps']
2025-05-21 23:19:01,642 - direct_sensor_memory - INFO - ✅ Successfully processed process data and updated memory/context
2025-05-21 23:19:07,646 - direct_sensor_memory - INFO - Detected process sensor update (last: 1747894740.9417725, new: 1747894746.1559942)
2025-05-21 23:19:07,648 - direct_sensor_memory - INFO - Processing process data: {"timestamp": "2025-05-21T23:19:06.154399", "active_app": "Unknown", "active_window": "Unknown Window", "active_processes": [{"name": "Cursor Helper (Renderer)", "pid": 76214, "type": "other", "memory...
2025-05-21 23:19:07,648 - direct_sensor_memory - INFO - Extracted process context: {"active_window": "Unknown Window", "active_app": "Unknown", "active_apps": ["Cursor Helper (Renderer)", "Cursor Helper (Plugin): extension-host [2-2]", "Cursor", "Google Chrome", "Cursor Helper (Plugin): extension-host [1-1]", "Safari", "Google Chrome Helper (Renderer)", "Cursor Helper (GPU)", "Google Chrome Helper (GPU)", "Google Chrome Helper"]}
2025-05-21 23:19:07,653 - direct_sensor_memory - INFO - ✅ Updated context file with keys: ['active_window', 'active_app', 'active_apps']
2025-05-21 23:19:07,653 - direct_sensor_memory - INFO - ✅ Successfully processed process data and updated memory/context
2025-05-21 23:19:11,655 - direct_sensor_memory - INFO - Detected process sensor update (last: 1747894746.1559942, new: 1747894751.3949385)
2025-05-21 23:19:11,656 - direct_sensor_memory - INFO - Processing process data: {"timestamp": "2025-05-21T23:19:11.393614", "active_app": "Unknown", "active_window": "Unknown Window", "active_processes": [{"name": "Cursor Helper (Renderer)", "pid": 76214, "type": "other", "memory...
2025-05-21 23:19:11,656 - direct_sensor_memory - INFO - Extracted process context: {"active_window": "Unknown Window", "active_app": "Unknown", "active_apps": ["Cursor Helper (Renderer)", "Cursor Helper (Plugin): extension-host [2-2]", "Cursor", "Google Chrome", "Cursor Helper (Plugin): extension-host [1-1]", "Safari", "Google Chrome Helper (Renderer)", "Cursor Helper (GPU)", "Google Chrome Helper (GPU)", "Google Chrome Helper"]}
2025-05-21 23:19:11,663 - direct_sensor_memory - INFO - ✅ Updated context file with keys: ['active_window', 'active_app', 'active_apps']
2025-05-21 23:19:11,663 - direct_sensor_memory - INFO - ✅ Successfully processed process data and updated memory/context
2025-05-21 23:19:17,666 - direct_sensor_memory - INFO - Detected process sensor update (last: 1747894751.3949385, new: 1747894756.6171465)
2025-05-21 23:19:17,670 - direct_sensor_memory - INFO - Processing process data: {"timestamp": "2025-05-21T23:19:16.616446", "active_app": "Unknown", "active_window": "Unknown Window", "active_processes": [{"name": "Cursor Helper (Renderer)", "pid": 76214, "type": "other", "memory...
2025-05-21 23:19:17,671 - direct_sensor_memory - INFO - Extracted process context: {"active_window": "Unknown Window", "active_app": "Unknown", "active_apps": ["Cursor Helper (Renderer)", "Cursor Helper (Plugin): extension-host [2-2]", "Cursor", "Google Chrome", "Cursor Helper (Plugin): extension-host [1-1]", "Safari", "Google Chrome Helper (Renderer)", "Cursor Helper (GPU)", "Google Chrome Helper (GPU)", "Google Chrome Helper"]}
2025-05-21 23:19:17,680 - direct_sensor_memory - INFO - ✅ Updated context file with keys: ['active_window', 'active_app', 'active_apps']
2025-05-21 23:19:17,680 - direct_sensor_memory - INFO - ✅ Successfully processed process data and updated memory/context
2025-05-21 23:19:23,684 - direct_sensor_memory - INFO - Detected process sensor update (last: 1747894756.6171465, new: 1747894761.8315406)
2025-05-21 23:19:23,687 - direct_sensor_memory - INFO - Processing process data: {"timestamp": "2025-05-21T23:19:21.830831", "active_app": "Unknown", "active_window": "Unknown Window", "active_processes": [{"name": "Cursor Helper (Renderer)", "pid": 76214, "type": "other", "memory...
2025-05-21 23:19:23,687 - direct_sensor_memory - INFO - Extracted process context: {"active_window": "Unknown Window", "active_app": "Unknown", "active_apps": ["Cursor Helper (Renderer)", "Cursor Helper (Plugin): extension-host [2-2]", "Cursor", "Google Chrome", "Cursor Helper (Plugin): extension-host [1-1]", "Safari", "Google Chrome Helper (Renderer)", "Cursor Helper (GPU)", "Google Chrome Helper (GPU)", "Google Chrome Helper"]}
2025-05-21 23:19:23,697 - direct_sensor_memory - INFO - ✅ Updated context file with keys: ['active_window', 'active_app', 'active_apps']
2025-05-21 23:19:23,697 - direct_sensor_memory - INFO - ✅ Successfully processed process data and updated memory/context
2025-05-21 23:19:27,699 - direct_sensor_memory - INFO - Detected process sensor update (last: 1747894761.8315406, new: 1747894767.0473435)
2025-05-21 23:19:27,702 - direct_sensor_memory - INFO - Processing process data: {"timestamp": "2025-05-21T23:19:27.046662", "active_app": "Unknown", "active_window": "Unknown Window", "active_processes": [{"name": "Cursor Helper (Renderer)", "pid": 76214, "type": "other", "memory...
2025-05-21 23:19:27,702 - direct_sensor_memory - INFO - Extracted process context: {"active_window": "Unknown Window", "active_app": "Unknown", "active_apps": ["Cursor Helper (Renderer)", "Cursor Helper (Plugin): extension-host [2-2]", "Cursor", "Google Chrome", "Cursor Helper (Plugin): extension-host [1-1]", "Safari", "Google Chrome Helper (Renderer)", "Cursor Helper (GPU)", "Google Chrome Helper (GPU)", "Google Chrome Helper"]}
2025-05-21 23:19:27,712 - direct_sensor_memory - INFO - ✅ Updated context file with keys: ['active_window', 'active_app', 'active_apps']
2025-05-21 23:19:27,713 - direct_sensor_memory - INFO - ✅ Successfully processed process data and updated memory/context
2025-05-21 23:19:33,716 - direct_sensor_memory - INFO - Detected process sensor update (last: 1747894767.0473435, new: 1747894772.2617352)
2025-05-21 23:19:33,720 - direct_sensor_memory - INFO - Processing process data: {"timestamp": "2025-05-21T23:19:32.260983", "active_app": "Unknown", "active_window": "Unknown Window", "active_processes": [{"name": "Cursor Helper (Renderer)", "pid": 76214, "type": "other", "memory...
2025-05-21 23:19:33,720 - direct_sensor_memory - INFO - Extracted process context: {"active_window": "Unknown Window", "active_app": "Unknown", "active_apps": ["Cursor Helper (Renderer)", "Cursor Helper (Plugin): extension-host [2-2]", "Cursor", "Google Chrome", "Cursor Helper (Plugin): extension-host [1-1]", "Safari", "Google Chrome Helper (Renderer)", "Cursor Helper (GPU)", "Google Chrome Helper (GPU)", "Google Chrome Helper"]}
2025-05-21 23:19:33,731 - direct_sensor_memory - INFO - ✅ Updated context file with keys: ['active_window', 'active_app', 'active_apps']
2025-05-21 23:19:33,731 - direct_sensor_memory - INFO - ✅ Successfully processed process data and updated memory/context
2025-05-21 23:19:37,734 - direct_sensor_memory - INFO - Detected process sensor update (last: 1747894772.2617352, new: 1747894777.4790366)
2025-05-21 23:19:37,737 - direct_sensor_memory - INFO - Processing process data: {"timestamp": "2025-05-21T23:19:37.478340", "active_app": "Unknown", "active_window": "Unknown Window", "active_processes": [{"name": "Cursor Helper (Renderer)", "pid": 76214, "type": "other", "memory...
2025-05-21 23:19:37,737 - direct_sensor_memory - INFO - Extracted process context: {"active_window": "Unknown Window", "active_app": "Unknown", "active_apps": ["Cursor Helper (Renderer)", "Cursor Helper (Plugin): extension-host [2-2]", "Cursor", "Google Chrome", "Cursor Helper (Plugin): extension-host [1-1]", "Safari", "Google Chrome Helper (Renderer)", "Cursor Helper (GPU)", "Google Chrome Helper (GPU)", "Google Chrome Helper"]}
2025-05-21 23:19:37,748 - direct_sensor_memory - INFO - ✅ Updated context file with keys: ['active_window', 'active_app', 'active_apps']
2025-05-21 23:19:37,748 - direct_sensor_memory - INFO - ✅ Successfully processed process data and updated memory/context
2025-05-21 23:19:43,752 - direct_sensor_memory - INFO - Detected process sensor update (last: 1747894777.4790366, new: 1747894782.694175)
2025-05-21 23:19:43,756 - direct_sensor_memory - INFO - Processing process data: {"timestamp": "2025-05-21T23:19:42.693453", "active_app": "Unknown", "active_window": "Unknown Window", "active_processes": [{"name": "Cursor Helper (Renderer)", "pid": 76214, "type": "other", "memory...
2025-05-21 23:19:43,756 - direct_sensor_memory - INFO - Extracted process context: {"active_window": "Unknown Window", "active_app": "Unknown", "active_apps": ["Cursor Helper (Renderer)", "Cursor Helper (Plugin): extension-host [2-2]", "Cursor", "Google Chrome", "Cursor Helper (Plugin): extension-host [1-1]", "Safari", "Google Chrome Helper (Renderer)", "Cursor Helper (GPU)", "Google Chrome Helper (GPU)", "Google Chrome Helper"]}
2025-05-21 23:19:43,767 - direct_sensor_memory - INFO - ✅ Updated context file with keys: ['active_window', 'active_app', 'active_apps']
2025-05-21 23:19:43,767 - direct_sensor_memory - INFO - ✅ Successfully processed process data and updated memory/context
2025-05-21 23:19:49,771 - direct_sensor_memory - INFO - Detected process sensor update (last: 1747894782.694175, new: 1747894787.9090934)
2025-05-21 23:19:49,775 - direct_sensor_memory - INFO - Processing process data: {"timestamp": "2025-05-21T23:19:47.908392", "active_app": "Unknown", "active_window": "Unknown Window", "active_processes": [{"name": "Cursor Helper (Renderer)", "pid": 76214, "type": "other", "memory...
2025-05-21 23:19:49,775 - direct_sensor_memory - INFO - Extracted process context: {"active_window": "Unknown Window", "active_app": "Unknown", "active_apps": ["Cursor Helper (Renderer)", "Cursor Helper (Plugin): extension-host [2-2]", "Cursor", "Google Chrome", "Cursor Helper (Plugin): extension-host [1-1]", "Safari", "Google Chrome Helper (Renderer)", "Cursor Helper (GPU)", "ControlCenter", "Google Chrome Helper (GPU)"]}
2025-05-21 23:19:49,785 - direct_sensor_memory - INFO - ✅ Updated context file with keys: ['active_window', 'active_app', 'active_apps']
2025-05-21 23:19:49,785 - direct_sensor_memory - INFO - ✅ Successfully processed process data and updated memory/context
2025-05-21 23:19:53,787 - direct_sensor_memory - INFO - Detected process sensor update (last: 1747894787.9090934, new: 1747894793.157341)
2025-05-21 23:19:53,788 - direct_sensor_memory - INFO - Processing process data: {"timestamp": "2025-05-21T23:19:53.156420", "active_app": "Unknown", "active_window": "Unknown Window", "active_processes": [{"name": "Cursor Helper (Plugin): extension-host [2-2]", "pid": 76523, "typ...
2025-05-21 23:19:53,788 - direct_sensor_memory - INFO - Extracted process context: {"active_window": "Unknown Window", "active_app": "Unknown", "active_apps": ["Cursor Helper (Plugin): extension-host [2-2]", "Cursor Helper (Renderer)", "Cursor", "Google Chrome", "Cursor Helper (Plugin): extension-host [1-1]", "Safari", "Google Chrome Helper (Renderer)", "Cursor Helper (GPU)", "ControlCenter", "Google Chrome Helper (GPU)"]}
2025-05-21 23:19:53,793 - direct_sensor_memory - INFO - ✅ Updated context file with keys: ['active_window', 'active_app', 'active_apps']
2025-05-21 23:19:53,794 - direct_sensor_memory - INFO - ✅ Successfully processed process data and updated memory/context
2025-05-21 23:19:59,797 - direct_sensor_memory - INFO - Detected process sensor update (last: 1747894793.157341, new: 1747894798.375818)
2025-05-21 23:19:59,801 - direct_sensor_memory - INFO - Processing process data: {"timestamp": "2025-05-21T23:19:58.375147", "active_app": "Unknown", "active_window": "Unknown Window", "active_processes": [{"name": "Cursor Helper (Plugin): extension-host [2-2]", "pid": 76523, "typ...
2025-05-21 23:19:59,801 - direct_sensor_memory - INFO - Extracted process context: {"active_window": "Unknown Window", "active_app": "Unknown", "active_apps": ["Cursor Helper (Plugin): extension-host [2-2]", "Cursor Helper (Renderer)", "Cursor", "Google Chrome", "Cursor Helper (Plugin): extension-host [1-1]", "Safari", "Google Chrome Helper (Renderer)", "Cursor Helper (GPU)", "ControlCenter", "Google Chrome Helper (GPU)"]}
2025-05-21 23:19:59,811 - direct_sensor_memory - INFO - ✅ Updated context file with keys: ['active_window', 'active_app', 'active_apps']
2025-05-21 23:19:59,811 - direct_sensor_memory - INFO - ✅ Successfully processed process data and updated memory/context
2025-05-21 23:20:03,814 - direct_sensor_memory - INFO - Detected process sensor update (last: 1747894798.375818, new: 1747894803.5984333)
2025-05-21 23:20:03,817 - direct_sensor_memory - INFO - Processing process data: {"timestamp": "2025-05-21T23:20:03.597763", "active_app": "Unknown", "active_window": "Unknown Window", "active_processes": [{"name": "Cursor Helper (Plugin): extension-host [2-2]", "pid": 76523, "typ...
2025-05-21 23:20:03,818 - direct_sensor_memory - INFO - Extracted process context: {"active_window": "Unknown Window", "active_app": "Unknown", "active_apps": ["Cursor Helper (Plugin): extension-host [2-2]", "Cursor Helper (Renderer)", "Cursor", "Google Chrome", "Safari", "Cursor Helper (Plugin): extension-host [1-1]", "Google Chrome Helper (Renderer)", "Cursor Helper (GPU)", "ControlCenter", "Google Chrome Helper (GPU)"]}
2025-05-21 23:20:03,827 - direct_sensor_memory - INFO - ✅ Updated context file with keys: ['active_window', 'active_app', 'active_apps']
2025-05-21 23:20:03,827 - direct_sensor_memory - INFO - ✅ Successfully processed process data and updated memory/context
2025-05-21 23:20:09,831 - direct_sensor_memory - INFO - Detected process sensor update (last: 1747894803.5984333, new: 1747894808.8127446)
2025-05-21 23:20:09,835 - direct_sensor_memory - INFO - Processing process data: {"timestamp": "2025-05-21T23:20:08.812071", "active_app": "Unknown", "active_window": "Unknown Window", "active_processes": [{"name": "Cursor Helper (Plugin): extension-host [2-2]", "pid": 76523, "typ...
2025-05-21 23:20:09,835 - direct_sensor_memory - INFO - Extracted process context: {"active_window": "Unknown Window", "active_app": "Unknown", "active_apps": ["Cursor Helper (Plugin): extension-host [2-2]", "Cursor Helper (Renderer)", "Cursor", "Google Chrome", "Safari", "Cursor Helper (Plugin): extension-host [1-1]", "Google Chrome Helper (Renderer)", "Cursor Helper (GPU)", "ControlCenter", "Google Chrome Helper (GPU)"]}
2025-05-21 23:20:09,845 - direct_sensor_memory - INFO - ✅ Updated context file with keys: ['active_window', 'active_app', 'active_apps']
2025-05-21 23:20:09,845 - direct_sensor_memory - INFO - ✅ Successfully processed process data and updated memory/context
2025-05-21 23:20:15,849 - direct_sensor_memory - INFO - Detected process sensor update (last: 1747894808.8127446, new: 1747894814.0371506)
2025-05-21 23:20:15,852 - direct_sensor_memory - INFO - Processing process data: {"timestamp": "2025-05-21T23:20:14.036464", "active_app": "Unknown", "active_window": "Unknown Window", "active_processes": [{"name": "Cursor Helper (Plugin): extension-host [2-2]", "pid": 76523, "typ...
2025-05-21 23:20:15,853 - direct_sensor_memory - INFO - Extracted process context: {"active_window": "Unknown Window", "active_app": "Unknown", "active_apps": ["Cursor Helper (Plugin): extension-host [2-2]", "Cursor Helper (Renderer)", "Cursor", "Google Chrome", "Safari", "Cursor Helper (Plugin): extension-host [1-1]", "Google Chrome Helper (Renderer)", "Cursor Helper (GPU)", "ControlCenter", "Google Chrome Helper (GPU)"]}
2025-05-21 23:20:15,862 - direct_sensor_memory - INFO - ✅ Updated context file with keys: ['active_window', 'active_app', 'active_apps']
2025-05-21 23:20:15,863 - direct_sensor_memory - INFO - ✅ Successfully processed process data and updated memory/context
2025-05-21 23:20:19,865 - direct_sensor_memory - INFO - Detected process sensor update (last: 1747894814.0371506, new: 1747894819.2681508)
2025-05-21 23:20:19,867 - direct_sensor_memory - INFO - Processing process data: {"timestamp": "2025-05-21T23:20:19.267460", "active_app": "Unknown", "active_window": "Unknown Window", "active_processes": [{"name": "Cursor Helper (Plugin): extension-host [2-2]", "pid": 76523, "typ...
2025-05-21 23:20:19,867 - direct_sensor_memory - INFO - Extracted process context: {"active_window": "Unknown Window", "active_app": "Unknown", "active_apps": ["Cursor Helper (Plugin): extension-host [2-2]", "Cursor Helper (Renderer)", "Cursor", "Google Chrome", "Safari", "Cursor Helper (Plugin): extension-host [1-1]", "Google Chrome Helper (Renderer)", "Cursor Helper (GPU)", "ControlCenter", "Google Chrome Helper (GPU)"]}
2025-05-21 23:20:19,871 - direct_sensor_memory - INFO - ✅ Updated context file with keys: ['active_window', 'active_app', 'active_apps']
2025-05-21 23:20:19,871 - direct_sensor_memory - INFO - ✅ Successfully processed process data and updated memory/context
2025-05-21 23:20:25,876 - direct_sensor_memory - INFO - Detected process sensor update (last: 1747894819.2681508, new: 1747894824.4915679)
2025-05-21 23:20:25,879 - direct_sensor_memory - INFO - Processing process data: {"timestamp": "2025-05-21T23:20:24.490854", "active_app": "Unknown", "active_window": "Unknown Window", "active_processes": [{"name": "Cursor Helper (Plugin): extension-host [2-2]", "pid": 76523, "typ...
2025-05-21 23:20:25,880 - direct_sensor_memory - INFO - Extracted process context: {"active_window": "Unknown Window", "active_app": "Unknown", "active_apps": ["Cursor Helper (Plugin): extension-host [2-2]", "Cursor Helper (Renderer)", "Cursor", "Google Chrome", "Safari", "Cursor Helper (Plugin): extension-host [1-1]", "Google Chrome Helper (Renderer)", "Cursor Helper (GPU)", "ControlCenter", "AddressBookSourceSync"]}
2025-05-21 23:20:25,890 - direct_sensor_memory - INFO - ✅ Updated context file with keys: ['active_window', 'active_app', 'active_apps']
2025-05-21 23:20:25,890 - direct_sensor_memory - INFO - ✅ Successfully processed process data and updated memory/context
2025-05-21 23:20:29,892 - direct_sensor_memory - INFO - Detected process sensor update (last: 1747894824.4915679, new: 1747894829.706515)
2025-05-21 23:20:29,896 - direct_sensor_memory - INFO - Processing process data: {"timestamp": "2025-05-21T23:20:29.705802", "active_app": "Unknown", "active_window": "Unknown Window", "active_processes": [{"name": "Cursor Helper (Plugin): extension-host [2-2]", "pid": 76523, "typ...
2025-05-21 23:20:29,897 - direct_sensor_memory - INFO - Extracted process context: {"active_window": "Unknown Window", "active_app": "Unknown", "active_apps": ["Cursor Helper (Plugin): extension-host [2-2]", "Cursor Helper (Renderer)", "Cursor", "Google Chrome", "Safari", "Cursor Helper (Plugin): extension-host [1-1]", "Google Chrome Helper (Renderer)", "suggestd", "Cursor Helper (GPU)", "ControlCenter"]}
2025-05-21 23:20:29,907 - direct_sensor_memory - INFO - ✅ Updated context file with keys: ['active_window', 'active_app', 'active_apps']
2025-05-21 23:20:29,907 - direct_sensor_memory - INFO - ✅ Successfully processed process data and updated memory/context
2025-05-21 23:20:35,911 - direct_sensor_memory - INFO - Detected process sensor update (last: 1747894829.706515, new: 1747894834.9163113)
2025-05-21 23:20:35,914 - direct_sensor_memory - INFO - Processing process data: {"timestamp": "2025-05-21T23:20:34.915642", "active_app": "Unknown", "active_window": "Unknown Window", "active_processes": [{"name": "Cursor Helper (Plugin): extension-host [2-2]", "pid": 76523, "typ...
2025-05-21 23:20:35,914 - direct_sensor_memory - INFO - Extracted process context: {"active_window": "Unknown Window", "active_app": "Unknown", "active_apps": ["Cursor Helper (Plugin): extension-host [2-2]", "Cursor Helper (Renderer)", "Cursor", "Google Chrome", "Safari", "Cursor Helper (Plugin): extension-host [1-1]", "Google Chrome Helper (Renderer)", "suggestd", "Cursor Helper (GPU)", "ControlCenter"]}
2025-05-21 23:20:35,924 - direct_sensor_memory - INFO - ✅ Updated context file with keys: ['active_window', 'active_app', 'active_apps']
2025-05-21 23:20:35,924 - direct_sensor_memory - INFO - ✅ Successfully processed process data and updated memory/context
2025-05-21 23:20:41,928 - direct_sensor_memory - INFO - Detected process sensor update (last: 1747894834.9163113, new: 1747894840.1406612)
2025-05-21 23:20:41,932 - direct_sensor_memory - INFO - Processing process data: {"timestamp": "2025-05-21T23:20:40.139991", "active_app": "Unknown", "active_window": "Unknown Window", "active_processes": [{"name": "Cursor Helper (Plugin): extension-host [2-2]", "pid": 76523, "typ...
2025-05-21 23:20:41,932 - direct_sensor_memory - INFO - Extracted process context: {"active_window": "Unknown Window", "active_app": "Unknown", "active_apps": ["Cursor Helper (Plugin): extension-host [2-2]", "Cursor Helper (Renderer)", "Cursor", "Google Chrome", "Safari", "Cursor Helper (Plugin): extension-host [1-1]", "Google Chrome Helper (Renderer)", "suggestd", "Cursor Helper (GPU)", "ControlCenter"]}
2025-05-21 23:20:41,942 - direct_sensor_memory - INFO - ✅ Updated context file with keys: ['active_window', 'active_app', 'active_apps']
2025-05-21 23:20:41,942 - direct_sensor_memory - INFO - ✅ Successfully processed process data and updated memory/context
2025-05-21 23:20:45,945 - direct_sensor_memory - INFO - Detected process sensor update (last: 1747894840.1406612, new: 1747894845.3559892)
2025-05-21 23:20:45,949 - direct_sensor_memory - INFO - Processing process data: {"timestamp": "2025-05-21T23:20:45.355311", "active_app": "Unknown", "active_window": "Unknown Window", "active_processes": [{"name": "Cursor Helper (Plugin): extension-host [2-2]", "pid": 76523, "typ...
2025-05-21 23:20:45,949 - direct_sensor_memory - INFO - Extracted process context: {"active_window": "Unknown Window", "active_app": "Unknown", "active_apps": ["Cursor Helper (Plugin): extension-host [2-2]", "Cursor Helper (Renderer)", "Cursor", "Google Chrome", "Safari", "Cursor Helper (Plugin): extension-host [1-1]", "Google Chrome Helper (Renderer)", "suggestd", "Cursor Helper (GPU)", "ControlCenter"]}
2025-05-21 23:20:45,959 - direct_sensor_memory - INFO - ✅ Updated context file with keys: ['active_window', 'active_app', 'active_apps']
2025-05-21 23:20:45,959 - direct_sensor_memory - INFO - ✅ Successfully processed process data and updated memory/context
2025-05-21 23:20:51,963 - direct_sensor_memory - INFO - Detected process sensor update (last: 1747894845.3559892, new: 1747894850.563967)
2025-05-21 23:20:51,967 - direct_sensor_memory - INFO - Processing process data: {"timestamp": "2025-05-21T23:20:50.563322", "active_app": "Unknown", "active_window": "Unknown Window", "active_processes": [{"name": "Cursor Helper (Plugin): extension-host [2-2]", "pid": 76523, "typ...
2025-05-21 23:20:51,967 - direct_sensor_memory - INFO - Extracted process context: {"active_window": "Unknown Window", "active_app": "Unknown", "active_apps": ["Cursor Helper (Plugin): extension-host [2-2]", "Cursor Helper (Renderer)", "Cursor", "Google Chrome", "Safari", "Cursor Helper (Plugin): extension-host [1-1]", "Google Chrome Helper (Renderer)", "suggestd", "Cursor Helper (GPU)", "ControlCenter"]}
2025-05-21 23:20:51,976 - direct_sensor_memory - INFO - ✅ Updated context file with keys: ['active_window', 'active_app', 'active_apps']
2025-05-21 23:20:51,976 - direct_sensor_memory - INFO - ✅ Successfully processed process data and updated memory/context
2025-05-21 23:20:55,979 - direct_sensor_memory - INFO - Detected process sensor update (last: 1747894850.563967, new: 1747894855.777631)
2025-05-21 23:20:55,982 - direct_sensor_memory - INFO - Processing process data: {"timestamp": "2025-05-21T23:20:55.776996", "active_app": "Unknown", "active_window": "Unknown Window", "active_processes": [{"name": "Cursor Helper (Plugin): extension-host [2-2]", "pid": 76523, "typ...
2025-05-21 23:20:55,982 - direct_sensor_memory - INFO - Extracted process context: {"active_window": "Unknown Window", "active_app": "Unknown", "active_apps": ["Cursor Helper (Plugin): extension-host [2-2]", "Cursor Helper (Renderer)", "Cursor", "Google Chrome", "Safari", "Cursor Helper (Plugin): extension-host [1-1]", "Google Chrome Helper (Renderer)", "suggestd", "Cursor Helper (GPU)", "ControlCenter"]}
2025-05-21 23:20:55,992 - direct_sensor_memory - INFO - ✅ Updated context file with keys: ['active_window', 'active_app', 'active_apps']
2025-05-21 23:20:55,992 - direct_sensor_memory - INFO - ✅ Successfully processed process data and updated memory/context
2025-05-21 23:21:01,997 - direct_sensor_memory - INFO - Detected process sensor update (last: 1747894855.777631, new: 1747894860.9910817)
2025-05-21 23:21:02,000 - direct_sensor_memory - INFO - Processing process data: {"timestamp": "2025-05-21T23:21:00.990434", "active_app": "Unknown", "active_window": "Unknown Window", "active_processes": [{"name": "Cursor Helper (Plugin): extension-host [2-2]", "pid": 76523, "typ...
2025-05-21 23:21:02,000 - direct_sensor_memory - INFO - Extracted process context: {"active_window": "Unknown Window", "active_app": "Unknown", "active_apps": ["Cursor Helper (Plugin): extension-host [2-2]", "Cursor Helper (Renderer)", "Cursor", "Google Chrome", "Safari", "Cursor Helper (Plugin): extension-host [1-1]", "Google Chrome Helper (Renderer)", "suggestd", "Cursor Helper (GPU)", "ControlCenter"]}
2025-05-21 23:21:02,010 - direct_sensor_memory - INFO - ✅ Updated context file with keys: ['active_window', 'active_app', 'active_apps']
2025-05-21 23:21:02,010 - direct_sensor_memory - INFO - ✅ Successfully processed process data and updated memory/context
2025-05-21 23:21:08,015 - direct_sensor_memory - INFO - Detected process sensor update (last: 1747894860.9910817, new: 1747894866.205931)
2025-05-21 23:21:08,018 - direct_sensor_memory - INFO - Processing process data: {"timestamp": "2025-05-21T23:21:06.205229", "active_app": "Unknown", "active_window": "Unknown Window", "active_processes": [{"name": "Cursor Helper (Plugin): extension-host [2-2]", "pid": 76523, "typ...
2025-05-21 23:21:08,018 - direct_sensor_memory - INFO - Extracted process context: {"active_window": "Unknown Window", "active_app": "Unknown", "active_apps": ["Cursor Helper (Plugin): extension-host [2-2]", "Cursor Helper (Renderer)", "Cursor", "Google Chrome", "Safari", "Cursor Helper (Plugin): extension-host [1-1]", "Google Chrome Helper (Renderer)", "suggestd", "Cursor Helper (GPU)", "ControlCenter"]}
2025-05-21 23:21:08,028 - direct_sensor_memory - INFO - ✅ Updated context file with keys: ['active_window', 'active_app', 'active_apps']
2025-05-21 23:21:08,028 - direct_sensor_memory - INFO - ✅ Successfully processed process data and updated memory/context
2025-05-21 23:21:12,031 - direct_sensor_memory - INFO - Detected process sensor update (last: 1747894866.205931, new: 1747894871.4148176)
2025-05-21 23:21:12,034 - direct_sensor_memory - INFO - Processing process data: {"timestamp": "2025-05-21T23:21:11.414183", "active_app": "Unknown", "active_window": "Unknown Window", "active_processes": [{"name": "Cursor Helper (Plugin): extension-host [2-2]", "pid": 76523, "typ...
2025-05-21 23:21:12,035 - direct_sensor_memory - INFO - Extracted process context: {"active_window": "Unknown Window", "active_app": "Unknown", "active_apps": ["Cursor Helper (Plugin): extension-host [2-2]", "Cursor Helper (Renderer)", "Cursor", "Google Chrome", "Safari", "Cursor Helper (Plugin): extension-host [1-1]", "Google Chrome Helper (Renderer)", "suggestd", "Cursor Helper (GPU)", "ControlCenter"]}
2025-05-21 23:21:12,045 - direct_sensor_memory - INFO - ✅ Updated context file with keys: ['active_window', 'active_app', 'active_apps']
2025-05-21 23:21:12,045 - direct_sensor_memory - INFO - ✅ Successfully processed process data and updated memory/context
2025-05-21 23:21:18,049 - direct_sensor_memory - INFO - Detected process sensor update (last: 1747894871.4148176, new: 1747894876.6328013)
2025-05-21 23:21:18,052 - direct_sensor_memory - INFO - Processing process data: {"timestamp": "2025-05-21T23:21:16.632142", "active_app": "Unknown", "active_window": "Unknown Window", "active_processes": [{"name": "Cursor Helper (Plugin): extension-host [2-2]", "pid": 76523, "typ...
2025-05-21 23:21:18,053 - direct_sensor_memory - INFO - Extracted process context: {"active_window": "Unknown Window", "active_app": "Unknown", "active_apps": ["Cursor Helper (Plugin): extension-host [2-2]", "Cursor Helper (Renderer)", "Cursor", "Google Chrome", "Safari", "Cursor Helper (Plugin): extension-host [1-1]", "Google Chrome Helper (Renderer)", "suggestd", "Cursor Helper (GPU)", "ControlCenter"]}
2025-05-21 23:21:18,062 - direct_sensor_memory - INFO - ✅ Updated context file with keys: ['active_window', 'active_app', 'active_apps']
2025-05-21 23:21:18,062 - direct_sensor_memory - INFO - ✅ Successfully processed process data and updated memory/context
2025-05-21 23:21:22,065 - direct_sensor_memory - INFO - Detected process sensor update (last: 1747894876.6328013, new: 1747894881.8474708)
2025-05-21 23:21:22,069 - direct_sensor_memory - INFO - Processing process data: {"timestamp": "2025-05-21T23:21:21.846799", "active_app": "Unknown", "active_window": "Unknown Window", "active_processes": [{"name": "Cursor Helper (Plugin): extension-host [2-2]", "pid": 76523, "typ...
2025-05-21 23:21:22,069 - direct_sensor_memory - INFO - Extracted process context: {"active_window": "Unknown Window", "active_app": "Unknown", "active_apps": ["Cursor Helper (Plugin): extension-host [2-2]", "Cursor Helper (Renderer)", "Cursor", "Google Chrome", "Safari", "Cursor Helper (Plugin): extension-host [1-1]", "Google Chrome Helper (Renderer)", "suggestd", "Cursor Helper (GPU)", "ControlCenter"]}
2025-05-21 23:21:22,079 - direct_sensor_memory - INFO - ✅ Updated context file with keys: ['active_window', 'active_app', 'active_apps']
2025-05-21 23:21:22,079 - direct_sensor_memory - INFO - ✅ Successfully processed process data and updated memory/context
2025-05-21 23:21:28,083 - direct_sensor_memory - INFO - Detected process sensor update (last: 1747894881.8474708, new: 1747894887.0586123)
2025-05-21 23:21:28,084 - direct_sensor_memory - INFO - Processing process data: {"timestamp": "2025-05-21T23:21:27.057918", "active_app": "Unknown", "active_window": "Unknown Window", "active_processes": [{"name": "Cursor Helper (Plugin): extension-host [2-2]", "pid": 76523, "typ...
2025-05-21 23:21:28,085 - direct_sensor_memory - INFO - Extracted process context: {"active_window": "Unknown Window", "active_app": "Unknown", "active_apps": ["Cursor Helper (Plugin): extension-host [2-2]", "Cursor Helper (Renderer)", "Cursor", "Google Chrome", "Safari", "Cursor Helper (Plugin): extension-host [1-1]", "Google Chrome Helper (Renderer)", "suggestd", "Cursor Helper (GPU)", "ControlCenter"]}
2025-05-21 23:21:28,090 - direct_sensor_memory - INFO - ✅ Updated context file with keys: ['active_window', 'active_app', 'active_apps']
2025-05-21 23:21:28,090 - direct_sensor_memory - INFO - ✅ Successfully processed process data and updated memory/context
2025-05-21 23:21:34,093 - direct_sensor_memory - INFO - Detected process sensor update (last: 1747894887.0586123, new: 1747894892.283809)
2025-05-21 23:21:34,095 - direct_sensor_memory - INFO - Processing process data: {"timestamp": "2025-05-21T23:21:32.283141", "active_app": "Unknown", "active_window": "Unknown Window", "active_processes": [{"name": "Cursor Helper (Plugin): extension-host [2-2]", "pid": 76523, "typ...
2025-05-21 23:21:34,095 - direct_sensor_memory - INFO - Extracted process context: {"active_window": "Unknown Window", "active_app": "Unknown", "active_apps": ["Cursor Helper (Plugin): extension-host [2-2]", "Cursor Helper (Renderer)", "Cursor", "Google Chrome", "Safari", "Cursor Helper (Plugin): extension-host [1-1]", "Google Chrome Helper (Renderer)", "suggestd", "Cursor Helper (GPU)", "ControlCenter"]}
2025-05-21 23:21:34,106 - direct_sensor_memory - INFO - ✅ Updated context file with keys: ['active_window', 'active_app', 'active_apps']
2025-05-21 23:21:34,106 - direct_sensor_memory - INFO - ✅ Successfully processed process data and updated memory/context
2025-05-21 23:21:38,109 - direct_sensor_memory - INFO - Detected process sensor update (last: 1747894892.283809, new: 1747894897.501178)
2025-05-21 23:21:38,110 - direct_sensor_memory - INFO - Processing process data: {"timestamp": "2025-05-21T23:21:37.500491", "active_app": "Unknown", "active_window": "Unknown Window", "active_processes": [{"name": "Cursor Helper (Plugin): extension-host [2-2]", "pid": 76523, "typ...
2025-05-21 23:21:38,110 - direct_sensor_memory - INFO - Extracted process context: {"active_window": "Unknown Window", "active_app": "Unknown", "active_apps": ["Cursor Helper (Plugin): extension-host [2-2]", "Cursor Helper (Renderer)", "Cursor", "Google Chrome", "Safari", "Cursor Helper (Plugin): extension-host [1-1]", "Google Chrome Helper (Renderer)", "suggestd", "Cursor Helper (GPU)", "ControlCenter"]}
2025-05-21 23:21:38,115 - direct_sensor_memory - INFO - ✅ Updated context file with keys: ['active_window', 'active_app', 'active_apps']
2025-05-21 23:21:38,115 - direct_sensor_memory - INFO - ✅ Successfully processed process data and updated memory/context
2025-05-21 23:21:44,119 - direct_sensor_memory - INFO - Detected process sensor update (last: 1747894897.501178, new: 1747894902.7254448)
2025-05-21 23:21:44,123 - direct_sensor_memory - INFO - Processing process data: {"timestamp": "2025-05-21T23:21:42.724739", "active_app": "Unknown", "active_window": "Unknown Window", "active_processes": [{"name": "Cursor Helper (Plugin): extension-host [2-2]", "pid": 76523, "typ...
2025-05-21 23:21:44,123 - direct_sensor_memory - INFO - Extracted process context: {"active_window": "Unknown Window", "active_app": "Unknown", "active_apps": ["Cursor Helper (Plugin): extension-host [2-2]", "Cursor Helper (Renderer)", "Cursor", "Google Chrome", "Safari", "Cursor Helper (Plugin): extension-host [1-1]", "Google Chrome Helper (Renderer)", "ServiceExtension", "suggestd", "Cursor Helper (GPU)"]}
2025-05-21 23:21:44,134 - direct_sensor_memory - INFO - ✅ Updated context file with keys: ['active_window', 'active_app', 'active_apps']
2025-05-21 23:21:44,134 - direct_sensor_memory - INFO - ✅ Successfully processed process data and updated memory/context
2025-05-21 23:21:48,137 - direct_sensor_memory - INFO - Detected process sensor update (last: 1747894902.7254448, new: 1747894907.9393103)
2025-05-21 23:21:48,140 - direct_sensor_memory - INFO - Processing process data: {"timestamp": "2025-05-21T23:21:47.938611", "active_app": "Unknown", "active_window": "Unknown Window", "active_processes": [{"name": "Cursor Helper (Plugin): extension-host [2-2]", "pid": 76523, "typ...
2025-05-21 23:21:48,140 - direct_sensor_memory - INFO - Extracted process context: {"active_window": "Unknown Window", "active_app": "Unknown", "active_apps": ["Cursor Helper (Plugin): extension-host [2-2]", "Cursor Helper (Renderer)", "Cursor", "Google Chrome", "Safari", "Cursor Helper (Plugin): extension-host [1-1]", "Google Chrome Helper (Renderer)", "ServiceExtension", "suggestd", "Cursor Helper (GPU)"]}
2025-05-21 23:21:48,150 - direct_sensor_memory - INFO - ✅ Updated context file with keys: ['active_window', 'active_app', 'active_apps']
2025-05-21 23:21:48,150 - direct_sensor_memory - INFO - ✅ Successfully processed process data and updated memory/context
2025-05-21 23:21:54,154 - direct_sensor_memory - INFO - Detected process sensor update (last: 1747894907.9393103, new: 1747894913.1517224)
2025-05-21 23:21:54,155 - direct_sensor_memory - INFO - Processing process data: {"timestamp": "2025-05-21T23:21:53.151062", "active_app": "Unknown", "active_window": "Unknown Window", "active_processes": [{"name": "Cursor Helper (Plugin): extension-host [2-2]", "pid": 76523, "typ...
2025-05-21 23:21:54,155 - direct_sensor_memory - INFO - Extracted process context: {"active_window": "Unknown Window", "active_app": "Unknown", "active_apps": ["Cursor Helper (Plugin): extension-host [2-2]", "Cursor Helper (Renderer)", "Cursor", "Google Chrome", "Safari", "Cursor Helper (Plugin): extension-host [1-1]", "Google Chrome Helper (Renderer)", "ServiceExtension", "suggestd", "Cursor Helper (GPU)"]}
2025-05-21 23:21:54,160 - direct_sensor_memory - INFO - ✅ Updated context file with keys: ['active_window', 'active_app', 'active_apps']
2025-05-21 23:21:54,160 - direct_sensor_memory - INFO - ✅ Successfully processed process data and updated memory/context
2025-05-21 23:22:00,164 - direct_sensor_memory - INFO - Detected process sensor update (last: 1747894913.1517224, new: 1747894918.3688774)
2025-05-21 23:22:00,168 - direct_sensor_memory - INFO - Processing process data: {"timestamp": "2025-05-21T23:21:58.368202", "active_app": "Unknown", "active_window": "Unknown Window", "active_processes": [{"name": "Cursor Helper (Plugin): extension-host [2-2]", "pid": 76523, "typ...
2025-05-21 23:22:00,169 - direct_sensor_memory - INFO - Extracted process context: {"active_window": "Unknown Window", "active_app": "Unknown", "active_apps": ["Cursor Helper (Plugin): extension-host [2-2]", "Cursor Helper (Renderer)", "Cursor", "Google Chrome", "Safari", "Cursor Helper (Plugin): extension-host [1-1]", "Google Chrome Helper (Renderer)", "ServiceExtension", "suggestd", "Cursor Helper (GPU)"]}
2025-05-21 23:22:00,178 - direct_sensor_memory - INFO - ✅ Updated context file with keys: ['active_window', 'active_app', 'active_apps']
2025-05-21 23:22:00,178 - direct_sensor_memory - INFO - ✅ Successfully processed process data and updated memory/context
2025-05-21 23:22:04,180 - direct_sensor_memory - INFO - Detected process sensor update (last: 1747894918.3688774, new: 1747894923.5799289)
2025-05-21 23:22:04,181 - direct_sensor_memory - INFO - Processing process data: {"timestamp": "2025-05-21T23:22:03.579309", "active_app": "Unknown", "active_window": "Unknown Window", "active_processes": [{"name": "Cursor Helper (Plugin): extension-host [2-2]", "pid": 76523, "typ...
2025-05-21 23:22:04,181 - direct_sensor_memory - INFO - Extracted process context: {"active_window": "Unknown Window", "active_app": "Unknown", "active_apps": ["Cursor Helper (Plugin): extension-host [2-2]", "Cursor Helper (Renderer)", "Cursor", "Google Chrome", "Safari", "Cursor Helper (Plugin): extension-host [1-1]", "Google Chrome Helper (Renderer)", "ServiceExtension", "suggestd", "Cursor Helper (GPU)"]}
2025-05-21 23:22:04,186 - direct_sensor_memory - INFO - ✅ Updated context file with keys: ['active_window', 'active_app', 'active_apps']
2025-05-21 23:22:04,186 - direct_sensor_memory - INFO - ✅ Successfully processed process data and updated memory/context
2025-05-21 23:22:10,190 - direct_sensor_memory - INFO - Detected process sensor update (last: 1747894923.5799289, new: 1747894928.7930477)
2025-05-21 23:22:10,194 - direct_sensor_memory - INFO - Processing process data: {"timestamp": "2025-05-21T23:22:08.792427", "active_app": "Unknown", "active_window": "Unknown Window", "active_processes": [{"name": "Cursor Helper (Plugin): extension-host [2-2]", "pid": 76523, "typ...
2025-05-21 23:22:10,195 - direct_sensor_memory - INFO - Extracted process context: {"active_window": "Unknown Window", "active_app": "Unknown", "active_apps": ["Cursor Helper (Plugin): extension-host [2-2]", "Cursor Helper (Renderer)", "Cursor", "Google Chrome", "Safari", "Cursor Helper (Plugin): extension-host [1-1]", "Google Chrome Helper (Renderer)", "ServiceExtension", "suggestd", "Cursor Helper (GPU)"]}
2025-05-21 23:22:10,204 - direct_sensor_memory - INFO - ✅ Updated context file with keys: ['active_window', 'active_app', 'active_apps']
2025-05-21 23:22:10,204 - direct_sensor_memory - INFO - ✅ Successfully processed process data and updated memory/context
2025-05-21 23:22:14,206 - direct_sensor_memory - INFO - Detected process sensor update (last: 1747894928.7930477, new: 1747894933.9910963)
2025-05-21 23:22:14,210 - direct_sensor_memory - INFO - Processing process data: {"timestamp": "2025-05-21T23:22:13.990398", "active_app": "Unknown", "active_window": "Unknown Window", "active_processes": [{"name": "Cursor Helper (Plugin): extension-host [2-2]", "pid": 76523, "typ...
2025-05-21 23:22:14,210 - direct_sensor_memory - INFO - Extracted process context: {"active_window": "Unknown Window", "active_app": "Unknown", "active_apps": ["Cursor Helper (Plugin): extension-host [2-2]", "Cursor Helper (Renderer)", "Cursor", "Google Chrome", "Safari", "Cursor Helper (Plugin): extension-host [1-1]", "Google Chrome Helper (Renderer)", "ServiceExtension", "suggestd", "Cursor Helper (GPU)"]}
2025-05-21 23:22:14,221 - direct_sensor_memory - INFO - ✅ Updated context file with keys: ['active_window', 'active_app', 'active_apps']
2025-05-21 23:22:14,221 - direct_sensor_memory - INFO - ✅ Successfully processed process data and updated memory/context
2025-05-21 23:22:20,226 - direct_sensor_memory - INFO - Detected process sensor update (last: 1747894933.9910963, new: 1747894939.215872)
2025-05-21 23:22:20,231 - direct_sensor_memory - INFO - Processing process data: {"timestamp": "2025-05-21T23:22:19.215223", "active_app": "Unknown", "active_window": "Unknown Window", "active_processes": [{"name": "Cursor Helper (Plugin): extension-host [2-2]", "pid": 76523, "typ...
2025-05-21 23:22:20,232 - direct_sensor_memory - INFO - Extracted process context: {"active_window": "Unknown Window", "active_app": "Unknown", "active_apps": ["Cursor Helper (Plugin): extension-host [2-2]", "Google Chrome", "Safari", "Cursor", "Cursor Helper (Plugin): extension-host [1-1]", "Cursor Helper (Renderer)", "Google Chrome Helper (Renderer)", "ServiceExtension", "NotificationCenter", "Cursor Helper (GPU)"]}
2025-05-21 23:22:20,242 - direct_sensor_memory - INFO - ✅ Updated context file with keys: ['active_window', 'active_app', 'active_apps']
2025-05-21 23:22:20,242 - direct_sensor_memory - INFO - ✅ Successfully processed process data and updated memory/context
2025-05-21 23:22:26,246 - direct_sensor_memory - INFO - Detected process sensor update (last: 1747894939.215872, new: 1747894944.4295316)
2025-05-21 23:22:26,249 - direct_sensor_memory - INFO - Processing process data: {"timestamp": "2025-05-21T23:22:24.428860", "active_app": "Unknown", "active_window": "Unknown Window", "active_processes": [{"name": "Cursor Helper (Plugin): extension-host [2-2]", "pid": 76523, "typ...
2025-05-21 23:22:26,249 - direct_sensor_memory - INFO - Extracted process context: {"active_window": "Unknown Window", "active_app": "Unknown", "active_apps": ["Cursor Helper (Plugin): extension-host [2-2]", "Cursor Helper (Renderer)", "Cursor", "Safari", "Cursor Helper (Plugin): extension-host [1-1]", "Google Chrome", "Google Chrome Helper (Renderer)", "ServiceExtension", "NotificationCenter", "ControlCenter"]}
2025-05-21 23:22:26,259 - direct_sensor_memory - INFO - ✅ Updated context file with keys: ['active_window', 'active_app', 'active_apps']
2025-05-21 23:22:26,259 - direct_sensor_memory - INFO - ✅ Successfully processed process data and updated memory/context
2025-05-21 23:22:30,262 - direct_sensor_memory - INFO - Detected process sensor update (last: 1747894944.4295316, new: 1747894949.6508915)
2025-05-21 23:22:30,266 - direct_sensor_memory - INFO - Processing process data: {"timestamp": "2025-05-21T23:22:29.649888", "active_app": "Unknown", "active_window": "Unknown Window", "active_processes": [{"name": "Cursor Helper (Plugin): extension-host [2-2]", "pid": 76523, "typ...
2025-05-21 23:22:30,266 - direct_sensor_memory - INFO - Extracted process context: {"active_window": "Unknown Window", "active_app": "Unknown", "active_apps": ["Cursor Helper (Plugin): extension-host [2-2]", "Cursor Helper (Renderer)", "Cursor", "Safari", "Google Chrome", "Cursor Helper (Plugin): extension-host [1-1]", "Google Chrome Helper (Renderer)", "ServiceExtension", "NotificationCenter", "AddressBookSourceSync"]}
2025-05-21 23:22:30,276 - direct_sensor_memory - INFO - ✅ Updated context file with keys: ['active_window', 'active_app', 'active_apps']
2025-05-21 23:22:30,276 - direct_sensor_memory - INFO - ✅ Successfully processed process data and updated memory/context
2025-05-21 23:22:36,280 - direct_sensor_memory - INFO - Detected process sensor update (last: 1747894949.6508915, new: 1747894954.8648036)
2025-05-21 23:22:36,281 - direct_sensor_memory - INFO - Processing process data: {"timestamp": "2025-05-21T23:22:34.864141", "active_app": "Unknown", "active_window": "Unknown Window", "active_processes": [{"name": "Cursor Helper (Plugin): extension-host [2-2]", "pid": 76523, "typ...
2025-05-21 23:22:36,281 - direct_sensor_memory - INFO - Extracted process context: {"active_window": "Unknown Window", "active_app": "Unknown", "active_apps": ["Cursor Helper (Plugin): extension-host [2-2]", "Cursor Helper (Renderer)", "Cursor", "Safari", "Google Chrome", "Cursor Helper (Plugin): extension-host [1-1]", "Google Chrome Helper (Renderer)", "ServiceExtension", "AddressBookSourceSync", "NotificationCenter"]}
2025-05-21 23:22:36,286 - direct_sensor_memory - INFO - ✅ Updated context file with keys: ['active_window', 'active_app', 'active_apps']
2025-05-21 23:22:36,286 - direct_sensor_memory - INFO - ✅ Successfully processed process data and updated memory/context
2025-05-21 23:22:40,289 - direct_sensor_memory - INFO - Detected process sensor update (last: 1747894954.8648036, new: 1747894960.044847)
2025-05-21 23:22:40,292 - direct_sensor_memory - INFO - Processing process data: {"timestamp": "2025-05-21T23:22:40.044187", "active_app": "Unknown", "active_window": "Unknown Window", "active_processes": [{"name": "Cursor Helper (Plugin): extension-host [2-2]", "pid": 76523, "typ...
2025-05-21 23:22:40,292 - direct_sensor_memory - INFO - Extracted process context: {"active_window": "Unknown Window", "active_app": "Unknown", "active_apps": ["Cursor Helper (Plugin): extension-host [2-2]", "Cursor", "Safari", "Cursor Helper (Renderer)", "Google Chrome", "Cursor Helper (Plugin): extension-host [1-1]", "Google Chrome Helper (Renderer)", "suggestd", "ServiceExtension", "AddressBookSourceSync"]}
2025-05-21 23:22:40,302 - direct_sensor_memory - INFO - ✅ Updated context file with keys: ['active_window', 'active_app', 'active_apps']
2025-05-21 23:22:40,302 - direct_sensor_memory - INFO - ✅ Successfully processed process data and updated memory/context
2025-05-21 23:22:46,305 - direct_sensor_memory - INFO - Detected process sensor update (last: 1747894960.044847, new: 1747894965.2452493)
2025-05-21 23:22:46,307 - direct_sensor_memory - INFO - Processing process data: {"timestamp": "2025-05-21T23:22:45.244560", "active_app": "Unknown", "active_window": "Unknown Window", "active_processes": [{"name": "Cursor Helper (Plugin): extension-host [2-2]", "pid": 76523, "typ...
2025-05-21 23:22:46,307 - direct_sensor_memory - INFO - Extracted process context: {"active_window": "Unknown Window", "active_app": "Unknown", "active_apps": ["Cursor Helper (Plugin): extension-host [2-2]", "Cursor", "Safari", "Cursor Helper (Renderer)", "Google Chrome", "Cursor Helper (Plugin): extension-host [1-1]", "Google Chrome Helper (Renderer)", "suggestd", "AddressBookSourceSync", "ServiceExtension"]}
2025-05-21 23:22:46,312 - direct_sensor_memory - INFO - ✅ Updated context file with keys: ['active_window', 'active_app', 'active_apps']
2025-05-21 23:22:46,312 - direct_sensor_memory - INFO - ✅ Successfully processed process data and updated memory/context
2025-05-21 23:22:52,316 - direct_sensor_memory - INFO - Detected process sensor update (last: 1747894965.2452493, new: 1747894970.4582834)
2025-05-21 23:22:52,320 - direct_sensor_memory - INFO - Processing process data: {"timestamp": "2025-05-21T23:22:50.457602", "active_app": "Unknown", "active_window": "Unknown Window", "active_processes": [{"name": "Cursor Helper (Plugin): extension-host [2-2]", "pid": 76523, "typ...
2025-05-21 23:22:52,320 - direct_sensor_memory - INFO - Extracted process context: {"active_window": "Unknown Window", "active_app": "Unknown", "active_apps": ["Cursor Helper (Plugin): extension-host [2-2]", "Cursor", "Safari", "Google Chrome", "Cursor Helper (Renderer)", "Cursor Helper (Plugin): extension-host [1-1]", "Google Chrome Helper (Renderer)", "suggestd", "ServiceExtension", "NotificationCenter"]}
2025-05-21 23:22:52,330 - direct_sensor_memory - INFO - ✅ Updated context file with keys: ['active_window', 'active_app', 'active_apps']
2025-05-21 23:22:52,330 - direct_sensor_memory - INFO - ✅ Successfully processed process data and updated memory/context
2025-05-21 23:22:56,332 - direct_sensor_memory - INFO - Detected process sensor update (last: 1747894970.4582834, new: 1747894975.669222)
2025-05-21 23:22:56,333 - direct_sensor_memory - INFO - Processing process data: {"timestamp": "2025-05-21T23:22:55.668578", "active_app": "Unknown", "active_window": "Unknown Window", "active_processes": [{"name": "Cursor Helper (Plugin): extension-host [2-2]", "pid": 76523, "typ...
2025-05-21 23:22:56,333 - direct_sensor_memory - INFO - Extracted process context: {"active_window": "Unknown Window", "active_app": "Unknown", "active_apps": ["Cursor Helper (Plugin): extension-host [2-2]", "Cursor", "Safari", "Google Chrome", "Cursor Helper (Renderer)", "Cursor Helper (Plugin): extension-host [1-1]", "Google Chrome Helper (Renderer)", "suggestd", "ServiceExtension", "NotificationCenter"]}
2025-05-21 23:22:56,339 - direct_sensor_memory - INFO - ✅ Updated context file with keys: ['active_window', 'active_app', 'active_apps']
2025-05-21 23:22:56,339 - direct_sensor_memory - INFO - ✅ Successfully processed process data and updated memory/context
2025-05-21 23:23:02,342 - direct_sensor_memory - INFO - Detected process sensor update (last: 1747894975.669222, new: 1747894980.8835263)
2025-05-21 23:23:02,346 - direct_sensor_memory - INFO - Processing process data: {"timestamp": "2025-05-21T23:23:00.882104", "active_app": "Unknown", "active_window": "Unknown Window", "active_processes": [{"name": "Cursor Helper (Plugin): extension-host [2-2]", "pid": 76523, "typ...
2025-05-21 23:23:02,346 - direct_sensor_memory - INFO - Extracted process context: {"active_window": "Unknown Window", "active_app": "Unknown", "active_apps": ["Cursor Helper (Plugin): extension-host [2-2]", "Cursor", "Google Chrome", "Safari", "Cursor Helper (Renderer)", "Cursor Helper (Plugin): extension-host [1-1]", "Google Chrome Helper (Renderer)", "suggestd", "ServiceExtension", "NotificationCenter"]}
2025-05-21 23:23:02,356 - direct_sensor_memory - INFO - ✅ Updated context file with keys: ['active_window', 'active_app', 'active_apps']
2025-05-21 23:23:02,356 - direct_sensor_memory - INFO - ✅ Successfully processed process data and updated memory/context
2025-05-21 23:23:06,359 - direct_sensor_memory - INFO - Detected process sensor update (last: 1747894980.8835263, new: 1747894986.1114688)
2025-05-21 23:23:06,360 - direct_sensor_memory - INFO - Processing process data: {"timestamp": "2025-05-21T23:23:06.110196", "active_app": "Unknown", "active_window": "Unknown Window", "active_processes": [{"name": "Cursor Helper (Plugin): extension-host [2-2]", "pid": 76523, "typ...
2025-05-21 23:23:06,360 - direct_sensor_memory - INFO - Extracted process context: {"active_window": "Unknown Window", "active_app": "Unknown", "active_apps": ["Cursor Helper (Plugin): extension-host [2-2]", "Cursor", "Google Chrome", "Safari", "Cursor Helper (Renderer)", "Cursor Helper (Plugin): extension-host [1-1]", "Google Chrome Helper (Renderer)", "suggestd", "ServiceExtension", "AddressBookSourceSync"]}
2025-05-21 23:23:06,365 - direct_sensor_memory - INFO - ✅ Updated context file with keys: ['active_window', 'active_app', 'active_apps']
2025-05-21 23:23:06,365 - direct_sensor_memory - INFO - ✅ Successfully processed process data and updated memory/context
2025-05-21 23:23:12,372 - direct_sensor_memory - INFO - Detected process sensor update (last: 1747894986.1114688, new: 1747894991.3346002)
2025-05-21 23:23:12,376 - direct_sensor_memory - INFO - Processing process data: {"timestamp": "2025-05-21T23:23:11.333913", "active_app": "Unknown", "active_window": "Unknown Window", "active_processes": [{"name": "Cursor Helper (Plugin): extension-host [2-2]", "pid": 76523, "typ...
2025-05-21 23:23:12,376 - direct_sensor_memory - INFO - Extracted process context: {"active_window": "Unknown Window", "active_app": "Unknown", "active_apps": ["Cursor Helper (Plugin): extension-host [2-2]", "Cursor", "Google Chrome", "Safari", "Cursor Helper (Renderer)", "Cursor Helper (Plugin): extension-host [1-1]", "Google Chrome Helper (Renderer)", "suggestd", "AddressBookSourceSync", "ServiceExtension"]}
2025-05-21 23:23:12,384 - direct_sensor_memory - INFO - ✅ Updated context file with keys: ['active_window', 'active_app', 'active_apps']
2025-05-21 23:23:12,385 - direct_sensor_memory - INFO - ✅ Successfully processed process data and updated memory/context
2025-05-21 23:23:18,391 - direct_sensor_memory - INFO - Detected process sensor update (last: 1747894991.3346002, new: 1747894996.5479155)
2025-05-21 23:23:18,396 - direct_sensor_memory - INFO - Processing process data: {"timestamp": "2025-05-21T23:23:16.547248", "active_app": "Unknown", "active_window": "Unknown Window", "active_processes": [{"name": "Cursor Helper (Plugin): extension-host [2-2]", "pid": 76523, "typ...
2025-05-21 23:23:18,396 - direct_sensor_memory - INFO - Extracted process context: {"active_window": "Unknown Window", "active_app": "Unknown", "active_apps": ["Cursor Helper (Plugin): extension-host [2-2]", "Cursor", "Google Chrome", "Safari", "Cursor Helper (Renderer)", "Cursor Helper (Plugin): extension-host [1-1]", "Google Chrome Helper (Renderer)", "suggestd", "AddressBookSourceSync", "ServiceExtension"]}
2025-05-21 23:23:18,406 - direct_sensor_memory - INFO - ✅ Updated context file with keys: ['active_window', 'active_app', 'active_apps']
2025-05-21 23:23:18,406 - direct_sensor_memory - INFO - ✅ Successfully processed process data and updated memory/context
2025-05-21 23:23:22,411 - direct_sensor_memory - INFO - Detected process sensor update (last: 1747894996.5479155, new: 1747895001.7656949)
2025-05-21 23:23:22,414 - direct_sensor_memory - INFO - Processing process data: {"timestamp": "2025-05-21T23:23:21.765029", "active_app": "Unknown", "active_window": "Unknown Window", "active_processes": [{"name": "Cursor Helper (Plugin): extension-host [2-2]", "pid": 76523, "typ...
2025-05-21 23:23:22,415 - direct_sensor_memory - INFO - Extracted process context: {"active_window": "Unknown Window", "active_app": "Unknown", "active_apps": ["Cursor Helper (Plugin): extension-host [2-2]", "Cursor Helper (Renderer)", "Cursor", "Google Chrome", "Safari", "Cursor Helper (Plugin): extension-host [1-1]", "Google Chrome Helper (Renderer)", "suggestd", "ServiceExtension", "NotificationCenter"]}
2025-05-21 23:23:22,424 - direct_sensor_memory - INFO - ✅ Updated context file with keys: ['active_window', 'active_app', 'active_apps']
2025-05-21 23:23:22,424 - direct_sensor_memory - INFO - ✅ Successfully processed process data and updated memory/context
2025-05-21 23:23:28,427 - direct_sensor_memory - INFO - Detected process sensor update (last: 1747895001.7656949, new: 1747895006.979373)
2025-05-21 23:23:28,429 - direct_sensor_memory - INFO - Processing process data: {"timestamp": "2025-05-21T23:23:26.978736", "active_app": "Unknown", "active_window": "Unknown Window", "active_processes": [{"name": "Cursor Helper (Plugin): extension-host [2-2]", "pid": 76523, "typ...
2025-05-21 23:23:28,429 - direct_sensor_memory - INFO - Extracted process context: {"active_window": "Unknown Window", "active_app": "Unknown", "active_apps": ["Cursor Helper (Plugin): extension-host [2-2]", "Cursor Helper (Renderer)", "Cursor", "Google Chrome", "Safari", "Cursor Helper (Plugin): extension-host [1-1]", "Google Chrome Helper (Renderer)", "suggestd", "ServiceExtension", "NotificationCenter"]}
2025-05-21 23:23:28,439 - direct_sensor_memory - INFO - ✅ Updated context file with keys: ['active_window', 'active_app', 'active_apps']
2025-05-21 23:23:28,439 - direct_sensor_memory - INFO - ✅ Successfully processed process data and updated memory/context
2025-05-21 23:23:32,443 - direct_sensor_memory - INFO - Detected process sensor update (last: 1747895006.979373, new: 1747895012.1924834)
2025-05-21 23:23:32,447 - direct_sensor_memory - INFO - Processing process data: {"timestamp": "2025-05-21T23:23:32.191807", "active_app": "Unknown", "active_window": "Unknown Window", "active_processes": [{"name": "Cursor Helper (Plugin): extension-host [2-2]", "pid": 76523, "typ...
2025-05-21 23:23:32,447 - direct_sensor_memory - INFO - Extracted process context: {"active_window": "Unknown Window", "active_app": "Unknown", "active_apps": ["Cursor Helper (Plugin): extension-host [2-2]", "Cursor Helper (Renderer)", "Cursor", "Google Chrome", "Safari", "Cursor Helper (Plugin): extension-host [1-1]", "Google Chrome Helper (Renderer)", "suggestd", "ServiceExtension", "NotificationCenter"]}
2025-05-21 23:23:32,456 - direct_sensor_memory - INFO - ✅ Updated context file with keys: ['active_window', 'active_app', 'active_apps']
2025-05-21 23:23:32,456 - direct_sensor_memory - INFO - ✅ Successfully processed process data and updated memory/context
2025-05-21 23:23:38,462 - direct_sensor_memory - INFO - Detected process sensor update (last: 1747895012.1924834, new: 1747895017.4029799)
2025-05-21 23:23:38,466 - direct_sensor_memory - INFO - Processing process data: {"timestamp": "2025-05-21T23:23:37.402335", "active_app": "Unknown", "active_window": "Unknown Window", "active_processes": [{"name": "Cursor Helper (Plugin): extension-host [2-2]", "pid": 76523, "typ...
2025-05-21 23:23:38,466 - direct_sensor_memory - INFO - Extracted process context: {"active_window": "Unknown Window", "active_app": "Unknown", "active_apps": ["Cursor Helper (Plugin): extension-host [2-2]", "Cursor Helper (Renderer)", "Cursor", "Google Chrome", "Safari", "Cursor Helper (Plugin): extension-host [1-1]", "Google Chrome Helper (Renderer)", "suggestd", "ServiceExtension", "NotificationCenter"]}
2025-05-21 23:23:38,475 - direct_sensor_memory - INFO - ✅ Updated context file with keys: ['active_window', 'active_app', 'active_apps']
2025-05-21 23:23:38,475 - direct_sensor_memory - INFO - ✅ Successfully processed process data and updated memory/context
2025-05-21 23:23:44,480 - direct_sensor_memory - INFO - Detected process sensor update (last: 1747895017.4029799, new: 1747895022.6048195)
2025-05-21 23:23:44,484 - direct_sensor_memory - INFO - Processing process data: {"timestamp": "2025-05-21T23:23:42.604073", "active_app": "Unknown", "active_window": "Unknown Window", "active_processes": [{"name": "Cursor", "pid": 76164, "type": "other", "memory_mb": 128.7, "cpu_...
2025-05-21 23:23:44,484 - direct_sensor_memory - INFO - Extracted process context: {"active_window": "Unknown Window", "active_app": "Unknown", "active_apps": ["Cursor", "Google Chrome", "Safari", "Cursor Helper (Plugin): extension-host [2-2]", "Cursor Helper (Renderer)", "Cursor Helper (Plugin): extension-host [1-1]", "Google Chrome Helper (Renderer)", "ServiceExtension", "NotificationCenter", "Finder"]}
2025-05-21 23:23:44,494 - direct_sensor_memory - INFO - ✅ Updated context file with keys: ['active_window', 'active_app', 'active_apps']
2025-05-21 23:23:44,494 - direct_sensor_memory - INFO - ✅ Successfully processed process data and updated memory/context
2025-05-21 23:23:48,499 - direct_sensor_memory - INFO - Detected process sensor update (last: 1747895022.6048195, new: 1747895027.8192806)
2025-05-21 23:23:48,503 - direct_sensor_memory - INFO - Processing process data: {"timestamp": "2025-05-21T23:23:47.818595", "active_app": "Unknown", "active_window": "Unknown Window", "active_processes": [{"name": "Cursor", "pid": 76164, "type": "other", "memory_mb": 128.7, "cpu_...
2025-05-21 23:23:48,503 - direct_sensor_memory - INFO - Extracted process context: {"active_window": "Unknown Window", "active_app": "Unknown", "active_apps": ["Cursor", "Google Chrome", "Safari", "Cursor Helper (Plugin): extension-host [2-2]", "Cursor Helper (Renderer)", "Cursor Helper (Plugin): extension-host [1-1]", "Google Chrome Helper (Renderer)", "ServiceExtension", "NotificationCenter", "Finder"]}
2025-05-21 23:23:48,513 - direct_sensor_memory - INFO - ✅ Updated context file with keys: ['active_window', 'active_app', 'active_apps']
2025-05-21 23:23:48,513 - direct_sensor_memory - INFO - ✅ Successfully processed process data and updated memory/context
2025-05-21 23:23:54,520 - direct_sensor_memory - INFO - Detected process sensor update (last: 1747895027.8192806, new: 1747895033.0397139)
2025-05-21 23:23:54,523 - direct_sensor_memory - INFO - Processing process data: {"timestamp": "2025-05-21T23:23:53.039002", "active_app": "Unknown", "active_window": "Unknown Window", "active_processes": [{"name": "Cursor", "pid": 76164, "type": "other", "memory_mb": 129.6, "cpu_...
2025-05-21 23:23:54,523 - direct_sensor_memory - INFO - Extracted process context: {"active_window": "Unknown Window", "active_app": "Unknown", "active_apps": ["Cursor", "Google Chrome", "Safari", "Cursor Helper (Plugin): extension-host [2-2]", "Cursor Helper (Renderer)", "Cursor Helper (Plugin): extension-host [1-1]", "Google Chrome Helper (Renderer)", "ServiceExtension", "NotificationCenter", "Finder"]}
2025-05-21 23:23:54,532 - direct_sensor_memory - INFO - ✅ Updated context file with keys: ['active_window', 'active_app', 'active_apps']
2025-05-21 23:23:54,532 - direct_sensor_memory - INFO - ✅ Successfully processed process data and updated memory/context
2025-05-21 23:23:58,537 - direct_sensor_memory - INFO - Detected process sensor update (last: 1747895033.0397139, new: 1747895038.2542727)
2025-05-21 23:23:58,541 - direct_sensor_memory - INFO - Processing process data: {"timestamp": "2025-05-21T23:23:58.253604", "active_app": "Unknown", "active_window": "Unknown Window", "active_processes": [{"name": "Cursor", "pid": 76164, "type": "other", "memory_mb": 129.6, "cpu_...
2025-05-21 23:23:58,541 - direct_sensor_memory - INFO - Extracted process context: {"active_window": "Unknown Window", "active_app": "Unknown", "active_apps": ["Cursor", "Google Chrome", "Safari", "Cursor Helper (Plugin): extension-host [2-2]", "Cursor Helper (Renderer)", "Cursor Helper (Plugin): extension-host [1-1]", "Google Chrome Helper (Renderer)", "ServiceExtension", "NotificationCenter", "Finder"]}
2025-05-21 23:23:58,551 - direct_sensor_memory - INFO - ✅ Updated context file with keys: ['active_window', 'active_app', 'active_apps']
2025-05-21 23:23:58,551 - direct_sensor_memory - INFO - ✅ Successfully processed process data and updated memory/context
2025-05-21 23:24:04,555 - direct_sensor_memory - INFO - Detected process sensor update (last: 1747895038.2542727, new: 1747895043.468525)
2025-05-21 23:24:04,559 - direct_sensor_memory - INFO - Processing process data: {"timestamp": "2025-05-21T23:24:03.467838", "active_app": "Unknown", "active_window": "Unknown Window", "active_processes": [{"name": "Cursor Helper (Renderer)", "pid": 76214, "type": "other", "memory...
2025-05-21 23:24:04,559 - direct_sensor_memory - INFO - Extracted process context: {"active_window": "Unknown Window", "active_app": "Unknown", "active_apps": ["Cursor Helper (Renderer)", "Cursor", "Cursor Helper (Plugin): extension-host [2-2]", "Google Chrome", "Safari", "Cursor Helper (Plugin): extension-host [1-1]", "Google Chrome Helper (Renderer)", "ServiceExtension", "NotificationCenter", "Finder"]}
2025-05-21 23:24:04,568 - direct_sensor_memory - INFO - ✅ Updated context file with keys: ['active_window', 'active_app', 'active_apps']
2025-05-21 23:24:04,568 - direct_sensor_memory - INFO - ✅ Successfully processed process data and updated memory/context
2025-05-21 23:24:10,574 - direct_sensor_memory - INFO - Detected process sensor update (last: 1747895043.468525, new: 1747895048.6855981)
2025-05-21 23:24:10,577 - direct_sensor_memory - INFO - Processing process data: {"timestamp": "2025-05-21T23:24:08.684897", "active_app": "Unknown", "active_window": "Unknown Window", "active_processes": [{"name": "Cursor Helper (Plugin): extension-host [2-2]", "pid": 76523, "typ...
2025-05-21 23:24:10,578 - direct_sensor_memory - INFO - Extracted process context: {"active_window": "Unknown Window", "active_app": "Unknown", "active_apps": ["Cursor Helper (Plugin): extension-host [2-2]", "Cursor Helper (Renderer)", "Cursor", "Google Chrome", "Safari", "Cursor Helper (Plugin): extension-host [1-1]", "Google Chrome Helper (Renderer)", "ServiceExtension", "NotificationCenter", "Finder"]}
2025-05-21 23:24:10,587 - direct_sensor_memory - INFO - ✅ Updated context file with keys: ['active_window', 'active_app', 'active_apps']
2025-05-21 23:24:10,587 - direct_sensor_memory - INFO - ✅ Successfully processed process data and updated memory/context
2025-05-21 23:24:14,590 - direct_sensor_memory - INFO - Detected process sensor update (last: 1747895048.6855981, new: 1747895053.9408686)
2025-05-21 23:24:14,594 - direct_sensor_memory - INFO - Processing process data: {"timestamp": "2025-05-21T23:24:13.940084", "active_app": "Unknown", "active_window": "Unknown Window", "active_processes": [{"name": "Cursor Helper (Plugin): extension-host [2-2]", "pid": 76523, "typ...
2025-05-21 23:24:14,594 - direct_sensor_memory - INFO - Extracted process context: {"active_window": "Unknown Window", "active_app": "Unknown", "active_apps": ["Cursor Helper (Plugin): extension-host [2-2]", "Cursor Helper (Renderer)", "Cursor", "Google Chrome", "Safari", "Cursor Helper (Plugin): extension-host [1-1]", "Google Chrome Helper (Renderer)", "ServiceExtension", "NotificationCenter", "Finder"]}
2025-05-21 23:24:14,602 - direct_sensor_memory - INFO - ✅ Updated context file with keys: ['active_window', 'active_app', 'active_apps']
2025-05-21 23:24:14,603 - direct_sensor_memory - INFO - ✅ Successfully processed process data and updated memory/context
2025-05-21 23:24:20,605 - direct_sensor_memory - INFO - Detected process sensor update (last: 1747895053.9408686, new: 1747895059.1764708)
2025-05-21 23:24:20,607 - direct_sensor_memory - INFO - Processing process data: {"timestamp": "2025-05-21T23:24:19.175486", "active_app": "Unknown", "active_window": "Unknown Window", "active_processes": [{"name": "Cursor Helper (Plugin): extension-host [2-2]", "pid": 76523, "typ...
2025-05-21 23:24:20,607 - direct_sensor_memory - INFO - Extracted process context: {"active_window": "Unknown Window", "active_app": "Unknown", "active_apps": ["Cursor Helper (Plugin): extension-host [2-2]", "Cursor Helper (Renderer)", "Google Chrome", "Safari", "Cursor", "Cursor Helper (Plugin): extension-host [1-1]", "Google Chrome Helper (Renderer)", "ServiceExtension", "NotificationCenter", "Finder"]}
2025-05-21 23:24:20,612 - direct_sensor_memory - INFO - ✅ Updated context file with keys: ['active_window', 'active_app', 'active_apps']
2025-05-21 23:24:20,612 - direct_sensor_memory - INFO - ✅ Successfully processed process data and updated memory/context
2025-05-21 23:24:24,616 - direct_sensor_memory - INFO - Detected process sensor update (last: 1747895059.1764708, new: 1747895064.3939397)
2025-05-21 23:24:24,618 - direct_sensor_memory - INFO - Processing process data: {"timestamp": "2025-05-21T23:24:24.393283", "active_app": "Unknown", "active_window": "Unknown Window", "active_processes": [{"name": "Cursor Helper (Plugin): extension-host [2-2]", "pid": 76523, "typ...
2025-05-21 23:24:24,618 - direct_sensor_memory - INFO - Extracted process context: {"active_window": "Unknown Window", "active_app": "Unknown", "active_apps": ["Cursor Helper (Plugin): extension-host [2-2]", "Cursor Helper (Renderer)", "git", "Cursor", "Cursor Helper (Plugin): extension-host [1-1]", "Safari", "Google Chrome", "Google Chrome Helper (Renderer)", "ServiceExtension", "NotificationCenter"]}
2025-05-21 23:24:24,623 - direct_sensor_memory - INFO - ✅ Updated context file with keys: ['active_window', 'active_app', 'active_apps']
2025-05-21 23:24:24,623 - direct_sensor_memory - INFO - ✅ Successfully processed process data and updated memory/context
2025-05-21 23:24:30,630 - direct_sensor_memory - INFO - Detected process sensor update (last: 1747895064.3939397, new: 1747895069.6107721)
2025-05-21 23:24:30,633 - direct_sensor_memory - INFO - Processing process data: {"timestamp": "2025-05-21T23:24:29.610066", "active_app": "Unknown", "active_window": "Unknown Window", "active_processes": [{"name": "Cursor Helper (Plugin): extension-host [2-2]", "pid": 76523, "typ...
2025-05-21 23:24:30,633 - direct_sensor_memory - INFO - Extracted process context: {"active_window": "Unknown Window", "active_app": "Unknown", "active_apps": ["Cursor Helper (Plugin): extension-host [2-2]", "Cursor Helper (Renderer)", "Cursor", "Cursor Helper (Plugin): extension-host [1-1]", "Google Chrome", "Safari", "Google Chrome Helper (Renderer)", "ServiceExtension", "NotificationCenter", "Google Chrome Helper (GPU)"]}
2025-05-21 23:24:30,642 - direct_sensor_memory - INFO - ✅ Updated context file with keys: ['active_window', 'active_app', 'active_apps']
2025-05-21 23:24:30,642 - direct_sensor_memory - INFO - ✅ Successfully processed process data and updated memory/context
2025-05-21 23:24:36,647 - direct_sensor_memory - INFO - Detected process sensor update (last: 1747895069.6107721, new: 1747895074.8249402)
2025-05-21 23:24:36,649 - direct_sensor_memory - INFO - Processing process data: {"timestamp": "2025-05-21T23:24:34.824261", "active_app": "Unknown", "active_window": "Unknown Window", "active_processes": [{"name": "Cursor Helper (Plugin): extension-host [2-2]", "pid": 76523, "typ...
2025-05-21 23:24:36,649 - direct_sensor_memory - INFO - Extracted process context: {"active_window": "Unknown Window", "active_app": "Unknown", "active_apps": ["Cursor Helper (Plugin): extension-host [2-2]", "Cursor Helper (Renderer)", "Cursor", "Cursor Helper (Plugin): extension-host [1-1]", "Google Chrome", "Safari", "Google Chrome Helper (Renderer)", "ServiceExtension", "NotificationCenter", "Google Chrome Helper (GPU)"]}
2025-05-21 23:24:36,655 - direct_sensor_memory - INFO - ✅ Updated context file with keys: ['active_window', 'active_app', 'active_apps']
2025-05-21 23:24:36,655 - direct_sensor_memory - INFO - ✅ Successfully processed process data and updated memory/context
2025-05-21 23:24:40,660 - direct_sensor_memory - INFO - Detected process sensor update (last: 1747895074.8249402, new: 1747895080.0450861)
2025-05-21 23:24:40,663 - direct_sensor_memory - INFO - Processing process data: {"timestamp": "2025-05-21T23:24:40.044417", "active_app": "Unknown", "active_window": "Unknown Window", "active_processes": [{"name": "Cursor Helper (Plugin): extension-host [2-2]", "pid": 76523, "typ...
2025-05-21 23:24:40,663 - direct_sensor_memory - INFO - Extracted process context: {"active_window": "Unknown Window", "active_app": "Unknown", "active_apps": ["Cursor Helper (Plugin): extension-host [2-2]", "Cursor Helper (Renderer)", "Cursor", "Cursor Helper (Plugin): extension-host [1-1]", "Google Chrome", "Safari", "Google Chrome Helper (Renderer)", "ServiceExtension", "NotificationCenter", "Google Chrome Helper (GPU)"]}
2025-05-21 23:24:40,674 - direct_sensor_memory - INFO - ✅ Updated context file with keys: ['active_window', 'active_app', 'active_apps']
2025-05-21 23:24:40,674 - direct_sensor_memory - INFO - ✅ Successfully processed process data and updated memory/context
2025-05-21 23:24:46,679 - direct_sensor_memory - INFO - Detected process sensor update (last: 1747895080.0450861, new: 1747895085.2589195)
2025-05-21 23:24:46,681 - direct_sensor_memory - INFO - Processing process data: {"timestamp": "2025-05-21T23:24:45.258237", "active_app": "Unknown", "active_window": "Unknown Window", "active_processes": [{"name": "Cursor Helper (Plugin): extension-host [2-2]", "pid": 76523, "typ...
2025-05-21 23:24:46,681 - direct_sensor_memory - INFO - Extracted process context: {"active_window": "Unknown Window", "active_app": "Unknown", "active_apps": ["Cursor Helper (Plugin): extension-host [2-2]", "Cursor Helper (Renderer)", "Cursor", "Safari", "Cursor Helper (Plugin): extension-host [1-1]", "Google Chrome", "Google Chrome Helper (Renderer)", "ServiceExtension", "NotificationCenter", "Google Chrome Helper (GPU)"]}
2025-05-21 23:24:46,686 - direct_sensor_memory - INFO - ✅ Updated context file with keys: ['active_window', 'active_app', 'active_apps']
2025-05-21 23:24:46,686 - direct_sensor_memory - INFO - ✅ Successfully processed process data and updated memory/context
2025-05-21 23:24:50,690 - direct_sensor_memory - INFO - Detected process sensor update (last: 1747895085.2589195, new: 1747895090.4725182)
2025-05-21 23:24:50,692 - direct_sensor_memory - INFO - Processing process data: {"timestamp": "2025-05-21T23:24:50.471818", "active_app": "Unknown", "active_window": "Unknown Window", "active_processes": [{"name": "Cursor Helper (Plugin): extension-host [2-2]", "pid": 76523, "typ...
2025-05-21 23:24:50,692 - direct_sensor_memory - INFO - Extracted process context: {"active_window": "Unknown Window", "active_app": "Unknown", "active_apps": ["Cursor Helper (Plugin): extension-host [2-2]", "Cursor Helper (Renderer)", "Cursor", "Safari", "Cursor Helper (Plugin): extension-host [1-1]", "Google Chrome", "Google Chrome Helper (Renderer)", "ServiceExtension", "NotificationCenter", "Google Chrome Helper (GPU)"]}
2025-05-21 23:24:50,702 - direct_sensor_memory - INFO - ✅ Updated context file with keys: ['active_window', 'active_app', 'active_apps']
2025-05-21 23:24:50,702 - direct_sensor_memory - INFO - ✅ Successfully processed process data and updated memory/context
2025-05-21 23:24:56,709 - direct_sensor_memory - INFO - Detected process sensor update (last: 1747895090.4725182, new: 1747895095.671408)
2025-05-21 23:24:56,712 - direct_sensor_memory - INFO - Processing process data: {"timestamp": "2025-05-21T23:24:55.670480", "active_app": "Unknown", "active_window": "Unknown Window", "active_processes": [{"name": "Cursor Helper (Plugin): extension-host [2-2]", "pid": 76523, "typ...
2025-05-21 23:24:56,712 - direct_sensor_memory - INFO - Extracted process context: {"active_window": "Unknown Window", "active_app": "Unknown", "active_apps": ["Cursor Helper (Plugin): extension-host [2-2]", "Cursor Helper (Renderer)", "Cursor", "Safari", "Cursor Helper (Plugin): extension-host [1-1]", "Google Chrome", "Google Chrome Helper (Renderer)", "ServiceExtension", "AddressBookSourceSync", "NotificationCenter"]}
2025-05-21 23:24:56,722 - direct_sensor_memory - INFO - ✅ Updated context file with keys: ['active_window', 'active_app', 'active_apps']
2025-05-21 23:24:56,722 - direct_sensor_memory - INFO - ✅ Successfully processed process data and updated memory/context
2025-05-21 23:25:02,728 - direct_sensor_memory - INFO - Detected process sensor update (last: 1747895095.671408, new: 1747895100.8915458)
2025-05-21 23:25:02,730 - direct_sensor_memory - INFO - Processing process data: {"timestamp": "2025-05-21T23:25:00.890402", "active_app": "Unknown", "active_window": "Unknown Window", "active_processes": [{"name": "Cursor Helper (Plugin): extension-host [2-2]", "pid": 76523, "typ...
2025-05-21 23:25:02,730 - direct_sensor_memory - INFO - Extracted process context: {"active_window": "Unknown Window", "active_app": "Unknown", "active_apps": ["Cursor Helper (Plugin): extension-host [2-2]", "Cursor Helper (Renderer)", "Cursor", "Safari", "Google Chrome", "Cursor Helper (Plugin): extension-host [1-1]", "Google Chrome Helper (Renderer)", "ServiceExtension", "AddressBookSourceSync", "NotificationCenter"]}
2025-05-21 23:25:02,737 - direct_sensor_memory - INFO - ✅ Updated context file with keys: ['active_window', 'active_app', 'active_apps']
2025-05-21 23:25:02,737 - direct_sensor_memory - INFO - ✅ Successfully processed process data and updated memory/context
2025-05-21 23:25:06,742 - direct_sensor_memory - INFO - Detected process sensor update (last: 1747895100.8915458, new: 1747895106.1084075)
2025-05-21 23:25:06,746 - direct_sensor_memory - INFO - Processing process data: {"timestamp": "2025-05-21T23:25:06.107759", "active_app": "Unknown", "active_window": "Unknown Window", "active_processes": [{"name": "Cursor Helper (Plugin): extension-host [2-2]", "pid": 76523, "typ...
2025-05-21 23:25:06,746 - direct_sensor_memory - INFO - Extracted process context: {"active_window": "Unknown Window", "active_app": "Unknown", "active_apps": ["Cursor Helper (Plugin): extension-host [2-2]", "Cursor Helper (Renderer)", "Cursor", "Safari", "Google Chrome", "Cursor Helper (Plugin): extension-host [1-1]", "Google Chrome Helper (Renderer)", "suggestd", "ServiceExtension", "AddressBookSourceSync"]}
2025-05-21 23:25:06,755 - direct_sensor_memory - INFO - ✅ Updated context file with keys: ['active_window', 'active_app', 'active_apps']
2025-05-21 23:25:06,755 - direct_sensor_memory - INFO - ✅ Successfully processed process data and updated memory/context
2025-05-21 23:25:12,762 - direct_sensor_memory - INFO - Detected process sensor update (last: 1747895106.1084075, new: 1747895111.325722)
2025-05-21 23:25:12,763 - direct_sensor_memory - INFO - Processing process data: {"timestamp": "2025-05-21T23:25:11.325050", "active_app": "Unknown", "active_window": "Unknown Window", "active_processes": [{"name": "Cursor Helper (Plugin): extension-host [2-2]", "pid": 76523, "typ...
2025-05-21 23:25:12,763 - direct_sensor_memory - INFO - Extracted process context: {"active_window": "Unknown Window", "active_app": "Unknown", "active_apps": ["Cursor Helper (Plugin): extension-host [2-2]", "Cursor Helper (Renderer)", "Cursor", "Safari", "Google Chrome", "Cursor Helper (Plugin): extension-host [1-1]", "Google Chrome Helper (Renderer)", "suggestd", "ServiceExtension", "AddressBookSourceSync"]}
2025-05-21 23:25:12,768 - direct_sensor_memory - INFO - ✅ Updated context file with keys: ['active_window', 'active_app', 'active_apps']
2025-05-21 23:25:12,768 - direct_sensor_memory - INFO - ✅ Successfully processed process data and updated memory/context
2025-05-21 23:25:16,773 - direct_sensor_memory - INFO - Detected process sensor update (last: 1747895111.325722, new: 1747895116.5460844)
2025-05-21 23:25:16,777 - direct_sensor_memory - INFO - Processing process data: {"timestamp": "2025-05-21T23:25:16.545356", "active_app": "Unknown", "active_window": "Unknown Window", "active_processes": [{"name": "Cursor Helper (Plugin): extension-host [2-2]", "pid": 76523, "typ...
2025-05-21 23:25:16,777 - direct_sensor_memory - INFO - Extracted process context: {"active_window": "Unknown Window", "active_app": "Unknown", "active_apps": ["Cursor Helper (Plugin): extension-host [2-2]", "Cursor Helper (Renderer)", "Cursor", "Safari", "Google Chrome", "Cursor Helper (Plugin): extension-host [1-1]", "Google Chrome Helper (Renderer)", "suggestd", "ServiceExtension", "NotificationCenter"]}
2025-05-21 23:25:16,785 - direct_sensor_memory - INFO - ✅ Updated context file with keys: ['active_window', 'active_app', 'active_apps']
2025-05-21 23:25:16,786 - direct_sensor_memory - INFO - ✅ Successfully processed process data and updated memory/context
2025-05-21 23:25:22,792 - direct_sensor_memory - INFO - Detected process sensor update (last: 1747895116.5460844, new: 1747895121.7575245)
2025-05-21 23:25:22,795 - direct_sensor_memory - INFO - Processing process data: {"timestamp": "2025-05-21T23:25:21.756818", "active_app": "Unknown", "active_window": "Unknown Window", "active_processes": [{"name": "Cursor Helper (Plugin): extension-host [2-2]", "pid": 76523, "typ...
2025-05-21 23:25:22,796 - direct_sensor_memory - INFO - Extracted process context: {"active_window": "Unknown Window", "active_app": "Unknown", "active_apps": ["Cursor Helper (Plugin): extension-host [2-2]", "Cursor Helper (Renderer)", "Cursor", "Safari", "Google Chrome", "Cursor Helper (Plugin): extension-host [1-1]", "Google Chrome Helper (Renderer)", "suggestd", "ServiceExtension", "NotificationCenter"]}
2025-05-21 23:25:22,804 - direct_sensor_memory - INFO - ✅ Updated context file with keys: ['active_window', 'active_app', 'active_apps']
2025-05-21 23:25:22,804 - direct_sensor_memory - INFO - ✅ Successfully processed process data and updated memory/context
2025-05-21 23:25:28,811 - direct_sensor_memory - INFO - Detected process sensor update (last: 1747895121.7575245, new: 1747895126.9777155)
2025-05-21 23:25:28,815 - direct_sensor_memory - INFO - Processing process data: {"timestamp": "2025-05-21T23:25:26.977035", "active_app": "Unknown", "active_window": "Unknown Window", "active_processes": [{"name": "Cursor Helper (Plugin): extension-host [2-2]", "pid": 76523, "typ...
2025-05-21 23:25:28,815 - direct_sensor_memory - INFO - Extracted process context: {"active_window": "Unknown Window", "active_app": "Unknown", "active_apps": ["Cursor Helper (Plugin): extension-host [2-2]", "Cursor Helper (Renderer)", "Cursor", "Safari", "Google Chrome", "Cursor Helper (Plugin): extension-host [1-1]", "Google Chrome Helper (Renderer)", "suggestd", "ServiceExtension", "NotificationCenter"]}
2025-05-21 23:25:28,825 - direct_sensor_memory - INFO - ✅ Updated context file with keys: ['active_window', 'active_app', 'active_apps']
2025-05-21 23:25:28,825 - direct_sensor_memory - INFO - ✅ Successfully processed process data and updated memory/context
2025-05-21 23:25:32,829 - direct_sensor_memory - INFO - Detected process sensor update (last: 1747895126.9777155, new: 1747895132.2012115)
2025-05-21 23:25:32,832 - direct_sensor_memory - INFO - Processing process data: {"timestamp": "2025-05-21T23:25:32.200518", "active_app": "Unknown", "active_window": "Unknown Window", "active_processes": [{"name": "Cursor Helper (Plugin): extension-host [2-2]", "pid": 76523, "typ...
2025-05-21 23:25:32,833 - direct_sensor_memory - INFO - Extracted process context: {"active_window": "Unknown Window", "active_app": "Unknown", "active_apps": ["Cursor Helper (Plugin): extension-host [2-2]", "Cursor Helper (Renderer)", "Cursor", "Google Chrome", "Safari", "Cursor Helper (Plugin): extension-host [1-1]", "Google Chrome Helper (Renderer)", "suggestd", "ServiceExtension", "NotificationCenter"]}
2025-05-21 23:25:32,841 - direct_sensor_memory - INFO - ✅ Updated context file with keys: ['active_window', 'active_app', 'active_apps']
2025-05-21 23:25:32,842 - direct_sensor_memory - INFO - ✅ Successfully processed process data and updated memory/context
2025-05-21 23:25:38,847 - direct_sensor_memory - INFO - Detected process sensor update (last: 1747895132.2012115, new: 1747895137.4126923)
2025-05-21 23:25:38,851 - direct_sensor_memory - INFO - Processing process data: {"timestamp": "2025-05-21T23:25:37.412012", "active_app": "Unknown", "active_window": "Unknown Window", "active_processes": [{"name": "Cursor Helper (Plugin): extension-host [2-2]", "pid": 76523, "typ...
2025-05-21 23:25:38,851 - direct_sensor_memory - INFO - Extracted process context: {"active_window": "Unknown Window", "active_app": "Unknown", "active_apps": ["Cursor Helper (Plugin): extension-host [2-2]", "Cursor Helper (Renderer)", "Cursor", "Google Chrome", "Safari", "Cursor Helper (Plugin): extension-host [1-1]", "Google Chrome Helper (Renderer)", "suggestd", "ServiceExtension", "NotificationCenter"]}
2025-05-21 23:25:38,861 - direct_sensor_memory - INFO - ✅ Updated context file with keys: ['active_window', 'active_app', 'active_apps']
2025-05-21 23:25:38,861 - direct_sensor_memory - INFO - ✅ Successfully processed process data and updated memory/context
2025-05-21 23:25:42,863 - direct_sensor_memory - INFO - Detected process sensor update (last: 1747895137.4126923, new: 1747895142.6251767)
2025-05-21 23:25:42,864 - direct_sensor_memory - INFO - Processing process data: {"timestamp": "2025-05-21T23:25:42.624488", "active_app": "Unknown", "active_window": "Unknown Window", "active_processes": [{"name": "Cursor Helper (Plugin): extension-host [2-2]", "pid": 76523, "typ...
2025-05-21 23:25:42,865 - direct_sensor_memory - INFO - Extracted process context: {"active_window": "Unknown Window", "active_app": "Unknown", "active_apps": ["Cursor Helper (Plugin): extension-host [2-2]", "Cursor Helper (Renderer)", "Cursor", "Google Chrome", "Safari", "Cursor Helper (Plugin): extension-host [1-1]", "Google Chrome Helper (Renderer)", "suggestd", "ServiceExtension", "NotificationCenter"]}
2025-05-21 23:25:42,870 - direct_sensor_memory - INFO - ✅ Updated context file with keys: ['active_window', 'active_app', 'active_apps']
2025-05-21 23:25:42,870 - direct_sensor_memory - INFO - ✅ Successfully processed process data and updated memory/context
2025-05-21 23:25:48,876 - direct_sensor_memory - INFO - Detected process sensor update (last: 1747895142.6251767, new: 1747895147.8379579)
2025-05-21 23:25:48,880 - direct_sensor_memory - INFO - Processing process data: {"timestamp": "2025-05-21T23:25:47.837305", "active_app": "Unknown", "active_window": "Unknown Window", "active_processes": [{"name": "Cursor Helper (Plugin): extension-host [2-2]", "pid": 76523, "typ...
2025-05-21 23:25:48,881 - direct_sensor_memory - INFO - Extracted process context: {"active_window": "Unknown Window", "active_app": "Unknown", "active_apps": ["Cursor Helper (Plugin): extension-host [2-2]", "Cursor Helper (Renderer)", "Cursor", "Google Chrome", "Safari", "Cursor Helper (Plugin): extension-host [1-1]", "Google Chrome Helper (Renderer)", "suggestd", "ServiceExtension", "NotificationCenter"]}
2025-05-21 23:25:48,889 - direct_sensor_memory - INFO - ✅ Updated context file with keys: ['active_window', 'active_app', 'active_apps']
2025-05-21 23:25:48,889 - direct_sensor_memory - INFO - ✅ Successfully processed process data and updated memory/context
2025-05-21 23:25:54,894 - direct_sensor_memory - INFO - Detected process sensor update (last: 1747895147.8379579, new: 1747895153.0559413)
2025-05-21 23:25:54,897 - direct_sensor_memory - INFO - Processing process data: {"timestamp": "2025-05-21T23:25:53.055305", "active_app": "Unknown", "active_window": "Unknown Window", "active_processes": [{"name": "Cursor Helper (Plugin): extension-host [2-2]", "pid": 76523, "typ...
2025-05-21 23:25:54,897 - direct_sensor_memory - INFO - Extracted process context: {"active_window": "Unknown Window", "active_app": "Unknown", "active_apps": ["Cursor Helper (Plugin): extension-host [2-2]", "Cursor Helper (Renderer)", "Cursor", "Google Chrome", "Safari", "Cursor Helper (Plugin): extension-host [1-1]", "Google Chrome Helper (Renderer)", "suggestd", "ServiceExtension", "NotificationCenter"]}
2025-05-21 23:25:54,906 - direct_sensor_memory - INFO - ✅ Updated context file with keys: ['active_window', 'active_app', 'active_apps']
2025-05-21 23:25:54,906 - direct_sensor_memory - INFO - ✅ Successfully processed process data and updated memory/context
2025-05-21 23:25:58,909 - direct_sensor_memory - INFO - Detected process sensor update (last: 1747895153.0559413, new: 1747895158.2531822)
2025-05-21 23:25:58,912 - direct_sensor_memory - INFO - Processing process data: {"timestamp": "2025-05-21T23:25:58.252538", "active_app": "Unknown", "active_window": "Unknown Window", "active_processes": [{"name": "Cursor Helper (Plugin): extension-host [2-2]", "pid": 76523, "typ...
2025-05-21 23:25:58,912 - direct_sensor_memory - INFO - Extracted process context: {"active_window": "Unknown Window", "active_app": "Unknown", "active_apps": ["Cursor Helper (Plugin): extension-host [2-2]", "Cursor Helper (Renderer)", "Cursor", "Google Chrome", "Safari", "Cursor Helper (Plugin): extension-host [1-1]", "Google Chrome Helper (Renderer)", "suggestd", "ServiceExtension", "NotificationCenter"]}
2025-05-21 23:25:58,921 - direct_sensor_memory - INFO - ✅ Updated context file with keys: ['active_window', 'active_app', 'active_apps']
2025-05-21 23:25:58,921 - direct_sensor_memory - INFO - ✅ Successfully processed process data and updated memory/context
2025-05-21 23:26:04,927 - direct_sensor_memory - INFO - Detected process sensor update (last: 1747895158.2531822, new: 1747895163.4712424)
2025-05-21 23:26:04,931 - direct_sensor_memory - INFO - Processing process data: {"timestamp": "2025-05-21T23:26:03.470563", "active_app": "Unknown", "active_window": "Unknown Window", "active_processes": [{"name": "Cursor Helper (Plugin): extension-host [2-2]", "pid": 76523, "typ...
2025-05-21 23:26:04,931 - direct_sensor_memory - INFO - Extracted process context: {"active_window": "Unknown Window", "active_app": "Unknown", "active_apps": ["Cursor Helper (Plugin): extension-host [2-2]", "Cursor Helper (Renderer)", "Cursor", "Google Chrome", "Safari", "Cursor Helper (Plugin): extension-host [1-1]", "Google Chrome Helper (Renderer)", "suggestd", "ServiceExtension", "NotificationCenter"]}
2025-05-21 23:26:04,940 - direct_sensor_memory - INFO - ✅ Updated context file with keys: ['active_window', 'active_app', 'active_apps']
2025-05-21 23:26:04,940 - direct_sensor_memory - INFO - ✅ Successfully processed process data and updated memory/context
2025-05-21 23:26:08,945 - direct_sensor_memory - INFO - Detected process sensor update (last: 1747895163.4712424, new: 1747895168.6887321)
2025-05-21 23:26:08,946 - direct_sensor_memory - INFO - Processing process data: {"timestamp": "2025-05-21T23:26:08.688044", "active_app": "Unknown", "active_window": "Unknown Window", "active_processes": [{"name": "Cursor Helper (Plugin): extension-host [2-2]", "pid": 76523, "typ...
2025-05-21 23:26:08,946 - direct_sensor_memory - INFO - Extracted process context: {"active_window": "Unknown Window", "active_app": "Unknown", "active_apps": ["Cursor Helper (Plugin): extension-host [2-2]", "Cursor Helper (Renderer)", "Cursor", "Google Chrome", "Safari", "Cursor Helper (Plugin): extension-host [1-1]", "Google Chrome Helper (Renderer)", "suggestd", "ServiceExtension", "NotificationCenter"]}
2025-05-21 23:26:08,953 - direct_sensor_memory - INFO - ✅ Updated context file with keys: ['active_window', 'active_app', 'active_apps']
2025-05-21 23:26:08,953 - direct_sensor_memory - INFO - ✅ Successfully processed process data and updated memory/context
2025-05-21 23:26:14,958 - direct_sensor_memory - INFO - Detected process sensor update (last: 1747895168.6887321, new: 1747895173.9396431)
2025-05-21 23:26:14,961 - direct_sensor_memory - INFO - Processing process data: {"timestamp": "2025-05-21T23:26:13.938988", "active_app": "Unknown", "active_window": "Unknown Window", "active_processes": [{"name": "Cursor Helper (Plugin): extension-host [2-2]", "pid": 76523, "typ...
2025-05-21 23:26:14,961 - direct_sensor_memory - INFO - Extracted process context: {"active_window": "Unknown Window", "active_app": "Unknown", "active_apps": ["Cursor Helper (Plugin): extension-host [2-2]", "Cursor Helper (Renderer)", "Cursor", "Google Chrome", "Safari", "Cursor Helper (Plugin): extension-host [1-1]", "Google Chrome Helper (Renderer)", "suggestd", "ServiceExtension", "NotificationCenter"]}
2025-05-21 23:26:14,969 - direct_sensor_memory - INFO - ✅ Updated context file with keys: ['active_window', 'active_app', 'active_apps']
2025-05-21 23:26:14,969 - direct_sensor_memory - INFO - ✅ Successfully processed process data and updated memory/context
2025-05-21 23:26:20,974 - direct_sensor_memory - INFO - Detected process sensor update (last: 1747895173.9396431, new: 1747895179.1443791)
2025-05-21 23:26:20,978 - direct_sensor_memory - INFO - Processing process data: {"timestamp": "2025-05-21T23:26:19.143594", "active_app": "Unknown", "active_window": "Unknown Window", "active_processes": [{"name": "Cursor Helper (Plugin): extension-host [2-2]", "pid": 76523, "typ...
2025-05-21 23:26:20,978 - direct_sensor_memory - INFO - Extracted process context: {"active_window": "Unknown Window", "active_app": "Unknown", "active_apps": ["Cursor Helper (Plugin): extension-host [2-2]", "Cursor Helper (Renderer)", "Cursor", "Google Chrome", "Safari", "Cursor Helper (Plugin): extension-host [1-1]", "Google Chrome Helper (Renderer)", "suggestd", "ServiceExtension", "contactsd"]}
2025-05-21 23:26:20,988 - direct_sensor_memory - INFO - ✅ Updated context file with keys: ['active_window', 'active_app', 'active_apps']
2025-05-21 23:26:20,988 - direct_sensor_memory - INFO - ✅ Successfully processed process data and updated memory/context
2025-05-21 23:26:24,993 - direct_sensor_memory - INFO - Detected process sensor update (last: 1747895179.1443791, new: 1747895184.34367)
2025-05-21 23:26:24,995 - direct_sensor_memory - INFO - Processing process data: {"timestamp": "2025-05-21T23:26:24.342941", "active_app": "Unknown", "active_window": "Unknown Window", "active_processes": [{"name": "Cursor Helper (Plugin): extension-host [2-2]", "pid": 76523, "typ...
2025-05-21 23:26:24,995 - direct_sensor_memory - INFO - Extracted process context: {"active_window": "Unknown Window", "active_app": "Unknown", "active_apps": ["Cursor Helper (Plugin): extension-host [2-2]", "Cursor Helper (Renderer)", "Cursor", "Google Chrome", "Safari", "Cursor Helper (Plugin): extension-host [1-1]", "Google Chrome Helper (Renderer)", "suggestd", "AddressBookSourceSync", "ServiceExtension"]}
2025-05-21 23:26:25,004 - direct_sensor_memory - INFO - ✅ Updated context file with keys: ['active_window', 'active_app', 'active_apps']
2025-05-21 23:26:25,004 - direct_sensor_memory - INFO - ✅ Successfully processed process data and updated memory/context
2025-05-21 23:26:31,011 - direct_sensor_memory - INFO - Detected process sensor update (last: 1747895184.34367, new: 1747895189.5277867)
2025-05-21 23:26:31,015 - direct_sensor_memory - INFO - Processing process data: {"timestamp": "2025-05-21T23:26:29.527130", "active_app": "Unknown", "active_window": "Unknown Window", "active_processes": [{"name": "Cursor Helper (Plugin): extension-host [2-2]", "pid": 76523, "typ...
2025-05-21 23:26:31,015 - direct_sensor_memory - INFO - Extracted process context: {"active_window": "Unknown Window", "active_app": "Unknown", "active_apps": ["Cursor Helper (Plugin): extension-host [2-2]", "Cursor Helper (Renderer)", "Cursor", "Google Chrome", "Safari", "Cursor Helper (Plugin): extension-host [1-1]", "Google Chrome Helper (Renderer)", "suggestd", "AddressBookSourceSync", "ServiceExtension"]}
2025-05-21 23:26:31,025 - direct_sensor_memory - INFO - ✅ Updated context file with keys: ['active_window', 'active_app', 'active_apps']
2025-05-21 23:26:31,025 - direct_sensor_memory - INFO - ✅ Successfully processed process data and updated memory/context
2025-05-21 23:26:35,030 - direct_sensor_memory - INFO - Detected process sensor update (last: 1747895189.5277867, new: 1747895194.7416883)
2025-05-21 23:26:35,034 - direct_sensor_memory - INFO - Processing process data: {"timestamp": "2025-05-21T23:26:34.740989", "active_app": "Unknown", "active_window": "Unknown Window", "active_processes": [{"name": "Cursor Helper (Plugin): extension-host [2-2]", "pid": 76523, "typ...
2025-05-21 23:26:35,034 - direct_sensor_memory - INFO - Extracted process context: {"active_window": "Unknown Window", "active_app": "Unknown", "active_apps": ["Cursor Helper (Plugin): extension-host [2-2]", "Cursor Helper (Renderer)", "Cursor", "Google Chrome", "Safari", "Cursor Helper (Plugin): extension-host [1-1]", "Google Chrome Helper (Renderer)", "suggestd", "ServiceExtension", "contactsd"]}
2025-05-21 23:26:35,044 - direct_sensor_memory - INFO - ✅ Updated context file with keys: ['active_window', 'active_app', 'active_apps']
2025-05-21 23:26:35,044 - direct_sensor_memory - INFO - ✅ Successfully processed process data and updated memory/context
2025-05-21 23:26:41,049 - direct_sensor_memory - INFO - Detected process sensor update (last: 1747895194.7416883, new: 1747895199.9580278)
2025-05-21 23:26:41,053 - direct_sensor_memory - INFO - Processing process data: {"timestamp": "2025-05-21T23:26:39.957374", "active_app": "Unknown", "active_window": "Unknown Window", "active_processes": [{"name": "Cursor Helper (Plugin): extension-host [2-2]", "pid": 76523, "typ...
2025-05-21 23:26:41,053 - direct_sensor_memory - INFO - Extracted process context: {"active_window": "Unknown Window", "active_app": "Unknown", "active_apps": ["Cursor Helper (Plugin): extension-host [2-2]", "Cursor Helper (Renderer)", "Cursor", "Google Chrome", "Safari", "Cursor Helper (Plugin): extension-host [1-1]", "Google Chrome Helper (Renderer)", "suggestd", "contactsd", "ServiceExtension"]}
2025-05-21 23:26:41,064 - direct_sensor_memory - INFO - ✅ Updated context file with keys: ['active_window', 'active_app', 'active_apps']
2025-05-21 23:26:41,064 - direct_sensor_memory - INFO - ✅ Successfully processed process data and updated memory/context
2025-05-21 23:26:47,068 - direct_sensor_memory - INFO - Detected process sensor update (last: 1747895199.9580278, new: 1747895205.1742082)
2025-05-21 23:26:47,071 - direct_sensor_memory - INFO - Processing process data: {"timestamp": "2025-05-21T23:26:45.173522", "active_app": "Unknown", "active_window": "Unknown Window", "active_processes": [{"name": "Cursor Helper (Plugin): extension-host [2-2]", "pid": 76523, "typ...
2025-05-21 23:26:47,071 - direct_sensor_memory - INFO - Extracted process context: {"active_window": "Unknown Window", "active_app": "Unknown", "active_apps": ["Cursor Helper (Plugin): extension-host [2-2]", "Cursor Helper (Renderer)", "Cursor", "Google Chrome", "Safari", "Cursor Helper (Plugin): extension-host [1-1]", "Google Chrome Helper (Renderer)", "suggestd", "ServiceExtension", "contactsd"]}
2025-05-21 23:26:47,083 - direct_sensor_memory - INFO - ✅ Updated context file with keys: ['active_window', 'active_app', 'active_apps']
2025-05-21 23:26:47,083 - direct_sensor_memory - INFO - ✅ Successfully processed process data and updated memory/context
2025-05-21 23:26:51,086 - direct_sensor_memory - INFO - Detected process sensor update (last: 1747895205.1742082, new: 1747895210.4125614)
2025-05-21 23:26:51,089 - direct_sensor_memory - INFO - Processing process data: {"timestamp": "2025-05-21T23:26:50.411863", "active_app": "Unknown", "active_window": "Unknown Window", "active_processes": [{"name": "Cursor Helper (Renderer)", "pid": 76214, "type": "other", "memory...
2025-05-21 23:26:51,089 - direct_sensor_memory - INFO - Extracted process context: {"active_window": "Unknown Window", "active_app": "Unknown", "active_apps": ["Cursor Helper (Renderer)", "Cursor Helper (Plugin): extension-host [2-2]", "Cursor", "Google Chrome", "Safari", "Cursor Helper (Plugin): extension-host [1-1]", "Google Chrome Helper (Renderer)", "suggestd", "contactsd", "AddressBookSourceSync"]}
2025-05-21 23:26:51,099 - direct_sensor_memory - INFO - ✅ Updated context file with keys: ['active_window', 'active_app', 'active_apps']
2025-05-21 23:26:51,100 - direct_sensor_memory - INFO - ✅ Successfully processed process data and updated memory/context
2025-05-21 23:26:57,104 - direct_sensor_memory - INFO - Detected process sensor update (last: 1747895210.4125614, new: 1747895215.628169)
2025-05-21 23:26:57,107 - direct_sensor_memory - INFO - Processing process data: {"timestamp": "2025-05-21T23:26:55.627460", "active_app": "Unknown", "active_window": "Unknown Window", "active_processes": [{"name": "Cursor Helper (Renderer)", "pid": 76214, "type": "other", "memory...
2025-05-21 23:26:57,107 - direct_sensor_memory - INFO - Extracted process context: {"active_window": "Unknown Window", "active_app": "Unknown", "active_apps": ["Cursor Helper (Renderer)", "Cursor Helper (Plugin): extension-host [2-2]", "Cursor", "Google Chrome", "Safari", "Cursor Helper (Plugin): extension-host [1-1]", "Google Chrome Helper (Renderer)", "suggestd", "AddressBookSourceSync", "contactsd"]}
2025-05-21 23:26:57,117 - direct_sensor_memory - INFO - ✅ Updated context file with keys: ['active_window', 'active_app', 'active_apps']
2025-05-21 23:26:57,117 - direct_sensor_memory - INFO - ✅ Successfully processed process data and updated memory/context
2025-05-21 23:27:01,120 - direct_sensor_memory - INFO - Detected process sensor update (last: 1747895215.628169, new: 1747895220.8491204)
2025-05-21 23:27:01,124 - direct_sensor_memory - INFO - Processing process data: {"timestamp": "2025-05-21T23:27:00.848423", "active_app": "Unknown", "active_window": "Unknown Window", "active_processes": [{"name": "Cursor Helper (Renderer)", "pid": 76214, "type": "other", "memory...
2025-05-21 23:27:01,124 - direct_sensor_memory - INFO - Extracted process context: {"active_window": "Unknown Window", "active_app": "Unknown", "active_apps": ["Cursor Helper (Renderer)", "Cursor Helper (Plugin): extension-host [2-2]", "Cursor", "Google Chrome", "Safari", "Cursor Helper (Plugin): extension-host [1-1]", "Google Chrome Helper (Renderer)", "suggestd", "AddressBookSourceSync", "contactsd"]}
2025-05-21 23:27:01,133 - direct_sensor_memory - INFO - ✅ Updated context file with keys: ['active_window', 'active_app', 'active_apps']
2025-05-21 23:27:01,133 - direct_sensor_memory - INFO - ✅ Successfully processed process data and updated memory/context
2025-05-21 23:27:07,138 - direct_sensor_memory - INFO - Detected process sensor update (last: 1747895220.8491204, new: 1747895226.059558)
2025-05-21 23:27:07,141 - direct_sensor_memory - INFO - Processing process data: {"timestamp": "2025-05-21T23:27:06.058824", "active_app": "Unknown", "active_window": "Unknown Window", "active_processes": [{"name": "Cursor Helper (Renderer)", "pid": 76214, "type": "other", "memory...
2025-05-21 23:27:07,141 - direct_sensor_memory - INFO - Extracted process context: {"active_window": "Unknown Window", "active_app": "Unknown", "active_apps": ["Cursor Helper (Renderer)", "Cursor Helper (Plugin): extension-host [2-2]", "Cursor", "Google Chrome", "Safari", "Cursor Helper (Plugin): extension-host [1-1]", "Google Chrome Helper (Renderer)", "suggestd", "AddressBookSourceSync", "contactsd"]}
2025-05-21 23:27:07,151 - direct_sensor_memory - INFO - ✅ Updated context file with keys: ['active_window', 'active_app', 'active_apps']
2025-05-21 23:27:07,151 - direct_sensor_memory - INFO - ✅ Successfully processed process data and updated memory/context
2025-05-21 23:27:13,157 - direct_sensor_memory - INFO - Detected process sensor update (last: 1747895226.059558, new: 1747895231.2753372)
2025-05-21 23:27:13,161 - direct_sensor_memory - INFO - Processing process data: {"timestamp": "2025-05-21T23:27:11.274671", "active_app": "Unknown", "active_window": "Unknown Window", "active_processes": [{"name": "Cursor Helper (Renderer)", "pid": 76214, "type": "other", "memory...
2025-05-21 23:27:13,162 - direct_sensor_memory - INFO - Extracted process context: {"active_window": "Unknown Window", "active_app": "Unknown", "active_apps": ["Cursor Helper (Renderer)", "Cursor Helper (Plugin): extension-host [2-2]", "Cursor", "Google Chrome", "Safari", "Cursor Helper (Plugin): extension-host [1-1]", "Google Chrome Helper (Renderer)", "AddressBookSourceSync", "suggestd", "contactsd"]}
2025-05-21 23:27:13,171 - direct_sensor_memory - INFO - ✅ Updated context file with keys: ['active_window', 'active_app', 'active_apps']
2025-05-21 23:27:13,171 - direct_sensor_memory - INFO - ✅ Successfully processed process data and updated memory/context
2025-05-21 23:27:17,174 - direct_sensor_memory - INFO - Detected process sensor update (last: 1747895231.2753372, new: 1747895236.486855)
2025-05-21 23:27:17,177 - direct_sensor_memory - INFO - Processing process data: {"timestamp": "2025-05-21T23:27:16.486113", "active_app": "Unknown", "active_window": "Unknown Window", "active_processes": [{"name": "Cursor Helper (Renderer)", "pid": 76214, "type": "other", "memory...
2025-05-21 23:27:17,178 - direct_sensor_memory - INFO - Extracted process context: {"active_window": "Unknown Window", "active_app": "Unknown", "active_apps": ["Cursor Helper (Renderer)", "Cursor Helper (Plugin): extension-host [2-2]", "Cursor", "Google Chrome", "Safari", "Cursor Helper (Plugin): extension-host [1-1]", "Google Chrome Helper (Renderer)", "suggestd", "AddressBookSourceSync", "contactsd"]}
2025-05-21 23:27:17,186 - direct_sensor_memory - INFO - ✅ Updated context file with keys: ['active_window', 'active_app', 'active_apps']
2025-05-21 23:27:17,187 - direct_sensor_memory - INFO - ✅ Successfully processed process data and updated memory/context
2025-05-21 23:27:23,194 - direct_sensor_memory - INFO - Detected process sensor update (last: 1747895236.486855, new: 1747895241.7262888)
2025-05-21 23:27:23,200 - direct_sensor_memory - INFO - Processing process data: {"timestamp": "2025-05-21T23:27:21.725493", "active_app": "Unknown", "active_window": "Unknown Window", "active_processes": [{"name": "Cursor Helper (Renderer)", "pid": 76214, "type": "other", "memory...
2025-05-21 23:27:23,200 - direct_sensor_memory - INFO - Extracted process context: {"active_window": "Unknown Window", "active_app": "Unknown", "active_apps": ["Cursor Helper (Renderer)", "Cursor Helper (Plugin): extension-host [2-2]", "Cursor", "Safari", "Google Chrome", "Cursor Helper (Plugin): extension-host [1-1]", "Google Chrome Helper (Renderer)", "ServiceExtension", "AddressBookSourceSync", "contactsd"]}
2025-05-21 23:27:23,209 - direct_sensor_memory - INFO - ✅ Updated context file with keys: ['active_window', 'active_app', 'active_apps']
2025-05-21 23:27:23,209 - direct_sensor_memory - INFO - ✅ Successfully processed process data and updated memory/context
2025-05-21 23:27:27,213 - direct_sensor_memory - INFO - Detected process sensor update (last: 1747895241.7262888, new: 1747895246.9492517)
2025-05-21 23:27:27,216 - direct_sensor_memory - INFO - Processing process data: {"timestamp": "2025-05-21T23:27:26.947981", "active_app": "Unknown", "active_window": "Unknown Window", "active_processes": [{"name": "Cursor Helper (Renderer)", "pid": 76214, "type": "other", "memory...
2025-05-21 23:27:27,216 - direct_sensor_memory - INFO - Extracted process context: {"active_window": "Unknown Window", "active_app": "Unknown", "active_apps": ["Cursor Helper (Renderer)", "Cursor", "Safari", "Google Chrome", "Cursor Helper (Plugin): extension-host [2-2]", "Cursor Helper (Plugin): extension-host [1-1]", "suggestd", "Google Chrome Helper (Renderer)", "AddressBookSourceSync", "ServiceExtension"]}
2025-05-21 23:27:27,226 - direct_sensor_memory - INFO - ✅ Updated context file with keys: ['active_window', 'active_app', 'active_apps']
2025-05-21 23:27:27,226 - direct_sensor_memory - INFO - ✅ Successfully processed process data and updated memory/context
2025-05-21 23:27:33,233 - direct_sensor_memory - INFO - Detected process sensor update (last: 1747895246.9492517, new: 1747895252.186945)
2025-05-21 23:27:33,237 - direct_sensor_memory - INFO - Processing process data: {"timestamp": "2025-05-21T23:27:32.185841", "active_app": "Unknown", "active_window": "Unknown Window", "active_processes": [{"name": "Cursor Helper (Renderer)", "pid": 76214, "type": "other", "memory...
2025-05-21 23:27:33,237 - direct_sensor_memory - INFO - Extracted process context: {"active_window": "Unknown Window", "active_app": "Unknown", "active_apps": ["Cursor Helper (Renderer)", "Google Chrome", "Cursor", "Safari", "Cursor Helper (Plugin): extension-host [2-2]", "Cursor Helper (Plugin): extension-host [1-1]", "suggestd", "Google Chrome Helper (Renderer)", "AddressBookSourceSync", "ServiceExtension"]}
2025-05-21 23:27:33,246 - direct_sensor_memory - INFO - ✅ Updated context file with keys: ['active_window', 'active_app', 'active_apps']
2025-05-21 23:27:33,246 - direct_sensor_memory - INFO - ✅ Successfully processed process data and updated memory/context
2025-05-21 23:27:39,253 - direct_sensor_memory - INFO - Detected process sensor update (last: 1747895252.186945, new: 1747895257.3963804)
2025-05-21 23:27:39,256 - direct_sensor_memory - INFO - Processing process data: {"timestamp": "2025-05-21T23:27:37.395461", "active_app": "Unknown", "active_window": "Unknown Window", "active_processes": [{"name": "Safari", "pid": 21272, "type": "browser", "memory_mb": 106.0, "cp...
2025-05-21 23:27:39,257 - direct_sensor_memory - INFO - Extracted process context: {"active_window": "Unknown Window", "active_app": "Unknown", "active_apps": ["Safari", "Cursor Helper (Renderer)", "Google Chrome", "Cursor", "Cursor Helper (Plugin): extension-host [2-2]", "Cursor Helper (Plugin): extension-host [1-1]", "suggestd", "Google Chrome Helper (Renderer)", "ServiceExtension", "NotificationCenter"]}
2025-05-21 23:27:39,264 - direct_sensor_memory - INFO - ✅ Updated context file with keys: ['active_window', 'active_app', 'active_apps']
2025-05-21 23:27:39,264 - direct_sensor_memory - INFO - ✅ Successfully processed process data and updated memory/context
2025-05-21 23:27:43,269 - direct_sensor_memory - INFO - Detected process sensor update (last: 1747895257.3963804, new: 1747895262.6201596)
2025-05-21 23:27:43,273 - direct_sensor_memory - INFO - Processing process data: {"timestamp": "2025-05-21T23:27:42.619445", "active_app": "Unknown", "active_window": "Unknown Window", "active_processes": [{"name": "Safari", "pid": 21272, "type": "browser", "memory_mb": 107.2, "cp...
2025-05-21 23:27:43,273 - direct_sensor_memory - INFO - Extracted process context: {"active_window": "Unknown Window", "active_app": "Unknown", "active_apps": ["Safari", "Google Chrome", "Cursor Helper (Renderer)", "Cursor", "Cursor Helper (Plugin): extension-host [1-1]", "Google Chrome Helper (Renderer)", "Cursor Helper (Plugin): extension-host [2-2]", "ServiceExtension", "suggestd", "NotificationCenter"]}
2025-05-21 23:27:43,283 - direct_sensor_memory - INFO - ✅ Updated context file with keys: ['active_window', 'active_app', 'active_apps']
2025-05-21 23:27:43,283 - direct_sensor_memory - INFO - ✅ Successfully processed process data and updated memory/context
2025-05-21 23:27:49,288 - direct_sensor_memory - INFO - Detected process sensor update (last: 1747895262.6201596, new: 1747895267.840685)
2025-05-21 23:27:49,291 - direct_sensor_memory - INFO - Processing process data: {"timestamp": "2025-05-21T23:27:47.839727", "active_app": "Unknown", "active_window": "Unknown Window", "active_processes": [{"name": "Cursor Helper (Renderer)", "pid": 76214, "type": "other", "memory...
2025-05-21 23:27:49,291 - direct_sensor_memory - INFO - Extracted process context: {"active_window": "Unknown Window", "active_app": "Unknown", "active_apps": ["Cursor Helper (Renderer)", "Safari", "Google Chrome", "Cursor", "Cursor Helper (Plugin): extension-host [1-1]", "Google Chrome Helper (Renderer)", "Cursor Helper (Plugin): extension-host [2-2]", "ServiceExtension", "NotificationCenter", "Cursor Helper (GPU)"]}
2025-05-21 23:27:49,299 - direct_sensor_memory - INFO - ✅ Updated context file with keys: ['active_window', 'active_app', 'active_apps']
2025-05-21 23:27:49,300 - direct_sensor_memory - INFO - ✅ Successfully processed process data and updated memory/context
2025-05-21 23:27:53,303 - direct_sensor_memory - INFO - Detected process sensor update (last: 1747895267.840685, new: 1747895273.0591764)
2025-05-21 23:27:53,307 - direct_sensor_memory - INFO - Processing process data: {"timestamp": "2025-05-21T23:27:53.058495", "active_app": "Unknown", "active_window": "Unknown Window", "active_processes": [{"name": "Cursor Helper (Renderer)", "pid": 76214, "type": "other", "memory...
2025-05-21 23:27:53,307 - direct_sensor_memory - INFO - Extracted process context: {"active_window": "Unknown Window", "active_app": "Unknown", "active_apps": ["Cursor Helper (Renderer)", "Safari", "Google Chrome", "Cursor", "Cursor Helper (Plugin): extension-host [1-1]", "Google Chrome Helper (Renderer)", "Cursor Helper (Plugin): extension-host [2-2]", "ServiceExtension", "AddressBookSourceSync", "contactsd"]}
2025-05-21 23:27:53,315 - direct_sensor_memory - INFO - ✅ Updated context file with keys: ['active_window', 'active_app', 'active_apps']
2025-05-21 23:27:53,315 - direct_sensor_memory - INFO - ✅ Successfully processed process data and updated memory/context
2025-05-21 23:27:59,322 - direct_sensor_memory - INFO - Detected process sensor update (last: 1747895273.0591764, new: 1747895278.2757204)
2025-05-21 23:27:59,326 - direct_sensor_memory - INFO - Processing process data: {"timestamp": "2025-05-21T23:27:58.275013", "active_app": "Unknown", "active_window": "Unknown Window", "active_processes": [{"name": "Cursor Helper (Renderer)", "pid": 76214, "type": "other", "memory...
2025-05-21 23:27:59,326 - direct_sensor_memory - INFO - Extracted process context: {"active_window": "Unknown Window", "active_app": "Unknown", "active_apps": ["Cursor Helper (Renderer)", "Safari", "Google Chrome", "Cursor", "Cursor Helper (Plugin): extension-host [1-1]", "Google Chrome Helper (Renderer)", "Cursor Helper (Plugin): extension-host [2-2]", "suggestd", "AddressBookSourceSync", "ServiceExtension"]}
2025-05-21 23:27:59,335 - direct_sensor_memory - INFO - ✅ Updated context file with keys: ['active_window', 'active_app', 'active_apps']
2025-05-21 23:27:59,335 - direct_sensor_memory - INFO - ✅ Successfully processed process data and updated memory/context
2025-05-21 23:28:05,341 - direct_sensor_memory - INFO - Detected process sensor update (last: 1747895278.2757204, new: 1747895283.4986753)
2025-05-21 23:28:05,345 - direct_sensor_memory - INFO - Processing process data: {"timestamp": "2025-05-21T23:28:03.497645", "active_app": "Unknown", "active_window": "Unknown Window", "active_processes": [{"name": "Cursor Helper (Renderer)", "pid": 76214, "type": "other", "memory...
2025-05-21 23:28:05,345 - direct_sensor_memory - INFO - Extracted process context: {"active_window": "Unknown Window", "active_app": "Unknown", "active_apps": ["Cursor Helper (Renderer)", "Safari", "Google Chrome", "Cursor", "Cursor Helper (Plugin): extension-host [2-2]", "Cursor Helper (Plugin): extension-host [1-1]", "Google Chrome Helper (Renderer)", "suggestd", "AddressBookSourceSync", "ServiceExtension"]}
2025-05-21 23:28:05,356 - direct_sensor_memory - INFO - ✅ Updated context file with keys: ['active_window', 'active_app', 'active_apps']
2025-05-21 23:28:05,356 - direct_sensor_memory - INFO - ✅ Successfully processed process data and updated memory/context
2025-05-21 23:28:09,361 - direct_sensor_memory - INFO - Detected process sensor update (last: 1747895283.4986753, new: 1747895288.71895)
2025-05-21 23:28:09,364 - direct_sensor_memory - INFO - Processing process data: {"timestamp": "2025-05-21T23:28:08.718256", "active_app": "Unknown", "active_window": "Unknown Window", "active_processes": [{"name": "Safari", "pid": 21272, "type": "browser", "memory_mb": 112.4, "cp...
2025-05-21 23:28:09,365 - direct_sensor_memory - INFO - Extracted process context: {"active_window": "Unknown Window", "active_app": "Unknown", "active_apps": ["Safari", "Google Chrome", "Cursor", "Cursor Helper (Renderer)", "Cursor Helper (Plugin): extension-host [2-2]", "Cursor Helper (Plugin): extension-host [1-1]", "Google Chrome Helper (Renderer)", "AddressBookSourceSync", "suggestd", "ServiceExtension"]}
2025-05-21 23:28:09,373 - direct_sensor_memory - INFO - ✅ Updated context file with keys: ['active_window', 'active_app', 'active_apps']
2025-05-21 23:28:09,373 - direct_sensor_memory - INFO - ✅ Successfully processed process data and updated memory/context
2025-05-21 23:28:15,376 - direct_sensor_memory - INFO - Detected process sensor update (last: 1747895288.71895, new: 1747895293.9315748)
2025-05-21 23:28:15,380 - direct_sensor_memory - INFO - Processing process data: {"timestamp": "2025-05-21T23:28:13.930859", "active_app": "Unknown", "active_window": "Unknown Window", "active_processes": [{"name": "Safari", "pid": 21272, "type": "browser", "memory_mb": 112.7, "cp...
2025-05-21 23:28:15,380 - direct_sensor_memory - INFO - Extracted process context: {"active_window": "Unknown Window", "active_app": "Unknown", "active_apps": ["Safari", "Google Chrome", "Cursor", "Cursor Helper (Renderer)", "Cursor Helper (Plugin): extension-host [2-2]", "Cursor Helper (Plugin): extension-host [1-1]", "Google Chrome Helper (Renderer)", "AddressBookSourceSync", "suggestd", "ServiceExtension"]}
2025-05-21 23:28:15,388 - direct_sensor_memory - INFO - ✅ Updated context file with keys: ['active_window', 'active_app', 'active_apps']
2025-05-21 23:28:15,389 - direct_sensor_memory - INFO - ✅ Successfully processed process data and updated memory/context
2025-05-21 23:28:19,393 - direct_sensor_memory - INFO - Detected process sensor update (last: 1747895293.9315748, new: 1747895299.1743066)
2025-05-21 23:28:19,397 - direct_sensor_memory - INFO - Processing process data: {"timestamp": "2025-05-21T23:28:19.172911", "active_app": "Unknown", "active_window": "Unknown Window", "active_processes": [{"name": "Cursor Helper (Renderer)", "pid": 76214, "type": "other", "memory...
2025-05-21 23:28:19,397 - direct_sensor_memory - INFO - Extracted process context: {"active_window": "Unknown Window", "active_app": "Unknown", "active_apps": ["Cursor Helper (Renderer)", "Safari", "Google Chrome", "Cursor Helper (Plugin): extension-host [2-2]", "Cursor", "Cursor Helper (Plugin): extension-host [1-1]", "Google Chrome Helper (Renderer)", "suggestd", "AddressBookSourceSync", "ServiceExtension"]}
2025-05-21 23:28:19,407 - direct_sensor_memory - INFO - ✅ Updated context file with keys: ['active_window', 'active_app', 'active_apps']
2025-05-21 23:28:19,407 - direct_sensor_memory - INFO - ✅ Successfully processed process data and updated memory/context
2025-05-21 23:28:25,412 - direct_sensor_memory - INFO - Detected process sensor update (last: 1747895299.1743066, new: 1747895304.3930998)
2025-05-21 23:28:25,415 - direct_sensor_memory - INFO - Processing process data: {"timestamp": "2025-05-21T23:28:24.392110", "active_app": "Unknown", "active_window": "Unknown Window", "active_processes": [{"name": "Cursor Helper (Renderer)", "pid": 76214, "type": "other", "memory...
2025-05-21 23:28:25,415 - direct_sensor_memory - INFO - Extracted process context: {"active_window": "Unknown Window", "active_app": "Unknown", "active_apps": ["Cursor Helper (Renderer)", "Google Chrome", "Cursor", "Safari", "Cursor Helper (Plugin): extension-host [2-2]", "Cursor Helper (Plugin): extension-host [1-1]", "Google Chrome Helper (Renderer)", "Google Chrome Helper (GPU)", "ScreenTimeWidgetExtension", "ServiceExtension"]}
2025-05-21 23:28:25,425 - direct_sensor_memory - INFO - ✅ Updated context file with keys: ['active_window', 'active_app', 'active_apps']
2025-05-21 23:28:25,426 - direct_sensor_memory - INFO - ✅ Successfully processed process data and updated memory/context
2025-05-21 23:28:31,432 - direct_sensor_memory - INFO - Detected process sensor update (last: 1747895304.3930998, new: 1747895309.6075473)
2025-05-21 23:28:31,435 - direct_sensor_memory - INFO - Processing process data: {"timestamp": "2025-05-21T23:28:29.606840", "active_app": "Unknown", "active_window": "Unknown Window", "active_processes": [{"name": "Cursor Helper (Renderer)", "pid": 76214, "type": "other", "memory...
2025-05-21 23:28:31,436 - direct_sensor_memory - INFO - Extracted process context: {"active_window": "Unknown Window", "active_app": "Unknown", "active_apps": ["Cursor Helper (Renderer)", "Google Chrome", "Cursor", "Safari", "Cursor Helper (Plugin): extension-host [2-2]", "Cursor Helper (Plugin): extension-host [1-1]", "Google Chrome Helper (Renderer)", "Google Chrome Helper (GPU)", "AddressBookSourceSync", "ScreenTimeWidgetExtension"]}
2025-05-21 23:28:31,445 - direct_sensor_memory - INFO - ✅ Updated context file with keys: ['active_window', 'active_app', 'active_apps']
2025-05-21 23:28:31,445 - direct_sensor_memory - INFO - ✅ Successfully processed process data and updated memory/context
2025-05-21 23:28:35,445 - direct_sensor_memory - INFO - Detected process sensor update (last: 1747895309.6075473, new: 1747895314.8296497)
2025-05-21 23:28:35,448 - direct_sensor_memory - INFO - Processing process data: {"timestamp": "2025-05-21T23:28:34.828946", "active_app": "Unknown", "active_window": "Unknown Window", "active_processes": [{"name": "Cursor Helper (Renderer)", "pid": 76214, "type": "other", "memory...
2025-05-21 23:28:35,448 - direct_sensor_memory - INFO - Extracted process context: {"active_window": "Unknown Window", "active_app": "Unknown", "active_apps": ["Cursor Helper (Renderer)", "Google Chrome", "Cursor", "Safari", "Cursor Helper (Plugin): extension-host [2-2]", "Cursor Helper (Plugin): extension-host [1-1]", "Google Chrome Helper (Renderer)", "AddressBookSourceSync", "Google Chrome Helper (GPU)", "ScreenTimeWidgetExtension"]}
2025-05-21 23:28:35,457 - direct_sensor_memory - INFO - ✅ Updated context file with keys: ['active_window', 'active_app', 'active_apps']
2025-05-21 23:28:35,457 - direct_sensor_memory - INFO - ✅ Successfully processed process data and updated memory/context
2025-05-21 23:28:41,454 - direct_sensor_memory - INFO - Detected process sensor update (last: 1747895314.8296497, new: 1747895320.0319982)
2025-05-21 23:28:41,455 - direct_sensor_memory - INFO - Processing process data: {"timestamp": "2025-05-21T23:28:40.031344", "active_app": "Unknown", "active_window": "Unknown Window", "active_processes": [{"name": "Google Chrome", "pid": 74515, "type": "browser", "memory_mb": 129...
2025-05-21 23:28:41,455 - direct_sensor_memory - INFO - Extracted process context: {"active_window": "Unknown Window", "active_app": "Unknown", "active_apps": ["Google Chrome", "Cursor", "Safari", "Cursor Helper (Plugin): extension-host [2-2]", "Cursor Helper (Renderer)", "Cursor Helper (Plugin): extension-host [1-1]", "Google Chrome Helper (Renderer)", "Google Chrome Helper (GPU)", "ScreenTimeWidgetExtension", "ServiceExtension"]}
2025-05-21 23:28:41,460 - direct_sensor_memory - INFO - ✅ Updated context file with keys: ['active_window', 'active_app', 'active_apps']
2025-05-21 23:28:41,460 - direct_sensor_memory - INFO - ✅ Successfully processed process data and updated memory/context
2025-05-21 23:28:45,460 - direct_sensor_memory - INFO - Detected process sensor update (last: 1747895320.0319982, new: 1747895325.2387288)
2025-05-21 23:28:45,464 - direct_sensor_memory - INFO - Processing process data: {"timestamp": "2025-05-21T23:28:45.238047", "active_app": "Unknown", "active_window": "Unknown Window", "active_processes": [{"name": "Google Chrome", "pid": 74515, "type": "browser", "memory_mb": 133...
2025-05-21 23:28:45,464 - direct_sensor_memory - INFO - Extracted process context: {"active_window": "Unknown Window", "active_app": "Unknown", "active_apps": ["Google Chrome", "Cursor", "Safari", "Cursor Helper (Plugin): extension-host [2-2]", "Cursor Helper (Renderer)", "Cursor Helper (Plugin): extension-host [1-1]", "Google Chrome Helper (Renderer)", "Google Chrome Helper (GPU)", "ScreenTimeWidgetExtension", "ServiceExtension"]}
2025-05-21 23:28:45,473 - direct_sensor_memory - INFO - ✅ Updated context file with keys: ['active_window', 'active_app', 'active_apps']
2025-05-21 23:28:45,473 - direct_sensor_memory - INFO - ✅ Successfully processed process data and updated memory/context
2025-05-21 23:28:51,473 - direct_sensor_memory - INFO - Detected process sensor update (last: 1747895325.2387288, new: 1747895330.4462445)
2025-05-21 23:28:51,475 - direct_sensor_memory - INFO - Processing process data: {"timestamp": "2025-05-21T23:28:50.445557", "active_app": "Unknown", "active_window": "Unknown Window", "active_processes": [{"name": "Google Chrome", "pid": 74515, "type": "browser", "memory_mb": 134...
2025-05-21 23:28:51,475 - direct_sensor_memory - INFO - Extracted process context: {"active_window": "Unknown Window", "active_app": "Unknown", "active_apps": ["Google Chrome", "Cursor", "Safari", "Cursor Helper (Plugin): extension-host [2-2]", "Cursor Helper (Renderer)", "Cursor Helper (Plugin): extension-host [1-1]", "Google Chrome Helper (Renderer)", "Google Chrome Helper (GPU)", "ScreenTimeWidgetExtension", "ServiceExtension"]}
2025-05-21 23:28:51,480 - direct_sensor_memory - INFO - ✅ Updated context file with keys: ['active_window', 'active_app', 'active_apps']
2025-05-21 23:28:51,480 - direct_sensor_memory - INFO - ✅ Successfully processed process data and updated memory/context
2025-05-21 23:28:57,483 - direct_sensor_memory - INFO - Detected process sensor update (last: 1747895330.4462445, new: 1747895335.8320012)
2025-05-21 23:28:57,487 - direct_sensor_memory - INFO - Processing process data: {"timestamp": "2025-05-21T23:28:55.830279", "active_app": "Unknown", "active_window": "Unknown Window", "active_processes": [{"name": "Google Chrome", "pid": 74515, "type": "browser", "memory_mb": 134...
2025-05-21 23:28:57,487 - direct_sensor_memory - INFO - Extracted process context: {"active_window": "Unknown Window", "active_app": "Unknown", "active_apps": ["Google Chrome", "Cursor", "Safari", "Cursor Helper (Plugin): extension-host [2-2]", "Cursor Helper (Renderer)", "Cursor Helper (Plugin): extension-host [1-1]", "Google Chrome Helper (Renderer)", "Google Chrome Helper (GPU)", "ScreenTimeWidgetExtension", "ServiceExtension"]}
2025-05-21 23:28:57,496 - direct_sensor_memory - INFO - ✅ Updated context file with keys: ['active_window', 'active_app', 'active_apps']
2025-05-21 23:28:57,497 - direct_sensor_memory - INFO - ✅ Successfully processed process data and updated memory/context
2025-05-21 23:29:01,499 - direct_sensor_memory - INFO - Detected process sensor update (last: 1747895335.8320012, new: 1747895341.0488133)
2025-05-21 23:29:01,502 - direct_sensor_memory - INFO - Processing process data: {"timestamp": "2025-05-21T23:29:01.048123", "active_app": "Unknown", "active_window": "Unknown Window", "active_processes": [{"name": "Google Chrome", "pid": 74515, "type": "browser", "memory_mb": 134...
2025-05-21 23:29:01,502 - direct_sensor_memory - INFO - Extracted process context: {"active_window": "Unknown Window", "active_app": "Unknown", "active_apps": ["Google Chrome", "Cursor", "Safari", "Cursor Helper (Plugin): extension-host [2-2]", "Cursor Helper (Renderer)", "Cursor Helper (Plugin): extension-host [1-1]", "Google Chrome Helper (Renderer)", "Google Chrome Helper (GPU)", "ScreenTimeWidgetExtension", "ServiceExtension"]}
2025-05-21 23:29:01,512 - direct_sensor_memory - INFO - ✅ Updated context file with keys: ['active_window', 'active_app', 'active_apps']
2025-05-21 23:29:01,513 - direct_sensor_memory - INFO - ✅ Successfully processed process data and updated memory/context
2025-05-21 23:29:07,518 - direct_sensor_memory - INFO - Detected process sensor update (last: 1747895341.0488133, new: 1747895346.2629387)
2025-05-21 23:29:07,523 - direct_sensor_memory - INFO - Processing process data: {"timestamp": "2025-05-21T23:29:06.262224", "active_app": "Unknown", "active_window": "Unknown Window", "active_processes": [{"name": "Google Chrome", "pid": 74515, "type": "browser", "memory_mb": 134...
2025-05-21 23:29:07,523 - direct_sensor_memory - INFO - Extracted process context: {"active_window": "Unknown Window", "active_app": "Unknown", "active_apps": ["Google Chrome", "Cursor Helper (Plugin): extension-host [2-2]", "Cursor", "Safari", "Cursor Helper (Renderer)", "Cursor Helper (Plugin): extension-host [1-1]", "Google Chrome Helper (Renderer)", "Google Chrome Helper (GPU)", "ScreenTimeWidgetExtension", "ServiceExtension"]}
2025-05-21 23:29:07,533 - direct_sensor_memory - INFO - ✅ Updated context file with keys: ['active_window', 'active_app', 'active_apps']
2025-05-21 23:29:07,533 - direct_sensor_memory - INFO - ✅ Successfully processed process data and updated memory/context
2025-05-21 23:29:11,536 - direct_sensor_memory - INFO - Detected process sensor update (last: 1747895346.2629387, new: 1747895351.49157)
2025-05-21 23:29:11,538 - direct_sensor_memory - INFO - Processing process data: {"timestamp": "2025-05-21T23:29:11.489337", "active_app": "Unknown", "active_window": "Unknown Window", "active_processes": [{"name": "Cursor Helper (Plugin): extension-host [2-2]", "pid": 76523, "typ...
2025-05-21 23:29:11,538 - direct_sensor_memory - INFO - Extracted process context: {"active_window": "Unknown Window", "active_app": "Unknown", "active_apps": ["Cursor Helper (Plugin): extension-host [2-2]", "Google Chrome", "Cursor", "Safari", "Cursor Helper (Renderer)", "Cursor Helper (Plugin): extension-host [1-1]", "Google Chrome Helper (Renderer)", "Google Chrome Helper (GPU)", "AddressBookSourceSync", "ScreenTimeWidgetExtension"]}
2025-05-21 23:29:11,543 - direct_sensor_memory - INFO - ✅ Updated context file with keys: ['active_window', 'active_app', 'active_apps']
2025-05-21 23:29:11,543 - direct_sensor_memory - INFO - ✅ Successfully processed process data and updated memory/context
2025-05-21 23:29:17,549 - direct_sensor_memory - INFO - Detected process sensor update (last: 1747895351.49157, new: 1747895356.716995)
2025-05-21 23:29:17,553 - direct_sensor_memory - INFO - Processing process data: {"timestamp": "2025-05-21T23:29:16.716316", "active_app": "Unknown", "active_window": "Unknown Window", "active_processes": [{"name": "Cursor Helper (Plugin): extension-host [2-2]", "pid": 76523, "typ...
2025-05-21 23:29:17,553 - direct_sensor_memory - INFO - Extracted process context: {"active_window": "Unknown Window", "active_app": "Unknown", "active_apps": ["Cursor Helper (Plugin): extension-host [2-2]", "Google Chrome", "Cursor", "Safari", "Cursor Helper (Renderer)", "Cursor Helper (Plugin): extension-host [1-1]", "Google Chrome Helper (Renderer)", "Google Chrome Helper (GPU)", "AddressBookSourceSync", "ScreenTimeWidgetExtension"]}
2025-05-21 23:29:17,564 - direct_sensor_memory - INFO - ✅ Updated context file with keys: ['active_window', 'active_app', 'active_apps']
2025-05-21 23:29:17,564 - direct_sensor_memory - INFO - ✅ Successfully processed process data and updated memory/context
2025-05-21 23:29:23,568 - direct_sensor_memory - INFO - Detected process sensor update (last: 1747895356.716995, new: 1747895361.941516)
2025-05-21 23:29:23,572 - direct_sensor_memory - INFO - Processing process data: {"timestamp": "2025-05-21T23:29:21.940840", "active_app": "Unknown", "active_window": "Unknown Window", "active_processes": [{"name": "Cursor Helper (Plugin): extension-host [2-2]", "pid": 76523, "typ...
2025-05-21 23:29:23,572 - direct_sensor_memory - INFO - Extracted process context: {"active_window": "Unknown Window", "active_app": "Unknown", "active_apps": ["Cursor Helper (Plugin): extension-host [2-2]", "Cursor Helper (Renderer)", "Google Chrome", "Cursor", "Safari", "Cursor Helper (Plugin): extension-host [1-1]", "Google Chrome Helper (Renderer)", "AddressBookSourceSync", "Google Chrome Helper (GPU)", "ServiceExtension"]}
2025-05-21 23:29:23,581 - direct_sensor_memory - INFO - ✅ Updated context file with keys: ['active_window', 'active_app', 'active_apps']
2025-05-21 23:29:23,581 - direct_sensor_memory - INFO - ✅ Successfully processed process data and updated memory/context
2025-05-21 23:29:27,583 - direct_sensor_memory - INFO - Detected process sensor update (last: 1747895361.941516, new: 1747895367.1459308)
2025-05-21 23:29:27,587 - direct_sensor_memory - INFO - Processing process data: {"timestamp": "2025-05-21T23:29:27.145253", "active_app": "Unknown", "active_window": "Unknown Window", "active_processes": [{"name": "Cursor Helper (Plugin): extension-host [2-2]", "pid": 76523, "typ...
2025-05-21 23:29:27,587 - direct_sensor_memory - INFO - Extracted process context: {"active_window": "Unknown Window", "active_app": "Unknown", "active_apps": ["Cursor Helper (Plugin): extension-host [2-2]", "Cursor Helper (Renderer)", "Google Chrome", "Cursor", "Safari", "Cursor Helper (Plugin): extension-host [1-1]", "Google Chrome Helper (Renderer)", "Google Chrome Helper (GPU)", "AddressBookSourceSync", "ServiceExtension"]}
2025-05-21 23:29:27,596 - direct_sensor_memory - INFO - ✅ Updated context file with keys: ['active_window', 'active_app', 'active_apps']
2025-05-21 23:29:27,596 - direct_sensor_memory - INFO - ✅ Successfully processed process data and updated memory/context
2025-05-21 23:29:33,602 - direct_sensor_memory - INFO - Detected process sensor update (last: 1747895367.1459308, new: 1747895372.360809)
2025-05-21 23:29:33,604 - direct_sensor_memory - INFO - Processing process data: {"timestamp": "2025-05-21T23:29:32.360160", "active_app": "Unknown", "active_window": "Unknown Window", "active_processes": [{"name": "Cursor Helper (Plugin): extension-host [2-2]", "pid": 76523, "typ...
2025-05-21 23:29:33,604 - direct_sensor_memory - INFO - Extracted process context: {"active_window": "Unknown Window", "active_app": "Unknown", "active_apps": ["Cursor Helper (Plugin): extension-host [2-2]", "Cursor Helper (Renderer)", "Google Chrome", "Cursor", "Safari", "Cursor Helper (Plugin): extension-host [1-1]", "Google Chrome Helper (Renderer)", "Google Chrome Helper (GPU)", "AddressBookSourceSync", "ServiceExtension"]}
2025-05-21 23:29:33,609 - direct_sensor_memory - INFO - ✅ Updated context file with keys: ['active_window', 'active_app', 'active_apps']
2025-05-21 23:29:33,609 - direct_sensor_memory - INFO - ✅ Successfully processed process data and updated memory/context
2025-05-21 23:29:37,613 - direct_sensor_memory - INFO - Detected process sensor update (last: 1747895372.360809, new: 1747895377.5597012)
2025-05-21 23:29:37,615 - direct_sensor_memory - INFO - Processing process data: {"timestamp": "2025-05-21T23:29:37.559003", "active_app": "Unknown", "active_window": "Unknown Window", "active_processes": [{"name": "Cursor Helper (Plugin): extension-host [2-2]", "pid": 76523, "typ...
2025-05-21 23:29:37,615 - direct_sensor_memory - INFO - Extracted process context: {"active_window": "Unknown Window", "active_app": "Unknown", "active_apps": ["Cursor Helper (Plugin): extension-host [2-2]", "Cursor Helper (Renderer)", "Google Chrome", "Cursor", "Safari", "Cursor Helper (Plugin): extension-host [1-1]", "Google Chrome Helper (Renderer)", "Google Chrome Helper (GPU)", "AddressBookSourceSync", "ServiceExtension"]}
2025-05-21 23:29:37,620 - direct_sensor_memory - INFO - ✅ Updated context file with keys: ['active_window', 'active_app', 'active_apps']
2025-05-21 23:29:37,620 - direct_sensor_memory - INFO - ✅ Successfully processed process data and updated memory/context
2025-05-21 23:29:43,627 - direct_sensor_memory - INFO - Detected process sensor update (last: 1747895377.5597012, new: 1747895382.7658088)
2025-05-21 23:29:43,629 - direct_sensor_memory - INFO - Processing process data: {"timestamp": "2025-05-21T23:29:42.765087", "active_app": "Unknown", "active_window": "Unknown Window", "active_processes": [{"name": "Cursor Helper (Plugin): extension-host [2-2]", "pid": 76523, "typ...
2025-05-21 23:29:43,629 - direct_sensor_memory - INFO - Extracted process context: {"active_window": "Unknown Window", "active_app": "Unknown", "active_apps": ["Cursor Helper (Plugin): extension-host [2-2]", "Cursor Helper (Renderer)", "Google Chrome", "Cursor", "Safari", "Cursor Helper (Plugin): extension-host [1-1]", "Google Chrome Helper (Renderer)", "Google Chrome Helper (GPU)", "AddressBookSourceSync", "ServiceExtension"]}
2025-05-21 23:29:43,637 - direct_sensor_memory - INFO - ✅ Updated context file with keys: ['active_window', 'active_app', 'active_apps']
2025-05-21 23:29:43,637 - direct_sensor_memory - INFO - ✅ Successfully processed process data and updated memory/context
2025-05-21 23:29:49,643 - direct_sensor_memory - INFO - Detected process sensor update (last: 1747895382.7658088, new: 1747895387.981887)
2025-05-21 23:29:49,648 - direct_sensor_memory - INFO - Processing process data: {"timestamp": "2025-05-21T23:29:47.981192", "active_app": "Unknown", "active_window": "Unknown Window", "active_processes": [{"name": "Cursor Helper (Plugin): extension-host [2-2]", "pid": 76523, "typ...
2025-05-21 23:29:49,648 - direct_sensor_memory - INFO - Extracted process context: {"active_window": "Unknown Window", "active_app": "Unknown", "active_apps": ["Cursor Helper (Plugin): extension-host [2-2]", "Cursor Helper (Renderer)", "Google Chrome", "Cursor", "Safari", "Cursor Helper (Plugin): extension-host [1-1]", "Google Chrome Helper (Renderer)", "Google Chrome Helper (GPU)", "ServiceExtension", "ScreenTimeWidgetExtension"]}
2025-05-21 23:29:49,657 - direct_sensor_memory - INFO - ✅ Updated context file with keys: ['active_window', 'active_app', 'active_apps']
2025-05-21 23:29:49,657 - direct_sensor_memory - INFO - ✅ Successfully processed process data and updated memory/context
2025-05-21 23:29:53,662 - direct_sensor_memory - INFO - Detected process sensor update (last: 1747895387.981887, new: 1747895393.1925597)
2025-05-21 23:29:53,666 - direct_sensor_memory - INFO - Processing process data: {"timestamp": "2025-05-21T23:29:53.191880", "active_app": "Unknown", "active_window": "Unknown Window", "active_processes": [{"name": "Cursor Helper (Plugin): extension-host [2-2]", "pid": 76523, "typ...
2025-05-21 23:29:53,666 - direct_sensor_memory - INFO - Extracted process context: {"active_window": "Unknown Window", "active_app": "Unknown", "active_apps": ["Cursor Helper (Plugin): extension-host [2-2]", "Cursor Helper (Renderer)", "Google Chrome", "Cursor", "Safari", "Cursor Helper (Plugin): extension-host [1-1]", "Google Chrome Helper (Renderer)", "Google Chrome Helper (GPU)", "ServiceExtension", "ScreenTimeWidgetExtension"]}
2025-05-21 23:29:53,675 - direct_sensor_memory - INFO - ✅ Updated context file with keys: ['active_window', 'active_app', 'active_apps']
2025-05-21 23:29:53,675 - direct_sensor_memory - INFO - ✅ Successfully processed process data and updated memory/context
2025-05-21 23:29:59,682 - direct_sensor_memory - INFO - Detected process sensor update (last: 1747895393.1925597, new: 1747895398.405098)
2025-05-21 23:29:59,686 - direct_sensor_memory - INFO - Processing process data: {"timestamp": "2025-05-21T23:29:58.404394", "active_app": "Unknown", "active_window": "Unknown Window", "active_processes": [{"name": "Cursor Helper (Plugin): extension-host [2-2]", "pid": 76523, "typ...
2025-05-21 23:29:59,686 - direct_sensor_memory - INFO - Extracted process context: {"active_window": "Unknown Window", "active_app": "Unknown", "active_apps": ["Cursor Helper (Plugin): extension-host [2-2]", "Cursor Helper (Renderer)", "Google Chrome", "Cursor", "Safari", "Cursor Helper (Plugin): extension-host [1-1]", "Google Chrome Helper (Renderer)", "Google Chrome Helper (GPU)", "ServiceExtension", "ScreenTimeWidgetExtension"]}
2025-05-21 23:29:59,694 - direct_sensor_memory - INFO - ✅ Updated context file with keys: ['active_window', 'active_app', 'active_apps']
2025-05-21 23:29:59,695 - direct_sensor_memory - INFO - ✅ Successfully processed process data and updated memory/context
2025-05-21 23:30:03,699 - direct_sensor_memory - INFO - Detected process sensor update (last: 1747895398.405098, new: 1747895403.6172442)
2025-05-21 23:30:03,702 - direct_sensor_memory - INFO - Processing process data: {"timestamp": "2025-05-21T23:30:03.616554", "active_app": "Unknown", "active_window": "Unknown Window", "active_processes": [{"name": "Cursor Helper (Plugin): extension-host [2-2]", "pid": 76523, "typ...
2025-05-21 23:30:03,702 - direct_sensor_memory - INFO - Extracted process context: {"active_window": "Unknown Window", "active_app": "Unknown", "active_apps": ["Cursor Helper (Plugin): extension-host [2-2]", "Cursor Helper (Renderer)", "Google Chrome", "Cursor", "Safari", "Cursor Helper (Plugin): extension-host [1-1]", "Google Chrome Helper (Renderer)", "Google Chrome Helper (GPU)", "ServiceExtension", "ScreenTimeWidgetExtension"]}
2025-05-21 23:30:03,708 - direct_sensor_memory - INFO - ✅ Updated context file with keys: ['active_window', 'active_app', 'active_apps']
2025-05-21 23:30:03,709 - direct_sensor_memory - INFO - ✅ Successfully processed process data and updated memory/context
2025-05-21 23:30:09,716 - direct_sensor_memory - INFO - Detected process sensor update (last: 1747895403.6172442, new: 1747895408.8357863)
2025-05-21 23:30:09,720 - direct_sensor_memory - INFO - Processing process data: {"timestamp": "2025-05-21T23:30:08.835089", "active_app": "Unknown", "active_window": "Unknown Window", "active_processes": [{"name": "Cursor Helper (Plugin): extension-host [2-2]", "pid": 76523, "typ...
2025-05-21 23:30:09,720 - direct_sensor_memory - INFO - Extracted process context: {"active_window": "Unknown Window", "active_app": "Unknown", "active_apps": ["Cursor Helper (Plugin): extension-host [2-2]", "Cursor Helper (Renderer)", "Google Chrome", "Cursor", "Safari", "Cursor Helper (Plugin): extension-host [1-1]", "Google Chrome Helper (Renderer)", "Google Chrome Helper (GPU)", "ServiceExtension", "ScreenTimeWidgetExtension"]}
2025-05-21 23:30:09,729 - direct_sensor_memory - INFO - ✅ Updated context file with keys: ['active_window', 'active_app', 'active_apps']
2025-05-21 23:30:09,729 - direct_sensor_memory - INFO - ✅ Successfully processed process data and updated memory/context
2025-05-21 23:30:15,735 - direct_sensor_memory - INFO - Detected process sensor update (last: 1747895408.8357863, new: 1747895414.0509257)
2025-05-21 23:30:15,740 - direct_sensor_memory - INFO - Processing process data: {"timestamp": "2025-05-21T23:30:14.050178", "active_app": "Unknown", "active_window": "Unknown Window", "active_processes": [{"name": "Cursor Helper (Plugin): extension-host [2-2]", "pid": 76523, "typ...
2025-05-21 23:30:15,740 - direct_sensor_memory - INFO - Extracted process context: {"active_window": "Unknown Window", "active_app": "Unknown", "active_apps": ["Cursor Helper (Plugin): extension-host [2-2]", "Cursor Helper (Renderer)", "Google Chrome", "Cursor", "Safari", "Cursor Helper (Plugin): extension-host [1-1]", "Google Chrome Helper (Renderer)", "Google Chrome Helper (GPU)", "ServiceExtension", "ScreenTimeWidgetExtension"]}
2025-05-21 23:30:15,749 - direct_sensor_memory - INFO - ✅ Updated context file with keys: ['active_window', 'active_app', 'active_apps']
2025-05-21 23:30:15,749 - direct_sensor_memory - INFO - ✅ Successfully processed process data and updated memory/context
2025-05-21 23:30:19,752 - direct_sensor_memory - INFO - Detected process sensor update (last: 1747895414.0509257, new: 1747895419.2768204)
2025-05-21 23:30:19,756 - direct_sensor_memory - INFO - Processing process data: {"timestamp": "2025-05-21T23:30:19.276105", "active_app": "Unknown", "active_window": "Unknown Window", "active_processes": [{"name": "Cursor Helper (Plugin): extension-host [2-2]", "pid": 76523, "typ...
2025-05-21 23:30:19,756 - direct_sensor_memory - INFO - Extracted process context: {"active_window": "Unknown Window", "active_app": "Unknown", "active_apps": ["Cursor Helper (Plugin): extension-host [2-2]", "Cursor Helper (Renderer)", "Google Chrome", "Cursor", "Safari", "Cursor Helper (Plugin): extension-host [1-1]", "Google Chrome Helper (Renderer)", "Google Chrome Helper (GPU)", "ServiceExtension", "ScreenTimeWidgetExtension"]}
2025-05-21 23:30:19,765 - direct_sensor_memory - INFO - ✅ Updated context file with keys: ['active_window', 'active_app', 'active_apps']
2025-05-21 23:30:19,765 - direct_sensor_memory - INFO - ✅ Successfully processed process data and updated memory/context
2025-05-21 23:30:25,770 - direct_sensor_memory - INFO - Detected process sensor update (last: 1747895419.2768204, new: 1747895424.497232)
2025-05-21 23:30:25,774 - direct_sensor_memory - INFO - Processing process data: {"timestamp": "2025-05-21T23:30:24.495573", "active_app": "Unknown", "active_window": "Unknown Window", "active_processes": [{"name": "Cursor Helper (Plugin): extension-host [2-2]", "pid": 76523, "typ...
2025-05-21 23:30:25,774 - direct_sensor_memory - INFO - Extracted process context: {"active_window": "Unknown Window", "active_app": "Unknown", "active_apps": ["Cursor Helper (Plugin): extension-host [2-2]", "Cursor Helper (Renderer)", "Google Chrome", "Cursor", "Safari", "Cursor Helper (Plugin): extension-host [1-1]", "Google Chrome Helper (Renderer)", "Google Chrome Helper (GPU)", "ServiceExtension", "ScreenTimeWidgetExtension"]}
2025-05-21 23:30:25,784 - direct_sensor_memory - INFO - ✅ Updated context file with keys: ['active_window', 'active_app', 'active_apps']
2025-05-21 23:30:25,784 - direct_sensor_memory - INFO - ✅ Successfully processed process data and updated memory/context
2025-05-21 23:30:29,789 - direct_sensor_memory - INFO - Detected process sensor update (last: 1747895424.497232, new: 1747895429.7204952)
2025-05-21 23:30:29,790 - direct_sensor_memory - INFO - Processing process data: {"timestamp": "2025-05-21T23:30:29.719766", "active_app": "Unknown", "active_window": "Unknown Window", "active_processes": [{"name": "Cursor Helper (Plugin): extension-host [2-2]", "pid": 76523, "typ...
2025-05-21 23:30:29,790 - direct_sensor_memory - INFO - Extracted process context: {"active_window": "Unknown Window", "active_app": "Unknown", "active_apps": ["Cursor Helper (Plugin): extension-host [2-2]", "Cursor Helper (Renderer)", "Google Chrome", "Cursor", "Safari", "Cursor Helper (Plugin): extension-host [1-1]", "Google Chrome Helper (Renderer)", "Finder", "Google Chrome Helper (GPU)", "ServiceExtension"]}
2025-05-21 23:30:29,798 - direct_sensor_memory - INFO - ✅ Updated context file with keys: ['active_window', 'active_app', 'active_apps']
2025-05-21 23:30:29,798 - direct_sensor_memory - INFO - ✅ Successfully processed process data and updated memory/context
2025-05-21 23:30:35,802 - direct_sensor_memory - INFO - Detected process sensor update (last: 1747895429.7204952, new: 1747895434.9236667)
2025-05-21 23:30:35,805 - direct_sensor_memory - INFO - Processing process data: {"timestamp": "2025-05-21T23:30:34.923007", "active_app": "Unknown", "active_window": "Unknown Window", "active_processes": [{"name": "Cursor Helper (Plugin): extension-host [2-2]", "pid": 76523, "typ...
2025-05-21 23:30:35,806 - direct_sensor_memory - INFO - Extracted process context: {"active_window": "Unknown Window", "active_app": "Unknown", "active_apps": ["Cursor Helper (Plugin): extension-host [2-2]", "Cursor Helper (Renderer)", "Google Chrome", "Cursor", "Safari", "Cursor Helper (Plugin): extension-host [1-1]", "Google Chrome Helper (Renderer)", "suggestd", "Finder", "Google Chrome Helper (GPU)"]}
2025-05-21 23:30:35,815 - direct_sensor_memory - INFO - ✅ Updated context file with keys: ['active_window', 'active_app', 'active_apps']
2025-05-21 23:30:35,815 - direct_sensor_memory - INFO - ✅ Successfully processed process data and updated memory/context
2025-05-21 23:30:41,819 - direct_sensor_memory - INFO - Detected process sensor update (last: 1747895434.9236667, new: 1747895440.1350853)
2025-05-21 23:30:41,822 - direct_sensor_memory - INFO - Processing process data: {"timestamp": "2025-05-21T23:30:40.134439", "active_app": "Unknown", "active_window": "Unknown Window", "active_processes": [{"name": "Cursor Helper (Plugin): extension-host [2-2]", "pid": 76523, "typ...
2025-05-21 23:30:41,823 - direct_sensor_memory - INFO - Extracted process context: {"active_window": "Unknown Window", "active_app": "Unknown", "active_apps": ["Cursor Helper (Plugin): extension-host [2-2]", "Cursor Helper (Renderer)", "Google Chrome", "Cursor", "Safari", "Cursor Helper (Plugin): extension-host [1-1]", "Google Chrome Helper (Renderer)", "suggestd", "Finder", "Google Chrome Helper (GPU)"]}
2025-05-21 23:30:41,832 - direct_sensor_memory - INFO - ✅ Updated context file with keys: ['active_window', 'active_app', 'active_apps']
2025-05-21 23:30:41,832 - direct_sensor_memory - INFO - ✅ Successfully processed process data and updated memory/context
2025-05-21 23:30:45,837 - direct_sensor_memory - INFO - Detected process sensor update (last: 1747895440.1350853, new: 1747895445.3464727)
2025-05-21 23:30:45,840 - direct_sensor_memory - INFO - Processing process data: {"timestamp": "2025-05-21T23:30:45.345762", "active_app": "Unknown", "active_window": "Unknown Window", "active_processes": [{"name": "Cursor Helper (Plugin): extension-host [2-2]", "pid": 76523, "typ...
2025-05-21 23:30:45,840 - direct_sensor_memory - INFO - Extracted process context: {"active_window": "Unknown Window", "active_app": "Unknown", "active_apps": ["Cursor Helper (Plugin): extension-host [2-2]", "Cursor Helper (Renderer)", "Google Chrome", "Cursor", "Safari", "Cursor Helper (Plugin): extension-host [1-1]", "Google Chrome Helper (Renderer)", "suggestd", "Finder", "Google Chrome Helper (GPU)"]}
2025-05-21 23:30:45,849 - direct_sensor_memory - INFO - ✅ Updated context file with keys: ['active_window', 'active_app', 'active_apps']
2025-05-21 23:30:45,849 - direct_sensor_memory - INFO - ✅ Successfully processed process data and updated memory/context
2025-05-21 23:30:51,854 - direct_sensor_memory - INFO - Detected process sensor update (last: 1747895445.3464727, new: 1747895450.563972)
2025-05-21 23:30:51,858 - direct_sensor_memory - INFO - Processing process data: {"timestamp": "2025-05-21T23:30:50.563257", "active_app": "Unknown", "active_window": "Unknown Window", "active_processes": [{"name": "Cursor Helper (Plugin): extension-host [2-2]", "pid": 76523, "typ...
2025-05-21 23:30:51,858 - direct_sensor_memory - INFO - Extracted process context: {"active_window": "Unknown Window", "active_app": "Unknown", "active_apps": ["Cursor Helper (Plugin): extension-host [2-2]", "Cursor Helper (Renderer)", "Google Chrome", "Cursor", "Safari", "Cursor Helper (Plugin): extension-host [1-1]", "Google Chrome Helper (Renderer)", "suggestd", "Finder", "Google Chrome Helper (GPU)"]}
2025-05-21 23:30:51,867 - direct_sensor_memory - INFO - ✅ Updated context file with keys: ['active_window', 'active_app', 'active_apps']
2025-05-21 23:30:51,867 - direct_sensor_memory - INFO - ✅ Successfully processed process data and updated memory/context
2025-05-21 23:30:55,871 - direct_sensor_memory - INFO - Detected process sensor update (last: 1747895450.563972, new: 1747895455.775451)
2025-05-21 23:30:55,874 - direct_sensor_memory - INFO - Processing process data: {"timestamp": "2025-05-21T23:30:55.774781", "active_app": "Unknown", "active_window": "Unknown Window", "active_processes": [{"name": "Cursor Helper (Plugin): extension-host [2-2]", "pid": 76523, "typ...
2025-05-21 23:30:55,874 - direct_sensor_memory - INFO - Extracted process context: {"active_window": "Unknown Window", "active_app": "Unknown", "active_apps": ["Cursor Helper (Plugin): extension-host [2-2]", "Cursor Helper (Renderer)", "Google Chrome", "Cursor", "Safari", "Cursor Helper (Plugin): extension-host [1-1]", "Google Chrome Helper (Renderer)", "suggestd", "Finder", "Google Chrome Helper (GPU)"]}
2025-05-21 23:30:55,881 - direct_sensor_memory - INFO - ✅ Updated context file with keys: ['active_window', 'active_app', 'active_apps']
2025-05-21 23:30:55,881 - direct_sensor_memory - INFO - ✅ Successfully processed process data and updated memory/context
2025-05-21 23:31:01,886 - direct_sensor_memory - INFO - Detected process sensor update (last: 1747895455.775451, new: 1747895460.9949672)
2025-05-21 23:31:01,890 - direct_sensor_memory - INFO - Processing process data: {"timestamp": "2025-05-21T23:31:00.993706", "active_app": "Unknown", "active_window": "Unknown Window", "active_processes": [{"name": "Cursor Helper (Plugin): extension-host [2-2]", "pid": 76523, "typ...
2025-05-21 23:31:01,890 - direct_sensor_memory - INFO - Extracted process context: {"active_window": "Unknown Window", "active_app": "Unknown", "active_apps": ["Cursor Helper (Plugin): extension-host [2-2]", "Cursor Helper (Renderer)", "Google Chrome", "Cursor", "Safari", "Cursor Helper (Plugin): extension-host [1-1]", "Google Chrome Helper (Renderer)", "suggestd", "Finder", "Google Chrome Helper (GPU)"]}
2025-05-21 23:31:01,899 - direct_sensor_memory - INFO - ✅ Updated context file with keys: ['active_window', 'active_app', 'active_apps']
2025-05-21 23:31:01,899 - direct_sensor_memory - INFO - ✅ Successfully processed process data and updated memory/context
2025-05-21 23:31:07,905 - direct_sensor_memory - INFO - Detected process sensor update (last: 1747895460.9949672, new: 1747895466.2124088)
2025-05-21 23:31:07,909 - direct_sensor_memory - INFO - Processing process data: {"timestamp": "2025-05-21T23:31:06.211761", "active_app": "Unknown", "active_window": "Unknown Window", "active_processes": [{"name": "Cursor Helper (Plugin): extension-host [2-2]", "pid": 76523, "typ...
2025-05-21 23:31:07,910 - direct_sensor_memory - INFO - Extracted process context: {"active_window": "Unknown Window", "active_app": "Unknown", "active_apps": ["Cursor Helper (Plugin): extension-host [2-2]", "Cursor Helper (Renderer)", "Google Chrome", "Cursor", "Safari", "Cursor Helper (Plugin): extension-host [1-1]", "Google Chrome Helper (Renderer)", "suggestd", "Finder", "Google Chrome Helper (GPU)"]}
2025-05-21 23:31:07,919 - direct_sensor_memory - INFO - ✅ Updated context file with keys: ['active_window', 'active_app', 'active_apps']
2025-05-21 23:31:07,919 - direct_sensor_memory - INFO - ✅ Successfully processed process data and updated memory/context
2025-05-21 23:31:11,924 - direct_sensor_memory - INFO - Detected process sensor update (last: 1747895466.2124088, new: 1747895471.4284968)
2025-05-21 23:31:11,927 - direct_sensor_memory - INFO - Processing process data: {"timestamp": "2025-05-21T23:31:11.427822", "active_app": "Unknown", "active_window": "Unknown Window", "active_processes": [{"name": "Cursor Helper (Plugin): extension-host [2-2]", "pid": 76523, "typ...
2025-05-21 23:31:11,928 - direct_sensor_memory - INFO - Extracted process context: {"active_window": "Unknown Window", "active_app": "Unknown", "active_apps": ["Cursor Helper (Plugin): extension-host [2-2]", "Cursor Helper (Renderer)", "Google Chrome", "Cursor", "Safari", "Cursor Helper (Plugin): extension-host [1-1]", "Google Chrome Helper (Renderer)", "suggestd", "Finder", "Google Chrome Helper (GPU)"]}
2025-05-21 23:31:11,937 - direct_sensor_memory - INFO - ✅ Updated context file with keys: ['active_window', 'active_app', 'active_apps']
2025-05-21 23:31:11,937 - direct_sensor_memory - INFO - ✅ Successfully processed process data and updated memory/context
2025-05-21 23:31:17,943 - direct_sensor_memory - INFO - Detected process sensor update (last: 1747895471.4284968, new: 1747895476.6422493)
2025-05-21 23:31:17,946 - direct_sensor_memory - INFO - Processing process data: {"timestamp": "2025-05-21T23:31:16.641550", "active_app": "Unknown", "active_window": "Unknown Window", "active_processes": [{"name": "Cursor Helper (Plugin): extension-host [2-2]", "pid": 76523, "typ...
2025-05-21 23:31:17,946 - direct_sensor_memory - INFO - Extracted process context: {"active_window": "Unknown Window", "active_app": "Unknown", "active_apps": ["Cursor Helper (Plugin): extension-host [2-2]", "Cursor Helper (Renderer)", "Google Chrome", "Cursor", "Safari", "Cursor Helper (Plugin): extension-host [1-1]", "Google Chrome Helper (Renderer)", "suggestd", "Finder", "Google Chrome Helper (GPU)"]}
2025-05-21 23:31:17,955 - direct_sensor_memory - INFO - ✅ Updated context file with keys: ['active_window', 'active_app', 'active_apps']
2025-05-21 23:31:17,955 - direct_sensor_memory - INFO - ✅ Successfully processed process data and updated memory/context
2025-05-21 23:31:21,957 - direct_sensor_memory - INFO - Detected process sensor update (last: 1747895476.6422493, new: 1747895481.870185)
2025-05-21 23:31:21,959 - direct_sensor_memory - INFO - Processing process data: {"timestamp": "2025-05-21T23:31:21.869490", "active_app": "Unknown", "active_window": "Unknown Window", "active_processes": [{"name": "Cursor Helper (Plugin): extension-host [2-2]", "pid": 76523, "typ...
2025-05-21 23:31:21,959 - direct_sensor_memory - INFO - Extracted process context: {"active_window": "Unknown Window", "active_app": "Unknown", "active_apps": ["Cursor Helper (Plugin): extension-host [2-2]", "Cursor Helper (Renderer)", "Google Chrome", "Cursor", "Safari", "Cursor Helper (Plugin): extension-host [1-1]", "Google Chrome Helper (Renderer)", "suggestd", "Finder", "Google Chrome Helper (GPU)"]}
2025-05-21 23:31:21,964 - direct_sensor_memory - INFO - ✅ Updated context file with keys: ['active_window', 'active_app', 'active_apps']
2025-05-21 23:31:21,964 - direct_sensor_memory - INFO - ✅ Successfully processed process data and updated memory/context
2025-05-21 23:31:27,968 - direct_sensor_memory - INFO - Detected process sensor update (last: 1747895481.870185, new: 1747895487.0857544)
2025-05-21 23:31:27,972 - direct_sensor_memory - INFO - Processing process data: {"timestamp": "2025-05-21T23:31:27.085017", "active_app": "Unknown", "active_window": "Unknown Window", "active_processes": [{"name": "Cursor Helper (Plugin): extension-host [2-2]", "pid": 76523, "typ...
2025-05-21 23:31:27,972 - direct_sensor_memory - INFO - Extracted process context: {"active_window": "Unknown Window", "active_app": "Unknown", "active_apps": ["Cursor Helper (Plugin): extension-host [2-2]", "Cursor Helper (Renderer)", "Google Chrome", "Cursor", "Safari", "Cursor Helper (Plugin): extension-host [1-1]", "Google Chrome Helper (Renderer)", "suggestd", "Finder", "Google Chrome Helper (GPU)"]}
2025-05-21 23:31:27,981 - direct_sensor_memory - INFO - ✅ Updated context file with keys: ['active_window', 'active_app', 'active_apps']
2025-05-21 23:31:27,981 - direct_sensor_memory - INFO - ✅ Successfully processed process data and updated memory/context
2025-05-21 23:31:33,986 - direct_sensor_memory - INFO - Detected process sensor update (last: 1747895487.0857544, new: 1747895492.2902784)
2025-05-21 23:31:33,989 - direct_sensor_memory - INFO - Processing process data: {"timestamp": "2025-05-21T23:31:32.289594", "active_app": "Unknown", "active_window": "Unknown Window", "active_processes": [{"name": "Cursor Helper (Plugin): extension-host [2-2]", "pid": 76523, "typ...
2025-05-21 23:31:33,989 - direct_sensor_memory - INFO - Extracted process context: {"active_window": "Unknown Window", "active_app": "Unknown", "active_apps": ["Cursor Helper (Plugin): extension-host [2-2]", "Cursor Helper (Renderer)", "Google Chrome", "Cursor", "Safari", "Cursor Helper (Plugin): extension-host [1-1]", "Google Chrome Helper (Renderer)", "suggestd", "Finder", "Google Chrome Helper (GPU)"]}
2025-05-21 23:31:33,999 - direct_sensor_memory - INFO - ✅ Updated context file with keys: ['active_window', 'active_app', 'active_apps']
2025-05-21 23:31:33,999 - direct_sensor_memory - INFO - ✅ Successfully processed process data and updated memory/context
2025-05-21 23:31:38,004 - direct_sensor_memory - INFO - Detected process sensor update (last: 1747895492.2902784, new: 1747895497.5078363)
2025-05-21 23:31:38,008 - direct_sensor_memory - INFO - Processing process data: {"timestamp": "2025-05-21T23:31:37.507182", "active_app": "Unknown", "active_window": "Unknown Window", "active_processes": [{"name": "Cursor Helper (Plugin): extension-host [2-2]", "pid": 76523, "typ...
2025-05-21 23:31:38,008 - direct_sensor_memory - INFO - Extracted process context: {"active_window": "Unknown Window", "active_app": "Unknown", "active_apps": ["Cursor Helper (Plugin): extension-host [2-2]", "Cursor Helper (Renderer)", "Google Chrome", "Cursor", "Safari", "Cursor Helper (Plugin): extension-host [1-1]", "Google Chrome Helper (Renderer)", "suggestd", "Finder", "Google Chrome Helper (GPU)"]}
2025-05-21 23:31:38,017 - direct_sensor_memory - INFO - ✅ Updated context file with keys: ['active_window', 'active_app', 'active_apps']
2025-05-21 23:31:38,017 - direct_sensor_memory - INFO - ✅ Successfully processed process data and updated memory/context
2025-05-21 23:31:44,023 - direct_sensor_memory - INFO - Detected process sensor update (last: 1747895497.5078363, new: 1747895502.7224176)
2025-05-21 23:31:44,026 - direct_sensor_memory - INFO - Processing process data: {"timestamp": "2025-05-21T23:31:42.721735", "active_app": "Unknown", "active_window": "Unknown Window", "active_processes": [{"name": "Cursor Helper (Plugin): extension-host [2-2]", "pid": 76523, "typ...
2025-05-21 23:31:44,026 - direct_sensor_memory - INFO - Extracted process context: {"active_window": "Unknown Window", "active_app": "Unknown", "active_apps": ["Cursor Helper (Plugin): extension-host [2-2]", "Cursor Helper (Renderer)", "Google Chrome", "Cursor", "Safari", "Cursor Helper (Plugin): extension-host [1-1]", "Google Chrome Helper (Renderer)", "suggestd", "Finder", "Google Chrome Helper (GPU)"]}
2025-05-21 23:31:44,035 - direct_sensor_memory - INFO - ✅ Updated context file with keys: ['active_window', 'active_app', 'active_apps']
2025-05-21 23:31:44,036 - direct_sensor_memory - INFO - ✅ Successfully processed process data and updated memory/context
2025-05-21 23:31:48,039 - direct_sensor_memory - INFO - Detected process sensor update (last: 1747895502.7224176, new: 1747895507.9369917)
2025-05-21 23:31:48,042 - direct_sensor_memory - INFO - Processing process data: {"timestamp": "2025-05-21T23:31:47.936304", "active_app": "Unknown", "active_window": "Unknown Window", "active_processes": [{"name": "Cursor Helper (Plugin): extension-host [2-2]", "pid": 76523, "typ...
2025-05-21 23:31:48,042 - direct_sensor_memory - INFO - Extracted process context: {"active_window": "Unknown Window", "active_app": "Unknown", "active_apps": ["Cursor Helper (Plugin): extension-host [2-2]", "Cursor Helper (Renderer)", "Google Chrome", "Cursor", "Safari", "Cursor Helper (Plugin): extension-host [1-1]", "Google Chrome Helper (Renderer)", "suggestd", "Finder", "Google Chrome Helper (GPU)"]}
2025-05-21 23:31:48,052 - direct_sensor_memory - INFO - ✅ Updated context file with keys: ['active_window', 'active_app', 'active_apps']
2025-05-21 23:31:48,052 - direct_sensor_memory - INFO - ✅ Successfully processed process data and updated memory/context
2025-05-21 23:31:54,058 - direct_sensor_memory - INFO - Detected process sensor update (last: 1747895507.9369917, new: 1747895513.1505864)
2025-05-21 23:31:54,061 - direct_sensor_memory - INFO - Processing process data: {"timestamp": "2025-05-21T23:31:53.149930", "active_app": "Unknown", "active_window": "Unknown Window", "active_processes": [{"name": "Cursor Helper (Plugin): extension-host [2-2]", "pid": 76523, "typ...
2025-05-21 23:31:54,061 - direct_sensor_memory - INFO - Extracted process context: {"active_window": "Unknown Window", "active_app": "Unknown", "active_apps": ["Cursor Helper (Plugin): extension-host [2-2]", "Cursor Helper (Renderer)", "Google Chrome", "Cursor", "Safari", "Cursor Helper (Plugin): extension-host [1-1]", "Google Chrome Helper (Renderer)", "suggestd", "Finder", "Google Chrome Helper (GPU)"]}
2025-05-21 23:31:54,073 - direct_sensor_memory - INFO - ✅ Updated context file with keys: ['active_window', 'active_app', 'active_apps']
2025-05-21 23:31:54,073 - direct_sensor_memory - INFO - ✅ Successfully processed process data and updated memory/context
2025-05-21 23:32:00,080 - direct_sensor_memory - INFO - Detected process sensor update (last: 1747895513.1505864, new: 1747895518.3664465)
2025-05-21 23:32:00,083 - direct_sensor_memory - INFO - Processing process data: {"timestamp": "2025-05-21T23:31:58.365815", "active_app": "Unknown", "active_window": "Unknown Window", "active_processes": [{"name": "Cursor Helper (Plugin): extension-host [2-2]", "pid": 76523, "typ...
2025-05-21 23:32:00,084 - direct_sensor_memory - INFO - Extracted process context: {"active_window": "Unknown Window", "active_app": "Unknown", "active_apps": ["Cursor Helper (Plugin): extension-host [2-2]", "Cursor Helper (Renderer)", "Google Chrome", "Cursor", "Safari", "Cursor Helper (Plugin): extension-host [1-1]", "Google Chrome Helper (Renderer)", "suggestd", "Finder", "Google Chrome Helper (GPU)"]}
2025-05-21 23:32:00,093 - direct_sensor_memory - INFO - ✅ Updated context file with keys: ['active_window', 'active_app', 'active_apps']
2025-05-21 23:32:00,093 - direct_sensor_memory - INFO - ✅ Successfully processed process data and updated memory/context
2025-05-21 23:32:04,098 - direct_sensor_memory - INFO - Detected process sensor update (last: 1747895518.3664465, new: 1747895523.5855527)
2025-05-21 23:32:04,100 - direct_sensor_memory - INFO - Processing process data: {"timestamp": "2025-05-21T23:32:03.584873", "active_app": "Unknown", "active_window": "Unknown Window", "active_processes": [{"name": "Cursor Helper (Plugin): extension-host [2-2]", "pid": 76523, "typ...
2025-05-21 23:32:04,100 - direct_sensor_memory - INFO - Extracted process context: {"active_window": "Unknown Window", "active_app": "Unknown", "active_apps": ["Cursor Helper (Plugin): extension-host [2-2]", "Cursor Helper (Renderer)", "Google Chrome", "Cursor", "Safari", "Cursor Helper (Plugin): extension-host [1-1]", "Google Chrome Helper (Renderer)", "suggestd", "Finder", "Google Chrome Helper (GPU)"]}
2025-05-21 23:32:04,109 - direct_sensor_memory - INFO - ✅ Updated context file with keys: ['active_window', 'active_app', 'active_apps']
2025-05-21 23:32:04,110 - direct_sensor_memory - INFO - ✅ Successfully processed process data and updated memory/context
2025-05-21 23:32:10,116 - direct_sensor_memory - INFO - Detected process sensor update (last: 1747895523.5855527, new: 1747895528.803069)
2025-05-21 23:32:10,120 - direct_sensor_memory - INFO - Processing process data: {"timestamp": "2025-05-21T23:32:08.802416", "active_app": "Unknown", "active_window": "Unknown Window", "active_processes": [{"name": "Cursor Helper (Plugin): extension-host [2-2]", "pid": 76523, "typ...
2025-05-21 23:32:10,120 - direct_sensor_memory - INFO - Extracted process context: {"active_window": "Unknown Window", "active_app": "Unknown", "active_apps": ["Cursor Helper (Plugin): extension-host [2-2]", "Cursor Helper (Renderer)", "Google Chrome", "Cursor", "Safari", "Cursor Helper (Plugin): extension-host [1-1]", "Google Chrome Helper (Renderer)", "suggestd", "Finder", "Google Chrome Helper (GPU)"]}
2025-05-21 23:32:10,129 - direct_sensor_memory - INFO - ✅ Updated context file with keys: ['active_window', 'active_app', 'active_apps']
2025-05-21 23:32:10,129 - direct_sensor_memory - INFO - ✅ Successfully processed process data and updated memory/context
2025-05-21 23:32:14,132 - direct_sensor_memory - INFO - Detected process sensor update (last: 1747895528.803069, new: 1747895534.0124185)
2025-05-21 23:32:14,136 - direct_sensor_memory - INFO - Processing process data: {"timestamp": "2025-05-21T23:32:14.011715", "active_app": "Unknown", "active_window": "Unknown Window", "active_processes": [{"name": "Cursor Helper (Plugin): extension-host [2-2]", "pid": 76523, "typ...
2025-05-21 23:32:14,136 - direct_sensor_memory - INFO - Extracted process context: {"active_window": "Unknown Window", "active_app": "Unknown", "active_apps": ["Cursor Helper (Plugin): extension-host [2-2]", "Cursor Helper (Renderer)", "Google Chrome", "Cursor", "Safari", "Cursor Helper (Plugin): extension-host [1-1]", "Google Chrome Helper (Renderer)", "suggestd", "Finder", "Google Chrome Helper (GPU)"]}
2025-05-21 23:32:14,145 - direct_sensor_memory - INFO - ✅ Updated context file with keys: ['active_window', 'active_app', 'active_apps']
2025-05-21 23:32:14,145 - direct_sensor_memory - INFO - ✅ Successfully processed process data and updated memory/context
2025-05-21 23:32:20,152 - direct_sensor_memory - INFO - Detected process sensor update (last: 1747895534.0124185, new: 1747895539.2221396)
2025-05-21 23:32:20,155 - direct_sensor_memory - INFO - Processing process data: {"timestamp": "2025-05-21T23:32:19.221449", "active_app": "Unknown", "active_window": "Unknown Window", "active_processes": [{"name": "Cursor Helper (Plugin): extension-host [2-2]", "pid": 76523, "typ...
2025-05-21 23:32:20,155 - direct_sensor_memory - INFO - Extracted process context: {"active_window": "Unknown Window", "active_app": "Unknown", "active_apps": ["Cursor Helper (Plugin): extension-host [2-2]", "Cursor Helper (Renderer)", "Google Chrome", "Cursor", "Safari", "Cursor Helper (Plugin): extension-host [1-1]", "Google Chrome Helper (Renderer)", "suggestd", "Finder", "Google Chrome Helper (GPU)"]}
2025-05-21 23:32:20,161 - direct_sensor_memory - INFO - ✅ Updated context file with keys: ['active_window', 'active_app', 'active_apps']
2025-05-21 23:32:20,162 - direct_sensor_memory - INFO - ✅ Successfully processed process data and updated memory/context
2025-05-21 23:32:26,167 - direct_sensor_memory - INFO - Detected process sensor update (last: 1747895539.2221396, new: 1747895544.4459703)
2025-05-21 23:32:26,171 - direct_sensor_memory - INFO - Processing process data: {"timestamp": "2025-05-21T23:32:24.445284", "active_app": "Unknown", "active_window": "Unknown Window", "active_processes": [{"name": "Cursor Helper (Plugin): extension-host [2-2]", "pid": 76523, "typ...
2025-05-21 23:32:26,171 - direct_sensor_memory - INFO - Extracted process context: {"active_window": "Unknown Window", "active_app": "Unknown", "active_apps": ["Cursor Helper (Plugin): extension-host [2-2]", "Cursor Helper (Renderer)", "Google Chrome", "Cursor", "Safari", "Cursor Helper (Plugin): extension-host [1-1]", "Google Chrome Helper (Renderer)", "suggestd", "Finder", "Google Chrome Helper (GPU)"]}
2025-05-21 23:32:26,180 - direct_sensor_memory - INFO - ✅ Updated context file with keys: ['active_window', 'active_app', 'active_apps']
2025-05-21 23:32:26,180 - direct_sensor_memory - INFO - ✅ Successfully processed process data and updated memory/context
2025-05-21 23:32:30,185 - direct_sensor_memory - INFO - Detected process sensor update (last: 1747895544.4459703, new: 1747895549.6562955)
2025-05-21 23:32:30,188 - direct_sensor_memory - INFO - Processing process data: {"timestamp": "2025-05-21T23:32:29.655630", "active_app": "Unknown", "active_window": "Unknown Window", "active_processes": [{"name": "Cursor Helper (Plugin): extension-host [2-2]", "pid": 76523, "typ...
2025-05-21 23:32:30,188 - direct_sensor_memory - INFO - Extracted process context: {"active_window": "Unknown Window", "active_app": "Unknown", "active_apps": ["Cursor Helper (Plugin): extension-host [2-2]", "Cursor Helper (Renderer)", "Google Chrome", "Cursor", "Safari", "Cursor Helper (Plugin): extension-host [1-1]", "Google Chrome Helper (Renderer)", "suggestd", "Finder", "Google Chrome Helper (GPU)"]}
2025-05-21 23:32:30,198 - direct_sensor_memory - INFO - ✅ Updated context file with keys: ['active_window', 'active_app', 'active_apps']
2025-05-21 23:32:30,198 - direct_sensor_memory - INFO - ✅ Successfully processed process data and updated memory/context
2025-05-21 23:32:36,203 - direct_sensor_memory - INFO - Detected process sensor update (last: 1747895549.6562955, new: 1747895554.869284)
2025-05-21 23:32:36,206 - direct_sensor_memory - INFO - Processing process data: {"timestamp": "2025-05-21T23:32:34.868602", "active_app": "Unknown", "active_window": "Unknown Window", "active_processes": [{"name": "Cursor Helper (Plugin): extension-host [2-2]", "pid": 76523, "typ...
2025-05-21 23:32:36,206 - direct_sensor_memory - INFO - Extracted process context: {"active_window": "Unknown Window", "active_app": "Unknown", "active_apps": ["Cursor Helper (Plugin): extension-host [2-2]", "Cursor Helper (Renderer)", "Google Chrome", "Cursor", "Safari", "Cursor Helper (Plugin): extension-host [1-1]", "Google Chrome Helper (Renderer)", "suggestd", "Finder", "Google Chrome Helper (GPU)"]}
2025-05-21 23:32:36,215 - direct_sensor_memory - INFO - ✅ Updated context file with keys: ['active_window', 'active_app', 'active_apps']
2025-05-21 23:32:36,215 - direct_sensor_memory - INFO - ✅ Successfully processed process data and updated memory/context
2025-05-21 23:32:40,220 - direct_sensor_memory - INFO - Detected process sensor update (last: 1747895554.869284, new: 1747895560.08348)
2025-05-21 23:32:40,224 - direct_sensor_memory - INFO - Processing process data: {"timestamp": "2025-05-21T23:32:40.082792", "active_app": "Unknown", "active_window": "Unknown Window", "active_processes": [{"name": "Cursor Helper (Plugin): extension-host [2-2]", "pid": 76523, "typ...
2025-05-21 23:32:40,224 - direct_sensor_memory - INFO - Extracted process context: {"active_window": "Unknown Window", "active_app": "Unknown", "active_apps": ["Cursor Helper (Plugin): extension-host [2-2]", "Cursor Helper (Renderer)", "Google Chrome", "Cursor", "Safari", "Cursor Helper (Plugin): extension-host [1-1]", "Google Chrome Helper (Renderer)", "suggestd", "Finder", "Google Chrome Helper (GPU)"]}
2025-05-21 23:32:40,232 - direct_sensor_memory - INFO - ✅ Updated context file with keys: ['active_window', 'active_app', 'active_apps']
2025-05-21 23:32:40,232 - direct_sensor_memory - INFO - ✅ Successfully processed process data and updated memory/context
2025-05-21 23:32:46,237 - direct_sensor_memory - INFO - Detected process sensor update (last: 1747895560.08348, new: 1747895565.2973692)
2025-05-21 23:32:46,238 - direct_sensor_memory - INFO - Processing process data: {"timestamp": "2025-05-21T23:32:45.296660", "active_app": "Unknown", "active_window": "Unknown Window", "active_processes": [{"name": "Cursor Helper (Plugin): extension-host [2-2]", "pid": 76523, "typ...
2025-05-21 23:32:46,238 - direct_sensor_memory - INFO - Extracted process context: {"active_window": "Unknown Window", "active_app": "Unknown", "active_apps": ["Cursor Helper (Plugin): extension-host [2-2]", "Cursor Helper (Renderer)", "Google Chrome", "Cursor", "Safari", "Cursor Helper (Plugin): extension-host [1-1]", "Google Chrome Helper (Renderer)", "suggestd", "Finder", "Google Chrome Helper (GPU)"]}
2025-05-21 23:32:46,244 - direct_sensor_memory - INFO - ✅ Updated context file with keys: ['active_window', 'active_app', 'active_apps']
2025-05-21 23:32:46,244 - direct_sensor_memory - INFO - ✅ Successfully processed process data and updated memory/context
2025-05-21 23:32:52,249 - direct_sensor_memory - INFO - Detected process sensor update (last: 1747895565.2973692, new: 1747895570.512626)
2025-05-21 23:32:52,250 - direct_sensor_memory - INFO - Processing process data: {"timestamp": "2025-05-21T23:32:50.511940", "active_app": "Unknown", "active_window": "Unknown Window", "active_processes": [{"name": "Cursor Helper (Plugin): extension-host [2-2]", "pid": 76523, "typ...
2025-05-21 23:32:52,250 - direct_sensor_memory - INFO - Extracted process context: {"active_window": "Unknown Window", "active_app": "Unknown", "active_apps": ["Cursor Helper (Plugin): extension-host [2-2]", "Cursor Helper (Renderer)", "Google Chrome", "Cursor", "Safari", "Cursor Helper (Plugin): extension-host [1-1]", "Google Chrome Helper (Renderer)", "suggestd", "Finder", "Google Chrome Helper (GPU)"]}
2025-05-21 23:32:52,255 - direct_sensor_memory - INFO - ✅ Updated context file with keys: ['active_window', 'active_app', 'active_apps']
2025-05-21 23:32:52,255 - direct_sensor_memory - INFO - ✅ Successfully processed process data and updated memory/context
2025-05-21 23:32:56,260 - direct_sensor_memory - INFO - Detected process sensor update (last: 1747895570.512626, new: 1747895575.7328508)
2025-05-21 23:32:56,261 - direct_sensor_memory - INFO - Processing process data: {"timestamp": "2025-05-21T23:32:55.732184", "active_app": "Unknown", "active_window": "Unknown Window", "active_processes": [{"name": "Cursor Helper (Plugin): extension-host [2-2]", "pid": 76523, "typ...
2025-05-21 23:32:56,261 - direct_sensor_memory - INFO - Extracted process context: {"active_window": "Unknown Window", "active_app": "Unknown", "active_apps": ["Cursor Helper (Plugin): extension-host [2-2]", "Cursor Helper (Renderer)", "Google Chrome", "Cursor", "Safari", "Cursor Helper (Plugin): extension-host [1-1]", "Google Chrome Helper (Renderer)", "suggestd", "Finder", "Google Chrome Helper (GPU)"]}
2025-05-21 23:32:56,266 - direct_sensor_memory - INFO - ✅ Updated context file with keys: ['active_window', 'active_app', 'active_apps']
2025-05-21 23:32:56,266 - direct_sensor_memory - INFO - ✅ Successfully processed process data and updated memory/context
2025-05-21 23:33:02,272 - direct_sensor_memory - INFO - Detected process sensor update (last: 1747895575.7328508, new: 1747895580.9515846)
2025-05-21 23:33:02,276 - direct_sensor_memory - INFO - Processing process data: {"timestamp": "2025-05-21T23:33:00.950890", "active_app": "Unknown", "active_window": "Unknown Window", "active_processes": [{"name": "Cursor Helper (Plugin): extension-host [2-2]", "pid": 76523, "typ...
2025-05-21 23:33:02,276 - direct_sensor_memory - INFO - Extracted process context: {"active_window": "Unknown Window", "active_app": "Unknown", "active_apps": ["Cursor Helper (Plugin): extension-host [2-2]", "Cursor Helper (Renderer)", "Google Chrome", "Cursor", "Safari", "Cursor Helper (Plugin): extension-host [1-1]", "Google Chrome Helper (Renderer)", "suggestd", "Finder", "Google Chrome Helper (GPU)"]}
2025-05-21 23:33:02,285 - direct_sensor_memory - INFO - ✅ Updated context file with keys: ['active_window', 'active_app', 'active_apps']
2025-05-21 23:33:02,285 - direct_sensor_memory - INFO - ✅ Successfully processed process data and updated memory/context
2025-05-21 23:33:06,290 - direct_sensor_memory - INFO - Detected process sensor update (last: 1747895580.9515846, new: 1747895586.1640022)
2025-05-21 23:33:06,294 - direct_sensor_memory - INFO - Processing process data: {"timestamp": "2025-05-21T23:33:06.163336", "active_app": "Unknown", "active_window": "Unknown Window", "active_processes": [{"name": "Cursor Helper (Plugin): extension-host [2-2]", "pid": 76523, "typ...
2025-05-21 23:33:06,294 - direct_sensor_memory - INFO - Extracted process context: {"active_window": "Unknown Window", "active_app": "Unknown", "active_apps": ["Cursor Helper (Plugin): extension-host [2-2]", "Cursor Helper (Renderer)", "Google Chrome", "Cursor", "Safari", "Cursor Helper (Plugin): extension-host [1-1]", "Google Chrome Helper (Renderer)", "suggestd", "Finder", "Google Chrome Helper (GPU)"]}
2025-05-21 23:33:06,303 - direct_sensor_memory - INFO - ✅ Updated context file with keys: ['active_window', 'active_app', 'active_apps']
2025-05-21 23:33:06,303 - direct_sensor_memory - INFO - ✅ Successfully processed process data and updated memory/context
2025-05-21 23:33:12,311 - direct_sensor_memory - INFO - Detected process sensor update (last: 1747895586.1640022, new: 1747895591.3845744)
2025-05-21 23:33:12,314 - direct_sensor_memory - INFO - Processing process data: {"timestamp": "2025-05-21T23:33:11.383862", "active_app": "Unknown", "active_window": "Unknown Window", "active_processes": [{"name": "Cursor Helper (Plugin): extension-host [2-2]", "pid": 76523, "typ...
2025-05-21 23:33:12,314 - direct_sensor_memory - INFO - Extracted process context: {"active_window": "Unknown Window", "active_app": "Unknown", "active_apps": ["Cursor Helper (Plugin): extension-host [2-2]", "Cursor Helper (Renderer)", "Google Chrome", "Cursor", "Safari", "Cursor Helper (Plugin): extension-host [1-1]", "Google Chrome Helper (Renderer)", "suggestd", "Finder", "Google Chrome Helper (GPU)"]}
2025-05-21 23:33:12,323 - direct_sensor_memory - INFO - ✅ Updated context file with keys: ['active_window', 'active_app', 'active_apps']
2025-05-21 23:33:12,323 - direct_sensor_memory - INFO - ✅ Successfully processed process data and updated memory/context
2025-05-21 23:33:18,328 - direct_sensor_memory - INFO - Detected process sensor update (last: 1747895591.3845744, new: 1747895596.607461)
2025-05-21 23:33:18,333 - direct_sensor_memory - INFO - Processing process data: {"timestamp": "2025-05-21T23:33:16.606686", "active_app": "Unknown", "active_window": "Unknown Window", "active_processes": [{"name": "Cursor Helper (Plugin): extension-host [2-2]", "pid": 76523, "typ...
2025-05-21 23:33:18,333 - direct_sensor_memory - INFO - Extracted process context: {"active_window": "Unknown Window", "active_app": "Unknown", "active_apps": ["Cursor Helper (Plugin): extension-host [2-2]", "Cursor Helper (Renderer)", "Google Chrome", "Cursor", "Safari", "Cursor Helper (Plugin): extension-host [1-1]", "Google Chrome Helper (Renderer)", "suggestd", "Finder", "Google Chrome Helper (GPU)"]}
2025-05-21 23:33:18,342 - direct_sensor_memory - INFO - ✅ Updated context file with keys: ['active_window', 'active_app', 'active_apps']
2025-05-21 23:33:18,343 - direct_sensor_memory - INFO - ✅ Successfully processed process data and updated memory/context
2025-05-21 23:33:22,348 - direct_sensor_memory - INFO - Detected process sensor update (last: 1747895596.607461, new: 1747895601.8248258)
2025-05-21 23:33:22,352 - direct_sensor_memory - INFO - Processing process data: {"timestamp": "2025-05-21T23:33:21.824161", "active_app": "Unknown", "active_window": "Unknown Window", "active_processes": [{"name": "Cursor Helper (Plugin): extension-host [2-2]", "pid": 76523, "typ...
2025-05-21 23:33:22,352 - direct_sensor_memory - INFO - Extracted process context: {"active_window": "Unknown Window", "active_app": "Unknown", "active_apps": ["Cursor Helper (Plugin): extension-host [2-2]", "Cursor Helper (Renderer)", "Google Chrome", "Cursor", "Safari", "Cursor Helper (Plugin): extension-host [1-1]", "Google Chrome Helper (Renderer)", "suggestd", "Finder", "Google Chrome Helper (GPU)"]}
2025-05-21 23:33:22,361 - direct_sensor_memory - INFO - ✅ Updated context file with keys: ['active_window', 'active_app', 'active_apps']
2025-05-21 23:33:22,361 - direct_sensor_memory - INFO - ✅ Successfully processed process data and updated memory/context
2025-05-21 23:33:28,364 - direct_sensor_memory - INFO - Detected process sensor update (last: 1747895601.8248258, new: 1747895607.0291774)
2025-05-21 23:33:28,369 - direct_sensor_memory - INFO - Processing process data: {"timestamp": "2025-05-21T23:33:27.028488", "active_app": "Unknown", "active_window": "Unknown Window", "active_processes": [{"name": "Cursor Helper (Plugin): extension-host [2-2]", "pid": 76523, "typ...
2025-05-21 23:33:28,369 - direct_sensor_memory - INFO - Extracted process context: {"active_window": "Unknown Window", "active_app": "Unknown", "active_apps": ["Cursor Helper (Plugin): extension-host [2-2]", "Cursor Helper (Renderer)", "Google Chrome", "Cursor", "Safari", "Cursor Helper (Plugin): extension-host [1-1]", "Google Chrome Helper (Renderer)", "suggestd", "Finder", "Google Chrome Helper (GPU)"]}
2025-05-21 23:33:28,378 - direct_sensor_memory - INFO - ✅ Updated context file with keys: ['active_window', 'active_app', 'active_apps']
2025-05-21 23:33:28,378 - direct_sensor_memory - INFO - ✅ Successfully processed process data and updated memory/context
2025-05-21 23:33:32,381 - direct_sensor_memory - INFO - Detected process sensor update (last: 1747895607.0291774, new: 1747895612.235422)
2025-05-21 23:33:32,384 - direct_sensor_memory - INFO - Processing process data: {"timestamp": "2025-05-21T23:33:32.234726", "active_app": "Unknown", "active_window": "Unknown Window", "active_processes": [{"name": "Cursor Helper (Plugin): extension-host [2-2]", "pid": 76523, "typ...
2025-05-21 23:33:32,384 - direct_sensor_memory - INFO - Extracted process context: {"active_window": "Unknown Window", "active_app": "Unknown", "active_apps": ["Cursor Helper (Plugin): extension-host [2-2]", "Cursor Helper (Renderer)", "Google Chrome", "Cursor", "Safari", "Cursor Helper (Plugin): extension-host [1-1]", "Google Chrome Helper (Renderer)", "suggestd", "Google Chrome Helper (GPU)", "Finder"]}
2025-05-21 23:33:32,393 - direct_sensor_memory - INFO - ✅ Updated context file with keys: ['active_window', 'active_app', 'active_apps']
2025-05-21 23:33:32,393 - direct_sensor_memory - INFO - ✅ Successfully processed process data and updated memory/context
2025-05-21 23:33:38,400 - direct_sensor_memory - INFO - Detected process sensor update (last: 1747895612.235422, new: 1747895617.4352815)
2025-05-21 23:33:38,404 - direct_sensor_memory - INFO - Processing process data: {"timestamp": "2025-05-21T23:33:37.434576", "active_app": "Unknown", "active_window": "Unknown Window", "active_processes": [{"name": "Cursor Helper (Plugin): extension-host [2-2]", "pid": 76523, "typ...
2025-05-21 23:33:38,404 - direct_sensor_memory - INFO - Extracted process context: {"active_window": "Unknown Window", "active_app": "Unknown", "active_apps": ["Cursor Helper (Plugin): extension-host [2-2]", "Cursor Helper (Renderer)", "Google Chrome", "Cursor", "Safari", "Cursor Helper (Plugin): extension-host [1-1]", "Google Chrome Helper (Renderer)", "suggestd", "Google Chrome Helper (GPU)", "Finder"]}
2025-05-21 23:33:38,413 - direct_sensor_memory - INFO - ✅ Updated context file with keys: ['active_window', 'active_app', 'active_apps']
2025-05-21 23:33:38,413 - direct_sensor_memory - INFO - ✅ Successfully processed process data and updated memory/context
2025-05-21 23:33:44,420 - direct_sensor_memory - INFO - Detected process sensor update (last: 1747895617.4352815, new: 1747895622.6437733)
2025-05-21 23:33:44,424 - direct_sensor_memory - INFO - Processing process data: {"timestamp": "2025-05-21T23:33:42.643073", "active_app": "Unknown", "active_window": "Unknown Window", "active_processes": [{"name": "Cursor Helper (Plugin): extension-host [2-2]", "pid": 76523, "typ...
2025-05-21 23:33:44,424 - direct_sensor_memory - INFO - Extracted process context: {"active_window": "Unknown Window", "active_app": "Unknown", "active_apps": ["Cursor Helper (Plugin): extension-host [2-2]", "Cursor Helper (Renderer)", "Google Chrome", "Cursor", "Safari", "Cursor Helper (Plugin): extension-host [1-1]", "Google Chrome Helper (Renderer)", "suggestd", "Google Chrome Helper (GPU)", "Finder"]}
2025-05-21 23:33:44,433 - direct_sensor_memory - INFO - ✅ Updated context file with keys: ['active_window', 'active_app', 'active_apps']
2025-05-21 23:33:44,433 - direct_sensor_memory - INFO - ✅ Successfully processed process data and updated memory/context
2025-05-21 23:33:48,435 - direct_sensor_memory - INFO - Detected process sensor update (last: 1747895622.6437733, new: 1747895627.8561804)
2025-05-21 23:33:48,437 - direct_sensor_memory - INFO - Processing process data: {"timestamp": "2025-05-21T23:33:47.855471", "active_app": "Unknown", "active_window": "Unknown Window", "active_processes": [{"name": "Cursor Helper (Plugin): extension-host [2-2]", "pid": 76523, "typ...
2025-05-21 23:33:48,437 - direct_sensor_memory - INFO - Extracted process context: {"active_window": "Unknown Window", "active_app": "Unknown", "active_apps": ["Cursor Helper (Plugin): extension-host [2-2]", "Cursor Helper (Renderer)", "Google Chrome", "Cursor", "Safari", "Cursor Helper (Plugin): extension-host [1-1]", "Google Chrome Helper (Renderer)", "suggestd", "Google Chrome Helper (GPU)", "Finder"]}
2025-05-21 23:33:48,442 - direct_sensor_memory - INFO - ✅ Updated context file with keys: ['active_window', 'active_app', 'active_apps']
2025-05-21 23:33:48,442 - direct_sensor_memory - INFO - ✅ Successfully processed process data and updated memory/context
2025-05-21 23:33:54,447 - direct_sensor_memory - INFO - Detected process sensor update (last: 1747895627.8561804, new: 1747895633.067058)
2025-05-21 23:33:54,450 - direct_sensor_memory - INFO - Processing process data: {"timestamp": "2025-05-21T23:33:53.065579", "active_app": "Unknown", "active_window": "Unknown Window", "active_processes": [{"name": "Cursor", "pid": 76164, "type": "other", "memory_mb": 151.2, "cpu_...
2025-05-21 23:33:54,450 - direct_sensor_memory - INFO - Extracted process context: {"active_window": "Unknown Window", "active_app": "Unknown", "active_apps": ["Cursor", "Cursor Helper (Plugin): extension-host [2-2]", "Google Chrome", "Safari", "Cursor Helper (Renderer)", "Google Chrome Helper (Renderer)", "Cursor Helper (GPU)", "git", "Cursor Helper (Plugin): extension-host [1-1]", "NotificationCenter"]}
2025-05-21 23:33:54,462 - direct_sensor_memory - INFO - ✅ Updated context file with keys: ['active_window', 'active_app', 'active_apps']
2025-05-21 23:33:54,462 - direct_sensor_memory - INFO - ✅ Successfully processed process data and updated memory/context
2025-05-21 23:33:58,466 - direct_sensor_memory - INFO - Detected process sensor update (last: 1747895633.067058, new: 1747895638.3153026)
2025-05-21 23:33:58,468 - direct_sensor_memory - INFO - Processing process data: {"timestamp": "2025-05-21T23:33:58.313497", "active_app": "Unknown", "active_window": "Unknown Window", "active_processes": [{"name": "Cursor", "pid": 76164, "type": "other", "memory_mb": 133.9, "cpu_...
2025-05-21 23:33:58,468 - direct_sensor_memory - INFO - Extracted process context: {"active_window": "Unknown Window", "active_app": "Unknown", "active_apps": ["Cursor", "git", "Cursor Helper (Plugin): extension-host [2-2]", "Google Chrome", "Cursor Helper (Renderer)", "Safari", "Cursor Helper (GPU)", "Google Chrome Helper (Renderer)", "replayd", "Cursor Helper (Plugin): extension-host [1-1]"]}
2025-05-21 23:33:58,478 - direct_sensor_memory - INFO - ✅ Updated context file with keys: ['active_window', 'active_app', 'active_apps']
2025-05-21 23:33:58,478 - direct_sensor_memory - INFO - ✅ Successfully processed process data and updated memory/context
2025-05-21 23:34:04,483 - direct_sensor_memory - INFO - Detected process sensor update (last: 1747895638.3153026, new: 1747895644.2520692)
2025-05-21 23:34:04,486 - direct_sensor_memory - INFO - Processing process data: {"timestamp": "2025-05-21T23:34:04.250086", "active_app": "Unknown", "active_window": "Unknown Window", "active_processes": [{"name": "Cursor Helper (Renderer)", "pid": 76214, "type": "other", "memory...
2025-05-21 23:34:04,486 - direct_sensor_memory - INFO - Extracted process context: {"active_window": "Unknown Window", "active_app": "Unknown", "active_apps": ["Cursor Helper (Renderer)", "Cursor", "Cursor Helper (Plugin): extension-host [2-2]", "Google Chrome", "Google Chrome Helper (Renderer)", "Cursor Helper (GPU)", "Safari", "Cursor Helper (Plugin): extension-host [1-1]", "NotificationCenter", "ServiceExtension"]}
2025-05-21 23:34:04,492 - direct_sensor_memory - INFO - ✅ Updated context file with keys: ['active_window', 'active_app', 'active_apps']
2025-05-21 23:34:04,492 - direct_sensor_memory - INFO - ✅ Successfully processed process data and updated memory/context
2025-05-21 23:34:10,495 - direct_sensor_memory - INFO - Detected process sensor update (last: 1747895644.2520692, new: 1747895649.4594855)
2025-05-21 23:34:10,497 - direct_sensor_memory - INFO - Processing process data: {"timestamp": "2025-05-21T23:34:09.458658", "active_app": "Unknown", "active_window": "Unknown Window", "active_processes": [{"name": "Cursor Helper (Plugin): extension-host [2-2]", "pid": 76523, "typ...
2025-05-21 23:34:10,497 - direct_sensor_memory - INFO - Extracted process context: {"active_window": "Unknown Window", "active_app": "Unknown", "active_apps": ["Cursor Helper (Plugin): extension-host [2-2]", "Cursor", "Cursor Helper (Renderer)", "tesseract", "Google Chrome", "Cursor Helper (Plugin): extension-host [1-1]", "Safari", "Cursor Helper (GPU)", "Google Chrome Helper (Renderer)", "NotificationCenter"]}
2025-05-21 23:34:10,502 - direct_sensor_memory - INFO - ✅ Updated context file with keys: ['active_window', 'active_app', 'active_apps']
2025-05-21 23:34:10,502 - direct_sensor_memory - INFO - ✅ Successfully processed process data and updated memory/context
2025-05-21 23:34:16,505 - direct_sensor_memory - INFO - Detected process sensor update (last: 1747895649.4594855, new: 1747895654.6889918)
2025-05-21 23:34:16,506 - direct_sensor_memory - INFO - Processing process data: {"timestamp": "2025-05-21T23:34:14.688308", "active_app": "Unknown", "active_window": "Unknown Window", "active_processes": [{"name": "Cursor Helper (Plugin): extension-host [2-2]", "pid": 76523, "typ...
2025-05-21 23:34:16,506 - direct_sensor_memory - INFO - Extracted process context: {"active_window": "Unknown Window", "active_app": "Unknown", "active_apps": ["Cursor Helper (Plugin): extension-host [2-2]", "Cursor", "Cursor Helper (Renderer)", "tesseract", "Google Chrome", "Cursor Helper (Plugin): extension-host [1-1]", "Safari", "Cursor Helper (GPU)", "Google Chrome Helper (Renderer)", "NotificationCenter"]}
2025-05-21 23:34:16,511 - direct_sensor_memory - INFO - ✅ Updated context file with keys: ['active_window', 'active_app', 'active_apps']
2025-05-21 23:34:16,511 - direct_sensor_memory - INFO - ✅ Successfully processed process data and updated memory/context
2025-05-21 23:34:20,513 - direct_sensor_memory - INFO - Detected process sensor update (last: 1747895654.6889918, new: 1747895659.939215)
2025-05-21 23:34:20,515 - direct_sensor_memory - INFO - Processing process data: {"timestamp": "2025-05-21T23:34:19.938381", "active_app": "Unknown", "active_window": "Unknown Window", "active_processes": [{"name": "Cursor Helper (Plugin): extension-host [2-2]", "pid": 76523, "typ...
2025-05-21 23:34:20,515 - direct_sensor_memory - INFO - Extracted process context: {"active_window": "Unknown Window", "active_app": "Unknown", "active_apps": ["Cursor Helper (Plugin): extension-host [2-2]", "Cursor Helper (Renderer)", "Safari", "Cursor", "Cursor Helper (Plugin): extension-host [1-1]", "Google Chrome", "Google Chrome Helper (Renderer)", "tesseract", "NotificationCenter", "Google Chrome Helper (GPU)"]}
2025-05-21 23:34:20,520 - direct_sensor_memory - INFO - ✅ Updated context file with keys: ['active_window', 'active_app', 'active_apps']
2025-05-21 23:34:20,520 - direct_sensor_memory - INFO - ✅ Successfully processed process data and updated memory/context
2025-05-21 23:34:26,523 - direct_sensor_memory - INFO - Detected process sensor update (last: 1747895659.939215, new: 1747895665.146497)
2025-05-21 23:34:26,526 - direct_sensor_memory - INFO - Processing process data: {"timestamp": "2025-05-21T23:34:25.145847", "active_app": "Unknown", "active_window": "Unknown Window", "active_processes": [{"name": "Cursor Helper (Plugin): extension-host [2-2]", "pid": 76523, "typ...
2025-05-21 23:34:26,526 - direct_sensor_memory - INFO - Extracted process context: {"active_window": "Unknown Window", "active_app": "Unknown", "active_apps": ["Cursor Helper (Plugin): extension-host [2-2]", "Cursor", "Cursor Helper (Renderer)", "Safari", "Cursor Helper (Plugin): extension-host [1-1]", "Google Chrome", "tesseract", "Google Chrome Helper (Renderer)", "Finder", "NotificationCenter"]}
2025-05-21 23:34:26,531 - direct_sensor_memory - INFO - ✅ Updated context file with keys: ['active_window', 'active_app', 'active_apps']
2025-05-21 23:34:26,531 - direct_sensor_memory - INFO - ✅ Successfully processed process data and updated memory/context
2025-05-21 23:34:30,533 - direct_sensor_memory - INFO - Detected process sensor update (last: 1747895665.146497, new: 1747895670.3449678)
2025-05-21 23:34:30,534 - direct_sensor_memory - INFO - Processing process data: {"timestamp": "2025-05-21T23:34:30.344326", "active_app": "Unknown", "active_window": "Unknown Window", "active_processes": [{"name": "Cursor", "pid": 76164, "type": "other", "memory_mb": 125.8, "cpu_...
2025-05-21 23:34:30,534 - direct_sensor_memory - INFO - Extracted process context: {"active_window": "Unknown Window", "active_app": "Unknown", "active_apps": ["Cursor", "Cursor Helper (Renderer)", "Safari", "Cursor Helper (Plugin): extension-host [2-2]", "Google Chrome", "Cursor Helper (Plugin): extension-host [1-1]", "tesseract", "Google Chrome Helper (Renderer)", "Finder", "NotificationCenter"]}
2025-05-21 23:34:30,539 - direct_sensor_memory - INFO - ✅ Updated context file with keys: ['active_window', 'active_app', 'active_apps']
2025-05-21 23:34:30,539 - direct_sensor_memory - INFO - ✅ Successfully processed process data and updated memory/context
2025-05-21 23:34:36,542 - direct_sensor_memory - INFO - Detected process sensor update (last: 1747895670.3449678, new: 1747895675.5632706)
2025-05-21 23:34:36,544 - direct_sensor_memory - INFO - Processing process data: {"timestamp": "2025-05-21T23:34:35.562607", "active_app": "Unknown", "active_window": "Unknown Window", "active_processes": [{"name": "Cursor Helper (Renderer)", "pid": 76214, "type": "other", "memory...
2025-05-21 23:34:36,544 - direct_sensor_memory - INFO - Extracted process context: {"active_window": "Unknown Window", "active_app": "Unknown", "active_apps": ["Cursor Helper (Renderer)", "node", "Cursor", "Cursor Helper (Plugin): extension-host [2-2]", "Google Chrome", "Safari", "Cursor Helper (Plugin): extension-host [1-1]", "Google Chrome Helper (Renderer)", "Cursor Helper (GPU)", "Finder"]}
2025-05-21 23:34:36,550 - direct_sensor_memory - INFO - ✅ Updated context file with keys: ['active_window', 'active_app', 'active_apps']
2025-05-21 23:34:36,550 - direct_sensor_memory - INFO - ✅ Successfully processed process data and updated memory/context
2025-05-21 23:34:42,553 - direct_sensor_memory - INFO - Detected process sensor update (last: 1747895675.5632706, new: 1747895680.7811944)
2025-05-21 23:34:42,554 - direct_sensor_memory - INFO - Processing process data: {"timestamp": "2025-05-21T23:34:40.779151", "active_app": "Unknown", "active_window": "Unknown Window", "active_processes": [{"name": "Cursor Helper (Renderer)", "pid": 76214, "type": "other", "memory...
2025-05-21 23:34:42,554 - direct_sensor_memory - INFO - Extracted process context: {"active_window": "Unknown Window", "active_app": "Unknown", "active_apps": ["Cursor Helper (Renderer)", "node", "Cursor", "Cursor Helper (Plugin): extension-host [2-2]", "Google Chrome", "Safari", "tesseract", "Cursor Helper (Plugin): extension-host [1-1]", "Google Chrome Helper (Renderer)", "Cursor Helper (GPU)"]}
2025-05-21 23:34:42,561 - direct_sensor_memory - INFO - ✅ Updated context file with keys: ['active_window', 'active_app', 'active_apps']
2025-05-21 23:34:42,561 - direct_sensor_memory - INFO - ✅ Successfully processed process data and updated memory/context
2025-05-21 23:34:46,563 - direct_sensor_memory - INFO - Detected process sensor update (last: 1747895680.7811944, new: 1747895685.9856737)
2025-05-21 23:34:46,564 - direct_sensor_memory - INFO - Processing process data: {"timestamp": "2025-05-21T23:34:45.984949", "active_app": "Unknown", "active_window": "Unknown Window", "active_processes": [{"name": "Cursor Helper (Renderer)", "pid": 76214, "type": "other", "memory...
2025-05-21 23:34:46,564 - direct_sensor_memory - INFO - Extracted process context: {"active_window": "Unknown Window", "active_app": "Unknown", "active_apps": ["Cursor Helper (Renderer)", "node", "Cursor", "Cursor Helper (Plugin): extension-host [2-2]", "Google Chrome", "Safari", "tesseract", "Cursor Helper (Plugin): extension-host [1-1]", "Google Chrome Helper (Renderer)", "Cursor Helper (GPU)"]}
2025-05-21 23:34:46,569 - direct_sensor_memory - INFO - ✅ Updated context file with keys: ['active_window', 'active_app', 'active_apps']
2025-05-21 23:34:46,569 - direct_sensor_memory - INFO - ✅ Successfully processed process data and updated memory/context
2025-05-21 23:34:52,574 - direct_sensor_memory - INFO - Detected process sensor update (last: 1747895685.9856737, new: 1747895691.1842601)
2025-05-21 23:34:52,576 - direct_sensor_memory - INFO - Processing process data: {"timestamp": "2025-05-21T23:34:51.183604", "active_app": "Unknown", "active_window": "Unknown Window", "active_processes": [{"name": "node", "pid": 82880, "type": "other", "memory_mb": 130.2, "cpu_pe...
2025-05-21 23:34:52,576 - direct_sensor_memory - INFO - Extracted process context: {"active_window": "Unknown Window", "active_app": "Unknown", "active_apps": ["node", "Cursor Helper (Renderer)", "Cursor", "Cursor Helper (Plugin): extension-host [2-2]", "Google Chrome", "Safari", "Google Chrome Helper (Renderer)", "Cursor Helper (GPU)", "Google Chrome Helper", "Cursor Helper (Plugin): extension-host [1-1]"]}
2025-05-21 23:34:52,581 - direct_sensor_memory - INFO - ✅ Updated context file with keys: ['active_window', 'active_app', 'active_apps']
2025-05-21 23:34:52,581 - direct_sensor_memory - INFO - ✅ Successfully processed process data and updated memory/context
2025-05-21 23:34:56,583 - direct_sensor_memory - INFO - Detected process sensor update (last: 1747895691.1842601, new: 1747895696.3991404)
2025-05-21 23:34:56,585 - direct_sensor_memory - INFO - Processing process data: {"timestamp": "2025-05-21T23:34:56.398406", "active_app": "Unknown", "active_window": "Unknown Window", "active_processes": [{"name": "node", "pid": 82880, "type": "other", "memory_mb": 163.0, "cpu_pe...
2025-05-21 23:34:56,585 - direct_sensor_memory - INFO - Extracted process context: {"active_window": "Unknown Window", "active_app": "Unknown", "active_apps": ["node", "Cursor", "Cursor Helper (Plugin): extension-host [2-2]", "Google Chrome", "Safari", "Cursor Helper (Renderer)", "Google Chrome Helper (Renderer)", "replayd", "Cursor Helper (GPU)", "NotificationCenter"]}
2025-05-21 23:34:56,590 - direct_sensor_memory - INFO - ✅ Updated context file with keys: ['active_window', 'active_app', 'active_apps']
2025-05-21 23:34:56,590 - direct_sensor_memory - INFO - ✅ Successfully processed process data and updated memory/context
2025-05-21 23:35:02,593 - direct_sensor_memory - INFO - Detected process sensor update (last: 1747895696.3991404, new: 1747895701.6029263)
2025-05-21 23:35:02,594 - direct_sensor_memory - INFO - Processing process data: {"timestamp": "2025-05-21T23:35:01.602188", "active_app": "Unknown", "active_window": "Unknown Window", "active_processes": [{"name": "Cursor Helper (Renderer)", "pid": 76214, "type": "other", "memory...
2025-05-21 23:35:02,594 - direct_sensor_memory - INFO - Extracted process context: {"active_window": "Unknown Window", "active_app": "Unknown", "active_apps": ["Cursor Helper (Renderer)", "node", "Cursor", "Cursor Helper (Plugin): extension-host [2-2]", "Google Chrome", "Safari", "tesseract", "Google Chrome Helper (Renderer)", "Cursor Helper (GPU)", "Cursor Helper (Plugin): extension-host [1-1]"]}
2025-05-21 23:35:02,600 - direct_sensor_memory - INFO - ✅ Updated context file with keys: ['active_window', 'active_app', 'active_apps']
2025-05-21 23:35:02,601 - direct_sensor_memory - INFO - ✅ Successfully processed process data and updated memory/context
2025-05-21 23:35:08,604 - direct_sensor_memory - INFO - Detected process sensor update (last: 1747895701.6029263, new: 1747895706.8353362)
2025-05-21 23:35:08,606 - direct_sensor_memory - INFO - Processing process data: {"timestamp": "2025-05-21T23:35:06.834118", "active_app": "Unknown", "active_window": "Unknown Window", "active_processes": [{"name": "Cursor Helper (Renderer)", "pid": 76214, "type": "other", "memory...
2025-05-21 23:35:08,606 - direct_sensor_memory - INFO - Extracted process context: {"active_window": "Unknown Window", "active_app": "Unknown", "active_apps": ["Cursor Helper (Renderer)", "node", "Cursor Helper (Plugin): extension-host [2-2]", "Cursor", "Google Chrome", "Safari", "tesseract", "Google Chrome Helper (Renderer)", "Cursor Helper (GPU)", "Cursor Helper (Plugin): extension-host [1-1]"]}
2025-05-21 23:35:08,611 - direct_sensor_memory - INFO - ✅ Updated context file with keys: ['active_window', 'active_app', 'active_apps']
2025-05-21 23:35:08,611 - direct_sensor_memory - INFO - ✅ Successfully processed process data and updated memory/context
2025-05-21 23:35:12,692 - direct_sensor_memory - INFO - Detected process sensor update (last: 1747895706.8353362, new: 1747895712.0574837)
2025-05-21 23:35:12,753 - direct_sensor_memory - INFO - Processing process data: {"timestamp": "2025-05-21T23:35:12.056764", "active_app": "Unknown", "active_window": "Unknown Window", "active_processes": [{"name": "node", "pid": 82880, "type": "other", "memory_mb": 195.0, "cpu_pe...
2025-05-21 23:35:12,754 - direct_sensor_memory - INFO - Extracted process context: {"active_window": "Unknown Window", "active_app": "Unknown", "active_apps": ["node", "Cursor", "Safari", "Cursor Helper (Renderer)", "Cursor Helper (Plugin): extension-host [2-2]", "Google Chrome", "tesseract", "Cursor Helper (GPU)", "Google Chrome Helper (Renderer)", "Cursor Helper (Plugin): extension-host [1-1]"]}
2025-05-21 23:35:12,886 - direct_sensor_memory - INFO - ✅ Updated context file with keys: ['active_window', 'active_app', 'active_apps']
2025-05-21 23:35:12,891 - direct_sensor_memory - INFO - ✅ Successfully processed process data and updated memory/context
2025-05-21 23:35:18,897 - direct_sensor_memory - INFO - Detected process sensor update (last: 1747895712.0574837, new: 1747895717.4991243)
2025-05-21 23:35:18,902 - direct_sensor_memory - INFO - Processing process data: {"timestamp": "2025-05-21T23:35:17.495394", "active_app": "Unknown", "active_window": "Unknown Window", "active_processes": [{"name": "Cursor Helper (Renderer)", "pid": 76214, "type": "other", "memory...
2025-05-21 23:35:18,902 - direct_sensor_memory - INFO - Extracted process context: {"active_window": "Unknown Window", "active_app": "Unknown", "active_apps": ["Cursor Helper (Renderer)", "Cursor Helper (Plugin): extension-host [1-1]", "node", "Cursor", "Google Chrome Helper (Renderer)", "Google Chrome", "Safari", "Cursor Helper (Plugin): extension-host [2-2]", "Google Chrome Helper (GPU)", "Cursor Helper (GPU)"]}
2025-05-21 23:35:18,914 - direct_sensor_memory - INFO - ✅ Updated context file with keys: ['active_window', 'active_app', 'active_apps']
2025-05-21 23:35:18,914 - direct_sensor_memory - INFO - ✅ Successfully processed process data and updated memory/context
2025-05-21 23:35:22,917 - direct_sensor_memory - INFO - Detected process sensor update (last: 1747895717.4991243, new: 1747895722.7263017)
2025-05-21 23:35:22,920 - direct_sensor_memory - INFO - Processing process data: {"timestamp": "2025-05-21T23:35:22.725374", "active_app": "Unknown", "active_window": "Unknown Window", "active_processes": [{"name": "Cursor", "pid": 76164, "type": "other", "memory_mb": 419.9, "cpu_...
2025-05-21 23:35:22,920 - direct_sensor_memory - INFO - Extracted process context: {"active_window": "Unknown Window", "active_app": "Unknown", "active_apps": ["Cursor", "node", "Cursor Helper (Renderer)", "Cursor Helper (Plugin): extension-host [2-2]", "Safari", "Google Chrome", "Google Chrome Helper (Renderer)", "Cursor Helper (Plugin): extension-host [1-1]", "Cursor Helper (GPU)", "NotificationCenter"]}
2025-05-21 23:35:22,928 - direct_sensor_memory - INFO - ✅ Updated context file with keys: ['active_window', 'active_app', 'active_apps']
2025-05-21 23:35:22,928 - direct_sensor_memory - INFO - ✅ Successfully processed process data and updated memory/context
2025-05-21 23:35:28,931 - direct_sensor_memory - INFO - Detected process sensor update (last: 1747895722.7263017, new: 1747895727.9511113)
2025-05-21 23:35:28,933 - direct_sensor_memory - INFO - Processing process data: {"timestamp": "2025-05-21T23:35:27.950352", "active_app": "Unknown", "active_window": "Unknown Window", "active_processes": [{"name": "Cursor", "pid": 76164, "type": "other", "memory_mb": 405.1, "cpu_...
2025-05-21 23:35:28,933 - direct_sensor_memory - INFO - Extracted process context: {"active_window": "Unknown Window", "active_app": "Unknown", "active_apps": ["Cursor", "node", "Cursor Helper (Plugin): extension-host [2-2]", "Cursor Helper (Renderer)", "Google Chrome", "Google Chrome Helper (Renderer)", "Safari", "Cursor Helper (Plugin): extension-host [1-1]", "Cursor Helper (GPU)", "chronod"]}
2025-05-21 23:35:28,938 - direct_sensor_memory - INFO - ✅ Updated context file with keys: ['active_window', 'active_app', 'active_apps']
2025-05-21 23:35:28,938 - direct_sensor_memory - INFO - ✅ Successfully processed process data and updated memory/context
2025-05-21 23:35:34,942 - direct_sensor_memory - INFO - Detected process sensor update (last: 1747895727.9511113, new: 1747895733.2077)
2025-05-21 23:35:34,947 - direct_sensor_memory - INFO - Processing process data: {"timestamp": "2025-05-21T23:35:33.206932", "active_app": "Unknown", "active_window": "Unknown Window", "active_processes": [{"name": "Cursor", "pid": 76164, "type": "other", "memory_mb": 397.9, "cpu_...
2025-05-21 23:35:34,947 - direct_sensor_memory - INFO - Extracted process context: {"active_window": "Unknown Window", "active_app": "Unknown", "active_apps": ["Cursor", "Cursor Helper (Plugin): extension-host [2-2]", "node", "Google Chrome", "Cursor Helper (Renderer)", "Safari", "Google Chrome Helper (Renderer)", "Cursor Helper (Plugin): extension-host [1-1]", "Cursor Helper (GPU)", "replayd"]}
2025-05-21 23:35:34,958 - direct_sensor_memory - INFO - ✅ Updated context file with keys: ['active_window', 'active_app', 'active_apps']
2025-05-21 23:35:34,958 - direct_sensor_memory - INFO - ✅ Successfully processed process data and updated memory/context
2025-05-21 23:35:38,961 - direct_sensor_memory - INFO - Detected process sensor update (last: 1747895733.2077, new: 1747895738.4348998)
2025-05-21 23:35:38,962 - direct_sensor_memory - INFO - Processing process data: {"timestamp": "2025-05-21T23:35:38.434182", "active_app": "Unknown", "active_window": "Unknown Window", "active_processes": [{"name": "Cursor", "pid": 76164, "type": "other", "memory_mb": 400.7, "cpu_...
2025-05-21 23:35:38,963 - direct_sensor_memory - INFO - Extracted process context: {"active_window": "Unknown Window", "active_app": "Unknown", "active_apps": ["Cursor", "Cursor Helper (Plugin): extension-host [2-2]", "node", "Google Chrome", "Safari", "Cursor Helper (Renderer)", "Cursor Helper (Plugin): extension-host [1-1]", "Google Chrome Helper (Renderer)", "Finder", "replayd"]}
2025-05-21 23:35:38,968 - direct_sensor_memory - INFO - ✅ Updated context file with keys: ['active_window', 'active_app', 'active_apps']
2025-05-21 23:35:38,968 - direct_sensor_memory - INFO - ✅ Successfully processed process data and updated memory/context
2025-05-21 23:35:44,972 - direct_sensor_memory - INFO - Detected process sensor update (last: 1747895738.4348998, new: 1747895744.0633326)
2025-05-21 23:35:44,975 - direct_sensor_memory - INFO - Processing process data: {"timestamp": "2025-05-21T23:35:44.059537", "active_app": "Unknown", "active_window": "Unknown Window", "active_processes": [{"name": "Cursor", "pid": 76164, "type": "other", "memory_mb": 112.4, "cpu_...
2025-05-21 23:35:44,975 - direct_sensor_memory - INFO - Extracted process context: {"active_window": "Unknown Window", "active_app": "Unknown", "active_apps": ["Cursor", "Cursor Helper (Plugin): extension-host [2-2]", "Safari", "Google Chrome", "Google Chrome Helper (Renderer)", "Cursor Helper (Plugin): extension-host [1-1]", "Cursor Helper (Renderer)", "Finder", "Cursor Helper (GPU)", "NotificationCenter"]}
2025-05-21 23:35:44,982 - direct_sensor_memory - INFO - ✅ Updated context file with keys: ['active_window', 'active_app', 'active_apps']
2025-05-21 23:35:44,982 - direct_sensor_memory - INFO - ✅ Successfully processed process data and updated memory/context
2025-05-21 23:35:50,985 - direct_sensor_memory - INFO - Detected process sensor update (last: 1747895744.0633326, new: 1747895749.3211646)
2025-05-21 23:35:50,986 - direct_sensor_memory - INFO - Processing process data: {"timestamp": "2025-05-21T23:35:49.319680", "active_app": "Unknown", "active_window": "Unknown Window", "active_processes": [{"name": "Cursor Helper (Renderer)", "pid": 76214, "type": "other", "memory...
2025-05-21 23:35:50,986 - direct_sensor_memory - INFO - Extracted process context: {"active_window": "Unknown Window", "active_app": "Unknown", "active_apps": ["Cursor Helper (Renderer)", "Cursor", "node", "Cursor Helper (Plugin): extension-host [2-2]", "Google Chrome", "Safari", "Google Chrome Helper (Renderer)", "Cursor Helper (GPU)", "Cursor Helper (Plugin): extension-host [1-1]", "NotificationCenter"]}
2025-05-21 23:35:50,993 - direct_sensor_memory - INFO - ✅ Updated context file with keys: ['active_window', 'active_app', 'active_apps']
2025-05-21 23:35:50,993 - direct_sensor_memory - INFO - ✅ Successfully processed process data and updated memory/context
2025-05-21 23:35:55,002 - direct_sensor_memory - INFO - Detected process sensor update (last: 1747895749.3211646, new: 1747895754.5462208)
2025-05-21 23:35:55,052 - direct_sensor_memory - INFO - Processing process data: {"timestamp": "2025-05-21T23:35:54.544627", "active_app": "Unknown", "active_window": "Unknown Window", "active_processes": [{"name": "Cursor Helper (Renderer)", "pid": 76214, "type": "other", "memory...
2025-05-21 23:35:55,057 - direct_sensor_memory - INFO - Extracted process context: {"active_window": "Unknown Window", "active_app": "Unknown", "active_apps": ["Cursor Helper (Renderer)", "node", "Cursor", "Cursor Helper (Plugin): extension-host [2-2]", "Google Chrome", "Safari", "Google Chrome Helper (Renderer)", "Cursor Helper (GPU)", "Cursor Helper (Plugin): extension-host [1-1]", "NotificationCenter"]}
2025-05-21 23:35:55,184 - direct_sensor_memory - INFO - ✅ Updated context file with keys: ['active_window', 'active_app', 'active_apps']
2025-05-21 23:35:55,185 - direct_sensor_memory - INFO - ✅ Successfully processed process data and updated memory/context
2025-05-21 23:36:01,189 - direct_sensor_memory - INFO - Detected process sensor update (last: 1747895754.5462208, new: 1747895759.811558)
2025-05-21 23:36:01,191 - direct_sensor_memory - INFO - Processing process data: {"timestamp": "2025-05-21T23:35:59.810821", "active_app": "Unknown", "active_window": "Unknown Window", "active_processes": [{"name": "node", "pid": 82880, "type": "other", "memory_mb": 180.8, "cpu_pe...
2025-05-21 23:36:01,192 - direct_sensor_memory - INFO - Extracted process context: {"active_window": "Unknown Window", "active_app": "Unknown", "active_apps": ["node", "Cursor", "Cursor Helper (Plugin): extension-host [2-2]", "Google Chrome", "Cursor Helper (Renderer)", "Google Chrome Helper (Renderer)", "Cursor Helper (GPU)", "Cursor Helper (Plugin): extension-host [1-1]", "Safari", "Google Chrome Helper"]}
2025-05-21 23:36:01,197 - direct_sensor_memory - INFO - ✅ Updated context file with keys: ['active_window', 'active_app', 'active_apps']
2025-05-21 23:36:01,197 - direct_sensor_memory - INFO - ✅ Successfully processed process data and updated memory/context
2025-05-21 23:36:05,199 - direct_sensor_memory - INFO - Detected process sensor update (last: 1747895759.811558, new: 1747895765.0204375)
2025-05-21 23:36:05,201 - direct_sensor_memory - INFO - Processing process data: {"timestamp": "2025-05-21T23:36:05.019755", "active_app": "Unknown", "active_window": "Unknown Window", "active_processes": [{"name": "node", "pid": 82880, "type": "other", "memory_mb": 195.0, "cpu_pe...
2025-05-21 23:36:05,201 - direct_sensor_memory - INFO - Extracted process context: {"active_window": "Unknown Window", "active_app": "Unknown", "active_apps": ["node", "Cursor", "Cursor Helper (Plugin): extension-host [2-2]", "Google Chrome", "Cursor Helper (Renderer)", "Safari", "Cursor Helper (Plugin): extension-host [1-1]", "Cursor Helper (GPU)", "Google Chrome Helper (Renderer)", "Finder"]}
2025-05-21 23:36:05,206 - direct_sensor_memory - INFO - ✅ Updated context file with keys: ['active_window', 'active_app', 'active_apps']
2025-05-21 23:36:05,206 - direct_sensor_memory - INFO - ✅ Successfully processed process data and updated memory/context
2025-05-21 23:36:11,210 - direct_sensor_memory - INFO - Detected process sensor update (last: 1747895765.0204375, new: 1747895770.2802234)
2025-05-21 23:36:11,213 - direct_sensor_memory - INFO - Processing process data: {"timestamp": "2025-05-21T23:36:10.278496", "active_app": "Unknown", "active_window": "Unknown Window", "active_processes": [{"name": "Cursor Helper (Renderer)", "pid": 76214, "type": "other", "memory...
2025-05-21 23:36:11,213 - direct_sensor_memory - INFO - Extracted process context: {"active_window": "Unknown Window", "active_app": "Unknown", "active_apps": ["Cursor Helper (Renderer)", "Cursor", "node", "Safari", "Cursor Helper (Plugin): extension-host [2-2]", "Google Chrome", "Google Chrome Helper (Renderer)", "Cursor Helper (GPU)", "Cursor Helper (Plugin): extension-host [1-1]", "Notes"]}
2025-05-21 23:36:11,218 - direct_sensor_memory - INFO - ✅ Updated context file with keys: ['active_window', 'active_app', 'active_apps']
2025-05-21 23:36:11,218 - direct_sensor_memory - INFO - ✅ Successfully processed process data and updated memory/context
2025-05-21 23:36:17,222 - direct_sensor_memory - INFO - Detected process sensor update (last: 1747895770.2802234, new: 1747895775.5060265)
2025-05-21 23:36:17,223 - direct_sensor_memory - INFO - Processing process data: {"timestamp": "2025-05-21T23:36:15.505334", "active_app": "Unknown", "active_window": "Unknown Window", "active_processes": [{"name": "Cursor Helper (Renderer)", "pid": 76214, "type": "other", "memory...
2025-05-21 23:36:17,223 - direct_sensor_memory - INFO - Extracted process context: {"active_window": "Unknown Window", "active_app": "Unknown", "active_apps": ["Cursor Helper (Renderer)", "node", "Cursor", "Cursor Helper (Plugin): extension-host [2-2]", "Google Chrome", "Safari", "Cursor Helper (Plugin): extension-host [1-1]", "Google Chrome Helper (Renderer)", "Cursor Helper (GPU)", "NotificationCenter"]}
2025-05-21 23:36:17,230 - direct_sensor_memory - INFO - ✅ Updated context file with keys: ['active_window', 'active_app', 'active_apps']
2025-05-21 23:36:17,230 - direct_sensor_memory - INFO - ✅ Successfully processed process data and updated memory/context
2025-05-21 23:36:21,233 - direct_sensor_memory - INFO - Detected process sensor update (last: 1747895775.5060265, new: 1747895780.7586598)
2025-05-21 23:36:21,235 - direct_sensor_memory - INFO - Processing process data: {"timestamp": "2025-05-21T23:36:20.757342", "active_app": "Unknown", "active_window": "Unknown Window", "active_processes": [{"name": "node", "pid": 82880, "type": "other", "memory_mb": 173.7, "cpu_pe...
2025-05-21 23:36:21,235 - direct_sensor_memory - INFO - Extracted process context: {"active_window": "Unknown Window", "active_app": "Unknown", "active_apps": ["node", "Cursor", "Cursor Helper (Renderer)", "Cursor Helper (Plugin): extension-host [2-2]", "Google Chrome", "Google Chrome Helper (Renderer)", "Safari", "Cursor Helper (GPU)", "Cursor Helper (Plugin): extension-host [1-1]", "Google Chrome Helper"]}
2025-05-21 23:36:21,242 - direct_sensor_memory - INFO - ✅ Updated context file with keys: ['active_window', 'active_app', 'active_apps']
2025-05-21 23:36:21,242 - direct_sensor_memory - INFO - ✅ Successfully processed process data and updated memory/context
2025-05-21 23:36:27,247 - direct_sensor_memory - INFO - Detected process sensor update (last: 1747895780.7586598, new: 1747895786.1971622)
2025-05-21 23:36:27,251 - direct_sensor_memory - INFO - Processing process data: {"timestamp": "2025-05-21T23:36:26.196323", "active_app": "Unknown", "active_window": "Unknown Window", "active_processes": [{"name": "Cursor Helper (Renderer)", "pid": 76214, "type": "other", "memory...
2025-05-21 23:36:27,251 - direct_sensor_memory - INFO - Extracted process context: {"active_window": "Unknown Window", "active_app": "Unknown", "active_apps": ["Cursor Helper (Renderer)", "Cursor", "Cursor Helper (Plugin): extension-host [2-2]", "Google Chrome", "Safari", "Google Chrome Helper (Renderer)", "Cursor Helper (GPU)", "NotificationCenter", "Finder", "node"]}
2025-05-21 23:36:27,260 - direct_sensor_memory - INFO - ✅ Updated context file with keys: ['active_window', 'active_app', 'active_apps']
2025-05-21 23:36:27,261 - direct_sensor_memory - INFO - ✅ Successfully processed process data and updated memory/context
2025-05-21 23:36:33,264 - direct_sensor_memory - INFO - Detected process sensor update (last: 1747895786.1971622, new: 1747895791.4025285)
2025-05-21 23:36:33,267 - direct_sensor_memory - INFO - Processing process data: {"timestamp": "2025-05-21T23:36:31.401845", "active_app": "Unknown", "active_window": "Unknown Window", "active_processes": [{"name": "Cursor Helper (Plugin): extension-host [2-2]", "pid": 76523, "typ...
2025-05-21 23:36:33,267 - direct_sensor_memory - INFO - Extracted process context: {"active_window": "Unknown Window", "active_app": "Unknown", "active_apps": ["Cursor Helper (Plugin): extension-host [2-2]", "Cursor", "node", "Google Chrome", "Safari", "tesseract", "Cursor Helper (Renderer)", "Google Chrome Helper (Renderer)", "Cursor Helper (GPU)", "AddressBookSourceSync"]}
2025-05-21 23:36:33,272 - direct_sensor_memory - INFO - ✅ Updated context file with keys: ['active_window', 'active_app', 'active_apps']
2025-05-21 23:36:33,272 - direct_sensor_memory - INFO - ✅ Successfully processed process data and updated memory/context
2025-05-21 23:36:37,275 - direct_sensor_memory - INFO - Detected process sensor update (last: 1747895791.4025285, new: 1747895796.6033542)
2025-05-21 23:36:37,276 - direct_sensor_memory - INFO - Processing process data: {"timestamp": "2025-05-21T23:36:36.602682", "active_app": "Unknown", "active_window": "Unknown Window", "active_processes": [{"name": "Cursor Helper (Plugin): extension-host [2-2]", "pid": 76523, "typ...
2025-05-21 23:36:37,276 - direct_sensor_memory - INFO - Extracted process context: {"active_window": "Unknown Window", "active_app": "Unknown", "active_apps": ["Cursor Helper (Plugin): extension-host [2-2]", "Cursor", "node", "Google Chrome", "tesseract", "Safari", "Cursor Helper (Renderer)", "Google Chrome Helper (Renderer)", "Cursor Helper (GPU)", "NotificationCenter"]}
2025-05-21 23:36:37,281 - direct_sensor_memory - INFO - ✅ Updated context file with keys: ['active_window', 'active_app', 'active_apps']
2025-05-21 23:36:37,281 - direct_sensor_memory - INFO - ✅ Successfully processed process data and updated memory/context
2025-05-21 23:36:43,284 - direct_sensor_memory - INFO - Detected process sensor update (last: 1747895796.6033542, new: 1747895801.8017607)
2025-05-21 23:36:43,285 - direct_sensor_memory - INFO - Processing process data: {"timestamp": "2025-05-21T23:36:41.801117", "active_app": "Unknown", "active_window": "Unknown Window", "active_processes": [{"name": "Cursor Helper (Plugin): extension-host [2-2]", "pid": 76523, "typ...
2025-05-21 23:36:43,285 - direct_sensor_memory - INFO - Extracted process context: {"active_window": "Unknown Window", "active_app": "Unknown", "active_apps": ["Cursor Helper (Plugin): extension-host [2-2]", "Cursor", "node", "Google Chrome", "Safari", "tesseract", "Google Chrome Helper (Renderer)", "Cursor Helper (Renderer)", "Cursor Helper (GPU)", "NotificationCenter"]}
2025-05-21 23:36:43,290 - direct_sensor_memory - INFO - ✅ Updated context file with keys: ['active_window', 'active_app', 'active_apps']
2025-05-21 23:36:43,290 - direct_sensor_memory - INFO - ✅ Successfully processed process data and updated memory/context
2025-05-21 23:36:47,293 - direct_sensor_memory - INFO - Detected process sensor update (last: 1747895801.8017607, new: 1747895807.0079165)
2025-05-21 23:36:47,294 - direct_sensor_memory - INFO - Processing process data: {"timestamp": "2025-05-21T23:36:47.007040", "active_app": "Unknown", "active_window": "Unknown Window", "active_processes": [{"name": "Cursor Helper (Plugin): extension-host [2-2]", "pid": 76523, "typ...
2025-05-21 23:36:47,294 - direct_sensor_memory - INFO - Extracted process context: {"active_window": "Unknown Window", "active_app": "Unknown", "active_apps": ["Cursor Helper (Plugin): extension-host [2-2]", "Cursor", "Google Chrome", "node", "Safari", "tesseract", "Google Chrome Helper (Renderer)", "Cursor Helper (Renderer)", "Cursor Helper (GPU)", "Google Chrome Helper (GPU)"]}
2025-05-21 23:36:47,299 - direct_sensor_memory - INFO - ✅ Updated context file with keys: ['active_window', 'active_app', 'active_apps']
2025-05-21 23:36:47,299 - direct_sensor_memory - INFO - ✅ Successfully processed process data and updated memory/context
2025-05-21 23:36:53,303 - direct_sensor_memory - INFO - Detected process sensor update (last: 1747895807.0079165, new: 1747895812.2224605)
2025-05-21 23:36:53,304 - direct_sensor_memory - INFO - Processing process data: {"timestamp": "2025-05-21T23:36:52.221535", "active_app": "Unknown", "active_window": "Unknown Window", "active_processes": [{"name": "Cursor Helper (Plugin): extension-host [2-2]", "pid": 76523, "typ...
2025-05-21 23:36:53,304 - direct_sensor_memory - INFO - Extracted process context: {"active_window": "Unknown Window", "active_app": "Unknown", "active_apps": ["Cursor Helper (Plugin): extension-host [2-2]", "Cursor", "Google Chrome", "Safari", "node", "tesseract", "Google Chrome Helper (Renderer)", "Cursor Helper (Renderer)", "Cursor Helper (GPU)", "Google Chrome Helper (GPU)"]}
2025-05-21 23:36:53,309 - direct_sensor_memory - INFO - ✅ Updated context file with keys: ['active_window', 'active_app', 'active_apps']
2025-05-21 23:36:53,309 - direct_sensor_memory - INFO - ✅ Successfully processed process data and updated memory/context
2025-05-21 23:36:59,312 - direct_sensor_memory - INFO - Detected process sensor update (last: 1747895812.2224605, new: 1747895817.4196784)
2025-05-21 23:36:59,314 - direct_sensor_memory - INFO - Processing process data: {"timestamp": "2025-05-21T23:36:57.419024", "active_app": "Unknown", "active_window": "Unknown Window", "active_processes": [{"name": "Cursor Helper (Plugin): extension-host [2-2]", "pid": 76523, "typ...
2025-05-21 23:36:59,314 - direct_sensor_memory - INFO - Extracted process context: {"active_window": "Unknown Window", "active_app": "Unknown", "active_apps": ["Cursor Helper (Plugin): extension-host [2-2]", "Cursor", "Google Chrome", "Safari", "node", "Google Chrome Helper (Renderer)", "Cursor Helper (Renderer)", "tesseract", "Cursor Helper (GPU)", "Google Chrome Helper (GPU)"]}
2025-05-21 23:36:59,321 - direct_sensor_memory - INFO - ✅ Updated context file with keys: ['active_window', 'active_app', 'active_apps']
2025-05-21 23:36:59,321 - direct_sensor_memory - INFO - ✅ Successfully processed process data and updated memory/context
2025-05-21 23:37:03,323 - direct_sensor_memory - INFO - Detected process sensor update (last: 1747895817.4196784, new: 1747895822.6390526)
2025-05-21 23:37:03,324 - direct_sensor_memory - INFO - Processing process data: {"timestamp": "2025-05-21T23:37:02.638132", "active_app": "Unknown", "active_window": "Unknown Window", "active_processes": [{"name": "Cursor Helper (Plugin): extension-host [2-2]", "pid": 76523, "typ...
2025-05-21 23:37:03,324 - direct_sensor_memory - INFO - Extracted process context: {"active_window": "Unknown Window", "active_app": "Unknown", "active_apps": ["Cursor Helper (Plugin): extension-host [2-2]", "Cursor", "Google Chrome", "Safari", "tesseract", "node", "Google Chrome Helper (Renderer)", "Cursor Helper (Renderer)", "Cursor Helper (GPU)", "Google Chrome Helper (GPU)"]}
2025-05-21 23:37:03,330 - direct_sensor_memory - INFO - ✅ Updated context file with keys: ['active_window', 'active_app', 'active_apps']
2025-05-21 23:37:03,330 - direct_sensor_memory - INFO - ✅ Successfully processed process data and updated memory/context
2025-05-21 23:37:09,333 - direct_sensor_memory - INFO - Detected process sensor update (last: 1747895822.6390526, new: 1747895827.8328261)
2025-05-21 23:37:09,334 - direct_sensor_memory - INFO - Processing process data: {"timestamp": "2025-05-21T23:37:07.832186", "active_app": "Unknown", "active_window": "Unknown Window", "active_processes": [{"name": "Cursor Helper (Plugin): extension-host [2-2]", "pid": 76523, "typ...
2025-05-21 23:37:09,335 - direct_sensor_memory - INFO - Extracted process context: {"active_window": "Unknown Window", "active_app": "Unknown", "active_apps": ["Cursor Helper (Plugin): extension-host [2-2]", "Cursor", "Google Chrome", "Safari", "tesseract", "node", "Google Chrome Helper (Renderer)", "Cursor Helper (Renderer)", "suggestd", "Cursor Helper (GPU)"]}
2025-05-21 23:37:09,340 - direct_sensor_memory - INFO - ✅ Updated context file with keys: ['active_window', 'active_app', 'active_apps']
2025-05-21 23:37:09,340 - direct_sensor_memory - INFO - ✅ Successfully processed process data and updated memory/context
2025-05-21 23:37:13,342 - direct_sensor_memory - INFO - Detected process sensor update (last: 1747895827.8328261, new: 1747895833.0332453)
2025-05-21 23:37:13,344 - direct_sensor_memory - INFO - Processing process data: {"timestamp": "2025-05-21T23:37:13.032596", "active_app": "Unknown", "active_window": "Unknown Window", "active_processes": [{"name": "Cursor Helper (Plugin): extension-host [2-2]", "pid": 76523, "typ...
2025-05-21 23:37:13,344 - direct_sensor_memory - INFO - Extracted process context: {"active_window": "Unknown Window", "active_app": "Unknown", "active_apps": ["Cursor Helper (Plugin): extension-host [2-2]", "Cursor", "Google Chrome", "Safari", "tesseract", "node", "Google Chrome Helper (Renderer)", "Cursor Helper (Renderer)", "suggestd", "Cursor Helper (GPU)"]}
2025-05-21 23:37:13,349 - direct_sensor_memory - INFO - ✅ Updated context file with keys: ['active_window', 'active_app', 'active_apps']
2025-05-21 23:37:13,349 - direct_sensor_memory - INFO - ✅ Successfully processed process data and updated memory/context
2025-05-21 23:37:19,352 - direct_sensor_memory - INFO - Detected process sensor update (last: 1747895833.0332453, new: 1747895838.2362168)
2025-05-21 23:37:19,353 - direct_sensor_memory - INFO - Processing process data: {"timestamp": "2025-05-21T23:37:18.235567", "active_app": "Unknown", "active_window": "Unknown Window", "active_processes": [{"name": "Cursor Helper (Plugin): extension-host [2-2]", "pid": 76523, "typ...
2025-05-21 23:37:19,353 - direct_sensor_memory - INFO - Extracted process context: {"active_window": "Unknown Window", "active_app": "Unknown", "active_apps": ["Cursor Helper (Plugin): extension-host [2-2]", "Cursor", "Google Chrome", "Safari", "tesseract", "node", "Google Chrome Helper (Renderer)", "Cursor Helper (Renderer)", "suggestd", "Cursor Helper (GPU)"]}
2025-05-21 23:37:19,359 - direct_sensor_memory - INFO - ✅ Updated context file with keys: ['active_window', 'active_app', 'active_apps']
2025-05-21 23:37:19,359 - direct_sensor_memory - INFO - ✅ Successfully processed process data and updated memory/context
2025-05-21 23:37:25,362 - direct_sensor_memory - INFO - Detected process sensor update (last: 1747895838.2362168, new: 1747895843.449129)
2025-05-21 23:37:25,363 - direct_sensor_memory - INFO - Processing process data: {"timestamp": "2025-05-21T23:37:23.447619", "active_app": "Unknown", "active_window": "Unknown Window", "active_processes": [{"name": "Cursor", "pid": 76164, "type": "other", "memory_mb": 134.8, "cpu_...
2025-05-21 23:37:25,363 - direct_sensor_memory - INFO - Extracted process context: {"active_window": "Unknown Window", "active_app": "Unknown", "active_apps": ["Cursor", "Cursor Helper (Renderer)", "Cursor Helper (Plugin): extension-host [2-2]", "Google Chrome", "Safari", "tesseract", "Cursor Helper (Plugin): extension-host [1-1]", "node", "Google Chrome Helper (Renderer)", "Cursor Helper (GPU)"]}
2025-05-21 23:37:25,369 - direct_sensor_memory - INFO - ✅ Updated context file with keys: ['active_window', 'active_app', 'active_apps']
2025-05-21 23:37:25,369 - direct_sensor_memory - INFO - ✅ Successfully processed process data and updated memory/context
2025-05-21 23:37:29,371 - direct_sensor_memory - INFO - Detected process sensor update (last: 1747895843.449129, new: 1747895848.6710193)
2025-05-21 23:37:29,372 - direct_sensor_memory - INFO - Processing process data: {"timestamp": "2025-05-21T23:37:28.669945", "active_app": "Unknown", "active_window": "Unknown Window", "active_processes": [{"name": "Cursor Helper (Plugin): extension-host [2-2]", "pid": 76523, "typ...
2025-05-21 23:37:29,372 - direct_sensor_memory - INFO - Extracted process context: {"active_window": "Unknown Window", "active_app": "Unknown", "active_apps": ["Cursor Helper (Plugin): extension-host [2-2]", "Cursor", "Google Chrome", "Cursor Helper (Renderer)", "Safari", "Cursor Helper (Plugin): extension-host [1-1]", "Google Chrome Helper (Renderer)", "Cursor Helper (GPU)", "ControlCenter", "NotificationCenter"]}
2025-05-21 23:37:29,378 - direct_sensor_memory - INFO - ✅ Updated context file with keys: ['active_window', 'active_app', 'active_apps']
2025-05-21 23:37:29,378 - direct_sensor_memory - INFO - ✅ Successfully processed process data and updated memory/context
2025-05-21 23:37:35,383 - direct_sensor_memory - INFO - Detected process sensor update (last: 1747895848.6710193, new: 1747895854.0315106)
2025-05-21 23:37:35,387 - direct_sensor_memory - INFO - Processing process data: {"timestamp": "2025-05-21T23:37:34.029492", "active_app": "Unknown", "active_window": "Unknown Window", "active_processes": [{"name": "Cursor Helper (Renderer)", "pid": 76214, "type": "other", "memory...
2025-05-21 23:37:35,387 - direct_sensor_memory - INFO - Extracted process context: {"active_window": "Unknown Window", "active_app": "Unknown", "active_apps": ["Cursor Helper (Renderer)", "Cursor", "Google Chrome", "Cursor Helper (Plugin): extension-host [2-2]", "Safari", "Google Chrome Helper (Renderer)", "Cursor Helper (GPU)", "Google Chrome Helper", "Cursor Helper (Plugin): extension-host [1-1]", "NotificationCenter"]}
2025-05-21 23:37:35,396 - direct_sensor_memory - INFO - ✅ Updated context file with keys: ['active_window', 'active_app', 'active_apps']
2025-05-21 23:37:35,396 - direct_sensor_memory - INFO - ✅ Successfully processed process data and updated memory/context
2025-05-21 23:37:41,401 - direct_sensor_memory - INFO - Detected process sensor update (last: 1747895854.0315106, new: 1747895859.4148085)
2025-05-21 23:37:41,406 - direct_sensor_memory - INFO - Processing process data: {"timestamp": "2025-05-21T23:37:39.413561", "active_app": "Unknown", "active_window": "Unknown Window", "active_processes": [{"name": "Cursor", "pid": 76164, "type": "other", "memory_mb": 65.7, "cpu_p...
2025-05-21 23:37:41,407 - direct_sensor_memory - INFO - Extracted process context: {"active_window": "Unknown Window", "active_app": "Unknown", "active_apps": ["Cursor", "Safari", "Cursor Helper (Plugin): extension-host [2-2]", "Cursor Helper (Renderer)", "Google Chrome", "Cursor Helper (GPU)", "NotificationCenter", "Cursor Helper (Plugin): extension-host [1-1]", "Finder", "node"]}
2025-05-21 23:37:41,415 - direct_sensor_memory - INFO - ✅ Updated context file with keys: ['active_window', 'active_app', 'active_apps']
2025-05-21 23:37:41,415 - direct_sensor_memory - INFO - ✅ Successfully processed process data and updated memory/context
2025-05-21 23:37:45,418 - direct_sensor_memory - INFO - Detected process sensor update (last: 1747895859.4148085, new: 1747895864.7595475)
2025-05-21 23:37:45,422 - direct_sensor_memory - INFO - Processing process data: {"timestamp": "2025-05-21T23:37:44.757405", "active_app": "Unknown", "active_window": "Unknown Window", "active_processes": [{"name": "Cursor Helper (Plugin): extension-host [2-2]", "pid": 76523, "typ...
2025-05-21 23:37:45,422 - direct_sensor_memory - INFO - Extracted process context: {"active_window": "Unknown Window", "active_app": "Unknown", "active_apps": ["Cursor Helper (Plugin): extension-host [2-2]", "Cursor", "Safari", "Cursor Helper (GPU)", "Google Chrome", "Cursor Helper (Renderer)", "NotificationCenter", "Cursor Helper (Plugin): extension-host [1-1]", "node", "Google Chrome Helper"]}
2025-05-21 23:37:45,427 - direct_sensor_memory - INFO - ✅ Updated context file with keys: ['active_window', 'active_app', 'active_apps']
2025-05-21 23:37:45,428 - direct_sensor_memory - INFO - ✅ Successfully processed process data and updated memory/context
2025-05-21 23:37:51,432 - direct_sensor_memory - INFO - Detected process sensor update (last: 1747895864.7595475, new: 1747895869.999737)
2025-05-21 23:37:51,437 - direct_sensor_memory - INFO - Processing process data: {"timestamp": "2025-05-21T23:37:49.998950", "active_app": "Unknown", "active_window": "Unknown Window", "active_processes": [{"name": "Cursor Helper (Plugin): extension-host [2-2]", "pid": 76523, "typ...
2025-05-21 23:37:51,438 - direct_sensor_memory - INFO - Extracted process context: {"active_window": "Unknown Window", "active_app": "Unknown", "active_apps": ["Cursor Helper (Plugin): extension-host [2-2]", "Cursor", "Safari", "Google Chrome", "Cursor Helper (GPU)", "Cursor Helper (Renderer)", "NotificationCenter", "Cursor Helper (Plugin): extension-host [1-1]", "Google Chrome Helper (Renderer)", "node"]}
2025-05-21 23:37:51,447 - direct_sensor_memory - INFO - ✅ Updated context file with keys: ['active_window', 'active_app', 'active_apps']
2025-05-21 23:37:51,447 - direct_sensor_memory - INFO - ✅ Successfully processed process data and updated memory/context
2025-05-21 23:37:55,450 - direct_sensor_memory - INFO - Detected process sensor update (last: 1747895869.999737, new: 1747895875.2874098)
2025-05-21 23:37:55,453 - direct_sensor_memory - INFO - Processing process data: {"timestamp": "2025-05-21T23:37:55.286340", "active_app": "Unknown", "active_window": "Unknown Window", "active_processes": [{"name": "Cursor Helper (Plugin): extension-host [2-2]", "pid": 76523, "typ...
2025-05-21 23:37:55,453 - direct_sensor_memory - INFO - Extracted process context: {"active_window": "Unknown Window", "active_app": "Unknown", "active_apps": ["Cursor Helper (Plugin): extension-host [2-2]", "Google Chrome Helper (Renderer)", "Cursor", "Safari", "Cursor Helper (GPU)", "Cursor Helper (Renderer)", "Google Chrome", "NotificationCenter", "AddressBookSourceSync", "Cursor Helper (Plugin): extension-host [1-1]"]}
2025-05-21 23:37:55,460 - direct_sensor_memory - INFO - ✅ Updated context file with keys: ['active_window', 'active_app', 'active_apps']
2025-05-21 23:37:55,460 - direct_sensor_memory - INFO - ✅ Successfully processed process data and updated memory/context
2025-05-21 23:38:01,465 - direct_sensor_memory - INFO - Detected process sensor update (last: 1747895875.2874098, new: 1747895880.5656471)
2025-05-21 23:38:01,468 - direct_sensor_memory - INFO - Processing process data: {"timestamp": "2025-05-21T23:38:00.564312", "active_app": "Unknown", "active_window": "Unknown Window", "active_processes": [{"name": "Cursor Helper (Plugin): extension-host [2-2]", "pid": 76523, "typ...
2025-05-21 23:38:01,468 - direct_sensor_memory - INFO - Extracted process context: {"active_window": "Unknown Window", "active_app": "Unknown", "active_apps": ["Cursor Helper (Plugin): extension-host [2-2]", "Google Chrome", "Cursor", "Cursor Helper (Renderer)", "Cursor Helper (GPU)", "Google Chrome Helper (Renderer)", "AddressBookSourceSync", "ControlCenter", "Cursor Helper (Plugin): extension-host [1-1]", "Safari"]}
2025-05-21 23:38:01,474 - direct_sensor_memory - INFO - ✅ Updated context file with keys: ['active_window', 'active_app', 'active_apps']
2025-05-21 23:38:01,474 - direct_sensor_memory - INFO - ✅ Successfully processed process data and updated memory/context
2025-05-21 23:38:07,495 - direct_sensor_memory - INFO - Detected process sensor update (last: 1747895880.5656471, new: 1747895886.4074552)
2025-05-21 23:38:07,504 - direct_sensor_memory - INFO - Processing process data: {"timestamp": "2025-05-21T23:38:06.402829", "active_app": "Unknown", "active_window": "Unknown Window", "active_processes": [{"name": "Cursor Helper (Plugin): extension-host [2-2]", "pid": 76523, "typ...
2025-05-21 23:38:07,505 - direct_sensor_memory - INFO - Extracted process context: {"active_window": "Unknown Window", "active_app": "Unknown", "active_apps": ["Cursor Helper (Plugin): extension-host [2-2]", "Safari", "Cursor Helper (GPU)", "Cursor", "Finder", "Cursor Helper (Renderer)", "CommCenter", "NotificationCenter", "AddressBookManager", "identityservicesd"]}
2025-05-21 23:38:07,518 - direct_sensor_memory - INFO - ✅ Updated context file with keys: ['active_window', 'active_app', 'active_apps']
2025-05-21 23:38:07,518 - direct_sensor_memory - INFO - ✅ Successfully processed process data and updated memory/context
2025-05-21 23:38:13,542 - direct_sensor_memory - INFO - Detected process sensor update (last: 1747895886.4074552, new: 1747895892.1074016)
2025-05-21 23:38:13,547 - direct_sensor_memory - INFO - Processing process data: {"timestamp": "2025-05-21T23:38:12.095052", "active_app": "Unknown", "active_window": "Unknown Window", "active_processes": [{"name": "Cursor Helper (GPU)", "pid": 76206, "type": "other", "memory_mb":...
2025-05-21 23:38:13,547 - direct_sensor_memory - INFO - Extracted process context: {"active_window": "Unknown Window", "active_app": "Unknown", "active_apps": ["Cursor Helper (GPU)", "Cursor", "Cursor Helper (Renderer)", "Keychain Circle Notification", "Cursor Helper (Plugin): extension-host [2-2]", "Google Chrome", "CommCenter", "Cursor Helper (Plugin): extension-host [1-1]", "sharingd", "Safari"]}
2025-05-21 23:38:13,555 - direct_sensor_memory - INFO - ✅ Updated context file with keys: ['active_window', 'active_app', 'active_apps']
2025-05-21 23:38:13,555 - direct_sensor_memory - INFO - ✅ Successfully processed process data and updated memory/context
2025-05-21 23:38:19,565 - direct_sensor_memory - INFO - Detected process sensor update (last: 1747895892.1074016, new: 1747895897.6969104)
2025-05-21 23:38:19,569 - direct_sensor_memory - INFO - Processing process data: {"timestamp": "2025-05-21T23:38:17.694204", "active_app": "Unknown", "active_window": "Unknown Window", "active_processes": [{"name": "Cursor Helper (Plugin): extension-host [2-2]", "pid": 76523, "typ...
2025-05-21 23:38:19,570 - direct_sensor_memory - INFO - Extracted process context: {"active_window": "Unknown Window", "active_app": "Unknown", "active_apps": ["Cursor Helper (Plugin): extension-host [2-2]", "Cursor Helper (GPU)", "Cursor", "Cursor Helper (Renderer)", "Google Chrome", "Keychain Circle Notification", "suggestd", "Google Chrome Helper", "CommCenter", "Cursor Helper (Plugin): extension-host [1-1]"]}
2025-05-21 23:38:19,579 - direct_sensor_memory - INFO - ✅ Updated context file with keys: ['active_window', 'active_app', 'active_apps']
2025-05-21 23:38:19,579 - direct_sensor_memory - INFO - ✅ Successfully processed process data and updated memory/context
2025-05-21 23:38:23,586 - direct_sensor_memory - INFO - Detected process sensor update (last: 1747895897.6969104, new: 1747895903.1717618)
2025-05-21 23:38:23,593 - direct_sensor_memory - INFO - Processing process data: {"timestamp": "2025-05-21T23:38:23.169175", "active_app": "Unknown", "active_window": "Unknown Window", "active_processes": [{"name": "Cursor Helper (Renderer)", "pid": 76214, "type": "other", "memory...
2025-05-21 23:38:23,593 - direct_sensor_memory - INFO - Extracted process context: {"active_window": "Unknown Window", "active_app": "Unknown", "active_apps": ["Cursor Helper (Renderer)", "Cursor", "Cursor Helper (GPU)", "Cursor Helper (Plugin): extension-host [2-2]", "Google Chrome", "Cursor Helper (Plugin): extension-host [1-1]", "Cursor Helper", "Keychain Circle Notification", "CommCenter", "Safari"]}
2025-05-21 23:38:23,607 - direct_sensor_memory - INFO - ✅ Updated context file with keys: ['active_window', 'active_app', 'active_apps']
2025-05-21 23:38:23,607 - direct_sensor_memory - INFO - ✅ Successfully processed process data and updated memory/context
2025-05-21 23:38:29,619 - direct_sensor_memory - INFO - Detected process sensor update (last: 1747895903.1717618, new: 1747895908.541507)
2025-05-21 23:38:29,624 - direct_sensor_memory - INFO - Processing process data: {"timestamp": "2025-05-21T23:38:28.538048", "active_app": "Unknown", "active_window": "Unknown Window", "active_processes": [{"name": "Cursor Helper (Plugin): extension-host [2-2]", "pid": 76523, "typ...
2025-05-21 23:38:29,625 - direct_sensor_memory - INFO - Extracted process context: {"active_window": "Unknown Window", "active_app": "Unknown", "active_apps": ["Cursor Helper (Plugin): extension-host [2-2]", "Cursor", "Cursor Helper (GPU)", "Cursor Helper (Renderer)", "NotificationCenter", "Google Chrome", "Cursor Helper (Plugin): extension-host [1-1]", "Keychain Circle Notification", "sharingd", "Cursor Helper"]}
2025-05-21 23:38:29,635 - direct_sensor_memory - INFO - ✅ Updated context file with keys: ['active_window', 'active_app', 'active_apps']
2025-05-21 23:38:29,635 - direct_sensor_memory - INFO - ✅ Successfully processed process data and updated memory/context
2025-05-21 23:38:35,650 - direct_sensor_memory - INFO - Detected process sensor update (last: 1747895908.541507, new: 1747895914.1777618)
2025-05-21 23:38:35,679 - direct_sensor_memory - INFO - Processing process data: {"timestamp": "2025-05-21T23:38:34.168844", "active_app": "Unknown", "active_window": "Unknown Window", "active_processes": [{"name": "Cursor Helper (Plugin): extension-host [2-2]", "pid": 76523, "typ...
2025-05-21 23:38:35,681 - direct_sensor_memory - INFO - Extracted process context: {"active_window": "Unknown Window", "active_app": "Unknown", "active_apps": ["Cursor Helper (Plugin): extension-host [2-2]", "Cursor", "Cursor Helper (GPU)", "Cursor Helper (Renderer)", "Google Chrome", "Cursor Helper (Plugin): extension-host [1-1]", "Keychain Circle Notification", "Safari", "NotificationCenter", "CommCenter"]}
2025-05-21 23:38:35,703 - direct_sensor_memory - INFO - ✅ Updated context file with keys: ['active_window', 'active_app', 'active_apps']
2025-05-21 23:38:35,703 - direct_sensor_memory - INFO - ✅ Successfully processed process data and updated memory/context
2025-05-21 23:38:41,730 - direct_sensor_memory - INFO - Detected process sensor update (last: 1747895914.1777618, new: 1747895919.909347)
2025-05-21 23:38:41,764 - direct_sensor_memory - INFO - Processing process data: {"timestamp": "2025-05-21T23:38:39.904627", "active_app": "Unknown", "active_window": "Unknown Window", "active_processes": [{"name": "Cursor Helper (Plugin): extension-host [2-2]", "pid": 76523, "typ...
2025-05-21 23:38:41,764 - direct_sensor_memory - INFO - Extracted process context: {"active_window": "Unknown Window", "active_app": "Unknown", "active_apps": ["Cursor Helper (Plugin): extension-host [2-2]", "Cursor Helper (GPU)", "Cursor", "Cursor Helper (Renderer)", "Google Chrome", "Cursor Helper (Plugin): extension-host [1-1]", "exchangesyncd", "Safari", "Keychain Circle Notification", "sharingd"]}
2025-05-21 23:38:41,790 - direct_sensor_memory - INFO - ✅ Updated context file with keys: ['active_window', 'active_app', 'active_apps']
2025-05-21 23:38:41,790 - direct_sensor_memory - INFO - ✅ Successfully processed process data and updated memory/context
2025-05-21 23:38:45,902 - direct_sensor_memory - INFO - Detected process sensor update (last: 1747895919.909347, new: 1747895925.7190735)
2025-05-21 23:38:45,905 - direct_sensor_memory - INFO - Processing process data: {"timestamp": "2025-05-21T23:38:45.714410", "active_app": "Unknown", "active_window": "Unknown Window", "active_processes": [{"name": "Cursor", "pid": 76164, "type": "other", "memory_mb": 40.8, "cpu_p...
2025-05-21 23:38:45,905 - direct_sensor_memory - INFO - Extracted process context: {"active_window": "Unknown Window", "active_app": "Unknown", "active_apps": ["Cursor", "Cursor Helper (GPU)", "Cursor Helper (Plugin): extension-host [2-2]", "Cursor Helper (Renderer)", "Cursor Helper (Plugin): extension-host [1-1]", "Google Chrome", "Keychain Circle Notification", "CursorUIViewService", "Safari", "NotificationCenter"]}
2025-05-21 23:38:45,914 - direct_sensor_memory - INFO - ✅ Updated context file with keys: ['active_window', 'active_app', 'active_apps']
2025-05-21 23:38:45,914 - direct_sensor_memory - INFO - ✅ Successfully processed process data and updated memory/context
2025-05-21 23:38:51,961 - direct_sensor_memory - INFO - Detected process sensor update (last: 1747895925.7190735, new: 1747895931.047729)
2025-05-21 23:38:51,968 - direct_sensor_memory - INFO - Processing process data: {"timestamp": "2025-05-21T23:38:51.046535", "active_app": "Unknown", "active_window": "Unknown Window", "active_processes": [{"name": "Cursor Helper (Plugin): extension-host [2-2]", "pid": 76523, "typ...
2025-05-21 23:38:51,968 - direct_sensor_memory - INFO - Extracted process context: {"active_window": "Unknown Window", "active_app": "Unknown", "active_apps": ["Cursor Helper (Plugin): extension-host [2-2]", "Cursor", "Cursor Helper (GPU)", "Cursor Helper (Renderer)", "Google Chrome", "Cursor Helper (Plugin): extension-host [1-1]", "sharingd", "Keychain Circle Notification", "accountsd", "Safari"]}
2025-05-21 23:38:51,974 - direct_sensor_memory - INFO - ✅ Updated context file with keys: ['active_window', 'active_app', 'active_apps']
2025-05-21 23:38:51,974 - direct_sensor_memory - INFO - ✅ Successfully processed process data and updated memory/context
2025-05-21 23:38:57,981 - direct_sensor_memory - INFO - Detected process sensor update (last: 1747895931.047729, new: 1747895936.375808)
2025-05-21 23:38:57,987 - direct_sensor_memory - INFO - Processing process data: {"timestamp": "2025-05-21T23:38:56.371555", "active_app": "Unknown", "active_window": "Unknown Window", "active_processes": [{"name": "Cursor Helper (Plugin): extension-host [2-2]", "pid": 76523, "typ...
2025-05-21 23:38:57,987 - direct_sensor_memory - INFO - Extracted process context: {"active_window": "Unknown Window", "active_app": "Unknown", "active_apps": ["Cursor Helper (Plugin): extension-host [2-2]", "Cursor", "Cursor Helper (GPU)", "Cursor Helper (Renderer)", "Google Chrome", "Safari", "Cursor Helper (Plugin): extension-host [1-1]", "WindowManager", "Keychain Circle Notification", "Google Chrome Helper"]}
2025-05-21 23:38:57,994 - direct_sensor_memory - INFO - ✅ Updated context file with keys: ['active_window', 'active_app', 'active_apps']
2025-05-21 23:38:57,994 - direct_sensor_memory - INFO - ✅ Successfully processed process data and updated memory/context
2025-05-21 23:39:04,000 - direct_sensor_memory - INFO - Detected process sensor update (last: 1747895936.375808, new: 1747895942.017879)
2025-05-21 23:39:04,015 - direct_sensor_memory - INFO - Processing process data: {"timestamp": "2025-05-21T23:39:02.015812", "active_app": "Unknown", "active_window": "Unknown Window", "active_processes": [{"name": "Cursor", "pid": 76164, "type": "other", "memory_mb": 113.3, "cpu_...
2025-05-21 23:39:04,015 - direct_sensor_memory - INFO - Extracted process context: {"active_window": "Unknown Window", "active_app": "Unknown", "active_apps": ["Cursor", "Cursor Helper (Plugin): extension-host [2-2]", "Google Chrome", "Cursor Helper (GPU)", "Cursor Helper (Renderer)", "ControlCenter", "Python", "Cursor Helper (Plugin): extension-host [1-1]", "Google Chrome Helper (GPU)", "Cursor Helper"]}
2025-05-21 23:39:04,021 - direct_sensor_memory - INFO - ✅ Updated context file with keys: ['active_window', 'active_app', 'active_apps']
2025-05-21 23:39:04,021 - direct_sensor_memory - INFO - ✅ Successfully processed process data and updated memory/context
2025-05-21 23:39:08,025 - direct_sensor_memory - INFO - Detected process sensor update (last: 1747895942.017879, new: 1747895947.2659953)
2025-05-21 23:39:08,032 - direct_sensor_memory - INFO - Processing process data: {"timestamp": "2025-05-21T23:39:07.264394", "active_app": "Unknown", "active_window": "Unknown Window", "active_processes": [{"name": "Cursor Helper (Plugin): extension-host [2-2]", "pid": 76523, "typ...
2025-05-21 23:39:08,032 - direct_sensor_memory - INFO - Extracted process context: {"active_window": "Unknown Window", "active_app": "Unknown", "active_apps": ["Cursor Helper (Plugin): extension-host [2-2]", "Cursor Helper (Plugin): extension-host [1-1]", "Cursor", "Cursor Helper (Renderer)", "Cursor Helper (GPU)", "Google Chrome", "mdworker_shared", "Google Chrome Helper (GPU)", "Google Chrome Helper", "Cursor Helper"]}
2025-05-21 23:39:08,041 - direct_sensor_memory - INFO - ✅ Updated context file with keys: ['active_window', 'active_app', 'active_apps']
2025-05-21 23:39:08,041 - direct_sensor_memory - INFO - ✅ Successfully processed process data and updated memory/context
2025-05-21 23:39:14,093 - direct_sensor_memory - INFO - Detected process sensor update (last: 1747895947.2659953, new: 1747895953.0450857)
2025-05-21 23:39:14,103 - direct_sensor_memory - INFO - Processing process data: {"timestamp": "2025-05-21T23:39:13.041189", "active_app": "Unknown", "active_window": "Unknown Window", "active_processes": [{"name": "Cursor", "pid": 76164, "type": "other", "memory_mb": 109.1, "cpu_...
2025-05-21 23:39:14,103 - direct_sensor_memory - INFO - Extracted process context: {"active_window": "Unknown Window", "active_app": "Unknown", "active_apps": ["Cursor", "Cursor Helper (Plugin): extension-host [2-2]", "Cursor Helper (GPU)", "Cursor Helper (Renderer)", "Google Chrome", "WindowManager", "CursorUIViewService", "Cursor Helper (Plugin): extension-host [1-1]", "Safari", "Finder"]}
2025-05-21 23:39:14,112 - direct_sensor_memory - INFO - ✅ Updated context file with keys: ['active_window', 'active_app', 'active_apps']
2025-05-21 23:39:14,113 - direct_sensor_memory - INFO - ✅ Successfully processed process data and updated memory/context
2025-05-21 23:39:20,118 - direct_sensor_memory - INFO - Detected process sensor update (last: 1747895953.0450857, new: 1747895958.4499469)
2025-05-21 23:39:20,120 - direct_sensor_memory - INFO - Processing process data: {"timestamp": "2025-05-21T23:39:18.448078", "active_app": "Unknown", "active_window": "Unknown Window", "active_processes": [{"name": "Cursor Helper (Plugin): extension-host [2-2]", "pid": 76523, "typ...
2025-05-21 23:39:20,120 - direct_sensor_memory - INFO - Extracted process context: {"active_window": "Unknown Window", "active_app": "Unknown", "active_apps": ["Cursor Helper (Plugin): extension-host [2-2]", "node", "Cursor", "Cursor Helper (Renderer)", "Cursor Helper (GPU)", "Google Chrome", "NotificationCenter", "Cursor Helper (Plugin): extension-host [1-1]", "Safari", "CursorUIViewService"]}
2025-05-21 23:39:20,127 - direct_sensor_memory - INFO - ✅ Updated context file with keys: ['active_window', 'active_app', 'active_apps']
2025-05-21 23:39:20,127 - direct_sensor_memory - INFO - ✅ Successfully processed process data and updated memory/context
2025-05-21 23:39:24,157 - direct_sensor_memory - INFO - Detected process sensor update (last: 1747895958.4499469, new: 1747895964.0963817)
2025-05-21 23:39:24,168 - direct_sensor_memory - INFO - Processing process data: {"timestamp": "2025-05-21T23:39:24.091271", "active_app": "Unknown", "active_window": "Unknown Window", "active_processes": [{"name": "node", "pid": 82880, "type": "other", "memory_mb": 92.5, "cpu_per...
2025-05-21 23:39:24,169 - direct_sensor_memory - INFO - Extracted process context: {"active_window": "Unknown Window", "active_app": "Unknown", "active_apps": ["node", "Cursor Helper (Renderer)", "Cursor", "Cursor Helper (Plugin): extension-host [2-2]", "Cursor Helper (Plugin): extension-host [1-1]", "Cursor Helper (GPU)", "chronod", "NotificationCenter", "Google Chrome", "replayd"]}
2025-05-21 23:39:24,200 - direct_sensor_memory - INFO - ✅ Updated context file with keys: ['active_window', 'active_app', 'active_apps']
2025-05-21 23:39:24,201 - direct_sensor_memory - INFO - ✅ Successfully processed process data and updated memory/context
2025-05-21 23:39:30,208 - direct_sensor_memory - INFO - Detected process sensor update (last: 1747895964.0963817, new: 1747895969.5103412)
2025-05-21 23:39:30,210 - direct_sensor_memory - INFO - Processing process data: {"timestamp": "2025-05-21T23:39:29.508887", "active_app": "Unknown", "active_window": "Unknown Window", "active_processes": [{"name": "node", "pid": 82880, "type": "other", "memory_mb": 99.8, "cpu_per...
2025-05-21 23:39:30,210 - direct_sensor_memory - INFO - Extracted process context: {"active_window": "Unknown Window", "active_app": "Unknown", "active_apps": ["node", "Cursor", "Cursor Helper (Renderer)", "Cursor Helper (Plugin): extension-host [2-2]", "Cursor Helper (GPU)", "chronod", "Google Chrome", "replayd", "Cursor Helper (Plugin): extension-host [1-1]", "NotificationCenter"]}
2025-05-21 23:39:30,217 - direct_sensor_memory - INFO - ✅ Updated context file with keys: ['active_window', 'active_app', 'active_apps']
2025-05-21 23:39:30,217 - direct_sensor_memory - INFO - ✅ Successfully processed process data and updated memory/context
2025-05-21 23:39:38,286 - direct_sensor_memory - INFO - Detected process sensor update (last: 1747895969.5103412, new: 1747895976.3908544)
2025-05-21 23:39:38,317 - direct_sensor_memory - INFO - Processing process data: {"timestamp": "2025-05-21T23:39:36.373017", "active_app": "Unknown", "active_window": "Unknown Window", "active_processes": [{"name": "Cursor", "pid": 76164, "type": "other", "memory_mb": 121.8, "cpu_...
2025-05-21 23:39:38,317 - direct_sensor_memory - INFO - Extracted process context: {"active_window": "Unknown Window", "active_app": "Unknown", "active_apps": ["Cursor", "Safari", "node", "Cursor Helper (Renderer)", "Cursor Helper (GPU)", "chronod", "maild", "Cursor Helper (Plugin): extension-host [2-2]", "NotificationCenter", "WindowManager"]}
2025-05-21 23:39:38,330 - direct_sensor_memory - INFO - ✅ Updated context file with keys: ['active_window', 'active_app', 'active_apps']
2025-05-21 23:39:38,330 - direct_sensor_memory - INFO - ✅ Successfully processed process data and updated memory/context
2025-05-21 23:39:48,439 - direct_sensor_memory - INFO - Detected process sensor update (last: 1747895976.3908544, new: 1747895986.4305484)
2025-05-21 23:39:48,486 - direct_sensor_memory - INFO - Processing process data: {"timestamp": "2025-05-21T23:39:46.405393", "active_app": "Unknown", "active_window": "Unknown Window", "active_processes": [{"name": "Cursor Helper (Plugin): extension-host [2-2]", "pid": 76523, "typ...
2025-05-21 23:39:48,486 - direct_sensor_memory - INFO - Extracted process context: {"active_window": "Unknown Window", "active_app": "Unknown", "active_apps": ["Cursor Helper (Plugin): extension-host [2-2]", "Cursor", "Safari", "CommCenter", "WindowManager", "Cursor Helper (GPU)", "Cursor Helper (Renderer)", "Google Chrome", "callservicesd", "identityservicesd"]}
2025-05-21 23:39:48,504 - direct_sensor_memory - INFO - ✅ Updated context file with keys: ['active_window', 'active_app', 'active_apps']
2025-05-21 23:39:48,504 - direct_sensor_memory - INFO - ✅ Successfully processed process data and updated memory/context
2025-05-21 23:39:58,628 - direct_sensor_memory - INFO - Detected process sensor update (last: 1747895986.4305484, new: 1747895996.6154196)
2025-05-21 23:39:58,642 - direct_sensor_memory - INFO - Processing process data: {"timestamp": "2025-05-21T23:39:56.606811", "active_app": "Unknown", "active_window": "Unknown Window", "active_processes": [{"name": "node", "pid": 82880, "type": "other", "memory_mb": 54.9, "cpu_per...
2025-05-21 23:39:58,642 - direct_sensor_memory - INFO - Extracted process context: {"active_window": "Unknown Window", "active_app": "Unknown", "active_apps": ["node", "Cursor", "Cursor Helper (Renderer)", "Cursor Helper (GPU)", "ScreenTimeAgent", "tesseract", "Safari", "ContextStoreAgent", "NotificationCenter", "Cursor Helper (Plugin): extension-host [2-2]"]}
2025-05-21 23:39:58,714 - direct_sensor_memory - INFO - ✅ Updated context file with keys: ['active_window', 'active_app', 'active_apps']
2025-05-21 23:39:58,715 - direct_sensor_memory - INFO - ✅ Successfully processed process data and updated memory/context
2025-05-21 23:40:08,864 - direct_sensor_memory - INFO - Detected process sensor update (last: 1747895996.6154196, new: 1747896006.9017148)
2025-05-21 23:40:08,954 - direct_sensor_memory - INFO - Processing process data: {"timestamp": "2025-05-21T23:40:06.849039", "active_app": "Unknown", "active_window": "Unknown Window", "active_processes": [{"name": "node", "pid": 82880, "type": "other", "memory_mb": 118.2, "cpu_pe...
2025-05-21 23:40:08,957 - direct_sensor_memory - INFO - Extracted process context: {"active_window": "Unknown Window", "active_app": "Unknown", "active_apps": ["node", "Cursor Helper (Renderer)", "Cursor", "tesseract", "Google Chrome", "Cursor Helper (Plugin): extension-host [1-1]", "Cursor Helper (GPU)", "Cursor Helper", "Cursor Helper (Plugin): extension-host [2-2]", "ControlCenter"]}
2025-05-21 23:40:08,994 - direct_sensor_memory - INFO - ✅ Updated context file with keys: ['active_window', 'active_app', 'active_apps']
2025-05-21 23:40:08,994 - direct_sensor_memory - INFO - ✅ Successfully processed process data and updated memory/context
2025-05-21 23:40:17,050 - direct_sensor_memory - INFO - Detected process sensor update (last: 1747896006.9017148, new: 1747896016.366512)
2025-05-21 23:40:17,071 - direct_sensor_memory - INFO - Processing process data: {"timestamp": "2025-05-21T23:40:16.354678", "active_app": "Unknown", "active_window": "Unknown Window", "active_processes": [{"name": "Cursor", "pid": 76164, "type": "other", "memory_mb": 40.5, "cpu_p...
2025-05-21 23:40:17,072 - direct_sensor_memory - INFO - Extracted process context: {"active_window": "Unknown Window", "active_app": "Unknown", "active_apps": ["Cursor", "WindowManager", "Google Chrome", "Safari", "Cursor Helper (Plugin): extension-host [2-2]", "intelligentroutingd", "Cursor Helper (GPU)", "sharingd", "Finder", "Google Chrome Helper"]}
2025-05-21 23:40:17,091 - direct_sensor_memory - INFO - ✅ Updated context file with keys: ['active_window', 'active_app', 'active_apps']
2025-05-21 23:40:17,092 - direct_sensor_memory - INFO - ✅ Successfully processed process data and updated memory/context
2025-05-21 23:40:25,295 - direct_sensor_memory - INFO - Detected process sensor update (last: 1747896016.366512, new: 1747896024.2621803)
2025-05-21 23:40:25,350 - direct_sensor_memory - INFO - Processing process data: {"timestamp": "2025-05-21T23:40:24.248313", "active_app": "Unknown", "active_window": "Unknown Window", "active_processes": [{"name": "Cursor", "pid": 76164, "type": "other", "memory_mb": 108.3, "cpu_...
2025-05-21 23:40:25,350 - direct_sensor_memory - INFO - Extracted process context: {"active_window": "Unknown Window", "active_app": "Unknown", "active_apps": ["Cursor", "node", "Cursor Helper (Renderer)", "Cursor Helper (Plugin): extension-host [2-2]", "Safari", "Cursor Helper (GPU)", "NotificationCenter", "chronod", "Cursor Helper (Plugin): extension-host [1-1]", "Google Chrome"]}
2025-05-21 23:40:25,367 - direct_sensor_memory - INFO - ✅ Updated context file with keys: ['active_window', 'active_app', 'active_apps']
2025-05-21 23:40:25,367 - direct_sensor_memory - INFO - ✅ Successfully processed process data and updated memory/context
2025-05-21 23:40:31,411 - direct_sensor_memory - INFO - Detected process sensor update (last: 1747896024.2621803, new: 1747896029.9506073)
2025-05-21 23:40:31,414 - direct_sensor_memory - INFO - Processing process data: {"timestamp": "2025-05-21T23:40:29.933170", "active_app": "Unknown", "active_window": "Unknown Window", "active_processes": [{"name": "node", "pid": 82880, "type": "other", "memory_mb": 138.7, "cpu_pe...
2025-05-21 23:40:31,414 - direct_sensor_memory - INFO - Extracted process context: {"active_window": "Unknown Window", "active_app": "Unknown", "active_apps": ["node", "Cursor Helper (Plugin): extension-host [2-2]", "Cursor", "Safari", "Cursor Helper (GPU)", "chronod", "tesseract", "assistantd", "Cursor Helper (Renderer)", "NotificationCenter"]}
2025-05-21 23:40:31,422 - direct_sensor_memory - INFO - ✅ Updated context file with keys: ['active_window', 'active_app', 'active_apps']
2025-05-21 23:40:31,422 - direct_sensor_memory - INFO - ✅ Successfully processed process data and updated memory/context
2025-05-21 23:40:37,566 - direct_sensor_memory - INFO - Detected process sensor update (last: 1747896029.9506073, new: 1747896035.5160022)
2025-05-21 23:40:37,587 - direct_sensor_memory - INFO - Processing process data: {"timestamp": "2025-05-21T23:40:35.513462", "active_app": "Unknown", "active_window": "Unknown Window", "active_processes": [{"name": "Cursor Helper (Plugin): extension-host [2-2]", "pid": 76523, "typ...
2025-05-21 23:40:37,588 - direct_sensor_memory - INFO - Extracted process context: {"active_window": "Unknown Window", "active_app": "Unknown", "active_apps": ["Cursor Helper (Plugin): extension-host [2-2]", "node", "Safari", "Cursor", "Google Chrome", "Cursor Helper (GPU)", "chronod", "tesseract", "NotificationCenter", "replayd"]}
2025-05-21 23:40:37,609 - direct_sensor_memory - INFO - ✅ Updated context file with keys: ['active_window', 'active_app', 'active_apps']
2025-05-21 23:40:37,609 - direct_sensor_memory - INFO - ✅ Successfully processed process data and updated memory/context
2025-05-21 23:40:41,654 - direct_sensor_memory - INFO - Detected process sensor update (last: 1747896035.5160022, new: 1747896041.5529501)
2025-05-21 23:40:41,662 - direct_sensor_memory - INFO - Processing process data: {"timestamp": "2025-05-21T23:40:41.550163", "active_app": "Unknown", "active_window": "Unknown Window", "active_processes": [{"name": "Cursor", "pid": 76164, "type": "other", "memory_mb": 92.0, "cpu_p...
2025-05-21 23:40:41,662 - direct_sensor_memory - INFO - Extracted process context: {"active_window": "Unknown Window", "active_app": "Unknown", "active_apps": ["Cursor", "Cursor Helper (Plugin): extension-host [2-2]", "Cursor Helper (GPU)", "tesseract", "Safari", "Google Chrome", "assistantd", "chronod", "AddressBookSourceSync", "replayd"]}
2025-05-21 23:40:41,704 - direct_sensor_memory - INFO - ✅ Updated context file with keys: ['active_window', 'active_app', 'active_apps']
2025-05-21 23:40:41,705 - direct_sensor_memory - INFO - ✅ Successfully processed process data and updated memory/context
2025-05-21 23:40:47,713 - direct_sensor_memory - INFO - Detected process sensor update (last: 1747896041.5529501, new: 1747896046.8895464)
2025-05-21 23:40:47,717 - direct_sensor_memory - INFO - Processing process data: {"timestamp": "2025-05-21T23:40:46.888154", "active_app": "Unknown", "active_window": "Unknown Window", "active_processes": [{"name": "Cursor Helper (Plugin): extension-host [2-2]", "pid": 76523, "typ...
2025-05-21 23:40:47,717 - direct_sensor_memory - INFO - Extracted process context: {"active_window": "Unknown Window", "active_app": "Unknown", "active_apps": ["Cursor Helper (Plugin): extension-host [2-2]", "Cursor", "Cursor Helper (GPU)", "ControlCenter", "AddressBookSourceSync", "assistantd", "Google Chrome", "Cursor Helper (Renderer)", "Safari", "chronod"]}
2025-05-21 23:40:47,728 - direct_sensor_memory - INFO - ✅ Updated context file with keys: ['active_window', 'active_app', 'active_apps']
2025-05-21 23:40:47,728 - direct_sensor_memory - INFO - ✅ Successfully processed process data and updated memory/context
2025-05-21 23:40:53,862 - direct_sensor_memory - INFO - Detected process sensor update (last: 1747896046.8895464, new: 1747896053.4851575)
2025-05-21 23:40:53,876 - direct_sensor_memory - INFO - Processing process data: {"timestamp": "2025-05-21T23:40:53.475772", "active_app": "Unknown", "active_window": "Unknown Window", "active_processes": [{"name": "Safari", "pid": 21272, "type": "browser", "memory_mb": 75.1, "cpu...
2025-05-21 23:40:53,876 - direct_sensor_memory - INFO - Extracted process context: {"active_window": "Unknown Window", "active_app": "Unknown", "active_apps": ["Safari", "Cursor", "Finder", "assistantd", "NotificationCenter", "Cursor Helper (GPU)", "Google Chrome", "IMDPersistenceAgent", "Cursor Helper (Plugin): extension-host [2-2]", "calaccessd"]}
2025-05-21 23:40:53,887 - direct_sensor_memory - INFO - ✅ Updated context file with keys: ['active_window', 'active_app', 'active_apps']
2025-05-21 23:40:53,887 - direct_sensor_memory - INFO - ✅ Successfully processed process data and updated memory/context
2025-05-21 23:40:59,915 - direct_sensor_memory - INFO - Detected process sensor update (last: 1747896053.4851575, new: 1747896059.7410328)
2025-05-21 23:40:59,923 - direct_sensor_memory - INFO - Processing process data: {"timestamp": "2025-05-21T23:40:59.733955", "active_app": "Unknown", "active_window": "Unknown Window", "active_processes": [{"name": "Cursor", "pid": 76164, "type": "other", "memory_mb": 42.8, "cpu_p...
2025-05-21 23:40:59,923 - direct_sensor_memory - INFO - Extracted process context: {"active_window": "Unknown Window", "active_app": "Unknown", "active_apps": ["Cursor", "Cursor Helper (Plugin): extension-host [2-2]", "Cursor Helper (GPU)", "git", "tesseract", "Safari", "NotificationCenter", "suggestd", "Google Chrome", "Finder"]}
2025-05-21 23:40:59,937 - direct_sensor_memory - INFO - ✅ Updated context file with keys: ['active_window', 'active_app', 'active_apps']
2025-05-21 23:40:59,937 - direct_sensor_memory - INFO - ✅ Successfully processed process data and updated memory/context
2025-05-21 23:41:05,951 - direct_sensor_memory - INFO - Detected process sensor update (last: 1747896059.7410328, new: 1747896065.4340336)
2025-05-21 23:41:05,973 - direct_sensor_memory - INFO - Processing process data: {"timestamp": "2025-05-21T23:41:05.431969", "active_app": "Unknown", "active_window": "Unknown Window", "active_processes": [{"name": "Cursor Helper (Plugin): extension-host [2-2]", "pid": 76523, "typ...
2025-05-21 23:41:05,974 - direct_sensor_memory - INFO - Extracted process context: {"active_window": "Unknown Window", "active_app": "Unknown", "active_apps": ["Cursor Helper (Plugin): extension-host [2-2]", "Cursor Helper (GPU)", "Cursor", "tesseract", "Google Chrome", "Google Chrome Helper (Renderer)", "Cursor Helper (Plugin): extension-host [1-1]", "Cursor Helper (Renderer)", "siriknowledged", "suggestd"]}
2025-05-21 23:41:06,006 - direct_sensor_memory - INFO - ✅ Updated context file with keys: ['active_window', 'active_app', 'active_apps']
2025-05-21 23:41:06,006 - direct_sensor_memory - INFO - ✅ Successfully processed process data and updated memory/context
2025-05-21 23:41:12,012 - direct_sensor_memory - INFO - Detected process sensor update (last: 1747896065.4340336, new: 1747896071.1548052)
2025-05-21 23:41:12,024 - direct_sensor_memory - INFO - Processing process data: {"timestamp": "2025-05-21T23:41:11.150404", "active_app": "Unknown", "active_window": "Unknown Window", "active_processes": [{"name": "Cursor", "pid": 76164, "type": "other", "memory_mb": 110.6, "cpu_...
2025-05-21 23:41:12,025 - direct_sensor_memory - INFO - Extracted process context: {"active_window": "Unknown Window", "active_app": "Unknown", "active_apps": ["Cursor", "Safari", "suggestd", "Cursor Helper (Plugin): extension-host [2-2]", "tesseract", "Cursor Helper (GPU)", "NotificationCenter", "Cursor Helper (Renderer)", "Google Chrome", "AddressBookSourceSync"]}
2025-05-21 23:41:12,032 - direct_sensor_memory - INFO - ✅ Updated context file with keys: ['active_window', 'active_app', 'active_apps']
2025-05-21 23:41:12,032 - direct_sensor_memory - INFO - ✅ Successfully processed process data and updated memory/context
2025-05-21 23:41:18,077 - direct_sensor_memory - INFO - Detected process sensor update (last: 1747896071.1548052, new: 1747896076.8529456)
2025-05-21 23:41:18,083 - direct_sensor_memory - INFO - Processing process data: {"timestamp": "2025-05-21T23:41:16.851076", "active_app": "Unknown", "active_window": "Unknown Window", "active_processes": [{"name": "Cursor", "pid": 76164, "type": "other", "memory_mb": 63.8, "cpu_p...
2025-05-21 23:41:18,084 - direct_sensor_memory - INFO - Extracted process context: {"active_window": "Unknown Window", "active_app": "Unknown", "active_apps": ["Cursor", "suggestd", "Cursor Helper (Plugin): extension-host [2-2]", "Safari", "Cursor Helper (GPU)", "AddressBookManager", "AddressBookSourceSync", "tesseract", "Google Chrome", "siriknowledged"]}
2025-05-21 23:41:18,096 - direct_sensor_memory - INFO - ✅ Updated context file with keys: ['active_window', 'active_app', 'active_apps']
2025-05-21 23:41:18,096 - direct_sensor_memory - INFO - ✅ Successfully processed process data and updated memory/context
2025-05-21 23:41:24,102 - direct_sensor_memory - INFO - Detected process sensor update (last: 1747896076.8529456, new: 1747896082.1863558)
2025-05-21 23:41:24,105 - direct_sensor_memory - INFO - Processing process data: {"timestamp": "2025-05-21T23:41:22.183774", "active_app": "Unknown", "active_window": "Unknown Window", "active_processes": [{"name": "tesseract", "pid": 440, "type": "other", "memory_mb": 84.9, "cpu_...
2025-05-21 23:41:24,105 - direct_sensor_memory - INFO - Extracted process context: {"active_window": "Unknown Window", "active_app": "Unknown", "active_apps": ["tesseract", "Cursor Helper (Plugin): extension-host [2-2]", "Cursor", "Cursor Helper (Renderer)", "suggestd", "Safari", "Cursor Helper (GPU)", "Cursor Helper (Plugin): extension-host [1-1]", "WindowManager", "Google Chrome"]}
2025-05-21 23:41:24,113 - direct_sensor_memory - INFO - ✅ Updated context file with keys: ['active_window', 'active_app', 'active_apps']
2025-05-21 23:41:24,113 - direct_sensor_memory - INFO - ✅ Successfully processed process data and updated memory/context
2025-05-21 23:41:28,115 - direct_sensor_memory - INFO - Detected process sensor update (last: 1747896082.1863558, new: 1747896087.42358)
2025-05-21 23:41:28,117 - direct_sensor_memory - INFO - Processing process data: {"timestamp": "2025-05-21T23:41:27.421092", "active_app": "Unknown", "active_window": "Unknown Window", "active_processes": [{"name": "Cursor", "pid": 76164, "type": "other", "memory_mb": 138.3, "cpu_...
2025-05-21 23:41:28,117 - direct_sensor_memory - INFO - Extracted process context: {"active_window": "Unknown Window", "active_app": "Unknown", "active_apps": ["Cursor", "Cursor Helper (Plugin): extension-host [2-2]", "Cursor Helper (Renderer)", "Cursor Helper (GPU)", "tesseract", "suggestd", "Safari", "Google Chrome", "NotificationCenter", "WindowManager"]}
2025-05-21 23:41:28,126 - direct_sensor_memory - INFO - ✅ Updated context file with keys: ['active_window', 'active_app', 'active_apps']
2025-05-21 23:41:28,126 - direct_sensor_memory - INFO - ✅ Successfully processed process data and updated memory/context
2025-05-21 23:41:34,131 - direct_sensor_memory - INFO - Detected process sensor update (last: 1747896087.42358, new: 1747896093.4808152)
2025-05-21 23:41:34,134 - direct_sensor_memory - INFO - Processing process data: {"timestamp": "2025-05-21T23:41:33.295194", "active_app": "Unknown", "active_window": "Unknown Window", "active_processes": [{"name": "Cursor", "pid": 76164, "type": "other", "memory_mb": 130.2, "cpu_...
2025-05-21 23:41:34,135 - direct_sensor_memory - INFO - Extracted process context: {"active_window": "Unknown Window", "active_app": "Unknown", "active_apps": ["Cursor", "tesseract", "Cursor Helper (Plugin): extension-host [2-2]", "Cursor Helper (Renderer)", "Google Chrome", "Cursor Helper (GPU)", "Safari", "suggestd", "NotificationCenter", "WindowManager"]}
2025-05-21 23:41:34,144 - direct_sensor_memory - INFO - ✅ Updated context file with keys: ['active_window', 'active_app', 'active_apps']
2025-05-21 23:41:34,144 - direct_sensor_memory - INFO - ✅ Successfully processed process data and updated memory/context
2025-05-21 23:41:40,148 - direct_sensor_memory - INFO - Detected process sensor update (last: 1747896093.4808152, new: 1747896098.7627854)
2025-05-21 23:41:40,150 - direct_sensor_memory - INFO - Processing process data: {"timestamp": "2025-05-21T23:41:38.760992", "active_app": "Unknown", "active_window": "Unknown Window", "active_processes": [{"name": "Cursor", "pid": 76164, "type": "other", "memory_mb": 93.8, "cpu_p...
2025-05-21 23:41:40,150 - direct_sensor_memory - INFO - Extracted process context: {"active_window": "Unknown Window", "active_app": "Unknown", "active_apps": ["Cursor", "Cursor Helper (Plugin): extension-host [2-2]", "Cursor Helper (Renderer)", "suggestd", "Safari", "tesseract", "Cursor Helper (GPU)", "Google Chrome", "NotificationCenter", "WindowManager"]}
2025-05-21 23:41:40,158 - direct_sensor_memory - INFO - ✅ Updated context file with keys: ['active_window', 'active_app', 'active_apps']
2025-05-21 23:41:40,158 - direct_sensor_memory - INFO - ✅ Successfully processed process data and updated memory/context
2025-05-21 23:41:44,160 - direct_sensor_memory - INFO - Detected process sensor update (last: 1747896098.7627854, new: 1747896103.9647622)
2025-05-21 23:41:44,161 - direct_sensor_memory - INFO - Processing process data: {"timestamp": "2025-05-21T23:41:43.964065", "active_app": "Unknown", "active_window": "Unknown Window", "active_processes": [{"name": "Cursor", "pid": 76164, "type": "other", "memory_mb": 97.5, "cpu_p...
2025-05-21 23:41:44,161 - direct_sensor_memory - INFO - Extracted process context: {"active_window": "Unknown Window", "active_app": "Unknown", "active_apps": ["Cursor", "tesseract", "Cursor Helper (Plugin): extension-host [2-2]", "Cursor Helper (Renderer)", "Safari", "Google Chrome", "suggestd", "Cursor Helper (GPU)", "NotificationCenter", "WindowManager"]}
2025-05-21 23:41:44,166 - direct_sensor_memory - INFO - ✅ Updated context file with keys: ['active_window', 'active_app', 'active_apps']
2025-05-21 23:41:44,166 - direct_sensor_memory - INFO - ✅ Successfully processed process data and updated memory/context
2025-05-21 23:41:50,170 - direct_sensor_memory - INFO - Detected process sensor update (last: 1747896103.9647622, new: 1747896109.1726584)
2025-05-21 23:41:50,172 - direct_sensor_memory - INFO - Processing process data: {"timestamp": "2025-05-21T23:41:49.171966", "active_app": "Unknown", "active_window": "Unknown Window", "active_processes": [{"name": "Cursor", "pid": 76164, "type": "other", "memory_mb": 102.1, "cpu_...
2025-05-21 23:41:50,172 - direct_sensor_memory - INFO - Extracted process context: {"active_window": "Unknown Window", "active_app": "Unknown", "active_apps": ["Cursor", "Cursor Helper (Plugin): extension-host [2-2]", "tesseract", "suggestd", "Cursor Helper (Renderer)", "Google Chrome", "Safari", "Cursor Helper (GPU)", "NotificationCenter", "WindowManager"]}
2025-05-21 23:41:50,178 - direct_sensor_memory - INFO - ✅ Updated context file with keys: ['active_window', 'active_app', 'active_apps']
2025-05-21 23:41:50,178 - direct_sensor_memory - INFO - ✅ Successfully processed process data and updated memory/context
2025-05-21 23:41:56,181 - direct_sensor_memory - INFO - Detected process sensor update (last: 1747896109.1726584, new: 1747896114.3726714)
2025-05-21 23:41:56,183 - direct_sensor_memory - INFO - Processing process data: {"timestamp": "2025-05-21T23:41:54.371993", "active_app": "Unknown", "active_window": "Unknown Window", "active_processes": [{"name": "Cursor", "pid": 76164, "type": "other", "memory_mb": 103.3, "cpu_...
2025-05-21 23:41:56,183 - direct_sensor_memory - INFO - Extracted process context: {"active_window": "Unknown Window", "active_app": "Unknown", "active_apps": ["Cursor", "tesseract", "Cursor Helper (Plugin): extension-host [2-2]", "suggestd", "Google Chrome", "Cursor Helper (Renderer)", "Safari", "Cursor Helper (GPU)", "NotificationCenter", "ControlCenter"]}
2025-05-21 23:41:56,189 - direct_sensor_memory - INFO - ✅ Updated context file with keys: ['active_window', 'active_app', 'active_apps']
2025-05-21 23:41:56,189 - direct_sensor_memory - INFO - ✅ Successfully processed process data and updated memory/context
2025-05-21 23:42:00,190 - direct_sensor_memory - INFO - Detected process sensor update (last: 1747896114.3726714, new: 1747896119.5760987)
2025-05-21 23:42:00,191 - direct_sensor_memory - INFO - Processing process data: {"timestamp": "2025-05-21T23:41:59.575461", "active_app": "Unknown", "active_window": "Unknown Window", "active_processes": [{"name": "Cursor", "pid": 76164, "type": "other", "memory_mb": 103.5, "cpu_...
2025-05-21 23:42:00,191 - direct_sensor_memory - INFO - Extracted process context: {"active_window": "Unknown Window", "active_app": "Unknown", "active_apps": ["Cursor", "Google Chrome Helper (Renderer)", "Cursor Helper (Plugin): extension-host [2-2]", "Google Chrome", "Cursor Helper (Renderer)", "Safari", "suggestd", "Cursor Helper (GPU)", "NotificationCenter", "ControlCenter"]}
2025-05-21 23:42:00,196 - direct_sensor_memory - INFO - ✅ Updated context file with keys: ['active_window', 'active_app', 'active_apps']
2025-05-21 23:42:00,196 - direct_sensor_memory - INFO - ✅ Successfully processed process data and updated memory/context
2025-05-21 23:42:06,200 - direct_sensor_memory - INFO - Detected process sensor update (last: 1747896119.5760987, new: 1747896124.7881837)
2025-05-21 23:42:06,202 - direct_sensor_memory - INFO - Processing process data: {"timestamp": "2025-05-21T23:42:04.787399", "active_app": "Unknown", "active_window": "Unknown Window", "active_processes": [{"name": "Cursor", "pid": 76164, "type": "other", "memory_mb": 117.6, "cpu_...
2025-05-21 23:42:06,202 - direct_sensor_memory - INFO - Extracted process context: {"active_window": "Unknown Window", "active_app": "Unknown", "active_apps": ["Cursor", "Google Chrome Helper (Renderer)", "Cursor Helper (Plugin): extension-host [2-2]", "Cursor Helper (Renderer)", "Google Chrome", "tesseract", "Cursor Helper (GPU)", "Safari", "suggestd", "Finder"]}
2025-05-21 23:42:06,208 - direct_sensor_memory - INFO - ✅ Updated context file with keys: ['active_window', 'active_app', 'active_apps']
2025-05-21 23:42:06,208 - direct_sensor_memory - INFO - ✅ Successfully processed process data and updated memory/context
2025-05-21 23:42:10,210 - direct_sensor_memory - INFO - Detected process sensor update (last: 1747896124.7881837, new: 1747896130.0169852)
2025-05-21 23:42:10,212 - direct_sensor_memory - INFO - Processing process data: {"timestamp": "2025-05-21T23:42:10.015885", "active_app": "Unknown", "active_window": "Unknown Window", "active_processes": [{"name": "Cursor", "pid": 76164, "type": "other", "memory_mb": 110.3, "cpu_...
2025-05-21 23:42:10,212 - direct_sensor_memory - INFO - Extracted process context: {"active_window": "Unknown Window", "active_app": "Unknown", "active_apps": ["Cursor", "Safari", "Google Chrome Helper (Renderer)", "Cursor Helper (Plugin): extension-host [2-2]", "Cursor Helper (Renderer)", "Google Chrome", "Cursor Helper (GPU)", "suggestd", "NotificationCenter", "Finder"]}
2025-05-21 23:42:10,219 - direct_sensor_memory - INFO - ✅ Updated context file with keys: ['active_window', 'active_app', 'active_apps']
2025-05-21 23:42:10,220 - direct_sensor_memory - INFO - ✅ Successfully processed process data and updated memory/context
2025-05-21 23:42:16,223 - direct_sensor_memory - INFO - Detected process sensor update (last: 1747896130.0169852, new: 1747896135.6013591)
2025-05-21 23:42:16,225 - direct_sensor_memory - INFO - Processing process data: {"timestamp": "2025-05-21T23:42:15.598857", "active_app": "Unknown", "active_window": "Unknown Window", "active_processes": [{"name": "Cursor Helper (Renderer)", "pid": 76214, "type": "other", "memory...
2025-05-21 23:42:16,225 - direct_sensor_memory - INFO - Extracted process context: {"active_window": "Unknown Window", "active_app": "Unknown", "active_apps": ["Cursor Helper (Renderer)", "Cursor", "Safari", "Google Chrome Helper (Renderer)", "Google Chrome", "Cursor Helper (Plugin): extension-host [2-2]", "Cursor Helper (GPU)", "suggestd", "tesseract", "NotificationCenter"]}
2025-05-21 23:42:16,231 - direct_sensor_memory - INFO - ✅ Updated context file with keys: ['active_window', 'active_app', 'active_apps']
2025-05-21 23:42:16,231 - direct_sensor_memory - INFO - ✅ Successfully processed process data and updated memory/context
2025-05-21 23:42:24,630 - direct_sensor_memory - INFO - Detected process sensor update (last: 1747896135.6013591, new: 1747896143.4365962)
2025-05-21 23:42:24,634 - direct_sensor_memory - INFO - Processing process data: {"timestamp": "2025-05-21T23:42:23.433067", "active_app": "Unknown", "active_window": "Unknown Window", "active_processes": [{"name": "Cursor Helper (Plugin): extension-host [2-2]", "pid": 76523, "typ...
2025-05-21 23:42:24,634 - direct_sensor_memory - INFO - Extracted process context: {"active_window": "Unknown Window", "active_app": "Unknown", "active_apps": ["Cursor Helper (Plugin): extension-host [2-2]", "Cursor", "Google Chrome Helper (Renderer)", "Safari", "Google Chrome", "Cursor Helper (Plugin): extension-host [1-1]", "Cursor Helper (GPU)", "Cursor Helper (Renderer)", "suggestd", "tesseract"]}
2025-05-21 23:42:24,646 - direct_sensor_memory - INFO - ✅ Updated context file with keys: ['active_window', 'active_app', 'active_apps']
2025-05-21 23:42:24,646 - direct_sensor_memory - INFO - ✅ Successfully processed process data and updated memory/context
2025-05-21 23:42:30,650 - direct_sensor_memory - INFO - Detected process sensor update (last: 1747896143.4365962, new: 1747896149.0204697)
2025-05-21 23:42:30,656 - direct_sensor_memory - INFO - Processing process data: {"timestamp": "2025-05-21T23:42:29.019618", "active_app": "Unknown", "active_window": "Unknown Window", "active_processes": [{"name": "Cursor Helper (Plugin): extension-host [2-2]", "pid": 76523, "typ...
2025-05-21 23:42:30,657 - direct_sensor_memory - INFO - Extracted process context: {"active_window": "Unknown Window", "active_app": "Unknown", "active_apps": ["Cursor Helper (Plugin): extension-host [2-2]", "Cursor", "node", "Google Chrome Helper (Renderer)", "Cursor Helper (Renderer)", "Google Chrome", "Safari", "Cursor Helper (GPU)", "Cursor Helper (Plugin): extension-host [1-1]", "tesseract"]}
2025-05-21 23:42:30,668 - direct_sensor_memory - INFO - ✅ Updated context file with keys: ['active_window', 'active_app', 'active_apps']
2025-05-21 23:42:30,668 - direct_sensor_memory - INFO - ✅ Successfully processed process data and updated memory/context
2025-05-21 23:42:34,671 - direct_sensor_memory - INFO - Detected process sensor update (last: 1747896149.0204697, new: 1747896154.5125082)
2025-05-21 23:42:34,673 - direct_sensor_memory - INFO - Processing process data: {"timestamp": "2025-05-21T23:42:34.510921", "active_app": "Unknown", "active_window": "Unknown Window", "active_processes": [{"name": "Cursor", "pid": 76164, "type": "other", "memory_mb": 137.0, "cpu_...
2025-05-21 23:42:34,673 - direct_sensor_memory - INFO - Extracted process context: {"active_window": "Unknown Window", "active_app": "Unknown", "active_apps": ["Cursor", "node", "Safari", "Cursor Helper (Plugin): extension-host [2-2]", "Cursor Helper (Renderer)", "Google Chrome", "Cursor Helper (GPU)", "tesseract", "suggestd", "AddressBookSourceSync"]}
2025-05-21 23:42:34,680 - direct_sensor_memory - INFO - ✅ Updated context file with keys: ['active_window', 'active_app', 'active_apps']
2025-05-21 23:42:34,680 - direct_sensor_memory - INFO - ✅ Successfully processed process data and updated memory/context
2025-05-21 23:42:40,683 - direct_sensor_memory - INFO - Detected process sensor update (last: 1747896154.5125082, new: 1747896159.9205287)
2025-05-21 23:42:40,685 - direct_sensor_memory - INFO - Processing process data: {"timestamp": "2025-05-21T23:42:39.919150", "active_app": "Unknown", "active_window": "Unknown Window", "active_processes": [{"name": "node", "pid": 82880, "type": "other", "memory_mb": 158.2, "cpu_pe...
2025-05-21 23:42:40,686 - direct_sensor_memory - INFO - Extracted process context: {"active_window": "Unknown Window", "active_app": "Unknown", "active_apps": ["node", "Cursor", "Cursor Helper (Plugin): extension-host [2-2]", "Safari", "Cursor Helper (Renderer)", "Google Chrome", "Cursor Helper (GPU)", "suggestd", "Finder", "tesseract"]}
2025-05-21 23:42:40,693 - direct_sensor_memory - INFO - ✅ Updated context file with keys: ['active_window', 'active_app', 'active_apps']
2025-05-21 23:42:40,693 - direct_sensor_memory - INFO - ✅ Successfully processed process data and updated memory/context
2025-05-21 23:42:46,696 - direct_sensor_memory - INFO - Detected process sensor update (last: 1747896159.9205287, new: 1747896165.1427395)
2025-05-21 23:42:46,697 - direct_sensor_memory - INFO - Processing process data: {"timestamp": "2025-05-21T23:42:45.142042", "active_app": "Unknown", "active_window": "Unknown Window", "active_processes": [{"name": "Cursor Helper (Renderer)", "pid": 76214, "type": "other", "memory...
2025-05-21 23:42:46,697 - direct_sensor_memory - INFO - Extracted process context: {"active_window": "Unknown Window", "active_app": "Unknown", "active_apps": ["Cursor Helper (Renderer)", "Cursor", "node", "tesseract", "Cursor Helper (Plugin): extension-host [2-2]", "Safari", "Google Chrome", "Cursor Helper (GPU)", "Finder", "NotificationCenter"]}
2025-05-21 23:42:46,704 - direct_sensor_memory - INFO - ✅ Updated context file with keys: ['active_window', 'active_app', 'active_apps']
2025-05-21 23:42:46,704 - direct_sensor_memory - INFO - ✅ Successfully processed process data and updated memory/context
2025-05-21 23:42:50,706 - direct_sensor_memory - INFO - Detected process sensor update (last: 1747896165.1427395, new: 1747896170.367506)
2025-05-21 23:42:50,707 - direct_sensor_memory - INFO - Processing process data: {"timestamp": "2025-05-21T23:42:50.366795", "active_app": "Unknown", "active_window": "Unknown Window", "active_processes": [{"name": "Cursor Helper (Renderer)", "pid": 76214, "type": "other", "memory...
2025-05-21 23:42:50,707 - direct_sensor_memory - INFO - Extracted process context: {"active_window": "Unknown Window", "active_app": "Unknown", "active_apps": ["Cursor Helper (Renderer)", "Cursor", "node", "Cursor Helper (Plugin): extension-host [2-2]", "Safari", "Google Chrome", "Cursor Helper (GPU)", "tesseract", "suggestd", "donotdisturbd"]}
2025-05-21 23:42:50,712 - direct_sensor_memory - INFO - ✅ Updated context file with keys: ['active_window', 'active_app', 'active_apps']
2025-05-21 23:42:50,712 - direct_sensor_memory - INFO - ✅ Successfully processed process data and updated memory/context
2025-05-21 23:42:56,716 - direct_sensor_memory - INFO - Detected process sensor update (last: 1747896170.367506, new: 1747896175.575616)
2025-05-21 23:42:56,717 - direct_sensor_memory - INFO - Processing process data: {"timestamp": "2025-05-21T23:42:55.574970", "active_app": "Unknown", "active_window": "Unknown Window", "active_processes": [{"name": "Cursor Helper (Renderer)", "pid": 76214, "type": "other", "memory...
2025-05-21 23:42:56,717 - direct_sensor_memory - INFO - Extracted process context: {"active_window": "Unknown Window", "active_app": "Unknown", "active_apps": ["Cursor Helper (Renderer)", "Cursor", "node", "Cursor Helper (Plugin): extension-host [2-2]", "Safari", "tesseract", "Google Chrome", "Cursor Helper (GPU)", "donotdisturbd", "suggestd"]}
2025-05-21 23:42:56,723 - direct_sensor_memory - INFO - ✅ Updated context file with keys: ['active_window', 'active_app', 'active_apps']
2025-05-21 23:42:56,723 - direct_sensor_memory - INFO - ✅ Successfully processed process data and updated memory/context
2025-05-21 23:43:02,727 - direct_sensor_memory - INFO - Detected process sensor update (last: 1747896175.575616, new: 1747896180.8392515)
2025-05-21 23:43:02,729 - direct_sensor_memory - INFO - Processing process data: {"timestamp": "2025-05-21T23:43:00.838237", "active_app": "Unknown", "active_window": "Unknown Window", "active_processes": [{"name": "Cursor", "pid": 76164, "type": "other", "memory_mb": 83.5, "cpu_p...
2025-05-21 23:43:02,729 - direct_sensor_memory - INFO - Extracted process context: {"active_window": "Unknown Window", "active_app": "Unknown", "active_apps": ["Cursor", "Google Chrome Helper (Renderer)", "Cursor Helper (Plugin): extension-host [2-2]", "Google Chrome", "Safari", "Cursor Helper (Renderer)", "Cursor Helper (GPU)", "AddressBookSourceSync", "tesseract", "suggestd"]}
2025-05-21 23:43:02,734 - direct_sensor_memory - INFO - ✅ Updated context file with keys: ['active_window', 'active_app', 'active_apps']
2025-05-21 23:43:02,734 - direct_sensor_memory - INFO - ✅ Successfully processed process data and updated memory/context
2025-05-21 23:43:06,736 - direct_sensor_memory - INFO - Detected process sensor update (last: 1747896180.8392515, new: 1747896186.0507965)
2025-05-21 23:43:06,738 - direct_sensor_memory - INFO - Processing process data: {"timestamp": "2025-05-21T23:43:06.048456", "active_app": "Unknown", "active_window": "Unknown Window", "active_processes": [{"name": "Cursor Helper (Plugin): extension-host [2-2]", "pid": 76523, "typ...
2025-05-21 23:43:06,738 - direct_sensor_memory - INFO - Extracted process context: {"active_window": "Unknown Window", "active_app": "Unknown", "active_apps": ["Cursor Helper (Plugin): extension-host [2-2]", "Cursor", "Google Chrome Helper (Renderer)", "Google Chrome", "Safari", "tesseract", "Cursor Helper (Renderer)", "AddressBookSourceSync", "Cursor Helper (GPU)", "contactsd"]}
2025-05-21 23:43:06,743 - direct_sensor_memory - INFO - ✅ Updated context file with keys: ['active_window', 'active_app', 'active_apps']
2025-05-21 23:43:06,744 - direct_sensor_memory - INFO - ✅ Successfully processed process data and updated memory/context
2025-05-21 23:43:12,746 - direct_sensor_memory - INFO - Detected process sensor update (last: 1747896186.0507965, new: 1747896191.2512958)
2025-05-21 23:43:12,748 - direct_sensor_memory - INFO - Processing process data: {"timestamp": "2025-05-21T23:43:11.250648", "active_app": "Unknown", "active_window": "Unknown Window", "active_processes": [{"name": "Cursor Helper (Plugin): extension-host [2-2]", "pid": 76523, "typ...
2025-05-21 23:43:12,748 - direct_sensor_memory - INFO - Extracted process context: {"active_window": "Unknown Window", "active_app": "Unknown", "active_apps": ["Cursor Helper (Plugin): extension-host [2-2]", "Cursor", "Google Chrome Helper (Renderer)", "Google Chrome", "Safari", "Cursor Helper (Renderer)", "Cursor Helper (GPU)", "suggestd", "Finder", "AddressBookSourceSync"]}
2025-05-21 23:43:12,753 - direct_sensor_memory - INFO - ✅ Updated context file with keys: ['active_window', 'active_app', 'active_apps']
2025-05-21 23:43:12,753 - direct_sensor_memory - INFO - ✅ Successfully processed process data and updated memory/context
2025-05-21 23:43:16,756 - direct_sensor_memory - INFO - Detected process sensor update (last: 1747896191.2512958, new: 1747896196.451856)
2025-05-21 23:43:16,757 - direct_sensor_memory - INFO - Processing process data: {"timestamp": "2025-05-21T23:43:16.451222", "active_app": "Unknown", "active_window": "Unknown Window", "active_processes": [{"name": "Cursor Helper (Plugin): extension-host [2-2]", "pid": 76523, "typ...
2025-05-21 23:43:16,757 - direct_sensor_memory - INFO - Extracted process context: {"active_window": "Unknown Window", "active_app": "Unknown", "active_apps": ["Cursor Helper (Plugin): extension-host [2-2]", "Cursor", "Google Chrome Helper (Renderer)", "tesseract", "Safari", "Google Chrome", "Cursor Helper (Renderer)", "Cursor Helper (GPU)", "NotificationCenter", "suggestd"]}
2025-05-21 23:43:16,764 - direct_sensor_memory - INFO - ✅ Updated context file with keys: ['active_window', 'active_app', 'active_apps']
2025-05-21 23:43:16,764 - direct_sensor_memory - INFO - ✅ Successfully processed process data and updated memory/context
2025-05-21 23:43:22,769 - direct_sensor_memory - INFO - Detected process sensor update (last: 1747896196.451856, new: 1747896201.761265)
2025-05-21 23:43:22,771 - direct_sensor_memory - INFO - Processing process data: {"timestamp": "2025-05-21T23:43:21.759649", "active_app": "Unknown", "active_window": "Unknown Window", "active_processes": [{"name": "Cursor Helper (Renderer)", "pid": 76214, "type": "other", "memory...
2025-05-21 23:43:22,772 - direct_sensor_memory - INFO - Extracted process context: {"active_window": "Unknown Window", "active_app": "Unknown", "active_apps": ["Cursor Helper (Renderer)", "Cursor", "Cursor Helper (Plugin): extension-host [2-2]", "Google Chrome Helper (Renderer)", "WeatherWidget", "Cursor Helper (Plugin): extension-host [1-1]", "tesseract", "Google Chrome", "Cursor Helper (GPU)", "Safari"]}
2025-05-21 23:43:22,779 - direct_sensor_memory - INFO - ✅ Updated context file with keys: ['active_window', 'active_app', 'active_apps']
2025-05-21 23:43:22,779 - direct_sensor_memory - INFO - ✅ Successfully processed process data and updated memory/context
2025-05-21 23:43:28,783 - direct_sensor_memory - INFO - Detected process sensor update (last: 1747896201.761265, new: 1747896206.995345)
2025-05-21 23:43:28,785 - direct_sensor_memory - INFO - Processing process data: {"timestamp": "2025-05-21T23:43:26.994588", "active_app": "Unknown", "active_window": "Unknown Window", "active_processes": [{"name": "Cursor", "pid": 76164, "type": "other", "memory_mb": 96.4, "cpu_p...
2025-05-21 23:43:28,785 - direct_sensor_memory - INFO - Extracted process context: {"active_window": "Unknown Window", "active_app": "Unknown", "active_apps": ["Cursor", "Cursor Helper (Plugin): extension-host [2-2]", "tesseract", "Google Chrome Helper (Renderer)", "ScreenTimeWidgetExtension", "Cursor Helper (Renderer)", "Safari", "Google Chrome", "WeatherWidget", "Cursor Helper (GPU)"]}
2025-05-21 23:43:28,792 - direct_sensor_memory - INFO - ✅ Updated context file with keys: ['active_window', 'active_app', 'active_apps']
2025-05-21 23:43:28,792 - direct_sensor_memory - INFO - ✅ Successfully processed process data and updated memory/context
2025-05-21 23:43:32,794 - direct_sensor_memory - INFO - Detected process sensor update (last: 1747896206.995345, new: 1747896212.3187213)
2025-05-21 23:43:32,796 - direct_sensor_memory - INFO - Processing process data: {"timestamp": "2025-05-21T23:43:32.317122", "active_app": "Unknown", "active_window": "Unknown Window", "active_processes": [{"name": "Cursor", "pid": 76164, "type": "other", "memory_mb": 121.4, "cpu_...
2025-05-21 23:43:32,796 - direct_sensor_memory - INFO - Extracted process context: {"active_window": "Unknown Window", "active_app": "Unknown", "active_apps": ["Cursor", "Cursor Helper (Plugin): extension-host [2-2]", "tesseract", "Cursor Helper (Renderer)", "Google Chrome", "ScreenTimeWidgetExtension", "Python", "Cursor Helper (GPU)", "Safari", "WeatherWidget"]}
2025-05-21 23:43:32,802 - direct_sensor_memory - INFO - ✅ Updated context file with keys: ['active_window', 'active_app', 'active_apps']
2025-05-21 23:43:32,802 - direct_sensor_memory - INFO - ✅ Successfully processed process data and updated memory/context
2025-05-21 23:43:38,967 - direct_sensor_memory - INFO - Detected process sensor update (last: 1747896212.3187213, new: 1747896218.6353617)
2025-05-21 23:43:38,970 - direct_sensor_memory - INFO - Processing process data: {"timestamp": "2025-05-21T23:43:38.632508", "active_app": "Unknown", "active_window": "Unknown Window", "active_processes": [{"name": "Cursor", "pid": 76164, "type": "other", "memory_mb": 81.8, "cpu_p...
2025-05-21 23:43:38,970 - direct_sensor_memory - INFO - Extracted process context: {"active_window": "Unknown Window", "active_app": "Unknown", "active_apps": ["Cursor", "Google Chrome", "ServiceExtension", "WeatherWidget", "Cursor Helper (Plugin): extension-host [2-2]", "ScreenTimeWidgetExtension", "Safari", "Cursor Helper (GPU)", "Cursor Helper (Renderer)", "NotificationCenter"]}
2025-05-21 23:43:38,976 - direct_sensor_memory - INFO - ✅ Updated context file with keys: ['active_window', 'active_app', 'active_apps']
2025-05-21 23:43:38,976 - direct_sensor_memory - INFO - ✅ Successfully processed process data and updated memory/context
2025-05-21 23:43:44,979 - direct_sensor_memory - INFO - Detected process sensor update (last: 1747896218.6353617, new: 1747896223.8616264)
2025-05-21 23:43:44,981 - direct_sensor_memory - INFO - Processing process data: {"timestamp": "2025-05-21T23:43:43.860862", "active_app": "Unknown", "active_window": "Unknown Window", "active_processes": [{"name": "Cursor", "pid": 76164, "type": "other", "memory_mb": 87.5, "cpu_p...
2025-05-21 23:43:44,981 - direct_sensor_memory - INFO - Extracted process context: {"active_window": "Unknown Window", "active_app": "Unknown", "active_apps": ["Cursor", "Cursor Helper (Plugin): extension-host [2-2]", "tesseract", "Safari", "ServiceExtension", "Cursor Helper (Renderer)", "Google Chrome", "Cursor Helper (GPU)", "ScreenTimeWidgetExtension", "WeatherWidget"]}
2025-05-21 23:43:44,987 - direct_sensor_memory - INFO - ✅ Updated context file with keys: ['active_window', 'active_app', 'active_apps']
2025-05-21 23:43:44,987 - direct_sensor_memory - INFO - ✅ Successfully processed process data and updated memory/context
2025-05-21 23:43:50,991 - direct_sensor_memory - INFO - Detected process sensor update (last: 1747896223.8616264, new: 1747896229.114715)
2025-05-21 23:43:50,994 - direct_sensor_memory - INFO - Processing process data: {"timestamp": "2025-05-21T23:43:49.113485", "active_app": "Unknown", "active_window": "Unknown Window", "active_processes": [{"name": "Cursor Helper (Plugin): extension-host [2-2]", "pid": 76523, "typ...
2025-05-21 23:43:50,994 - direct_sensor_memory - INFO - Extracted process context: {"active_window": "Unknown Window", "active_app": "Unknown", "active_apps": ["Cursor Helper (Plugin): extension-host [2-2]", "Cursor", "tesseract", "StocksWidget", "Safari", "ServiceExtension", "Cursor Helper (Renderer)", "Google Chrome", "Cursor Helper (GPU)", "ScreenTimeWidgetExtension"]}
2025-05-21 23:43:51,001 - direct_sensor_memory - INFO - ✅ Updated context file with keys: ['active_window', 'active_app', 'active_apps']
2025-05-21 23:43:51,001 - direct_sensor_memory - INFO - ✅ Successfully processed process data and updated memory/context
2025-05-21 23:43:55,003 - direct_sensor_memory - INFO - Detected process sensor update (last: 1747896229.114715, new: 1747896234.4029267)
2025-05-21 23:43:55,005 - direct_sensor_memory - INFO - Processing process data: {"timestamp": "2025-05-21T23:43:54.401831", "active_app": "Unknown", "active_window": "Unknown Window", "active_processes": [{"name": "git", "pid": 2571, "type": "other", "memory_mb": 299.9, "cpu_perc...
2025-05-21 23:43:55,005 - direct_sensor_memory - INFO - Extracted process context: {"active_window": "Unknown Window", "active_app": "Unknown", "active_apps": ["git", "Cursor Helper (Plugin): extension-host [2-2]", "Cursor", "Cursor Helper (Renderer)", "StocksWidget", "Google Chrome", "ServiceExtension", "tesseract", "ScreenTimeWidgetExtension", "WeatherWidget"]}
2025-05-21 23:43:55,011 - direct_sensor_memory - INFO - ✅ Updated context file with keys: ['active_window', 'active_app', 'active_apps']
2025-05-21 23:43:55,011 - direct_sensor_memory - INFO - ✅ Successfully processed process data and updated memory/context
2025-05-21 23:44:01,014 - direct_sensor_memory - INFO - Detected process sensor update (last: 1747896234.4029267, new: 1747896239.686603)
2025-05-21 23:44:01,017 - direct_sensor_memory - INFO - Processing process data: {"timestamp": "2025-05-21T23:43:59.685889", "active_app": "Unknown", "active_window": "Unknown Window", "active_processes": [{"name": "Cursor Helper (Plugin): extension-host [2-2]", "pid": 76523, "typ...
2025-05-21 23:44:01,017 - direct_sensor_memory - INFO - Extracted process context: {"active_window": "Unknown Window", "active_app": "Unknown", "active_apps": ["Cursor Helper (Plugin): extension-host [2-2]", "Cursor", "Google Chrome", "Cursor Helper (Renderer)", "Google Chrome Helper (Renderer)", "StocksWidget", "tesseract", "Cursor Helper (GPU)", "ScreenTimeWidgetExtension", "ServiceExtension"]}
2025-05-21 23:44:01,022 - direct_sensor_memory - INFO - ✅ Updated context file with keys: ['active_window', 'active_app', 'active_apps']
2025-05-21 23:44:01,022 - direct_sensor_memory - INFO - ✅ Successfully processed process data and updated memory/context
2025-05-21 23:44:05,025 - direct_sensor_memory - INFO - Detected process sensor update (last: 1747896239.686603, new: 1747896244.899934)
2025-05-21 23:44:05,026 - direct_sensor_memory - INFO - Processing process data: {"timestamp": "2025-05-21T23:44:04.899222", "active_app": "Unknown", "active_window": "Unknown Window", "active_processes": [{"name": "Cursor Helper (Renderer)", "pid": 76214, "type": "other", "memory...
2025-05-21 23:44:05,026 - direct_sensor_memory - INFO - Extracted process context: {"active_window": "Unknown Window", "active_app": "Unknown", "active_apps": ["Cursor Helper (Renderer)", "Cursor Helper (Plugin): extension-host [2-2]", "Google Chrome Helper (Renderer)", "Google Chrome", "Cursor", "tesseract", "StocksWidget", "Cursor Helper (Plugin): extension-host [1-1]", "Cursor Helper (GPU)", "ScreenTimeWidgetExtension"]}
2025-05-21 23:44:05,036 - direct_sensor_memory - INFO - ✅ Updated context file with keys: ['active_window', 'active_app', 'active_apps']
2025-05-21 23:44:05,036 - direct_sensor_memory - INFO - ✅ Successfully processed process data and updated memory/context
2025-05-21 23:44:11,039 - direct_sensor_memory - INFO - Detected process sensor update (last: 1747896244.899934, new: 1747896250.1226785)
2025-05-21 23:44:11,040 - direct_sensor_memory - INFO - Processing process data: {"timestamp": "2025-05-21T23:44:10.122023", "active_app": "Unknown", "active_window": "Unknown Window", "active_processes": [{"name": "Cursor Helper (Plugin): extension-host [2-2]", "pid": 76523, "typ...
2025-05-21 23:44:11,041 - direct_sensor_memory - INFO - Extracted process context: {"active_window": "Unknown Window", "active_app": "Unknown", "active_apps": ["Cursor Helper (Plugin): extension-host [2-2]", "Cursor Helper (Renderer)", "Google Chrome Helper (Renderer)", "Google Chrome", "Cursor", "tesseract", "Cursor Helper (Plugin): extension-host [1-1]", "StocksWidget", "Safari", "Cursor Helper (GPU)"]}
2025-05-21 23:44:11,046 - direct_sensor_memory - INFO - ✅ Updated context file with keys: ['active_window', 'active_app', 'active_apps']
2025-05-21 23:44:11,046 - direct_sensor_memory - INFO - ✅ Successfully processed process data and updated memory/context
2025-05-21 23:44:17,051 - direct_sensor_memory - INFO - Detected process sensor update (last: 1747896250.1226785, new: 1747896255.4394882)
2025-05-21 23:44:17,053 - direct_sensor_memory - INFO - Processing process data: {"timestamp": "2025-05-21T23:44:15.436599", "active_app": "Unknown", "active_window": "Unknown Window", "active_processes": [{"name": "Cursor Helper (Plugin): extension-host [2-2]", "pid": 76523, "typ...
2025-05-21 23:44:17,053 - direct_sensor_memory - INFO - Extracted process context: {"active_window": "Unknown Window", "active_app": "Unknown", "active_apps": ["Cursor Helper (Plugin): extension-host [2-2]", "Cursor", "Google Chrome Helper (Renderer)", "Cursor Helper (Renderer)", "Google Chrome", "Cursor Helper (GPU)", "StocksWidget", "tesseract", "ScreenTimeWidgetExtension", "Safari"]}
2025-05-21 23:44:17,059 - direct_sensor_memory - INFO - ✅ Updated context file with keys: ['active_window', 'active_app', 'active_apps']
2025-05-21 23:44:17,059 - direct_sensor_memory - INFO - ✅ Successfully processed process data and updated memory/context
2025-05-21 23:44:21,060 - direct_sensor_memory - INFO - Detected process sensor update (last: 1747896255.4394882, new: 1747896260.652273)
2025-05-21 23:44:21,062 - direct_sensor_memory - INFO - Processing process data: {"timestamp": "2025-05-21T23:44:20.651306", "active_app": "Unknown", "active_window": "Unknown Window", "active_processes": [{"name": "Cursor", "pid": 76164, "type": "other", "memory_mb": 398.8, "cpu_...
2025-05-21 23:44:21,062 - direct_sensor_memory - INFO - Extracted process context: {"active_window": "Unknown Window", "active_app": "Unknown", "active_apps": ["Cursor", "Cursor Helper (Renderer)", "Cursor Helper (Plugin): extension-host [2-2]", "Cursor Helper (Plugin): extension-host [1-1]", "tesseract", "Google Chrome Helper (Renderer)", "Google Chrome", "StocksWidget", "Cursor Helper (GPU)", "ScreenTimeWidgetExtension"]}
2025-05-21 23:44:21,069 - direct_sensor_memory - INFO - ✅ Updated context file with keys: ['active_window', 'active_app', 'active_apps']
2025-05-21 23:44:21,069 - direct_sensor_memory - INFO - ✅ Successfully processed process data and updated memory/context
2025-05-21 23:44:27,073 - direct_sensor_memory - INFO - Detected process sensor update (last: 1747896260.652273, new: 1747896265.8990734)
2025-05-21 23:44:27,075 - direct_sensor_memory - INFO - Processing process data: {"timestamp": "2025-05-21T23:44:25.898324", "active_app": "Unknown", "active_window": "Unknown Window", "active_processes": [{"name": "Cursor Helper (Plugin): extension-host [2-2]", "pid": 76523, "typ...
2025-05-21 23:44:27,075 - direct_sensor_memory - INFO - Extracted process context: {"active_window": "Unknown Window", "active_app": "Unknown", "active_apps": ["Cursor Helper (Plugin): extension-host [2-2]", "Cursor", "Cursor Helper (Renderer)", "Google Chrome Helper (Renderer)", "tesseract", "Google Chrome", "Cursor Helper (GPU)", "StocksWidget", "ScreenTimeWidgetExtension", "ServiceExtension"]}
2025-05-21 23:44:27,081 - direct_sensor_memory - INFO - ✅ Updated context file with keys: ['active_window', 'active_app', 'active_apps']
2025-05-21 23:44:27,081 - direct_sensor_memory - INFO - ✅ Successfully processed process data and updated memory/context
2025-05-21 23:44:33,084 - direct_sensor_memory - INFO - Detected process sensor update (last: 1747896265.8990734, new: 1747896271.1056178)
2025-05-21 23:44:33,085 - direct_sensor_memory - INFO - Processing process data: {"timestamp": "2025-05-21T23:44:31.104782", "active_app": "Unknown", "active_window": "Unknown Window", "active_processes": [{"name": "Cursor", "pid": 76164, "type": "other", "memory_mb": 139.6, "cpu_...
2025-05-21 23:44:33,085 - direct_sensor_memory - INFO - Extracted process context: {"active_window": "Unknown Window", "active_app": "Unknown", "active_apps": ["Cursor", "Cursor Helper (Plugin): extension-host [2-2]", "Cursor Helper (Renderer)", "Google Chrome", "Cursor Helper (GPU)", "StocksWidget", "Safari", "tesseract", "ScreenTimeWidgetExtension", "ServiceExtension"]}
2025-05-21 23:44:33,092 - direct_sensor_memory - INFO - ✅ Updated context file with keys: ['active_window', 'active_app', 'active_apps']
2025-05-21 23:44:33,092 - direct_sensor_memory - INFO - ✅ Successfully processed process data and updated memory/context
2025-05-21 23:44:37,155 - direct_sensor_memory - INFO - Detected process sensor update (last: 1747896271.1056178, new: 1747896276.3532202)
2025-05-21 23:44:37,335 - direct_sensor_memory - INFO - Processing process data: {"timestamp": "2025-05-21T23:44:36.352230", "active_app": "Unknown", "active_window": "Unknown Window", "active_processes": [{"name": "Python", "pid": 3178, "type": "other", "memory_mb": 145.2, "cpu_p...
2025-05-21 23:44:37,336 - direct_sensor_memory - INFO - Extracted process context: {"active_window": "Unknown Window", "active_app": "Unknown", "active_apps": ["Python", "Cursor Helper (Plugin): extension-host [2-2]", "Cursor", "tesseract", "Google Chrome", "Cursor Helper (Renderer)", "Cursor Helper (GPU)", "Safari", "StocksWidget", "ScreenTimeWidgetExtension"]}
2025-05-21 23:44:37,354 - direct_sensor_memory - INFO - ✅ Updated context file with keys: ['active_window', 'active_app', 'active_apps']
2025-05-21 23:44:37,355 - direct_sensor_memory - INFO - ✅ Successfully processed process data and updated memory/context
2025-05-21 23:44:43,359 - direct_sensor_memory - INFO - Detected process sensor update (last: 1747896276.3532202, new: 1747896281.6622586)
2025-05-21 23:44:43,362 - direct_sensor_memory - INFO - Processing process data: {"timestamp": "2025-05-21T23:44:41.661312", "active_app": "Unknown", "active_window": "Unknown Window", "active_processes": [{"name": "Cursor Helper (Plugin): extension-host [2-2]", "pid": 76523, "typ...
2025-05-21 23:44:43,362 - direct_sensor_memory - INFO - Extracted process context: {"active_window": "Unknown Window", "active_app": "Unknown", "active_apps": ["Cursor Helper (Plugin): extension-host [2-2]", "Cursor", "Google Chrome", "StocksWidget", "Cursor Helper (Renderer)", "ScreenTimeWidgetExtension", "ServiceExtension", "Cursor Helper (GPU)", "WeatherWidget", "tesseract"]}
2025-05-21 23:44:43,373 - direct_sensor_memory - INFO - ✅ Updated context file with keys: ['active_window', 'active_app', 'active_apps']
2025-05-21 23:44:43,373 - direct_sensor_memory - INFO - ✅ Successfully processed process data and updated memory/context
2025-05-21 23:44:47,375 - direct_sensor_memory - INFO - Detected process sensor update (last: 1747896281.6622586, new: 1747896286.9046571)
2025-05-21 23:44:47,379 - direct_sensor_memory - INFO - Processing process data: {"timestamp": "2025-05-21T23:44:46.903830", "active_app": "Unknown", "active_window": "Unknown Window", "active_processes": [{"name": "Cursor Helper (Plugin): extension-host [2-2]", "pid": 76523, "typ...
2025-05-21 23:44:47,379 - direct_sensor_memory - INFO - Extracted process context: {"active_window": "Unknown Window", "active_app": "Unknown", "active_apps": ["Cursor Helper (Plugin): extension-host [2-2]", "Cursor", "Google Chrome", "tesseract", "Python", "StocksWidget", "Cursor Helper (Renderer)", "Safari", "ScreenTimeWidgetExtension", "Cursor Helper (GPU)"]}
2025-05-21 23:44:47,387 - direct_sensor_memory - INFO - ✅ Updated context file with keys: ['active_window', 'active_app', 'active_apps']
2025-05-21 23:44:47,387 - direct_sensor_memory - INFO - ✅ Successfully processed process data and updated memory/context
2025-05-21 23:44:53,390 - direct_sensor_memory - INFO - Detected process sensor update (last: 1747896286.9046571, new: 1747896292.1471722)
2025-05-21 23:44:53,391 - direct_sensor_memory - INFO - Processing process data: {"timestamp": "2025-05-21T23:44:52.146320", "active_app": "Unknown", "active_window": "Unknown Window", "active_processes": [{"name": "Cursor Helper (Plugin): extension-host [2-2]", "pid": 76523, "typ...
2025-05-21 23:44:53,391 - direct_sensor_memory - INFO - Extracted process context: {"active_window": "Unknown Window", "active_app": "Unknown", "active_apps": ["Cursor Helper (Plugin): extension-host [2-2]", "tesseract", "Cursor", "Google Chrome", "Python", "Cursor Helper (Renderer)", "StocksWidget", "Cursor Helper (GPU)", "Safari", "ScreenTimeWidgetExtension"]}
2025-05-21 23:44:53,396 - direct_sensor_memory - INFO - ✅ Updated context file with keys: ['active_window', 'active_app', 'active_apps']
2025-05-21 23:44:53,396 - direct_sensor_memory - INFO - ✅ Successfully processed process data and updated memory/context
2025-05-21 23:44:57,399 - direct_sensor_memory - INFO - Detected process sensor update (last: 1747896292.1471722, new: 1747896297.3477027)
2025-05-21 23:44:57,400 - direct_sensor_memory - INFO - Processing process data: {"timestamp": "2025-05-21T23:44:57.347040", "active_app": "Unknown", "active_window": "Unknown Window", "active_processes": [{"name": "Cursor Helper (Renderer)", "pid": 76214, "type": "other", "memory...
2025-05-21 23:44:57,400 - direct_sensor_memory - INFO - Extracted process context: {"active_window": "Unknown Window", "active_app": "Unknown", "active_apps": ["Cursor Helper (Renderer)", "Cursor", "Cursor Helper (Plugin): extension-host [2-2]", "tesseract", "Google Chrome", "Finder", "Python", "Safari", "StocksWidget", "NotificationCenter"]}
2025-05-21 23:44:57,405 - direct_sensor_memory - INFO - ✅ Updated context file with keys: ['active_window', 'active_app', 'active_apps']
2025-05-21 23:44:57,405 - direct_sensor_memory - INFO - ✅ Successfully processed process data and updated memory/context
2025-05-21 23:45:03,409 - direct_sensor_memory - INFO - Detected process sensor update (last: 1747896297.3477027, new: 1747896302.5494475)
2025-05-21 23:45:03,410 - direct_sensor_memory - INFO - Processing process data: {"timestamp": "2025-05-21T23:45:02.548820", "active_app": "Unknown", "active_window": "Unknown Window", "active_processes": [{"name": "Cursor Helper (Renderer)", "pid": 76214, "type": "other", "memory...
2025-05-21 23:45:03,410 - direct_sensor_memory - INFO - Extracted process context: {"active_window": "Unknown Window", "active_app": "Unknown", "active_apps": ["Cursor Helper (Renderer)", "Cursor", "Cursor Helper (Plugin): extension-host [2-2]", "Google Chrome Helper (Renderer)", "tesseract", "Google Chrome", "Safari", "Finder", "Python", "StocksWidget"]}
2025-05-21 23:45:03,415 - direct_sensor_memory - INFO - ✅ Updated context file with keys: ['active_window', 'active_app', 'active_apps']
2025-05-21 23:45:03,415 - direct_sensor_memory - INFO - ✅ Successfully processed process data and updated memory/context
2025-05-21 23:45:09,419 - direct_sensor_memory - INFO - Detected process sensor update (last: 1747896302.5494475, new: 1747896307.752209)
2025-05-21 23:45:09,420 - direct_sensor_memory - INFO - Processing process data: {"timestamp": "2025-05-21T23:45:07.751605", "active_app": "Unknown", "active_window": "Unknown Window", "active_processes": [{"name": "Cursor Helper (Renderer)", "pid": 76214, "type": "other", "memory...
2025-05-21 23:45:09,420 - direct_sensor_memory - INFO - Extracted process context: {"active_window": "Unknown Window", "active_app": "Unknown", "active_apps": ["Cursor Helper (Renderer)", "Cursor", "Cursor Helper (Plugin): extension-host [2-2]", "Google Chrome Helper (Renderer)", "Google Chrome", "tesseract", "Safari", "Finder", "Python", "StocksWidget"]}
2025-05-21 23:45:09,425 - direct_sensor_memory - INFO - ✅ Updated context file with keys: ['active_window', 'active_app', 'active_apps']
2025-05-21 23:45:09,425 - direct_sensor_memory - INFO - ✅ Successfully processed process data and updated memory/context
2025-05-21 23:45:13,427 - direct_sensor_memory - INFO - Detected process sensor update (last: 1747896307.752209, new: 1747896312.9523008)
2025-05-21 23:45:13,428 - direct_sensor_memory - INFO - Processing process data: {"timestamp": "2025-05-21T23:45:12.951639", "active_app": "Unknown", "active_window": "Unknown Window", "active_processes": [{"name": "Cursor Helper (Renderer)", "pid": 76214, "type": "other", "memory...
2025-05-21 23:45:13,429 - direct_sensor_memory - INFO - Extracted process context: {"active_window": "Unknown Window", "active_app": "Unknown", "active_apps": ["Cursor Helper (Renderer)", "Cursor", "Cursor Helper (Plugin): extension-host [2-2]", "Google Chrome Helper (Renderer)", "Google Chrome", "tesseract", "Safari", "Finder", "Python", "StocksWidget"]}
2025-05-21 23:45:13,433 - direct_sensor_memory - INFO - ✅ Updated context file with keys: ['active_window', 'active_app', 'active_apps']
2025-05-21 23:45:13,434 - direct_sensor_memory - INFO - ✅ Successfully processed process data and updated memory/context
2025-05-21 23:45:19,436 - direct_sensor_memory - INFO - Detected process sensor update (last: 1747896312.9523008, new: 1747896318.1468592)
2025-05-21 23:45:19,438 - direct_sensor_memory - INFO - Processing process data: {"timestamp": "2025-05-21T23:45:18.146239", "active_app": "Unknown", "active_window": "Unknown Window", "active_processes": [{"name": "Cursor Helper (Renderer)", "pid": 76214, "type": "other", "memory...
2025-05-21 23:45:19,438 - direct_sensor_memory - INFO - Extracted process context: {"active_window": "Unknown Window", "active_app": "Unknown", "active_apps": ["Cursor Helper (Renderer)", "Cursor", "Cursor Helper (Plugin): extension-host [2-2]", "Google Chrome Helper (Renderer)", "tesseract", "Google Chrome", "Safari", "Finder", "Python", "StocksWidget"]}
2025-05-21 23:45:19,443 - direct_sensor_memory - INFO - ✅ Updated context file with keys: ['active_window', 'active_app', 'active_apps']
2025-05-21 23:45:19,443 - direct_sensor_memory - INFO - ✅ Successfully processed process data and updated memory/context
2025-05-21 23:45:23,445 - direct_sensor_memory - INFO - Detected process sensor update (last: 1747896318.1468592, new: 1747896323.341119)
2025-05-21 23:45:23,446 - direct_sensor_memory - INFO - Processing process data: {"timestamp": "2025-05-21T23:45:23.340523", "active_app": "Unknown", "active_window": "Unknown Window", "active_processes": [{"name": "Cursor Helper (Renderer)", "pid": 76214, "type": "other", "memory...
2025-05-21 23:45:23,446 - direct_sensor_memory - INFO - Extracted process context: {"active_window": "Unknown Window", "active_app": "Unknown", "active_apps": ["Cursor Helper (Renderer)", "Cursor", "Cursor Helper (Plugin): extension-host [2-2]", "Google Chrome Helper (Renderer)", "Google Chrome", "Safari", "Cursor Helper (Plugin): extension-host [1-1]", "tesseract", "Finder", "Python"]}
2025-05-21 23:45:23,451 - direct_sensor_memory - INFO - ✅ Updated context file with keys: ['active_window', 'active_app', 'active_apps']
2025-05-21 23:45:23,451 - direct_sensor_memory - INFO - ✅ Successfully processed process data and updated memory/context
2025-05-21 23:45:29,454 - direct_sensor_memory - INFO - Detected process sensor update (last: 1747896323.341119, new: 1747896328.5647256)
2025-05-21 23:45:29,456 - direct_sensor_memory - INFO - Processing process data: {"timestamp": "2025-05-21T23:45:28.563466", "active_app": "Unknown", "active_window": "Unknown Window", "active_processes": [{"name": "Cursor Helper (Renderer)", "pid": 76214, "type": "other", "memory...
2025-05-21 23:45:29,456 - direct_sensor_memory - INFO - Extracted process context: {"active_window": "Unknown Window", "active_app": "Unknown", "active_apps": ["Cursor Helper (Renderer)", "Cursor", "Cursor Helper (Plugin): extension-host [2-2]", "Google Chrome Helper (Renderer)", "Google Chrome", "node", "tesseract", "Safari", "Cursor Helper (Plugin): extension-host [1-1]", "Finder"]}
2025-05-21 23:45:29,462 - direct_sensor_memory - INFO - ✅ Updated context file with keys: ['active_window', 'active_app', 'active_apps']
2025-05-21 23:45:29,462 - direct_sensor_memory - INFO - ✅ Successfully processed process data and updated memory/context
2025-05-21 23:45:35,465 - direct_sensor_memory - INFO - Detected process sensor update (last: 1747896328.5647256, new: 1747896333.7645319)
2025-05-21 23:45:35,466 - direct_sensor_memory - INFO - Processing process data: {"timestamp": "2025-05-21T23:45:33.763851", "active_app": "Unknown", "active_window": "Unknown Window", "active_processes": [{"name": "Cursor Helper (Renderer)", "pid": 76214, "type": "other", "memory...
2025-05-21 23:45:35,466 - direct_sensor_memory - INFO - Extracted process context: {"active_window": "Unknown Window", "active_app": "Unknown", "active_apps": ["Cursor Helper (Renderer)", "Cursor", "Cursor Helper (Plugin): extension-host [2-2]", "Google Chrome", "Safari", "Cursor Helper (Plugin): extension-host [1-1]", "Finder", "Cursor Helper (GPU)", "Python", "tesseract"]}
2025-05-21 23:45:35,471 - direct_sensor_memory - INFO - ✅ Updated context file with keys: ['active_window', 'active_app', 'active_apps']
2025-05-21 23:45:35,471 - direct_sensor_memory - INFO - ✅ Successfully processed process data and updated memory/context
2025-05-21 23:45:39,474 - direct_sensor_memory - INFO - Detected process sensor update (last: 1747896333.7645319, new: 1747896339.0439036)
2025-05-21 23:45:39,475 - direct_sensor_memory - INFO - Processing process data: {"timestamp": "2025-05-21T23:45:39.042979", "active_app": "Unknown", "active_window": "Unknown Window", "active_processes": [{"name": "Cursor Helper (Renderer)", "pid": 76214, "type": "other", "memory...
2025-05-21 23:45:39,475 - direct_sensor_memory - INFO - Extracted process context: {"active_window": "Unknown Window", "active_app": "Unknown", "active_apps": ["Cursor Helper (Renderer)", "Cursor", "Google Chrome", "Cursor Helper (Plugin): extension-host [2-2]", "Python", "Safari", "Cursor Helper (Plugin): extension-host [1-1]", "Finder", "Cursor Helper (GPU)", "ControlCenter"]}
2025-05-21 23:45:39,482 - direct_sensor_memory - INFO - ✅ Updated context file with keys: ['active_window', 'active_app', 'active_apps']
2025-05-21 23:45:39,482 - direct_sensor_memory - INFO - ✅ Successfully processed process data and updated memory/context
2025-05-21 23:45:45,487 - direct_sensor_memory - INFO - Detected process sensor update (last: 1747896339.0439036, new: 1747896344.469659)
2025-05-21 23:45:45,490 - direct_sensor_memory - INFO - Processing process data: {"timestamp": "2025-05-21T23:45:44.467873", "active_app": "Unknown", "active_window": "Unknown Window", "active_processes": [{"name": "Cursor", "pid": 76164, "type": "other", "memory_mb": 82.7, "cpu_p...
2025-05-21 23:45:45,490 - direct_sensor_memory - INFO - Extracted process context: {"active_window": "Unknown Window", "active_app": "Unknown", "active_apps": ["Cursor", "Cursor Helper (Plugin): extension-host [2-2]", "Google Chrome", "Cursor Helper (GPU)", "Cursor Helper (Renderer)", "Safari", "Google Chrome Helper", "ScreenTimeWidgetExtension", "StocksWidget", "NotificationCenter"]}
2025-05-21 23:45:45,496 - direct_sensor_memory - INFO - ✅ Updated context file with keys: ['active_window', 'active_app', 'active_apps']
2025-05-21 23:45:45,496 - direct_sensor_memory - INFO - ✅ Successfully processed process data and updated memory/context
2025-05-21 23:45:51,503 - direct_sensor_memory - INFO - Detected process sensor update (last: 1747896344.469659, new: 1747896350.4106767)
2025-05-21 23:45:51,506 - direct_sensor_memory - INFO - Processing process data: {"timestamp": "2025-05-21T23:45:50.408301", "active_app": "Unknown", "active_window": "Unknown Window", "active_processes": [{"name": "Cursor Helper (Renderer)", "pid": 76214, "type": "other", "memory...
2025-05-21 23:45:51,506 - direct_sensor_memory - INFO - Extracted process context: {"active_window": "Unknown Window", "active_app": "Unknown", "active_apps": ["Cursor Helper (Renderer)", "Cursor", "Safari", "node", "Cursor Helper (Plugin): extension-host [2-2]", "Cursor Helper (GPU)", "Google Chrome", "NotificationCenter", "Keychain Circle Notification", "Finder"]}
2025-05-21 23:45:51,511 - direct_sensor_memory - INFO - ✅ Updated context file with keys: ['active_window', 'active_app', 'active_apps']
2025-05-21 23:45:51,511 - direct_sensor_memory - INFO - ✅ Successfully processed process data and updated memory/context
2025-05-21 23:45:57,522 - direct_sensor_memory - INFO - Detected process sensor update (last: 1747896350.4106767, new: 1747896355.850799)
2025-05-21 23:45:57,528 - direct_sensor_memory - INFO - Processing process data: {"timestamp": "2025-05-21T23:45:55.848963", "active_app": "Unknown", "active_window": "Unknown Window", "active_processes": [{"name": "node", "pid": 82880, "type": "other", "memory_mb": 147.4, "cpu_pe...
2025-05-21 23:45:57,529 - direct_sensor_memory - INFO - Extracted process context: {"active_window": "Unknown Window", "active_app": "Unknown", "active_apps": ["node", "Cursor Helper (Plugin): extension-host [2-2]", "Cursor", "Cursor Helper (Renderer)", "Safari", "replayd", "Cursor Helper (GPU)", "ScreenTimeWidgetExtension", "Google Chrome", "WeatherWidget"]}
2025-05-21 23:45:57,538 - direct_sensor_memory - INFO - ✅ Updated context file with keys: ['active_window', 'active_app', 'active_apps']
2025-05-21 23:45:57,538 - direct_sensor_memory - INFO - ✅ Successfully processed process data and updated memory/context
2025-05-21 23:46:01,548 - direct_sensor_memory - INFO - Detected process sensor update (last: 1747896355.850799, new: 1747896361.1021144)
2025-05-21 23:46:01,552 - direct_sensor_memory - INFO - Processing process data: {"timestamp": "2025-05-21T23:46:01.101051", "active_app": "Unknown", "active_window": "Unknown Window", "active_processes": [{"name": "node", "pid": 82880, "type": "other", "memory_mb": 164.6, "cpu_pe...
2025-05-21 23:46:01,552 - direct_sensor_memory - INFO - Extracted process context: {"active_window": "Unknown Window", "active_app": "Unknown", "active_apps": ["node", "Google Chrome Helper (Renderer)", "Cursor", "Cursor Helper (Plugin): extension-host [2-2]", "Google Chrome", "Cursor Helper (Renderer)", "replayd", "Safari", "ControlCenter", "NotificationCenter"]}
2025-05-21 23:46:01,560 - direct_sensor_memory - INFO - ✅ Updated context file with keys: ['active_window', 'active_app', 'active_apps']
2025-05-21 23:46:01,560 - direct_sensor_memory - INFO - ✅ Successfully processed process data and updated memory/context
2025-05-21 23:46:07,567 - direct_sensor_memory - INFO - Detected process sensor update (last: 1747896361.1021144, new: 1747896366.3574543)
2025-05-21 23:46:07,571 - direct_sensor_memory - INFO - Processing process data: {"timestamp": "2025-05-21T23:46:06.356613", "active_app": "Unknown", "active_window": "Unknown Window", "active_processes": [{"name": "Cursor", "pid": 76164, "type": "other", "memory_mb": 211.8, "cpu_...
2025-05-21 23:46:07,571 - direct_sensor_memory - INFO - Extracted process context: {"active_window": "Unknown Window", "active_app": "Unknown", "active_apps": ["Cursor", "node", "Google Chrome Helper (Renderer)", "Cursor Helper (Plugin): extension-host [2-2]", "Cursor Helper (Renderer)", "Google Chrome", "replayd", "NotificationCenter", "ScreenTimeWidgetExtension", "Cursor Helper (Plugin): extension-host [1-1]"]}
2025-05-21 23:46:07,577 - direct_sensor_memory - INFO - ✅ Updated context file with keys: ['active_window', 'active_app', 'active_apps']
2025-05-21 23:46:07,578 - direct_sensor_memory - INFO - ✅ Successfully processed process data and updated memory/context
2025-05-21 23:46:13,683 - direct_sensor_memory - INFO - Detected process sensor update (last: 1747896366.3574543, new: 1747896371.7625582)
2025-05-21 23:46:13,787 - direct_sensor_memory - INFO - Processing process data: {"timestamp": "2025-05-21T23:46:11.760752", "active_app": "Unknown", "active_window": "Unknown Window", "active_processes": [{"name": "node", "pid": 82880, "type": "other", "memory_mb": 126.0, "cpu_pe...
2025-05-21 23:46:13,788 - direct_sensor_memory - INFO - Extracted process context: {"active_window": "Unknown Window", "active_app": "Unknown", "active_apps": ["node", "Cursor", "Cursor Helper (Plugin): extension-host [2-2]", "Cursor Helper (Renderer)", "Google Chrome Helper (Renderer)", "ScreenTimeWidgetExtension", "WeatherWidget", "StocksWidget", "Cursor Helper (GPU)", "Google Chrome"]}
2025-05-21 23:46:13,859 - direct_sensor_memory - INFO - ✅ Updated context file with keys: ['active_window', 'active_app', 'active_apps']
2025-05-21 23:46:13,859 - direct_sensor_memory - INFO - ✅ Successfully processed process data and updated memory/context
2025-05-21 23:46:17,963 - direct_sensor_memory - INFO - Detected process sensor update (last: 1747896371.7625582, new: 1747896377.1022875)
2025-05-21 23:46:17,969 - direct_sensor_memory - INFO - Processing process data: {"timestamp": "2025-05-21T23:46:17.100999", "active_app": "Unknown", "active_window": "Unknown Window", "active_processes": [{"name": "Cursor", "pid": 76164, "type": "other", "memory_mb": 43.8, "cpu_p...
2025-05-21 23:46:17,969 - direct_sensor_memory - INFO - Extracted process context: {"active_window": "Unknown Window", "active_app": "Unknown", "active_apps": ["Cursor", "Cursor Helper (Renderer)", "Cursor Helper (Plugin): extension-host [2-2]", "Google Chrome", "ScreenTimeWidgetExtension", "Google Chrome Helper (Renderer)", "node", "StocksWidget", "Cursor Helper (GPU)", "ServiceExtension"]}
2025-05-21 23:46:17,975 - direct_sensor_memory - INFO - ✅ Updated context file with keys: ['active_window', 'active_app', 'active_apps']
2025-05-21 23:46:17,975 - direct_sensor_memory - INFO - ✅ Successfully processed process data and updated memory/context
2025-05-21 23:46:23,986 - direct_sensor_memory - INFO - Detected process sensor update (last: 1747896377.1022875, new: 1747896383.1266136)
2025-05-21 23:46:23,999 - direct_sensor_memory - INFO - Processing process data: {"timestamp": "2025-05-21T23:46:23.123718", "active_app": "Unknown", "active_window": "Unknown Window", "active_processes": [{"name": "Cursor Helper (Renderer)", "pid": 76214, "type": "other", "memory...
2025-05-21 23:46:23,999 - direct_sensor_memory - INFO - Extracted process context: {"active_window": "Unknown Window", "active_app": "Unknown", "active_apps": ["Cursor Helper (Renderer)", "Cursor", "Cursor Helper (Plugin): extension-host [2-2]", "node", "Google Chrome", "Cursor Helper (Plugin): extension-host [1-1]", "Cursor Helper (GPU)", "ScreenTimeWidgetExtension", "StocksWidget", "ControlCenter"]}
2025-05-21 23:46:24,007 - direct_sensor_memory - INFO - ✅ Updated context file with keys: ['active_window', 'active_app', 'active_apps']
2025-05-21 23:46:24,007 - direct_sensor_memory - INFO - ✅ Successfully processed process data and updated memory/context
2025-05-21 23:46:30,018 - direct_sensor_memory - INFO - Detected process sensor update (last: 1747896383.1266136, new: 1747896388.452002)
2025-05-21 23:46:30,026 - direct_sensor_memory - INFO - Processing process data: {"timestamp": "2025-05-21T23:46:28.450945", "active_app": "Unknown", "active_window": "Unknown Window", "active_processes": [{"name": "Cursor Helper (Renderer)", "pid": 76214, "type": "other", "memory...
2025-05-21 23:46:30,026 - direct_sensor_memory - INFO - Extracted process context: {"active_window": "Unknown Window", "active_app": "Unknown", "active_apps": ["Cursor Helper (Renderer)", "Cursor Helper (Plugin): extension-host [2-2]", "Cursor", "NotificationCenter", "Google Chrome", "Safari", "Cursor Helper (Plugin): extension-host [1-1]", "com.apple.WebKit.GPU", "node", "StocksWidget"]}
2025-05-21 23:46:30,035 - direct_sensor_memory - INFO - ✅ Updated context file with keys: ['active_window', 'active_app', 'active_apps']
2025-05-21 23:46:30,035 - direct_sensor_memory - INFO - ✅ Successfully processed process data and updated memory/context
2025-05-21 23:46:36,072 - direct_sensor_memory - INFO - Detected process sensor update (last: 1747896388.452002, new: 1747896394.1229753)
2025-05-21 23:46:36,110 - direct_sensor_memory - INFO - Processing process data: {"timestamp": "2025-05-21T23:46:34.112237", "active_app": "Unknown", "active_window": "Unknown Window", "active_processes": [{"name": "Cursor Helper (Renderer)", "pid": 76214, "type": "other", "memory...
2025-05-21 23:46:36,112 - direct_sensor_memory - INFO - Extracted process context: {"active_window": "Unknown Window", "active_app": "Unknown", "active_apps": ["Cursor Helper (Renderer)", "Cursor", "Cursor Helper (Plugin): extension-host [2-2]", "Google Chrome", "Cursor Helper (Plugin): extension-host [1-1]", "node", "StocksWidget", "Safari", "NotificationCenter", "sharingd"]}
2025-05-21 23:46:36,141 - direct_sensor_memory - INFO - ✅ Updated context file with keys: ['active_window', 'active_app', 'active_apps']
2025-05-21 23:46:36,142 - direct_sensor_memory - INFO - ✅ Successfully processed process data and updated memory/context
2025-05-21 23:46:40,213 - direct_sensor_memory - INFO - Detected process sensor update (last: 1747896394.1229753, new: 1747896399.5760732)
2025-05-21 23:46:40,224 - direct_sensor_memory - INFO - Processing process data: {"timestamp": "2025-05-21T23:46:39.573483", "active_app": "Unknown", "active_window": "Unknown Window", "active_processes": [{"name": "Cursor Helper (Plugin): extension-host [2-2]", "pid": 76523, "typ...
2025-05-21 23:46:40,224 - direct_sensor_memory - INFO - Extracted process context: {"active_window": "Unknown Window", "active_app": "Unknown", "active_apps": ["Cursor Helper (Plugin): extension-host [2-2]", "Cursor", "Cursor Helper (GPU)", "Cursor Helper (Renderer)", "Cursor Helper (Plugin): extension-host [1-1]", "node", "StocksWidget", "ControlCenter", "Safari", "Google Chrome"]}
2025-05-21 23:46:40,241 - direct_sensor_memory - INFO - ✅ Updated context file with keys: ['active_window', 'active_app', 'active_apps']
2025-05-21 23:46:40,241 - direct_sensor_memory - INFO - ✅ Successfully processed process data and updated memory/context
2025-05-21 23:46:46,276 - direct_sensor_memory - INFO - Detected process sensor update (last: 1747896399.5760732, new: 1747896405.064391)
2025-05-21 23:46:46,284 - direct_sensor_memory - INFO - Processing process data: {"timestamp": "2025-05-21T23:46:45.060717", "active_app": "Unknown", "active_window": "Unknown Window", "active_processes": [{"name": "Cursor", "pid": 76164, "type": "other", "memory_mb": 56.1, "cpu_p...
2025-05-21 23:46:46,285 - direct_sensor_memory - INFO - Extracted process context: {"active_window": "Unknown Window", "active_app": "Unknown", "active_apps": ["Cursor", "Cursor Helper (GPU)", "Cursor Helper (Renderer)", "Cursor Helper (Plugin): extension-host [2-2]", "node", "Safari", "Cursor Helper (Plugin): extension-host [1-1]", "Google Chrome", "ControlCenter", "Keychain Circle Notification"]}
2025-05-21 23:46:46,299 - direct_sensor_memory - INFO - ✅ Updated context file with keys: ['active_window', 'active_app', 'active_apps']
2025-05-21 23:46:46,300 - direct_sensor_memory - INFO - ✅ Successfully processed process data and updated memory/context
2025-05-21 23:46:52,347 - direct_sensor_memory - INFO - Detected process sensor update (last: 1747896405.064391, new: 1747896410.9262495)
2025-05-21 23:46:52,353 - direct_sensor_memory - INFO - Processing process data: {"timestamp": "2025-05-21T23:46:50.924281", "active_app": "Unknown", "active_window": "Unknown Window", "active_processes": [{"name": "Cursor", "pid": 76164, "type": "other", "memory_mb": 50.2, "cpu_p...
2025-05-21 23:46:52,353 - direct_sensor_memory - INFO - Extracted process context: {"active_window": "Unknown Window", "active_app": "Unknown", "active_apps": ["Cursor", "Cursor Helper (GPU)", "NotificationCenter", "Cursor Helper (Renderer)", "Google Chrome", "Cursor Helper (Plugin): extension-host [2-2]", "Cursor Helper (Plugin): extension-host [1-1]", "node", "sharingd", "Safari"]}
2025-05-21 23:46:52,359 - direct_sensor_memory - INFO - ✅ Updated context file with keys: ['active_window', 'active_app', 'active_apps']
2025-05-21 23:46:52,360 - direct_sensor_memory - INFO - ✅ Successfully processed process data and updated memory/context
2025-05-21 23:46:58,381 - direct_sensor_memory - INFO - Detected process sensor update (last: 1747896410.9262495, new: 1747896417.1444905)
2025-05-21 23:46:58,385 - direct_sensor_memory - INFO - Processing process data: {"timestamp": "2025-05-21T23:46:57.136119", "active_app": "Unknown", "active_window": "Unknown Window", "active_processes": [{"name": "Cursor Helper (Plugin): extension-host [2-2]", "pid": 76523, "typ...
2025-05-21 23:46:58,385 - direct_sensor_memory - INFO - Extracted process context: {"active_window": "Unknown Window", "active_app": "Unknown", "active_apps": ["Cursor Helper (Plugin): extension-host [2-2]", "Cursor", "Cursor Helper (GPU)", "CommCenter", "callservicesd", "CoreLocationAgent", "Finder", "Cursor Helper (Renderer)", "Google Chrome", "identityservicesd"]}
2025-05-21 23:46:58,391 - direct_sensor_memory - INFO - ✅ Updated context file with keys: ['active_window', 'active_app', 'active_apps']
2025-05-21 23:46:58,391 - direct_sensor_memory - INFO - ✅ Successfully processed process data and updated memory/context
2025-05-21 23:47:04,396 - direct_sensor_memory - INFO - Detected process sensor update (last: 1747896417.1444905, new: 1747896422.400593)
2025-05-21 23:47:04,405 - direct_sensor_memory - INFO - Processing process data: {"timestamp": "2025-05-21T23:47:02.399829", "active_app": "Unknown", "active_window": "Unknown Window", "active_processes": [{"name": "Google Chrome Helper (Renderer)", "pid": 5185, "type": "browser",...
2025-05-21 23:47:04,405 - direct_sensor_memory - INFO - Extracted process context: {"active_window": "Unknown Window", "active_app": "Unknown", "active_apps": ["Google Chrome Helper (Renderer)", "Cursor Helper (Plugin): extension-host [2-2]", "Cursor", "Google Chrome", "Cursor Helper (GPU)", "callservicesd", "ScreenTimeAgent", "Siri", "CommCenter", "Keychain Circle Notification"]}
2025-05-21 23:47:04,413 - direct_sensor_memory - INFO - ✅ Updated context file with keys: ['active_window', 'active_app', 'active_apps']
2025-05-21 23:47:04,413 - direct_sensor_memory - INFO - ✅ Successfully processed process data and updated memory/context
2025-05-21 23:47:08,420 - direct_sensor_memory - INFO - Detected process sensor update (last: 1747896422.400593, new: 1747896428.2202227)
2025-05-21 23:47:08,425 - direct_sensor_memory - INFO - Processing process data: {"timestamp": "2025-05-21T23:47:08.214070", "active_app": "Unknown", "active_window": "Unknown Window", "active_processes": [{"name": "Cursor", "pid": 76164, "type": "other", "memory_mb": 107.2, "cpu_...
2025-05-21 23:47:08,425 - direct_sensor_memory - INFO - Extracted process context: {"active_window": "Unknown Window", "active_app": "Unknown", "active_apps": ["Cursor", "Cursor Helper (GPU)", "Cursor Helper (Renderer)", "Cursor Helper (Plugin): extension-host [2-2]", "Siri", "CursorUIViewService", "Google Chrome", "ScreenTimeAgent", "sharingd", "callservicesd"]}
2025-05-21 23:47:08,434 - direct_sensor_memory - INFO - ✅ Updated context file with keys: ['active_window', 'active_app', 'active_apps']
2025-05-21 23:47:08,434 - direct_sensor_memory - INFO - ✅ Successfully processed process data and updated memory/context
2025-05-21 23:47:14,453 - direct_sensor_memory - INFO - Detected process sensor update (last: 1747896428.2202227, new: 1747896433.8774335)
2025-05-21 23:47:14,467 - direct_sensor_memory - INFO - Processing process data: {"timestamp": "2025-05-21T23:47:13.875431", "active_app": "Unknown", "active_window": "Unknown Window", "active_processes": [{"name": "Cursor", "pid": 76164, "type": "other", "memory_mb": 53.0, "cpu_p...
2025-05-21 23:47:14,468 - direct_sensor_memory - INFO - Extracted process context: {"active_window": "Unknown Window", "active_app": "Unknown", "active_apps": ["Cursor", "Cursor Helper (GPU)", "Cursor Helper (Renderer)", "NotificationCenter", "Cursor Helper (Plugin): extension-host [2-2]", "Google Chrome", "Safari", "sharingd", "Cursor Helper (Plugin): extension-host [1-1]", "replayd"]}
2025-05-21 23:47:14,478 - direct_sensor_memory - INFO - ✅ Updated context file with keys: ['active_window', 'active_app', 'active_apps']
2025-05-21 23:47:14,478 - direct_sensor_memory - INFO - ✅ Successfully processed process data and updated memory/context
2025-05-21 23:47:20,536 - direct_sensor_memory - INFO - Detected process sensor update (last: 1747896433.8774335, new: 1747896439.8489091)
2025-05-21 23:47:20,579 - direct_sensor_memory - INFO - Processing process data: {"timestamp": "2025-05-21T23:47:19.847600", "active_app": "Unknown", "active_window": "Unknown Window", "active_processes": [{"name": "node", "pid": 5407, "type": "other", "memory_mb": 158.2, "cpu_per...
2025-05-21 23:47:20,580 - direct_sensor_memory - INFO - Extracted process context: {"active_window": "Unknown Window", "active_app": "Unknown", "active_apps": ["node", "Cursor", "Safari", "Cursor Helper (Renderer)", "Cursor Helper (GPU)", "Cursor Helper (Plugin): extension-host [2-2]", "NotificationCenter", "AddressBookSourceSync", "CursorUIViewService", "Google Chrome"]}
2025-05-21 23:47:20,652 - direct_sensor_memory - INFO - ✅ Updated context file with keys: ['active_window', 'active_app', 'active_apps']
2025-05-21 23:47:20,653 - direct_sensor_memory - INFO - ✅ Successfully processed process data and updated memory/context
2025-05-21 23:47:26,849 - direct_sensor_memory - INFO - Detected process sensor update (last: 1747896439.8489091, new: 1747896445.7601883)
2025-05-21 23:47:26,856 - direct_sensor_memory - INFO - Processing process data: {"timestamp": "2025-05-21T23:47:25.756855", "active_app": "Unknown", "active_window": "Unknown Window", "active_processes": [{"name": "Cursor", "pid": 76164, "type": "other", "memory_mb": 65.7, "cpu_p...
2025-05-21 23:47:26,857 - direct_sensor_memory - INFO - Extracted process context: {"active_window": "Unknown Window", "active_app": "Unknown", "active_apps": ["Cursor", "node", "chronod", "Cursor Helper (GPU)", "NotificationCenter", "Finder", "Safari", "Cursor Helper (Plugin): extension-host [2-2]", "Cursor Helper (Renderer)", "git"]}
2025-05-21 23:47:26,870 - direct_sensor_memory - INFO - ✅ Updated context file with keys: ['active_window', 'active_app', 'active_apps']
2025-05-21 23:47:26,870 - direct_sensor_memory - INFO - ✅ Successfully processed process data and updated memory/context
2025-05-21 23:47:32,876 - direct_sensor_memory - INFO - Detected process sensor update (last: 1747896445.7601883, new: 1747896451.0356169)
2025-05-21 23:47:32,881 - direct_sensor_memory - INFO - Processing process data: {"timestamp": "2025-05-21T23:47:31.034796", "active_app": "Unknown", "active_window": "Unknown Window", "active_processes": [{"name": "Cursor Helper (Renderer)", "pid": 76214, "type": "other", "memory...
2025-05-21 23:47:32,881 - direct_sensor_memory - INFO - Extracted process context: {"active_window": "Unknown Window", "active_app": "Unknown", "active_apps": ["Cursor Helper (Renderer)", "Cursor", "node", "Cursor Helper (Plugin): extension-host [2-2]", "Google Chrome", "Safari", "chronod", "Cursor Helper (GPU)", "CommCenter", "Keychain Circle Notification"]}
2025-05-21 23:47:32,887 - direct_sensor_memory - INFO - ✅ Updated context file with keys: ['active_window', 'active_app', 'active_apps']
2025-05-21 23:47:32,887 - direct_sensor_memory - INFO - ✅ Successfully processed process data and updated memory/context
2025-05-21 23:47:36,891 - direct_sensor_memory - INFO - Detected process sensor update (last: 1747896451.0356169, new: 1747896456.4098628)
2025-05-21 23:47:36,894 - direct_sensor_memory - INFO - Processing process data: {"timestamp": "2025-05-21T23:47:36.408458", "active_app": "Unknown", "active_window": "Unknown Window", "active_processes": [{"name": "Cursor", "pid": 76164, "type": "other", "memory_mb": 81.6, "cpu_p...
2025-05-21 23:47:36,895 - direct_sensor_memory - INFO - Extracted process context: {"active_window": "Unknown Window", "active_app": "Unknown", "active_apps": ["Cursor", "node", "Cursor Helper (Plugin): extension-host [2-2]", "Cursor Helper (Renderer)", "chronod", "Cursor Helper (GPU)", "replayd", "AddressBookSourceSync", "Safari", "WindowManager"]}
2025-05-21 23:47:36,900 - direct_sensor_memory - INFO - ✅ Updated context file with keys: ['active_window', 'active_app', 'active_apps']
2025-05-21 23:47:36,900 - direct_sensor_memory - INFO - ✅ Successfully processed process data and updated memory/context
2025-05-21 23:47:42,919 - direct_sensor_memory - INFO - Detected process sensor update (last: 1747896456.4098628, new: 1747896461.8631563)
2025-05-21 23:47:42,966 - direct_sensor_memory - INFO - Processing process data: {"timestamp": "2025-05-21T23:47:41.861820", "active_app": "Unknown", "active_window": "Unknown Window", "active_processes": [{"name": "node", "pid": 5407, "type": "other", "memory_mb": 68.9, "cpu_perc...
2025-05-21 23:47:42,966 - direct_sensor_memory - INFO - Extracted process context: {"active_window": "Unknown Window", "active_app": "Unknown", "active_apps": ["node", "Cursor", "Cursor Helper (Renderer)", "Cursor Helper (GPU)", "Cursor Helper (Plugin): extension-host [2-2]", "AddressBookSourceSync", "chronod", "Google Chrome", "WindowManager", "Safari"]}
2025-05-21 23:47:42,993 - direct_sensor_memory - INFO - ✅ Updated context file with keys: ['active_window', 'active_app', 'active_apps']
2025-05-21 23:47:42,993 - direct_sensor_memory - INFO - ✅ Successfully processed process data and updated memory/context
2025-05-21 23:47:49,001 - direct_sensor_memory - INFO - Detected process sensor update (last: 1747896461.8631563, new: 1747896467.5154378)
2025-05-21 23:47:49,011 - direct_sensor_memory - INFO - Processing process data: {"timestamp": "2025-05-21T23:47:47.500766", "active_app": "Unknown", "active_window": "Unknown Window", "active_processes": [{"name": "Cursor", "pid": 76164, "type": "other", "memory_mb": 53.8, "cpu_p...
2025-05-21 23:47:49,012 - direct_sensor_memory - INFO - Extracted process context: {"active_window": "Unknown Window", "active_app": "Unknown", "active_apps": ["Cursor", "Cursor Helper (Renderer)", "node", "Cursor Helper (Plugin): extension-host [2-2]", "Cursor Helper (GPU)", "osascript", "Safari", "assistantd", "replayd", "chronod"]}
2025-05-21 23:47:49,020 - direct_sensor_memory - INFO - ✅ Updated context file with keys: ['active_window', 'active_app', 'active_apps']
2025-05-21 23:47:49,020 - direct_sensor_memory - INFO - ✅ Successfully processed process data and updated memory/context
2025-05-21 23:47:53,023 - direct_sensor_memory - INFO - Detected process sensor update (last: 1747896467.5154378, new: 1747896472.9649634)
2025-05-21 23:47:53,027 - direct_sensor_memory - INFO - Processing process data: {"timestamp": "2025-05-21T23:47:52.963611", "active_app": "Unknown", "active_window": "Unknown Window", "active_processes": [{"name": "Cursor", "pid": 76164, "type": "other", "memory_mb": 362.3, "cpu_...
2025-05-21 23:47:53,028 - direct_sensor_memory - INFO - Extracted process context: {"active_window": "Unknown Window", "active_app": "Unknown", "active_apps": ["Cursor", "node", "Cursor Helper (Plugin): extension-host [2-2]", "Cursor Helper (Renderer)", "Safari", "Cursor Helper (GPU)", "siriknowledged", "ContextStoreAgent", "Python", "CoreLocationAgent"]}
2025-05-21 23:47:53,038 - direct_sensor_memory - INFO - ✅ Updated context file with keys: ['active_window', 'active_app', 'active_apps']
2025-05-21 23:47:53,038 - direct_sensor_memory - INFO - ✅ Successfully processed process data and updated memory/context
2025-05-21 23:47:59,042 - direct_sensor_memory - INFO - Detected process sensor update (last: 1747896472.9649634, new: 1747896478.2911184)
2025-05-21 23:47:59,045 - direct_sensor_memory - INFO - Processing process data: {"timestamp": "2025-05-21T23:47:58.289903", "active_app": "Unknown", "active_window": "Unknown Window", "active_processes": [{"name": "Python", "pid": 3178, "type": "other", "memory_mb": 138.5, "cpu_p...
2025-05-21 23:47:59,045 - direct_sensor_memory - INFO - Extracted process context: {"active_window": "Unknown Window", "active_app": "Unknown", "active_apps": ["Python", "Cursor", "node", "Cursor Helper (Plugin): extension-host [2-2]", "suggestd", "Cursor Helper (GPU)", "Cursor Helper (Renderer)", "ScreenTimeAgent", "Safari", "replayd"]}
2025-05-21 23:47:59,053 - direct_sensor_memory - INFO - ✅ Updated context file with keys: ['active_window', 'active_app', 'active_apps']
2025-05-21 23:47:59,053 - direct_sensor_memory - INFO - ✅ Successfully processed process data and updated memory/context
2025-05-21 23:48:05,059 - direct_sensor_memory - INFO - Detected process sensor update (last: 1747896478.2911184, new: 1747896483.6220758)
2025-05-21 23:48:05,065 - direct_sensor_memory - INFO - Processing process data: {"timestamp": "2025-05-21T23:48:03.619525", "active_app": "Unknown", "active_window": "Unknown Window", "active_processes": [{"name": "Cursor Helper (Renderer)", "pid": 76214, "type": "other", "memory...
2025-05-21 23:48:05,065 - direct_sensor_memory - INFO - Extracted process context: {"active_window": "Unknown Window", "active_app": "Unknown", "active_apps": ["Cursor Helper (Renderer)", "node", "Cursor", "Google Chrome Helper (Renderer)", "Cursor Helper (Plugin): extension-host [2-2]", "Google Chrome", "UIKitSystem", "Cursor Helper (GPU)", "ScreenTimeAgent", "NotificationCenter"]}
2025-05-21 23:48:05,090 - direct_sensor_memory - INFO - ✅ Updated context file with keys: ['active_window', 'active_app', 'active_apps']
2025-05-21 23:48:05,091 - direct_sensor_memory - INFO - ✅ Successfully processed process data and updated memory/context
2025-05-21 23:48:09,096 - direct_sensor_memory - INFO - Detected process sensor update (last: 1747896483.6220758, new: 1747896488.8639796)
2025-05-21 23:48:09,099 - direct_sensor_memory - INFO - Processing process data: {"timestamp": "2025-05-21T23:48:08.862939", "active_app": "Unknown", "active_window": "Unknown Window", "active_processes": [{"name": "node", "pid": 5407, "type": "other", "memory_mb": 75.7, "cpu_perc...
2025-05-21 23:48:09,099 - direct_sensor_memory - INFO - Extracted process context: {"active_window": "Unknown Window", "active_app": "Unknown", "active_apps": ["node", "Cursor", "Cursor Helper (Renderer)", "UIKitSystem", "Cursor Helper (GPU)", "Cursor Helper (Plugin): extension-host [2-2]", "NotificationCenter", "Safari", "SiriNCService", "audioaccessoryd"]}
2025-05-21 23:48:09,105 - direct_sensor_memory - INFO - ✅ Updated context file with keys: ['active_window', 'active_app', 'active_apps']
2025-05-21 23:48:09,105 - direct_sensor_memory - INFO - ✅ Successfully processed process data and updated memory/context
2025-05-21 23:48:17,693 - direct_sensor_memory - INFO - Detected process sensor update (last: 1747896488.8639796, new: 1747896496.2715213)
2025-05-21 23:48:17,700 - direct_sensor_memory - INFO - Processing process data: {"timestamp": "2025-05-21T23:48:16.265558", "active_app": "Unknown", "active_window": "Unknown Window", "active_processes": [{"name": "Cursor", "pid": 76164, "type": "other", "memory_mb": 85.3, "cpu_p...
2025-05-21 23:48:17,700 - direct_sensor_memory - INFO - Extracted process context: {"active_window": "Unknown Window", "active_app": "Unknown", "active_apps": ["Cursor", "node", "Safari", "Cursor Helper (Renderer)", "Cursor Helper (Plugin): extension-host [2-2]", "Cursor Helper (GPU)", "CursorUIViewService", "audioaccessoryd", "WindowManager", "Google Chrome"]}
2025-05-21 23:48:17,716 - direct_sensor_memory - INFO - ✅ Updated context file with keys: ['active_window', 'active_app', 'active_apps']
2025-05-21 23:48:17,716 - direct_sensor_memory - INFO - ✅ Successfully processed process data and updated memory/context
2025-05-21 23:48:23,743 - direct_sensor_memory - INFO - Detected process sensor update (last: 1747896496.2715213, new: 1747896502.2143483)
2025-05-21 23:48:23,751 - direct_sensor_memory - INFO - Processing process data: {"timestamp": "2025-05-21T23:48:22.203456", "active_app": "Unknown", "active_window": "Unknown Window", "active_processes": [{"name": "node", "pid": 5407, "type": "other", "memory_mb": 59.2, "cpu_perc...
2025-05-21 23:48:23,751 - direct_sensor_memory - INFO - Extracted process context: {"active_window": "Unknown Window", "active_app": "Unknown", "active_apps": ["node", "Cursor", "Cursor Helper (Renderer)", "Cursor Helper (GPU)", "Cursor Helper (Plugin): extension-host [2-2]", "replayd", "Safari", "Cursor Helper (Plugin): extension-host [1-1]", "Finder", "NotificationCenter"]}
2025-05-21 23:48:23,759 - direct_sensor_memory - INFO - ✅ Updated context file with keys: ['active_window', 'active_app', 'active_apps']
2025-05-21 23:48:23,759 - direct_sensor_memory - INFO - ✅ Successfully processed process data and updated memory/context
2025-05-21 23:48:29,771 - direct_sensor_memory - INFO - Detected process sensor update (last: 1747896502.2143483, new: 1747896508.661565)
2025-05-21 23:48:29,791 - direct_sensor_memory - INFO - Processing process data: {"timestamp": "2025-05-21T23:48:28.607743", "active_app": "Unknown", "active_window": "Unknown Window", "active_processes": [{"name": "Cursor", "pid": 76164, "type": "other", "memory_mb": 61.4, "cpu_p...
2025-05-21 23:48:29,792 - direct_sensor_memory - INFO - Extracted process context: {"active_window": "Unknown Window", "active_app": "Unknown", "active_apps": ["Cursor", "node", "Cursor Helper (Renderer)", "Cursor Helper (Plugin): extension-host [2-2]", "Cursor Helper (GPU)", "Safari", "ContextStoreAgent", "tesseract", "Cursor Helper (Plugin): extension-host [1-1]", "accountsd"]}
2025-05-21 23:48:29,812 - direct_sensor_memory - INFO - ✅ Updated context file with keys: ['active_window', 'active_app', 'active_apps']
2025-05-21 23:48:29,812 - direct_sensor_memory - INFO - ✅ Successfully processed process data and updated memory/context
2025-05-21 23:48:37,894 - direct_sensor_memory - INFO - Detected process sensor update (last: 1747896508.661565, new: 1747896516.3038976)
2025-05-21 23:48:37,935 - direct_sensor_memory - INFO - Processing process data: {"timestamp": "2025-05-21T23:48:36.282503", "active_app": "Unknown", "active_window": "Unknown Window", "active_processes": [{"name": "node", "pid": 5407, "type": "other", "memory_mb": 47.9, "cpu_perc...
2025-05-21 23:48:37,935 - direct_sensor_memory - INFO - Extracted process context: {"active_window": "Unknown Window", "active_app": "Unknown", "active_apps": ["node", "Cursor Helper (GPU)", "Cursor", "Cursor Helper (Plugin): extension-host [2-2]", "Cursor Helper (Renderer)", "Safari", "chronod", "intelligentroutingd", "NotificationCenter", "ControlCenter"]}
2025-05-21 23:48:37,959 - direct_sensor_memory - INFO - ✅ Updated context file with keys: ['active_window', 'active_app', 'active_apps']
2025-05-21 23:48:37,959 - direct_sensor_memory - INFO - ✅ Successfully processed process data and updated memory/context
2025-05-21 23:48:44,037 - direct_sensor_memory - INFO - Detected process sensor update (last: 1747896516.3038976, new: 1747896522.0484848)
2025-05-21 23:48:44,054 - direct_sensor_memory - INFO - Processing process data: {"timestamp": "2025-05-21T23:48:42.038365", "active_app": "Unknown", "active_window": "Unknown Window", "active_processes": [{"name": "node", "pid": 5407, "type": "other", "memory_mb": 61.8, "cpu_perc...
2025-05-21 23:48:44,054 - direct_sensor_memory - INFO - Extracted process context: {"active_window": "Unknown Window", "active_app": "Unknown", "active_apps": ["node", "Cursor", "chronod", "Cursor Helper (Plugin): extension-host [2-2]", "Cursor Helper (GPU)", "Cursor Helper (Renderer)", "Safari", "NotificationCenter", "Keychain Circle Notification", "Google Chrome"]}
2025-05-21 23:48:44,087 - direct_sensor_memory - INFO - ✅ Updated context file with keys: ['active_window', 'active_app', 'active_apps']
2025-05-21 23:48:44,087 - direct_sensor_memory - INFO - ✅ Successfully processed process data and updated memory/context
2025-05-21 23:48:48,092 - direct_sensor_memory - INFO - Detected process sensor update (last: 1747896522.0484848, new: 1747896527.663312)
2025-05-21 23:48:48,097 - direct_sensor_memory - INFO - Processing process data: {"timestamp": "2025-05-21T23:48:47.656531", "active_app": "Unknown", "active_window": "Unknown Window", "active_processes": [{"name": "node", "pid": 5407, "type": "other", "memory_mb": 78.4, "cpu_perc...
2025-05-21 23:48:48,097 - direct_sensor_memory - INFO - Extracted process context: {"active_window": "Unknown Window", "active_app": "Unknown", "active_apps": ["node", "Safari", "Cursor", "Cursor Helper (Plugin): extension-host [2-2]", "Finder", "chronod", "AddressBookManager", "Cursor Helper (Renderer)", "NotificationCenter", "contactsd"]}
2025-05-21 23:48:48,109 - direct_sensor_memory - INFO - ✅ Updated context file with keys: ['active_window', 'active_app', 'active_apps']
2025-05-21 23:48:48,109 - direct_sensor_memory - INFO - ✅ Successfully processed process data and updated memory/context
2025-05-21 23:48:54,119 - direct_sensor_memory - INFO - Detected process sensor update (last: 1747896527.663312, new: 1747896533.3193119)
2025-05-21 23:48:54,123 - direct_sensor_memory - INFO - Processing process data: {"timestamp": "2025-05-21T23:48:53.313361", "active_app": "Unknown", "active_window": "Unknown Window", "active_processes": [{"name": "node", "pid": 5407, "type": "other", "memory_mb": 73.3, "cpu_perc...
2025-05-21 23:48:54,123 - direct_sensor_memory - INFO - Extracted process context: {"active_window": "Unknown Window", "active_app": "Unknown", "active_apps": ["node", "Cursor Helper (Plugin): extension-host [2-2]", "Cursor", "tesseract", "NotificationCenter", "Safari", "ScreenTimeAgent", "Cursor Helper (Renderer)", "Cursor Helper (GPU)", "CommCenter"]}
2025-05-21 23:48:54,133 - direct_sensor_memory - INFO - ✅ Updated context file with keys: ['active_window', 'active_app', 'active_apps']
2025-05-21 23:48:54,133 - direct_sensor_memory - INFO - ✅ Successfully processed process data and updated memory/context
2025-05-21 23:49:00,140 - direct_sensor_memory - INFO - Detected process sensor update (last: 1747896533.3193119, new: 1747896538.9441142)
2025-05-21 23:49:00,185 - direct_sensor_memory - INFO - Processing process data: {"timestamp": "2025-05-21T23:48:58.939489", "active_app": "Unknown", "active_window": "Unknown Window", "active_processes": [{"name": "node", "pid": 5407, "type": "other", "memory_mb": 87.4, "cpu_perc...
2025-05-21 23:49:00,186 - direct_sensor_memory - INFO - Extracted process context: {"active_window": "Unknown Window", "active_app": "Unknown", "active_apps": ["node", "Cursor", "tesseract", "Cursor Helper (Renderer)", "NotificationCenter", "Cursor Helper (Plugin): extension-host [2-2]", "Cursor Helper (GPU)", "chronod", "ScreenTimeAgent", "siriknowledged"]}
2025-05-21 23:49:00,201 - direct_sensor_memory - INFO - ✅ Updated context file with keys: ['active_window', 'active_app', 'active_apps']
2025-05-21 23:49:00,201 - direct_sensor_memory - INFO - ✅ Successfully processed process data and updated memory/context
2025-05-21 23:49:06,528 - direct_sensor_memory - INFO - Detected process sensor update (last: 1747896538.9441142, new: 1747896545.1634407)
2025-05-21 23:49:07,098 - direct_sensor_memory - INFO - Processing process data: {"timestamp": "2025-05-21T23:49:05.118025", "active_app": "Unknown", "active_window": "Unknown Window", "active_processes": [{"name": "Cursor Helper (Renderer)", "pid": 76214, "type": "other", "memory...
2025-05-21 23:49:07,766 - direct_sensor_memory - INFO - Extracted process context: {"active_window": "Unknown Window", "active_app": "Unknown", "active_apps": ["Cursor Helper (Renderer)", "Cursor", "node", "Cursor Helper (Plugin): extension-host [2-2]", "Cursor Helper (GPU)", "ScreenTimeAgent", "Safari", "intelligentroutingd", "AddressBookSourceSync", "Google Chrome Helper (Renderer)"]}
2025-05-21 23:49:08,608 - direct_sensor_memory - INFO - ✅ Updated context file with keys: ['active_window', 'active_app', 'active_apps']
2025-05-21 23:49:08,631 - direct_sensor_memory - INFO - ✅ Successfully processed process data and updated memory/context
2025-05-21 23:49:17,047 - direct_sensor_memory - INFO - Detected process sensor update (last: 1747896545.1634407, new: 1747896555.5351303)
2025-05-21 23:49:17,103 - direct_sensor_memory - INFO - Processing process data: {"timestamp": "2025-05-21T23:49:15.521554", "active_app": "Unknown", "active_window": "Unknown Window", "active_processes": [{"name": "Cursor", "pid": 76164, "type": "other", "memory_mb": 46.4, "cpu_p...
2025-05-21 23:49:17,104 - direct_sensor_memory - INFO - Extracted process context: {"active_window": "Unknown Window", "active_app": "Unknown", "active_apps": ["Cursor", "Safari", "node", "CursorUIViewService", "WindowManager", "Cursor Helper (Plugin): extension-host [1-1]", "Finder", "Cursor Helper (Plugin): extension-host [2-2]", "Cursor Helper (Renderer)", "NotificationCenter"]}
2025-05-21 23:49:17,247 - direct_sensor_memory - INFO - ✅ Updated context file with keys: ['active_window', 'active_app', 'active_apps']
2025-05-21 23:49:17,249 - direct_sensor_memory - INFO - ✅ Successfully processed process data and updated memory/context
2025-05-21 23:49:27,641 - direct_sensor_memory - INFO - Detected process sensor update (last: 1747896555.5351303, new: 1747896566.6598945)
2025-05-21 23:49:27,687 - direct_sensor_memory - INFO - Processing process data: {"timestamp": "2025-05-21T23:49:26.499521", "active_app": "Unknown", "active_window": "Unknown Window", "active_processes": [{"name": "Safari", "pid": 21272, "type": "browser", "memory_mb": 38.1, "cpu...
2025-05-21 23:49:27,688 - direct_sensor_memory - INFO - Extracted process context: {"active_window": "Unknown Window", "active_app": "Unknown", "active_apps": ["Safari", "Cursor", "Cursor Helper (Renderer)", "ControlCenter", "Cursor Helper (Plugin): extension-host [1-1]", "UniversalControl", "knowledge-agent", "sharingd", "node", "Dock"]}
2025-05-21 23:49:27,754 - direct_sensor_memory - INFO - ✅ Updated context file with keys: ['active_window', 'active_app', 'active_apps']
2025-05-21 23:49:27,754 - direct_sensor_memory - INFO - ✅ Successfully processed process data and updated memory/context
2025-05-21 23:49:33,805 - direct_sensor_memory - INFO - Detected process sensor update (last: 1747896566.6598945, new: 1747896572.9095972)
2025-05-21 23:49:33,857 - direct_sensor_memory - INFO - Processing process data: {"timestamp": "2025-05-21T23:49:32.904090", "active_app": "Unknown", "active_window": "Unknown Window", "active_processes": [{"name": "Google Chrome", "pid": 74515, "type": "browser", "memory_mb": 24....
2025-05-21 23:49:33,857 - direct_sensor_memory - INFO - Extracted process context: {"active_window": "Unknown Window", "active_app": "Unknown", "active_apps": ["Google Chrome", "Cursor Helper (Renderer)", "cloudd", "replayd", "Cursor", "siriknowledged", "Cursor Helper (Plugin): extension-host [1-1]", "AddressBookSourceSync", "node", "Safari"]}
2025-05-21 23:49:33,903 - direct_sensor_memory - INFO - ✅ Updated context file with keys: ['active_window', 'active_app', 'active_apps']
2025-05-21 23:49:33,904 - direct_sensor_memory - INFO - ✅ Successfully processed process data and updated memory/context
2025-05-21 23:49:42,073 - direct_sensor_memory - INFO - Detected process sensor update (last: 1747896572.9095972, new: 1747896580.504601)
2025-05-21 23:49:42,158 - direct_sensor_memory - INFO - Processing process data: {"timestamp": "2025-05-21T23:49:40.487452", "active_app": "Unknown", "active_window": "Unknown Window", "active_processes": [{"name": "Cursor Helper (Renderer)", "pid": 76214, "type": "other", "memory...
2025-05-21 23:49:42,161 - direct_sensor_memory - INFO - Extracted process context: {"active_window": "Unknown Window", "active_app": "Unknown", "active_apps": ["Cursor Helper (Renderer)", "Cursor", "Safari", "Cursor Helper (GPU)", "Cursor Helper (Plugin): extension-host [2-2]", "NotificationCenter", "AddressBookSourceSync", "Google Chrome", "accountsd", "Cursor Helper (Plugin): extension-host [1-1]"]}
2025-05-21 23:49:42,176 - direct_sensor_memory - INFO - ✅ Updated context file with keys: ['active_window', 'active_app', 'active_apps']
2025-05-21 23:49:42,177 - direct_sensor_memory - INFO - ✅ Successfully processed process data and updated memory/context
2025-05-21 23:49:52,419 - direct_sensor_memory - INFO - Detected process sensor update (last: 1747896580.504601, new: 1747896591.0147743)
2025-05-21 23:49:52,428 - direct_sensor_memory - INFO - Processing process data: {"timestamp": "2025-05-21T23:49:50.960524", "active_app": "Unknown", "active_window": "Unknown Window", "active_processes": [{"name": "Cursor Helper (Plugin): extension-host [2-2]", "pid": 76523, "typ...
2025-05-21 23:49:52,428 - direct_sensor_memory - INFO - Extracted process context: {"active_window": "Unknown Window", "active_app": "Unknown", "active_apps": ["Cursor Helper (Plugin): extension-host [2-2]", "Cursor", "node", "NotificationCenter", "chronod", "Cursor Helper (GPU)", "Cursor Helper (Renderer)", "mdworker_shared", "ScreenTimeAgent", "Safari"]}
2025-05-21 23:49:52,441 - direct_sensor_memory - INFO - ✅ Updated context file with keys: ['active_window', 'active_app', 'active_apps']
2025-05-21 23:49:52,441 - direct_sensor_memory - INFO - ✅ Successfully processed process data and updated memory/context
2025-05-21 23:50:02,565 - direct_sensor_memory - INFO - Detected process sensor update (last: 1747896591.0147743, new: 1747896602.0782726)
2025-05-21 23:50:02,578 - direct_sensor_memory - INFO - Processing process data: {"timestamp": "2025-05-21T23:50:02.058795", "active_app": "Unknown", "active_window": "Unknown Window", "active_processes": [{"name": "Cursor Helper (Plugin): extension-host [2-2]", "pid": 76523, "typ...
2025-05-21 23:50:02,578 - direct_sensor_memory - INFO - Extracted process context: {"active_window": "Unknown Window", "active_app": "Unknown", "active_apps": ["Cursor Helper (Plugin): extension-host [2-2]", "Cursor", "node", "Safari", "chronod", "Cursor Helper (Renderer)", "Google Chrome", "sharingd", "CursorUIViewService", "AddressBookManager"]}
2025-05-21 23:50:02,598 - direct_sensor_memory - INFO - ✅ Updated context file with keys: ['active_window', 'active_app', 'active_apps']
2025-05-21 23:50:02,599 - direct_sensor_memory - INFO - ✅ Successfully processed process data and updated memory/context
2025-05-21 23:50:14,891 - direct_sensor_memory - INFO - Detected process sensor update (last: 1747896602.0782726, new: 1747896612.9135048)
2025-05-21 23:50:14,969 - direct_sensor_memory - INFO - Processing process data: {"timestamp": "2025-05-21T23:50:12.888135", "active_app": "Unknown", "active_window": "Unknown Window", "active_processes": [{"name": "node", "pid": 5407, "type": "other", "memory_mb": 47.2, "cpu_perc...
2025-05-21 23:50:14,970 - direct_sensor_memory - INFO - Extracted process context: {"active_window": "Unknown Window", "active_app": "Unknown", "active_apps": ["node", "Cursor Helper (Plugin): extension-host [2-2]", "Cursor", "Cursor Helper (GPU)", "Cursor Helper (Renderer)", "callservicesd", "neagent", "ScreenTimeAgent", "imagent", "Google Chrome"]}
2025-05-21 23:50:14,990 - direct_sensor_memory - INFO - ✅ Updated context file with keys: ['active_window', 'active_app', 'active_apps']
2025-05-21 23:50:14,990 - direct_sensor_memory - INFO - ✅ Successfully processed process data and updated memory/context
2025-05-21 23:50:29,139 - direct_sensor_memory - INFO - Detected process sensor update (last: 1747896612.9135048, new: 1747896628.1405156)
2025-05-21 23:50:29,380 - direct_sensor_memory - INFO - Processing process data: {"timestamp": "2025-05-21T23:50:28.075716", "active_app": "Unknown", "active_window": "Unknown Window", "active_processes": [{"name": "node", "pid": 5407, "type": "other", "memory_mb": 22.6, "cpu_perc...
2025-05-21 23:50:29,459 - direct_sensor_memory - INFO - Extracted process context: {"active_window": "Unknown Window", "active_app": "Unknown", "active_apps": ["node", "Cursor", "Cursor Helper (Renderer)", "Cursor Helper (Plugin): extension-host [2-2]", "Cursor Helper (GPU)", "accountsd", "Safari", "NotificationCenter", "Cursor Helper", "ScreenTimeAgent"]}
2025-05-21 23:50:30,058 - direct_sensor_memory - INFO - ✅ Updated context file with keys: ['active_window', 'active_app', 'active_apps']
2025-05-21 23:50:30,069 - direct_sensor_memory - INFO - ✅ Successfully processed process data and updated memory/context
2025-05-21 23:50:40,415 - direct_sensor_memory - INFO - Detected process sensor update (last: 1747896628.1405156, new: 1747896638.9231205)
2025-05-21 23:50:40,587 - direct_sensor_memory - INFO - Processing process data: {"timestamp": "2025-05-21T23:50:38.906281", "active_app": "Unknown", "active_window": "Unknown Window", "active_processes": [{"name": "Cursor Helper (Plugin): extension-host [2-2]", "pid": 76523, "typ...
2025-05-21 23:50:40,634 - direct_sensor_memory - INFO - Extracted process context: {"active_window": "Unknown Window", "active_app": "Unknown", "active_apps": ["Cursor Helper (Plugin): extension-host [2-2]", "Cursor Helper (GPU)", "Google Chrome Helper", "node", "corespeechd", "Cursor", "Google Chrome", "Cursor Helper (Renderer)", "Cursor Helper (Plugin): extension-host [1-1]", "NotificationCenter"]}
2025-05-21 23:50:40,675 - direct_sensor_memory - INFO - ✅ Updated context file with keys: ['active_window', 'active_app', 'active_apps']
2025-05-21 23:50:40,675 - direct_sensor_memory - INFO - ✅ Successfully processed process data and updated memory/context
2025-05-21 23:50:50,805 - direct_sensor_memory - INFO - Detected process sensor update (last: 1747896638.9231205, new: 1747896649.6084993)
2025-05-21 23:50:50,915 - direct_sensor_memory - INFO - Processing process data: {"timestamp": "2025-05-21T23:50:49.539091", "active_app": "Unknown", "active_window": "Unknown Window", "active_processes": [{"name": "node", "pid": 5407, "type": "other", "memory_mb": 26.0, "cpu_perc...
2025-05-21 23:50:50,920 - direct_sensor_memory - INFO - Extracted process context: {"active_window": "Unknown Window", "active_app": "Unknown", "active_apps": ["node", "Cursor Helper (Renderer)", "Cursor Helper (Plugin): extension-host [2-2]", "Google Chrome", "NotificationCenter", "Google Chrome Helper (GPU)", "Google Chrome Helper", "corespeechd", "Cursor", "SystemUIServer"]}
2025-05-21 23:50:51,070 - direct_sensor_memory - INFO - ✅ Updated context file with keys: ['active_window', 'active_app', 'active_apps']
2025-05-21 23:50:51,074 - direct_sensor_memory - INFO - ✅ Successfully processed process data and updated memory/context
2025-05-21 23:51:05,220 - direct_sensor_memory - INFO - Detected process sensor update (last: 1747896649.6084993, new: 1747896664.9845653)
2025-05-21 23:51:05,242 - direct_sensor_memory - INFO - Processing process data: {"timestamp": "2025-05-21T23:51:04.861527", "active_app": "Unknown", "active_window": "Unknown Window", "active_processes": [{"name": "Cursor Helper (Plugin): extension-host [2-2]", "pid": 76523, "typ...
2025-05-21 23:51:05,242 - direct_sensor_memory - INFO - Extracted process context: {"active_window": "Unknown Window", "active_app": "Unknown", "active_apps": ["Cursor Helper (Plugin): extension-host [2-2]", "Cursor Helper (Renderer)", "Google Chrome", "Cursor Helper (GPU)", "Cursor", "Google Chrome Helper", "NotificationCenter", "Cursor Helper (Plugin): extension-host [1-1]", "corespeechd", "Safari"]}
2025-05-21 23:51:05,262 - direct_sensor_memory - INFO - ✅ Updated context file with keys: ['active_window', 'active_app', 'active_apps']
2025-05-21 23:51:05,262 - direct_sensor_memory - INFO - ✅ Successfully processed process data and updated memory/context
2025-05-21 23:51:13,867 - direct_sensor_memory - INFO - Detected process sensor update (last: 1747896664.9845653, new: 1747896671.7030113)
2025-05-21 23:51:13,893 - direct_sensor_memory - INFO - Processing process data: {"timestamp": "2025-05-21T23:51:11.678026", "active_app": "Unknown", "active_window": "Unknown Window", "active_processes": [{"name": "Cursor", "pid": 76164, "type": "other", "memory_mb": 131.4, "cpu_...
2025-05-21 23:51:13,896 - direct_sensor_memory - INFO - Extracted process context: {"active_window": "Unknown Window", "active_app": "Unknown", "active_apps": ["Cursor", "Google Chrome Helper (Renderer)", "node", "Cursor Helper (Plugin): extension-host [2-2]", "Google Chrome", "Safari", "Cursor Helper (Renderer)", "Cursor Helper (GPU)", "UIKitSystem", "replayd"]}
2025-05-21 23:51:14,134 - direct_sensor_memory - INFO - ✅ Updated context file with keys: ['active_window', 'active_app', 'active_apps']
2025-05-21 23:51:14,135 - direct_sensor_memory - INFO - ✅ Successfully processed process data and updated memory/context
2025-05-21 23:51:18,348 - direct_sensor_memory - INFO - Detected process sensor update (last: 1747896671.7030113, new: 1747896677.522974)
2025-05-21 23:51:18,355 - direct_sensor_memory - INFO - Processing process data: {"timestamp": "2025-05-21T23:51:17.520880", "active_app": "Unknown", "active_window": "Unknown Window", "active_processes": [{"name": "Cursor Helper (Renderer)", "pid": 76214, "type": "other", "memory...
2025-05-21 23:51:18,356 - direct_sensor_memory - INFO - Extracted process context: {"active_window": "Unknown Window", "active_app": "Unknown", "active_apps": ["Cursor Helper (Renderer)", "Cursor", "Cursor Helper (Plugin): extension-host [2-2]", "node", "Google Chrome Helper (Renderer)", "Safari", "Google Chrome", "Cursor Helper (GPU)", "Finder", "CommCenter"]}
2025-05-21 23:51:18,392 - direct_sensor_memory - INFO - ✅ Updated context file with keys: ['active_window', 'active_app', 'active_apps']
2025-05-21 23:51:18,392 - direct_sensor_memory - INFO - ✅ Successfully processed process data and updated memory/context
2025-05-21 23:51:24,935 - direct_sensor_memory - INFO - Detected process sensor update (last: 1747896677.522974, new: 1747896683.2210858)
2025-05-21 23:51:25,018 - direct_sensor_memory - INFO - Processing process data: {"timestamp": "2025-05-21T23:51:23.215284", "active_app": "Unknown", "active_window": "Unknown Window", "active_processes": [{"name": "node", "pid": 5407, "type": "other", "memory_mb": 103.0, "cpu_per...
2025-05-21 23:51:25,018 - direct_sensor_memory - INFO - Extracted process context: {"active_window": "Unknown Window", "active_app": "Unknown", "active_apps": ["node", "Cursor", "Cursor Helper (Plugin): extension-host [2-2]", "Cursor Helper (Renderer)", "Safari", "Cursor Helper (GPU)", "Google Chrome", "Google Chrome Helper (Renderer)", "UIKitSystem", "donotdisturbd"]}
2025-05-21 23:51:25,105 - direct_sensor_memory - INFO - ✅ Updated context file with keys: ['active_window', 'active_app', 'active_apps']
2025-05-21 23:51:25,105 - direct_sensor_memory - INFO - ✅ Successfully processed process data and updated memory/context
2025-05-21 23:51:29,126 - direct_sensor_memory - INFO - Detected process sensor update (last: 1747896683.2210858, new: 1747896688.9011412)
2025-05-21 23:51:29,133 - direct_sensor_memory - INFO - Processing process data: {"timestamp": "2025-05-21T23:51:28.898838", "active_app": "Unknown", "active_window": "Unknown Window", "active_processes": [{"name": "Cursor Helper (Renderer)", "pid": 76214, "type": "other", "memory...
2025-05-21 23:51:29,134 - direct_sensor_memory - INFO - Extracted process context: {"active_window": "Unknown Window", "active_app": "Unknown", "active_apps": ["Cursor Helper (Renderer)", "node", "Cursor", "Cursor Helper (Plugin): extension-host [2-2]", "Safari", "Cursor Helper (GPU)", "Google Chrome", "ControlCenter", "audioaccessoryd", "donotdisturbd"]}
2025-05-21 23:51:29,148 - direct_sensor_memory - INFO - ✅ Updated context file with keys: ['active_window', 'active_app', 'active_apps']
2025-05-21 23:51:29,148 - direct_sensor_memory - INFO - ✅ Successfully processed process data and updated memory/context
2025-05-21 23:51:37,552 - direct_sensor_memory - INFO - Detected process sensor update (last: 1747896688.9011412, new: 1747896695.8138)
2025-05-21 23:51:37,567 - direct_sensor_memory - INFO - Processing process data: {"timestamp": "2025-05-21T23:51:35.800664", "active_app": "Unknown", "active_window": "Unknown Window", "active_processes": [{"name": "Cursor Helper (Renderer)", "pid": 76214, "type": "other", "memory...
2025-05-21 23:51:37,653 - direct_sensor_memory - INFO - Extracted process context: {"active_window": "Unknown Window", "active_app": "Unknown", "active_apps": ["Cursor Helper (Renderer)", "node", "Cursor", "Cursor Helper (Plugin): extension-host [2-2]", "Safari", "chronod", "Cursor Helper (GPU)", "calaccessd", "Finder", "suggestd"]}
2025-05-21 23:51:37,932 - direct_sensor_memory - INFO - ✅ Updated context file with keys: ['active_window', 'active_app', 'active_apps']
2025-05-21 23:51:37,933 - direct_sensor_memory - INFO - ✅ Successfully processed process data and updated memory/context
2025-05-21 23:51:43,955 - direct_sensor_memory - INFO - Detected process sensor update (last: 1747896695.8138, new: 1747896702.0793815)
2025-05-21 23:51:43,957 - direct_sensor_memory - INFO - Processing process data: {"timestamp": "2025-05-21T23:51:42.073572", "active_app": "Unknown", "active_window": "Unknown Window", "active_processes": [{"name": "Cursor", "pid": 76164, "type": "other", "memory_mb": 238.8, "cpu_...
2025-05-21 23:51:43,957 - direct_sensor_memory - INFO - Extracted process context: {"active_window": "Unknown Window", "active_app": "Unknown", "active_apps": ["Cursor", "Safari", "node", "Cursor Helper (Renderer)", "Cursor Helper (Plugin): extension-host [2-2]", "chronod", "Google Chrome", "Cursor Helper (GPU)", "calaccessd", "suggestd"]}
2025-05-21 23:51:43,963 - direct_sensor_memory - INFO - ✅ Updated context file with keys: ['active_window', 'active_app', 'active_apps']
2025-05-21 23:51:43,963 - direct_sensor_memory - INFO - ✅ Successfully processed process data and updated memory/context
2025-05-21 23:51:47,967 - direct_sensor_memory - INFO - Detected process sensor update (last: 1747896702.0793815, new: 1747896707.3302891)
2025-05-21 23:51:47,990 - direct_sensor_memory - INFO - Processing process data: {"timestamp": "2025-05-21T23:51:47.329110", "active_app": "Unknown", "active_window": "Unknown Window", "active_processes": [{"name": "node", "pid": 5407, "type": "other", "memory_mb": 128.7, "cpu_per...
2025-05-21 23:51:47,991 - direct_sensor_memory - INFO - Extracted process context: {"active_window": "Unknown Window", "active_app": "Unknown", "active_apps": ["node", "Cursor", "suggestd", "Cursor Helper (Plugin): extension-host [2-2]", "Safari", "Google Chrome", "Cursor Helper (Renderer)", "replayd", "Cursor Helper (GPU)", "chronod"]}
2025-05-21 23:51:48,032 - direct_sensor_memory - INFO - ✅ Updated context file with keys: ['active_window', 'active_app', 'active_apps']
2025-05-21 23:51:48,032 - direct_sensor_memory - INFO - ✅ Successfully processed process data and updated memory/context
2025-05-21 23:51:54,038 - direct_sensor_memory - INFO - Detected process sensor update (last: 1747896707.3302891, new: 1747896712.585749)
2025-05-21 23:51:54,042 - direct_sensor_memory - INFO - Processing process data: {"timestamp": "2025-05-21T23:51:52.584646", "active_app": "Unknown", "active_window": "Unknown Window", "active_processes": [{"name": "node", "pid": 5407, "type": "other", "memory_mb": 81.6, "cpu_perc...
2025-05-21 23:51:54,043 - direct_sensor_memory - INFO - Extracted process context: {"active_window": "Unknown Window", "active_app": "Unknown", "active_apps": ["node", "Cursor", "assistantd", "Cursor Helper (GPU)", "Cursor Helper (Renderer)", "suggestd", "Safari", "Cursor Helper (Plugin): extension-host [2-2]", "calaccessd", "cloudd"]}
2025-05-21 23:51:54,049 - direct_sensor_memory - INFO - ✅ Updated context file with keys: ['active_window', 'active_app', 'active_apps']
2025-05-21 23:51:54,049 - direct_sensor_memory - INFO - ✅ Successfully processed process data and updated memory/context
2025-05-21 23:51:58,051 - direct_sensor_memory - INFO - Detected process sensor update (last: 1747896712.585749, new: 1747896717.7869482)
2025-05-21 23:51:58,054 - direct_sensor_memory - INFO - Processing process data: {"timestamp": "2025-05-21T23:51:57.785092", "active_app": "Unknown", "active_window": "Unknown Window", "active_processes": [{"name": "node", "pid": 5407, "type": "other", "memory_mb": 128.6, "cpu_per...
2025-05-21 23:51:58,054 - direct_sensor_memory - INFO - Extracted process context: {"active_window": "Unknown Window", "active_app": "Unknown", "active_apps": ["node", "Cursor", "Cursor Helper (Plugin): extension-host [2-2]", "Cursor Helper (Renderer)", "Cursor Helper (GPU)", "Safari", "assistantd", "Google Chrome", "CommCenter", "chronod"]}
2025-05-21 23:51:58,064 - direct_sensor_memory - INFO - ✅ Updated context file with keys: ['active_window', 'active_app', 'active_apps']
2025-05-21 23:51:58,065 - direct_sensor_memory - INFO - ✅ Successfully processed process data and updated memory/context
2025-05-21 23:52:04,069 - direct_sensor_memory - INFO - Detected process sensor update (last: 1747896717.7869482, new: 1747896722.9967945)
2025-05-21 23:52:04,070 - direct_sensor_memory - INFO - Processing process data: {"timestamp": "2025-05-21T23:52:02.996105", "active_app": "Unknown", "active_window": "Unknown Window", "active_processes": [{"name": "Cursor Helper (Renderer)", "pid": 76214, "type": "other", "memory...
2025-05-21 23:52:04,071 - direct_sensor_memory - INFO - Extracted process context: {"active_window": "Unknown Window", "active_app": "Unknown", "active_apps": ["Cursor Helper (Renderer)", "node", "Cursor Helper (Plugin): extension-host [2-2]", "Cursor", "Google Chrome Helper (Renderer)", "Google Chrome", "Cursor Helper (GPU)", "Safari", "assistantd", "CommCenter"]}
2025-05-21 23:52:04,076 - direct_sensor_memory - INFO - ✅ Updated context file with keys: ['active_window', 'active_app', 'active_apps']
2025-05-21 23:52:04,076 - direct_sensor_memory - INFO - ✅ Successfully processed process data and updated memory/context
2025-05-21 23:52:10,080 - direct_sensor_memory - INFO - Detected process sensor update (last: 1747896722.9967945, new: 1747896728.1836224)
2025-05-21 23:52:10,082 - direct_sensor_memory - INFO - Processing process data: {"timestamp": "2025-05-21T23:52:08.182721", "active_app": "Unknown", "active_window": "Unknown Window", "active_processes": [{"name": "Cursor Helper (Renderer)", "pid": 76214, "type": "other", "memory...
2025-05-21 23:52:10,082 - direct_sensor_memory - INFO - Extracted process context: {"active_window": "Unknown Window", "active_app": "Unknown", "active_apps": ["Cursor Helper (Renderer)", "node", "Cursor Helper (Plugin): extension-host [2-2]", "Cursor", "Google Chrome Helper (Renderer)", "Google Chrome", "Safari", "Cursor Helper (GPU)", "audioaccessoryd", "assistantd"]}
2025-05-21 23:52:10,087 - direct_sensor_memory - INFO - ✅ Updated context file with keys: ['active_window', 'active_app', 'active_apps']
2025-05-21 23:52:10,087 - direct_sensor_memory - INFO - ✅ Successfully processed process data and updated memory/context
2025-05-21 23:52:14,090 - direct_sensor_memory - INFO - Detected process sensor update (last: 1747896728.1836224, new: 1747896733.4035265)
2025-05-21 23:52:14,096 - direct_sensor_memory - INFO - Processing process data: {"timestamp": "2025-05-21T23:52:13.402842", "active_app": "Unknown", "active_window": "Unknown Window", "active_processes": [{"name": "Cursor Helper (Renderer)", "pid": 76214, "type": "other", "memory...
2025-05-21 23:52:14,096 - direct_sensor_memory - INFO - Extracted process context: {"active_window": "Unknown Window", "active_app": "Unknown", "active_apps": ["Cursor Helper (Renderer)", "node", "Cursor", "Cursor Helper (Plugin): extension-host [2-2]", "Google Chrome Helper (Renderer)", "Google Chrome", "Safari", "Cursor Helper (GPU)", "audioaccessoryd", "assistantd"]}
2025-05-21 23:52:14,105 - direct_sensor_memory - INFO - ✅ Updated context file with keys: ['active_window', 'active_app', 'active_apps']
2025-05-21 23:52:14,105 - direct_sensor_memory - INFO - ✅ Successfully processed process data and updated memory/context
2025-05-21 23:52:20,110 - direct_sensor_memory - INFO - Detected process sensor update (last: 1747896733.4035265, new: 1747896738.629414)
2025-05-21 23:52:20,116 - direct_sensor_memory - INFO - Processing process data: {"timestamp": "2025-05-21T23:52:18.628273", "active_app": "Unknown", "active_window": "Unknown Window", "active_processes": [{"name": "Cursor Helper (Renderer)", "pid": 76214, "type": "other", "memory...
2025-05-21 23:52:20,116 - direct_sensor_memory - INFO - Extracted process context: {"active_window": "Unknown Window", "active_app": "Unknown", "active_apps": ["Cursor Helper (Renderer)", "Cursor", "Cursor Helper (Plugin): extension-host [2-2]", "node", "Google Chrome Helper (Renderer)", "Google Chrome", "Safari", "Cursor Helper (GPU)", "assistantd", "audioaccessoryd"]}
2025-05-21 23:52:20,123 - direct_sensor_memory - INFO - ✅ Updated context file with keys: ['active_window', 'active_app', 'active_apps']
2025-05-21 23:52:20,123 - direct_sensor_memory - INFO - ✅ Successfully processed process data and updated memory/context
2025-05-21 23:52:24,126 - direct_sensor_memory - INFO - Detected process sensor update (last: 1747896738.629414, new: 1747896743.8449824)
2025-05-21 23:52:24,131 - direct_sensor_memory - INFO - Processing process data: {"timestamp": "2025-05-21T23:52:23.844281", "active_app": "Unknown", "active_window": "Unknown Window", "active_processes": [{"name": "Cursor Helper (Renderer)", "pid": 76214, "type": "other", "memory...
2025-05-21 23:52:24,132 - direct_sensor_memory - INFO - Extracted process context: {"active_window": "Unknown Window", "active_app": "Unknown", "active_apps": ["Cursor Helper (Renderer)", "Cursor", "Cursor Helper (Plugin): extension-host [2-2]", "node", "Google Chrome", "Google Chrome Helper (Renderer)", "Safari", "Finder", "Cursor Helper (Plugin): extension-host [1-1]", "Cursor Helper (GPU)"]}
2025-05-21 23:52:24,141 - direct_sensor_memory - INFO - ✅ Updated context file with keys: ['active_window', 'active_app', 'active_apps']
2025-05-21 23:52:24,141 - direct_sensor_memory - INFO - ✅ Successfully processed process data and updated memory/context
2025-05-21 23:52:30,144 - direct_sensor_memory - INFO - Detected process sensor update (last: 1747896743.8449824, new: 1747896749.0697978)
2025-05-21 23:52:30,148 - direct_sensor_memory - INFO - Processing process data: {"timestamp": "2025-05-21T23:52:29.068925", "active_app": "Unknown", "active_window": "Unknown Window", "active_processes": [{"name": "Cursor Helper (Renderer)", "pid": 76214, "type": "other", "memory...
2025-05-21 23:52:30,148 - direct_sensor_memory - INFO - Extracted process context: {"active_window": "Unknown Window", "active_app": "Unknown", "active_apps": ["Cursor Helper (Renderer)", "Cursor", "Cursor Helper (Plugin): extension-host [2-2]", "Safari", "Google Chrome", "node", "Google Chrome Helper (Renderer)", "Finder", "Cursor Helper (Plugin): extension-host [1-1]", "assistantd"]}
2025-05-21 23:52:30,156 - direct_sensor_memory - INFO - ✅ Updated context file with keys: ['active_window', 'active_app', 'active_apps']
2025-05-21 23:52:30,156 - direct_sensor_memory - INFO - ✅ Successfully processed process data and updated memory/context
2025-05-21 23:52:36,161 - direct_sensor_memory - INFO - Detected process sensor update (last: 1747896749.0697978, new: 1747896754.3700423)
2025-05-21 23:52:36,163 - direct_sensor_memory - INFO - Processing process data: {"timestamp": "2025-05-21T23:52:34.368316", "active_app": "Unknown", "active_window": "Unknown Window", "active_processes": [{"name": "Cursor", "pid": 76164, "type": "other", "memory_mb": 93.1, "cpu_p...
2025-05-21 23:52:36,163 - direct_sensor_memory - INFO - Extracted process context: {"active_window": "Unknown Window", "active_app": "Unknown", "active_apps": ["Cursor", "node", "Cursor Helper (Plugin): extension-host [2-2]", "Safari", "Google Chrome", "Cursor Helper (Renderer)", "Cursor Helper (GPU)", "assistantd", "NotificationCenter", "SiriNCService"]}
2025-05-21 23:52:36,170 - direct_sensor_memory - INFO - ✅ Updated context file with keys: ['active_window', 'active_app', 'active_apps']
2025-05-21 23:52:36,170 - direct_sensor_memory - INFO - ✅ Successfully processed process data and updated memory/context
2025-05-21 23:52:42,476 - direct_sensor_memory - INFO - Detected process sensor update (last: 1747896754.3700423, new: 1747896761.0454278)
2025-05-21 23:52:42,479 - direct_sensor_memory - INFO - Processing process data: {"timestamp": "2025-05-21T23:52:41.027406", "active_app": "Unknown", "active_window": "Unknown Window", "active_processes": [{"name": "Cursor Helper (Plugin): extension-host [2-2]", "pid": 76523, "typ...
2025-05-21 23:52:42,479 - direct_sensor_memory - INFO - Extracted process context: {"active_window": "Unknown Window", "active_app": "Unknown", "active_apps": ["Cursor Helper (Plugin): extension-host [2-2]", "node", "Cursor", "Safari", "Google Chrome", "Cursor Helper (Renderer)", "assistantd", "AddressBookSourceSync", "Cursor Helper (GPU)", "NotificationCenter"]}
2025-05-21 23:52:42,484 - direct_sensor_memory - INFO - ✅ Updated context file with keys: ['active_window', 'active_app', 'active_apps']
2025-05-21 23:52:42,484 - direct_sensor_memory - INFO - ✅ Successfully processed process data and updated memory/context
2025-05-21 23:52:46,487 - direct_sensor_memory - INFO - Detected process sensor update (last: 1747896761.0454278, new: 1747896766.3057265)
2025-05-21 23:52:46,488 - direct_sensor_memory - INFO - Processing process data: {"timestamp": "2025-05-21T23:52:46.303099", "active_app": "Unknown", "active_window": "Unknown Window", "active_processes": [{"name": "node", "pid": 5407, "type": "other", "memory_mb": 118.2, "cpu_per...
2025-05-21 23:52:46,489 - direct_sensor_memory - INFO - Extracted process context: {"active_window": "Unknown Window", "active_app": "Unknown", "active_apps": ["node", "Cursor", "Cursor Helper (Plugin): extension-host [2-2]", "Google Chrome", "Safari", "Finder", "Cursor Helper (Renderer)", "assistantd", "Cursor Helper (GPU)", "AddressBookSourceSync"]}
2025-05-21 23:52:46,498 - direct_sensor_memory - INFO - ✅ Updated context file with keys: ['active_window', 'active_app', 'active_apps']
2025-05-21 23:52:46,498 - direct_sensor_memory - INFO - ✅ Successfully processed process data and updated memory/context
2025-05-21 23:52:52,569 - direct_sensor_memory - INFO - Detected process sensor update (last: 1747896766.3057265, new: 1747896771.5695195)
2025-05-21 23:52:52,585 - direct_sensor_memory - INFO - Processing process data: {"timestamp": "2025-05-21T23:52:51.567267", "active_app": "Unknown", "active_window": "Unknown Window", "active_processes": [{"name": "node", "pid": 5407, "type": "other", "memory_mb": 93.9, "cpu_perc...
2025-05-21 23:52:52,585 - direct_sensor_memory - INFO - Extracted process context: {"active_window": "Unknown Window", "active_app": "Unknown", "active_apps": ["node", "Cursor", "Google Chrome", "Cursor Helper (Plugin): extension-host [2-2]", "Cursor Helper (Renderer)", "Safari", "assistantd", "Cursor Helper (GPU)", "audioaccessoryd", "suggestd"]}
2025-05-21 23:52:52,594 - direct_sensor_memory - INFO - ✅ Updated context file with keys: ['active_window', 'active_app', 'active_apps']
2025-05-21 23:52:52,595 - direct_sensor_memory - INFO - ✅ Successfully processed process data and updated memory/context
2025-05-21 23:52:58,602 - direct_sensor_memory - INFO - Detected process sensor update (last: 1747896771.5695195, new: 1747896776.8378222)
2025-05-21 23:52:58,604 - direct_sensor_memory - INFO - Processing process data: {"timestamp": "2025-05-21T23:52:56.834897", "active_app": "Unknown", "active_window": "Unknown Window", "active_processes": [{"name": "node", "pid": 5407, "type": "other", "memory_mb": 134.2, "cpu_per...
2025-05-21 23:52:58,605 - direct_sensor_memory - INFO - Extracted process context: {"active_window": "Unknown Window", "active_app": "Unknown", "active_apps": ["node", "Cursor", "Google Chrome", "Cursor Helper (Plugin): extension-host [2-2]", "Cursor Helper (Renderer)", "Safari", "assistantd", "Cursor Helper (GPU)", "calaccessd", "audioaccessoryd"]}
2025-05-21 23:52:58,627 - direct_sensor_memory - INFO - ✅ Updated context file with keys: ['active_window', 'active_app', 'active_apps']
2025-05-21 23:52:58,627 - direct_sensor_memory - INFO - ✅ Successfully processed process data and updated memory/context
2025-05-21 23:53:02,639 - direct_sensor_memory - INFO - Detected process sensor update (last: 1747896776.8378222, new: 1747896782.0910304)
2025-05-21 23:53:02,650 - direct_sensor_memory - INFO - Processing process data: {"timestamp": "2025-05-21T23:53:02.088141", "active_app": "Unknown", "active_window": "Unknown Window", "active_processes": [{"name": "Cursor Helper (Renderer)", "pid": 76214, "type": "other", "memory...
2025-05-21 23:53:02,650 - direct_sensor_memory - INFO - Extracted process context: {"active_window": "Unknown Window", "active_app": "Unknown", "active_apps": ["Cursor Helper (Renderer)", "node", "Google Chrome", "Cursor", "Cursor Helper (Plugin): extension-host [2-2]", "Safari", "assistantd", "Cursor Helper (GPU)", "audioaccessoryd", "suggestd"]}
2025-05-21 23:53:02,655 - direct_sensor_memory - INFO - ✅ Updated context file with keys: ['active_window', 'active_app', 'active_apps']
2025-05-21 23:53:02,655 - direct_sensor_memory - INFO - ✅ Successfully processed process data and updated memory/context
2025-05-21 23:53:08,657 - direct_sensor_memory - INFO - Detected process sensor update (last: 1747896782.0910304, new: 1747896787.3130631)
2025-05-21 23:53:08,660 - direct_sensor_memory - INFO - Processing process data: {"timestamp": "2025-05-21T23:53:07.312362", "active_app": "Unknown", "active_window": "Unknown Window", "active_processes": [{"name": "Cursor Helper (Renderer)", "pid": 76214, "type": "other", "memory...
2025-05-21 23:53:08,660 - direct_sensor_memory - INFO - Extracted process context: {"active_window": "Unknown Window", "active_app": "Unknown", "active_apps": ["Cursor Helper (Renderer)", "Cursor", "node", "Cursor Helper (Plugin): extension-host [2-2]", "Google Chrome", "Safari", "Cursor Helper (GPU)", "assistantd", "NotificationCenter", "suggestd"]}
2025-05-21 23:53:08,665 - direct_sensor_memory - INFO - ✅ Updated context file with keys: ['active_window', 'active_app', 'active_apps']
2025-05-21 23:53:08,665 - direct_sensor_memory - INFO - ✅ Successfully processed process data and updated memory/context
2025-05-21 23:53:12,677 - direct_sensor_memory - INFO - Detected process sensor update (last: 1747896787.3130631, new: 1747896792.5358875)
2025-05-21 23:53:12,679 - direct_sensor_memory - INFO - Processing process data: {"timestamp": "2025-05-21T23:53:12.535130", "active_app": "Unknown", "active_window": "Unknown Window", "active_processes": [{"name": "node", "pid": 5407, "type": "other", "memory_mb": 117.1, "cpu_per...
2025-05-21 23:53:12,679 - direct_sensor_memory - INFO - Extracted process context: {"active_window": "Unknown Window", "active_app": "Unknown", "active_apps": ["node", "Cursor", "Cursor Helper (Plugin): extension-host [2-2]", "Cursor Helper (Renderer)", "Google Chrome", "Safari", "assistantd", "Cursor Helper (GPU)", "audioaccessoryd", "suggestd"]}
2025-05-21 23:53:12,685 - direct_sensor_memory - INFO - ✅ Updated context file with keys: ['active_window', 'active_app', 'active_apps']
2025-05-21 23:53:12,685 - direct_sensor_memory - INFO - ✅ Successfully processed process data and updated memory/context
2025-05-21 23:53:18,687 - direct_sensor_memory - INFO - Detected process sensor update (last: 1747896792.5358875, new: 1747896797.7420084)
2025-05-21 23:53:18,688 - direct_sensor_memory - INFO - Processing process data: {"timestamp": "2025-05-21T23:53:17.741332", "active_app": "Unknown", "active_window": "Unknown Window", "active_processes": [{"name": "node", "pid": 5407, "type": "other", "memory_mb": 144.1, "cpu_per...
2025-05-21 23:53:18,688 - direct_sensor_memory - INFO - Extracted process context: {"active_window": "Unknown Window", "active_app": "Unknown", "active_apps": ["node", "Cursor", "Cursor Helper (Plugin): extension-host [2-2]", "Cursor Helper (Renderer)", "Google Chrome", "Safari", "assistantd", "Cursor Helper (GPU)", "NotificationCenter", "audioaccessoryd"]}
2025-05-21 23:53:18,695 - direct_sensor_memory - INFO - ✅ Updated context file with keys: ['active_window', 'active_app', 'active_apps']
2025-05-21 23:53:18,695 - direct_sensor_memory - INFO - ✅ Successfully processed process data and updated memory/context
2025-05-21 23:53:24,698 - direct_sensor_memory - INFO - Detected process sensor update (last: 1747896797.7420084, new: 1747896802.9538207)
2025-05-21 23:53:24,701 - direct_sensor_memory - INFO - Processing process data: {"timestamp": "2025-05-21T23:53:22.953141", "active_app": "Unknown", "active_window": "Unknown Window", "active_processes": [{"name": "node", "pid": 5407, "type": "other", "memory_mb": 146.2, "cpu_per...
2025-05-21 23:53:24,701 - direct_sensor_memory - INFO - Extracted process context: {"active_window": "Unknown Window", "active_app": "Unknown", "active_apps": ["node", "Cursor", "Cursor Helper (Plugin): extension-host [2-2]", "Cursor Helper (Renderer)", "Google Chrome", "Safari", "Cursor Helper (Plugin): extension-host [1-1]", "suggestd", "Cursor Helper (GPU)", "assistantd"]}
2025-05-21 23:53:24,706 - direct_sensor_memory - INFO - ✅ Updated context file with keys: ['active_window', 'active_app', 'active_apps']
2025-05-21 23:53:24,706 - direct_sensor_memory - INFO - ✅ Successfully processed process data and updated memory/context
2025-05-21 23:53:30,720 - direct_sensor_memory - INFO - Detected process sensor update (last: 1747896802.9538207, new: 1747896808.9623141)
2025-05-21 23:53:30,722 - direct_sensor_memory - INFO - Processing process data: {"timestamp": "2025-05-21T23:53:28.958921", "active_app": "Unknown", "active_window": "Unknown Window", "active_processes": [{"name": "Cursor", "pid": 76164, "type": "other", "memory_mb": 162.6, "cpu_...
2025-05-21 23:53:30,722 - direct_sensor_memory - INFO - Extracted process context: {"active_window": "Unknown Window", "active_app": "Unknown", "active_apps": ["Cursor", "node", "Cursor Helper (Renderer)", "Google Chrome", "Safari", "Cursor Helper (Plugin): extension-host [2-2]", "assistantd", "NotificationCenter", "suggestd", "audioaccessoryd"]}
2025-05-21 23:53:30,729 - direct_sensor_memory - INFO - ✅ Updated context file with keys: ['active_window', 'active_app', 'active_apps']
2025-05-21 23:53:30,729 - direct_sensor_memory - INFO - ✅ Successfully processed process data and updated memory/context
2025-05-21 23:53:34,732 - direct_sensor_memory - INFO - Detected process sensor update (last: 1747896808.9623141, new: 1747896814.1834605)
2025-05-21 23:53:34,734 - direct_sensor_memory - INFO - Processing process data: {"timestamp": "2025-05-21T23:53:34.182673", "active_app": "Unknown", "active_window": "Unknown Window", "active_processes": [{"name": "node", "pid": 5407, "type": "other", "memory_mb": 105.4, "cpu_per...
2025-05-21 23:53:34,734 - direct_sensor_memory - INFO - Extracted process context: {"active_window": "Unknown Window", "active_app": "Unknown", "active_apps": ["node", "Cursor", "Cursor Helper (Renderer)", "Google Chrome Helper (Renderer)", "Cursor Helper (Plugin): extension-host [2-2]", "Google Chrome", "Safari", "Cursor Helper (GPU)", "assistantd", "NotificationCenter"]}
2025-05-21 23:53:34,741 - direct_sensor_memory - INFO - ✅ Updated context file with keys: ['active_window', 'active_app', 'active_apps']
2025-05-21 23:53:34,741 - direct_sensor_memory - INFO - ✅ Successfully processed process data and updated memory/context
2025-05-21 23:53:40,744 - direct_sensor_memory - INFO - Detected process sensor update (last: 1747896814.1834605, new: 1747896819.4042702)
2025-05-21 23:53:40,745 - direct_sensor_memory - INFO - Processing process data: {"timestamp": "2025-05-21T23:53:39.403542", "active_app": "Unknown", "active_window": "Unknown Window", "active_processes": [{"name": "node", "pid": 5407, "type": "other", "memory_mb": 136.9, "cpu_per...
2025-05-21 23:53:40,745 - direct_sensor_memory - INFO - Extracted process context: {"active_window": "Unknown Window", "active_app": "Unknown", "active_apps": ["node", "Cursor", "Cursor Helper (Renderer)", "Cursor Helper (Plugin): extension-host [2-2]", "Google Chrome Helper (Renderer)", "Google Chrome", "Safari", "Cursor Helper (GPU)", "assistantd", "NotificationCenter"]}
2025-05-21 23:53:40,750 - direct_sensor_memory - INFO - ✅ Updated context file with keys: ['active_window', 'active_app', 'active_apps']
2025-05-21 23:53:40,751 - direct_sensor_memory - INFO - ✅ Successfully processed process data and updated memory/context
2025-05-21 23:53:44,753 - direct_sensor_memory - INFO - Detected process sensor update (last: 1747896819.4042702, new: 1747896824.613615)
2025-05-21 23:53:44,754 - direct_sensor_memory - INFO - Processing process data: {"timestamp": "2025-05-21T23:53:44.612952", "active_app": "Unknown", "active_window": "Unknown Window", "active_processes": [{"name": "node", "pid": 5407, "type": "other", "memory_mb": 138.5, "cpu_per...
2025-05-21 23:53:44,755 - direct_sensor_memory - INFO - Extracted process context: {"active_window": "Unknown Window", "active_app": "Unknown", "active_apps": ["node", "Cursor", "Cursor Helper (Plugin): extension-host [2-2]", "Google Chrome Helper (Renderer)", "Cursor Helper (Renderer)", "Google Chrome", "Safari", "Cursor Helper (GPU)", "assistantd", "NotificationCenter"]}
2025-05-21 23:53:44,761 - direct_sensor_memory - INFO - ✅ Updated context file with keys: ['active_window', 'active_app', 'active_apps']
2025-05-21 23:53:44,761 - direct_sensor_memory - INFO - ✅ Successfully processed process data and updated memory/context
2025-05-21 23:53:50,765 - direct_sensor_memory - INFO - Detected process sensor update (last: 1747896824.613615, new: 1747896829.8327994)
2025-05-21 23:53:50,768 - direct_sensor_memory - INFO - Processing process data: {"timestamp": "2025-05-21T23:53:49.831886", "active_app": "Unknown", "active_window": "Unknown Window", "active_processes": [{"name": "node", "pid": 5407, "type": "other", "memory_mb": 146.9, "cpu_per...
2025-05-21 23:53:50,768 - direct_sensor_memory - INFO - Extracted process context: {"active_window": "Unknown Window", "active_app": "Unknown", "active_apps": ["node", "Cursor", "Cursor Helper (Plugin): extension-host [2-2]", "Cursor Helper (Renderer)", "Google Chrome Helper (Renderer)", "Google Chrome", "Safari", "Cursor Helper (GPU)", "assistantd", "NotificationCenter"]}
2025-05-21 23:53:50,777 - direct_sensor_memory - INFO - ✅ Updated context file with keys: ['active_window', 'active_app', 'active_apps']
2025-05-21 23:53:50,777 - direct_sensor_memory - INFO - ✅ Successfully processed process data and updated memory/context
2025-05-21 23:53:56,780 - direct_sensor_memory - INFO - Detected process sensor update (last: 1747896829.8327994, new: 1747896835.0626116)
2025-05-21 23:53:56,781 - direct_sensor_memory - INFO - Processing process data: {"timestamp": "2025-05-21T23:53:55.061959", "active_app": "Unknown", "active_window": "Unknown Window", "active_processes": [{"name": "Cursor Helper (Renderer)", "pid": 76214, "type": "other", "memory...
2025-05-21 23:53:56,781 - direct_sensor_memory - INFO - Extracted process context: {"active_window": "Unknown Window", "active_app": "Unknown", "active_apps": ["Cursor Helper (Renderer)", "node", "Cursor", "Cursor Helper (Plugin): extension-host [2-2]", "Google Chrome", "Google Chrome Helper (Renderer)", "Safari", "Cursor Helper (GPU)", "assistantd", "NotificationCenter"]}
2025-05-21 23:53:56,786 - direct_sensor_memory - INFO - ✅ Updated context file with keys: ['active_window', 'active_app', 'active_apps']
2025-05-21 23:53:56,786 - direct_sensor_memory - INFO - ✅ Successfully processed process data and updated memory/context
2025-05-21 23:54:00,789 - direct_sensor_memory - INFO - Detected process sensor update (last: 1747896835.0626116, new: 1747896840.2689354)
2025-05-21 23:54:00,791 - direct_sensor_memory - INFO - Processing process data: {"timestamp": "2025-05-21T23:54:00.268221", "active_app": "Unknown", "active_window": "Unknown Window", "active_processes": [{"name": "Cursor Helper (Renderer)", "pid": 76214, "type": "other", "memory...
2025-05-21 23:54:00,791 - direct_sensor_memory - INFO - Extracted process context: {"active_window": "Unknown Window", "active_app": "Unknown", "active_apps": ["Cursor Helper (Renderer)", "Cursor", "Cursor Helper (Plugin): extension-host [2-2]", "node", "Google Chrome", "Google Chrome Helper (Renderer)", "Safari", "suggestd", "Cursor Helper (GPU)", "assistantd"]}
2025-05-21 23:54:00,798 - direct_sensor_memory - INFO - ✅ Updated context file with keys: ['active_window', 'active_app', 'active_apps']
2025-05-21 23:54:00,798 - direct_sensor_memory - INFO - ✅ Successfully processed process data and updated memory/context
2025-05-21 23:54:06,802 - direct_sensor_memory - INFO - Detected process sensor update (last: 1747896840.2689354, new: 1747896845.4912367)
2025-05-21 23:54:06,805 - direct_sensor_memory - INFO - Processing process data: {"timestamp": "2025-05-21T23:54:05.490569", "active_app": "Unknown", "active_window": "Unknown Window", "active_processes": [{"name": "Cursor Helper (Renderer)", "pid": 76214, "type": "other", "memory...
2025-05-21 23:54:06,805 - direct_sensor_memory - INFO - Extracted process context: {"active_window": "Unknown Window", "active_app": "Unknown", "active_apps": ["Cursor Helper (Renderer)", "Cursor Helper (Plugin): extension-host [2-2]", "Cursor", "node", "StocksWidget", "Google Chrome Helper (Renderer)", "Google Chrome", "ServiceExtension", "Safari", "Cursor Helper (GPU)"]}
2025-05-21 23:54:06,811 - direct_sensor_memory - INFO - ✅ Updated context file with keys: ['active_window', 'active_app', 'active_apps']
2025-05-21 23:54:06,811 - direct_sensor_memory - INFO - ✅ Successfully processed process data and updated memory/context
2025-05-21 23:54:10,814 - direct_sensor_memory - INFO - Detected process sensor update (last: 1747896845.4912367, new: 1747896850.7107785)
2025-05-21 23:54:10,815 - direct_sensor_memory - INFO - Processing process data: {"timestamp": "2025-05-21T23:54:10.709892", "active_app": "Unknown", "active_window": "Unknown Window", "active_processes": [{"name": "Cursor Helper (Renderer)", "pid": 76214, "type": "other", "memory...
2025-05-21 23:54:10,815 - direct_sensor_memory - INFO - Extracted process context: {"active_window": "Unknown Window", "active_app": "Unknown", "active_apps": ["Cursor Helper (Renderer)", "Cursor Helper (Plugin): extension-host [2-2]", "Cursor", "Google Chrome", "Google Chrome Helper (Renderer)", "node", "StocksWidget", "Cursor Helper (Plugin): extension-host [1-1]", "Safari", "ServiceExtension"]}
2025-05-21 23:54:10,821 - direct_sensor_memory - INFO - ✅ Updated context file with keys: ['active_window', 'active_app', 'active_apps']
2025-05-21 23:54:10,821 - direct_sensor_memory - INFO - ✅ Successfully processed process data and updated memory/context
2025-05-21 23:54:16,887 - direct_sensor_memory - INFO - Detected process sensor update (last: 1747896850.7107785, new: 1747896855.928012)
2025-05-21 23:54:16,890 - direct_sensor_memory - INFO - Processing process data: {"timestamp": "2025-05-21T23:54:15.927247", "active_app": "Unknown", "active_window": "Unknown Window", "active_processes": [{"name": "Cursor Helper (Plugin): extension-host [2-2]", "pid": 76523, "typ...
2025-05-21 23:54:16,891 - direct_sensor_memory - INFO - Extracted process context: {"active_window": "Unknown Window", "active_app": "Unknown", "active_apps": ["Cursor Helper (Plugin): extension-host [2-2]", "Cursor Helper (Renderer)", "Cursor", "Google Chrome Helper (Renderer)", "Google Chrome", "StocksWidget", "Cursor Helper (Plugin): extension-host [1-1]", "Safari", "ServiceExtension", "Cursor Helper (GPU)"]}
2025-05-21 23:54:17,134 - direct_sensor_memory - INFO - ✅ Updated context file with keys: ['active_window', 'active_app', 'active_apps']
2025-05-21 23:54:17,135 - direct_sensor_memory - INFO - ✅ Successfully processed process data and updated memory/context
2025-05-21 23:54:23,142 - direct_sensor_memory - INFO - Detected process sensor update (last: 1747896855.928012, new: 1747896861.177639)
2025-05-21 23:54:23,146 - direct_sensor_memory - INFO - Processing process data: {"timestamp": "2025-05-21T23:54:21.176864", "active_app": "Unknown", "active_window": "Unknown Window", "active_processes": [{"name": "git", "pid": 11097, "type": "other", "memory_mb": 286.1, "cpu_per...
2025-05-21 23:54:23,146 - direct_sensor_memory - INFO - Extracted process context: {"active_window": "Unknown Window", "active_app": "Unknown", "active_apps": ["git", "Cursor Helper (Plugin): extension-host [2-2]", "Cursor Helper (Renderer)", "Cursor Helper (Plugin): extension-host [1-1]", "Cursor", "Google Chrome Helper (Renderer)", "ServiceExtension", "Google Chrome", "StocksWidget", "Cursor Helper (GPU)"]}
2025-05-21 23:54:23,153 - direct_sensor_memory - INFO - ✅ Updated context file with keys: ['active_window', 'active_app', 'active_apps']
2025-05-21 23:54:23,153 - direct_sensor_memory - INFO - ✅ Successfully processed process data and updated memory/context
2025-05-21 23:54:27,155 - direct_sensor_memory - INFO - Detected process sensor update (last: 1747896861.177639, new: 1747896866.4106607)
2025-05-21 23:54:27,159 - direct_sensor_memory - INFO - Processing process data: {"timestamp": "2025-05-21T23:54:26.409295", "active_app": "Unknown", "active_window": "Unknown Window", "active_processes": [{"name": "Cursor Helper (Renderer)", "pid": 76214, "type": "other", "memory...
2025-05-21 23:54:27,159 - direct_sensor_memory - INFO - Extracted process context: {"active_window": "Unknown Window", "active_app": "Unknown", "active_apps": ["Cursor Helper (Renderer)", "Cursor Helper (Plugin): extension-host [1-1]", "Cursor Helper (Plugin): extension-host [2-2]", "Cursor", "Google Chrome Helper (Renderer)", "Google Chrome", "Cursor Helper (GPU)", "Safari", "NotificationCenter", "StocksWidget"]}
2025-05-21 23:54:27,170 - direct_sensor_memory - INFO - ✅ Updated context file with keys: ['active_window', 'active_app', 'active_apps']
2025-05-21 23:54:27,170 - direct_sensor_memory - INFO - ✅ Successfully processed process data and updated memory/context
2025-05-21 23:54:33,174 - direct_sensor_memory - INFO - Detected process sensor update (last: 1747896866.4106607, new: 1747896871.6420035)
2025-05-21 23:54:33,176 - direct_sensor_memory - INFO - Processing process data: {"timestamp": "2025-05-21T23:54:31.641123", "active_app": "Unknown", "active_window": "Unknown Window", "active_processes": [{"name": "Cursor Helper (Plugin): extension-host [2-2]", "pid": 76523, "typ...
2025-05-21 23:54:33,176 - direct_sensor_memory - INFO - Extracted process context: {"active_window": "Unknown Window", "active_app": "Unknown", "active_apps": ["Cursor Helper (Plugin): extension-host [2-2]", "Cursor", "Cursor Helper (Renderer)", "Google Chrome", "Cursor Helper (GPU)", "Cursor Helper (Plugin): extension-host [1-1]", "Safari", "Finder", "NotificationCenter", "StocksWidget"]}
2025-05-21 23:54:33,182 - direct_sensor_memory - INFO - ✅ Updated context file with keys: ['active_window', 'active_app', 'active_apps']
2025-05-21 23:54:33,182 - direct_sensor_memory - INFO - ✅ Successfully processed process data and updated memory/context
2025-05-21 23:54:37,186 - direct_sensor_memory - INFO - Detected process sensor update (last: 1747896871.6420035, new: 1747896876.9134614)
2025-05-21 23:54:37,190 - direct_sensor_memory - INFO - Processing process data: {"timestamp": "2025-05-21T23:54:36.912615", "active_app": "Unknown", "active_window": "Unknown Window", "active_processes": [{"name": "Cursor", "pid": 76164, "type": "other", "memory_mb": 78.9, "cpu_p...
2025-05-21 23:54:37,190 - direct_sensor_memory - INFO - Extracted process context: {"active_window": "Unknown Window", "active_app": "Unknown", "active_apps": ["Cursor", "Cursor Helper (Plugin): extension-host [2-2]", "Cursor Helper (Renderer)", "Google Chrome", "Cursor Helper (GPU)", "Cursor Helper (Plugin): extension-host [1-1]", "StocksWidget", "ServiceExtension", "Safari", "ollama"]}
2025-05-21 23:54:37,196 - direct_sensor_memory - INFO - ✅ Updated context file with keys: ['active_window', 'active_app', 'active_apps']
2025-05-21 23:54:37,196 - direct_sensor_memory - INFO - ✅ Successfully processed process data and updated memory/context
2025-05-21 23:54:43,201 - direct_sensor_memory - INFO - Detected process sensor update (last: 1747896876.9134614, new: 1747896882.819858)
2025-05-21 23:54:43,204 - direct_sensor_memory - INFO - Processing process data: {"timestamp": "2025-05-21T23:54:42.814015", "active_app": "Unknown", "active_window": "Unknown Window", "active_processes": [{"name": "Cursor", "pid": 76164, "type": "other", "memory_mb": 45.3, "cpu_p...
2025-05-21 23:54:43,204 - direct_sensor_memory - INFO - Extracted process context: {"active_window": "Unknown Window", "active_app": "Unknown", "active_apps": ["Cursor", "Cursor Helper (Renderer)", "Cursor Helper (Plugin): extension-host [2-2]", "Google Chrome", "StocksWidget", "ServiceExtension", "Cursor Helper (Plugin): extension-host [1-1]", "Safari", "Cursor Helper (GPU)", "UIKitSystem"]}
2025-05-21 23:54:43,209 - direct_sensor_memory - INFO - ✅ Updated context file with keys: ['active_window', 'active_app', 'active_apps']
2025-05-21 23:54:43,209 - direct_sensor_memory - INFO - ✅ Successfully processed process data and updated memory/context
2025-05-21 23:54:49,218 - direct_sensor_memory - INFO - Detected process sensor update (last: 1747896882.819858, new: 1747896888.0847702)
2025-05-21 23:54:49,230 - direct_sensor_memory - INFO - Processing process data: {"timestamp": "2025-05-21T23:54:48.083647", "active_app": "Unknown", "active_window": "Unknown Window", "active_processes": [{"name": "Cursor Helper (Plugin): extension-host [2-2]", "pid": 76523, "typ...
2025-05-21 23:54:49,230 - direct_sensor_memory - INFO - Extracted process context: {"active_window": "Unknown Window", "active_app": "Unknown", "active_apps": ["Cursor Helper (Plugin): extension-host [2-2]", "Cursor", "Cursor Helper (GPU)", "Cursor Helper (Renderer)", "NotificationCenter", "Cursor Helper (Plugin): extension-host [1-1]", "Safari", "Finder", "Google Chrome", "StocksWidget"]}
2025-05-21 23:54:49,238 - direct_sensor_memory - INFO - ✅ Updated context file with keys: ['active_window', 'active_app', 'active_apps']
2025-05-21 23:54:49,238 - direct_sensor_memory - INFO - ✅ Successfully processed process data and updated memory/context
2025-05-21 23:54:55,246 - direct_sensor_memory - INFO - Detected process sensor update (last: 1747896888.0847702, new: 1747896893.565135)
2025-05-21 23:54:55,251 - direct_sensor_memory - INFO - Processing process data: {"timestamp": "2025-05-21T23:54:53.564333", "active_app": "Unknown", "active_window": "Unknown Window", "active_processes": [{"name": "Cursor", "pid": 76164, "type": "other", "memory_mb": 50.4, "cpu_p...
2025-05-21 23:54:55,251 - direct_sensor_memory - INFO - Extracted process context: {"active_window": "Unknown Window", "active_app": "Unknown", "active_apps": ["Cursor", "Cursor Helper (GPU)", "NotificationCenter", "Cursor Helper (Renderer)", "Cursor Helper (Plugin): extension-host [2-2]", "Cursor Helper (Plugin): extension-host [1-1]", "Google Chrome", "StocksWidget", "UIKitSystem", "ServiceExtension"]}
2025-05-21 23:54:55,261 - direct_sensor_memory - INFO - ✅ Updated context file with keys: ['active_window', 'active_app', 'active_apps']
2025-05-21 23:54:55,261 - direct_sensor_memory - INFO - ✅ Successfully processed process data and updated memory/context
2025-05-21 23:54:59,265 - direct_sensor_memory - INFO - Detected process sensor update (last: 1747896893.565135, new: 1747896898.937167)
2025-05-21 23:54:59,270 - direct_sensor_memory - INFO - Processing process data: {"timestamp": "2025-05-21T23:54:58.935830", "active_app": "Unknown", "active_window": "Unknown Window", "active_processes": [{"name": "Cursor", "pid": 76164, "type": "other", "memory_mb": 107.2, "cpu_...
2025-05-21 23:54:59,270 - direct_sensor_memory - INFO - Extracted process context: {"active_window": "Unknown Window", "active_app": "Unknown", "active_apps": ["Cursor", "Cursor Helper (Plugin): extension-host [2-2]", "Cursor Helper (GPU)", "Cursor Helper (Renderer)", "NotificationCenter", "Cursor Helper (Plugin): extension-host [1-1]", "StocksWidget", "Google Chrome", "Safari", "UIKitSystem"]}
2025-05-21 23:54:59,280 - direct_sensor_memory - INFO - ✅ Updated context file with keys: ['active_window', 'active_app', 'active_apps']
2025-05-21 23:54:59,280 - direct_sensor_memory - INFO - ✅ Successfully processed process data and updated memory/context
2025-05-21 23:55:08,161 - direct_sensor_memory - INFO - Detected process sensor update (last: 1747896898.937167, new: 1747896906.2210646)
2025-05-21 23:55:08,182 - direct_sensor_memory - INFO - Processing process data: {"timestamp": "2025-05-21T23:55:06.200135", "active_app": "Unknown", "active_window": "Unknown Window", "active_processes": [{"name": "Google Chrome Helper (Renderer)", "pid": 11963, "type": "browser"...
2025-05-21 23:55:08,182 - direct_sensor_memory - INFO - Extracted process context: {"active_window": "Unknown Window", "active_app": "Unknown", "active_apps": ["Google Chrome Helper (Renderer)", "Cursor", "Cursor Helper (Plugin): extension-host [2-2]", "Google Chrome", "Cursor Helper (Renderer)", "Cursor Helper (Plugin): extension-host [1-1]", "Cursor Helper (GPU)", "CursorUIViewService", "StocksWidget", "UIKitSystem"]}
2025-05-21 23:55:08,194 - direct_sensor_memory - INFO - ✅ Updated context file with keys: ['active_window', 'active_app', 'active_apps']
2025-05-21 23:55:08,194 - direct_sensor_memory - INFO - ✅ Successfully processed process data and updated memory/context
2025-05-21 23:55:12,203 - direct_sensor_memory - INFO - Detected process sensor update (last: 1747896906.2210646, new: 1747896912.0505471)
2025-05-21 23:55:12,209 - direct_sensor_memory - INFO - Processing process data: {"timestamp": "2025-05-21T23:55:12.047369", "active_app": "Unknown", "active_window": "Unknown Window", "active_processes": [{"name": "Cursor", "pid": 76164, "type": "other", "memory_mb": 82.7, "cpu_p...
2025-05-21 23:55:12,209 - direct_sensor_memory - INFO - Extracted process context: {"active_window": "Unknown Window", "active_app": "Unknown", "active_apps": ["Cursor", "Cursor Helper (Plugin): extension-host [2-2]", "Cursor Helper (Renderer)", "Google Chrome Helper (Renderer)", "Google Chrome", "Cursor Helper (Plugin): extension-host [1-1]", "Cursor Helper (GPU)", "StocksWidget", "UIKitSystem", "ControlCenter"]}
2025-05-21 23:55:12,227 - direct_sensor_memory - INFO - ✅ Updated context file with keys: ['active_window', 'active_app', 'active_apps']
2025-05-21 23:55:12,227 - direct_sensor_memory - INFO - ✅ Successfully processed process data and updated memory/context
2025-05-21 23:55:20,312 - direct_sensor_memory - INFO - Detected process sensor update (last: 1747896912.0505471, new: 1747896918.2693012)
2025-05-21 23:55:20,331 - direct_sensor_memory - INFO - Processing process data: {"timestamp": "2025-05-21T23:55:18.261757", "active_app": "Unknown", "active_window": "Unknown Window", "active_processes": [{"name": "Cursor", "pid": 76164, "type": "other", "memory_mb": 50.4, "cpu_p...
2025-05-21 23:55:20,332 - direct_sensor_memory - INFO - Extracted process context: {"active_window": "Unknown Window", "active_app": "Unknown", "active_apps": ["Cursor", "Cursor Helper (Plugin): extension-host [2-2]", "Safari", "Cursor Helper (GPU)", "Cursor Helper (Renderer)", "AddressBookSourceSync", "Google Chrome", "CursorUIViewService", "Cursor Helper (Plugin): extension-host [1-1]", "Siri"]}
2025-05-21 23:55:20,344 - direct_sensor_memory - INFO - ✅ Updated context file with keys: ['active_window', 'active_app', 'active_apps']
2025-05-21 23:55:20,345 - direct_sensor_memory - INFO - ✅ Successfully processed process data and updated memory/context
2025-05-21 23:55:24,379 - direct_sensor_memory - INFO - Detected process sensor update (last: 1747896918.2693012, new: 1747896924.042554)
2025-05-21 23:55:24,388 - direct_sensor_memory - INFO - Processing process data: {"timestamp": "2025-05-21T23:55:24.040802", "active_app": "Unknown", "active_window": "Unknown Window", "active_processes": [{"name": "Cursor Helper (Plugin): extension-host [2-2]", "pid": 76523, "typ...
2025-05-21 23:55:24,388 - direct_sensor_memory - INFO - Extracted process context: {"active_window": "Unknown Window", "active_app": "Unknown", "active_apps": ["Cursor Helper (Plugin): extension-host [2-2]", "Cursor", "Cursor Helper (GPU)", "Cursor Helper (Renderer)", "NotificationCenter", "ollama", "Google Chrome", "Cursor Helper (Plugin): extension-host [1-1]", "Safari", "sharingd"]}
2025-05-21 23:55:24,395 - direct_sensor_memory - INFO - ✅ Updated context file with keys: ['active_window', 'active_app', 'active_apps']
2025-05-21 23:55:24,395 - direct_sensor_memory - INFO - ✅ Successfully processed process data and updated memory/context
2025-05-21 23:55:30,402 - direct_sensor_memory - INFO - Detected process sensor update (last: 1747896924.042554, new: 1747896929.3156807)
2025-05-21 23:55:30,409 - direct_sensor_memory - INFO - Processing process data: {"timestamp": "2025-05-21T23:55:29.314575", "active_app": "Unknown", "active_window": "Unknown Window", "active_processes": [{"name": "Safari", "pid": 21272, "type": "browser", "memory_mb": 82.6, "cpu...
2025-05-21 23:55:30,409 - direct_sensor_memory - INFO - Extracted process context: {"active_window": "Unknown Window", "active_app": "Unknown", "active_apps": ["Safari", "Cursor Helper (Plugin): extension-host [2-2]", "Cursor", "NotificationCenter", "Cursor Helper (GPU)", "Cursor Helper (Plugin): extension-host [1-1]", "Cursor Helper (Renderer)", "Google Chrome", "WindowManager", "sharingd"]}
2025-05-21 23:55:30,416 - direct_sensor_memory - INFO - ✅ Updated context file with keys: ['active_window', 'active_app', 'active_apps']
2025-05-21 23:55:30,417 - direct_sensor_memory - INFO - ✅ Successfully processed process data and updated memory/context
2025-05-21 23:55:36,423 - direct_sensor_memory - INFO - Detected process sensor update (last: 1747896929.3156807, new: 1747896934.6204576)
2025-05-21 23:55:36,427 - direct_sensor_memory - INFO - Processing process data: {"timestamp": "2025-05-21T23:55:34.619492", "active_app": "Unknown", "active_window": "Unknown Window", "active_processes": [{"name": "Cursor Helper (Plugin): extension-host [2-2]", "pid": 76523, "typ...
2025-05-21 23:55:36,427 - direct_sensor_memory - INFO - Extracted process context: {"active_window": "Unknown Window", "active_app": "Unknown", "active_apps": ["Cursor Helper (Plugin): extension-host [2-2]", "Cursor", "Cursor Helper (GPU)", "Google Chrome", "Safari", "Cursor Helper (Renderer)", "AddressBookSourceSync", "Cursor Helper (Plugin): extension-host [1-1]", "NotificationCenter", "Google Chrome Helper"]}
2025-05-21 23:55:36,435 - direct_sensor_memory - INFO - ✅ Updated context file with keys: ['active_window', 'active_app', 'active_apps']
2025-05-21 23:55:36,435 - direct_sensor_memory - INFO - ✅ Successfully processed process data and updated memory/context
2025-05-21 23:55:42,459 - direct_sensor_memory - INFO - Detected process sensor update (last: 1747896934.6204576, new: 1747896940.6114767)
2025-05-21 23:55:42,465 - direct_sensor_memory - INFO - Processing process data: {"timestamp": "2025-05-21T23:55:40.601052", "active_app": "Unknown", "active_window": "Unknown Window", "active_processes": [{"name": "Cursor Helper (Plugin): extension-host [2-2]", "pid": 76523, "typ...
2025-05-21 23:55:42,465 - direct_sensor_memory - INFO - Extracted process context: {"active_window": "Unknown Window", "active_app": "Unknown", "active_apps": ["Cursor Helper (Plugin): extension-host [2-2]", "Cursor", "Cursor Helper (GPU)", "Cursor Helper (Renderer)", "Google Chrome", "AddressBookSourceSync", "Safari", "Cursor Helper (Plugin): extension-host [1-1]", "sharingd", "NotificationCenter"]}
2025-05-21 23:55:42,473 - direct_sensor_memory - INFO - ✅ Updated context file with keys: ['active_window', 'active_app', 'active_apps']
2025-05-21 23:55:42,473 - direct_sensor_memory - INFO - ✅ Successfully processed process data and updated memory/context
2025-05-21 23:55:46,479 - direct_sensor_memory - INFO - Detected process sensor update (last: 1747896940.6114767, new: 1747896945.973728)
2025-05-21 23:55:46,484 - direct_sensor_memory - INFO - Processing process data: {"timestamp": "2025-05-21T23:55:45.972118", "active_app": "Unknown", "active_window": "Unknown Window", "active_processes": [{"name": "Cursor", "pid": 76164, "type": "other", "memory_mb": 46.1, "cpu_p...
2025-05-21 23:55:46,484 - direct_sensor_memory - INFO - Extracted process context: {"active_window": "Unknown Window", "active_app": "Unknown", "active_apps": ["Cursor", "Cursor Helper (Plugin): extension-host [2-2]", "Google Chrome", "Cursor Helper (GPU)", "NotificationCenter", "Cursor Helper (Renderer)", "Safari", "AddressBookSourceSync", "Finder", "sharingd"]}
2025-05-21 23:55:46,494 - direct_sensor_memory - INFO - ✅ Updated context file with keys: ['active_window', 'active_app', 'active_apps']
2025-05-21 23:55:46,494 - direct_sensor_memory - INFO - ✅ Successfully processed process data and updated memory/context
2025-05-21 23:55:52,625 - direct_sensor_memory - INFO - Detected process sensor update (last: 1747896945.973728, new: 1747896951.9658508)
2025-05-21 23:55:52,631 - direct_sensor_memory - INFO - Processing process data: {"timestamp": "2025-05-21T23:55:51.661297", "active_app": "Unknown", "active_window": "Unknown Window", "active_processes": [{"name": "Cursor Helper (Plugin): extension-host [2-2]", "pid": 76523, "typ...
2025-05-21 23:55:52,631 - direct_sensor_memory - INFO - Extracted process context: {"active_window": "Unknown Window", "active_app": "Unknown", "active_apps": ["Cursor Helper (Plugin): extension-host [2-2]", "Cursor", "Cursor Helper (GPU)", "Cursor Helper (Renderer)", "Google Chrome", "intelligentroutingd", "Safari", "sharingd", "Finder", "accountsd"]}
2025-05-21 23:55:52,636 - direct_sensor_memory - INFO - ✅ Updated context file with keys: ['active_window', 'active_app', 'active_apps']
2025-05-21 23:55:52,636 - direct_sensor_memory - INFO - ✅ Successfully processed process data and updated memory/context
2025-05-21 23:55:58,840 - direct_sensor_memory - INFO - Detected process sensor update (last: 1747896951.9658508, new: 1747896958.195695)
2025-05-21 23:55:58,993 - direct_sensor_memory - INFO - Processing process data: {"timestamp": "2025-05-21T23:55:58.191400", "active_app": "Unknown", "active_window": "Unknown Window", "active_processes": [{"name": "Cursor", "pid": 76164, "type": "other", "memory_mb": 46.4, "cpu_p...
2025-05-21 23:55:58,995 - direct_sensor_memory - INFO - Extracted process context: {"active_window": "Unknown Window", "active_app": "Unknown", "active_apps": ["Cursor", "Cursor Helper (Plugin): extension-host [2-2]", "Cursor Helper (GPU)", "Cursor Helper (Renderer)", "replayd", "Safari", "NotificationCenter", "contentlinkingd", "sharingd", "Cursor Helper (Plugin): extension-host [1-1]"]}
2025-05-21 23:55:59,120 - direct_sensor_memory - INFO - ✅ Updated context file with keys: ['active_window', 'active_app', 'active_apps']
2025-05-21 23:55:59,120 - direct_sensor_memory - INFO - ✅ Successfully processed process data and updated memory/context
2025-05-21 23:56:05,342 - direct_sensor_memory - INFO - Detected process sensor update (last: 1747896958.195695, new: 1747896965.263007)
2025-05-21 23:56:05,358 - direct_sensor_memory - INFO - Processing process data: {"timestamp": "2025-05-21T23:56:05.252343", "active_app": "Unknown", "active_window": "Unknown Window", "active_processes": [{"name": "Google Chrome Helper (Renderer)", "pid": 12703, "type": "browser"...
2025-05-21 23:56:05,359 - direct_sensor_memory - INFO - Extracted process context: {"active_window": "Unknown Window", "active_app": "Unknown", "active_apps": ["Google Chrome Helper (Renderer)", "Cursor", "Google Chrome", "Keychain Circle Notification", "Cursor Helper (GPU)", "NotificationCenter", "Cursor Helper (Plugin): extension-host [2-2]", "ControlCenter", "replayd", "Cursor Helper (Renderer)"]}
2025-05-21 23:56:05,378 - direct_sensor_memory - INFO - ✅ Updated context file with keys: ['active_window', 'active_app', 'active_apps']
2025-05-21 23:56:05,379 - direct_sensor_memory - INFO - ✅ Successfully processed process data and updated memory/context
2025-05-21 23:56:13,500 - direct_sensor_memory - INFO - Detected process sensor update (last: 1747896965.263007, new: 1747896971.4881358)
2025-05-21 23:56:13,542 - direct_sensor_memory - INFO - Processing process data: {"timestamp": "2025-05-21T23:56:11.447744", "active_app": "Unknown", "active_window": "Unknown Window", "active_processes": [{"name": "Cursor Helper (Plugin): extension-host [2-2]", "pid": 76523, "typ...
2025-05-21 23:56:13,543 - direct_sensor_memory - INFO - Extracted process context: {"active_window": "Unknown Window", "active_app": "Unknown", "active_apps": ["Cursor Helper (Plugin): extension-host [2-2]", "Cursor", "CommCenter", "Cursor Helper (Renderer)", "Cursor Helper (GPU)", "Google Chrome", "CoreLocationAgent", "callservicesd", "Safari", "identityservicesd"]}
2025-05-21 23:56:13,574 - direct_sensor_memory - INFO - ✅ Updated context file with keys: ['active_window', 'active_app', 'active_apps']
2025-05-21 23:56:13,576 - direct_sensor_memory - INFO - ✅ Successfully processed process data and updated memory/context
2025-05-21 23:56:17,613 - direct_sensor_memory - INFO - Detected process sensor update (last: 1747896971.4881358, new: 1747896977.3020694)
2025-05-21 23:56:17,627 - direct_sensor_memory - INFO - Processing process data: {"timestamp": "2025-05-21T23:56:17.280418", "active_app": "Unknown", "active_window": "Unknown Window", "active_processes": [{"name": "Cursor", "pid": 76164, "type": "other", "memory_mb": 85.4, "cpu_p...
2025-05-21 23:56:17,627 - direct_sensor_memory - INFO - Extracted process context: {"active_window": "Unknown Window", "active_app": "Unknown", "active_apps": ["Cursor", "Cursor Helper (Plugin): extension-host [2-2]", "Cursor Helper (GPU)", "Siri", "Google Chrome", "CoreLocationAgent", "CommCenter", "Cursor Helper (Renderer)", "Safari", "CursorUIViewService"]}
2025-05-21 23:56:17,637 - direct_sensor_memory - INFO - ✅ Updated context file with keys: ['active_window', 'active_app', 'active_apps']
2025-05-21 23:56:17,637 - direct_sensor_memory - INFO - ✅ Successfully processed process data and updated memory/context
2025-05-21 23:56:25,791 - direct_sensor_memory - INFO - Detected process sensor update (last: 1747896977.3020694, new: 1747896984.1255245)
2025-05-21 23:56:25,841 - direct_sensor_memory - INFO - Processing process data: {"timestamp": "2025-05-21T23:56:24.116563", "active_app": "Unknown", "active_window": "Unknown Window", "active_processes": [{"name": "Cursor", "pid": 76164, "type": "other", "memory_mb": 33.5, "cpu_p...
2025-05-21 23:56:25,841 - direct_sensor_memory - INFO - Extracted process context: {"active_window": "Unknown Window", "active_app": "Unknown", "active_apps": ["Cursor", "Cursor Helper (Plugin): extension-host [2-2]", "Cursor Helper (Renderer)", "Cursor Helper (GPU)", "Google Chrome", "Cursor Helper (Plugin): extension-host [1-1]", "Siri", "Safari", "CoreLocationAgent", "Cursor Helper"]}
2025-05-21 23:56:25,857 - direct_sensor_memory - INFO - ✅ Updated context file with keys: ['active_window', 'active_app', 'active_apps']
2025-05-21 23:56:25,857 - direct_sensor_memory - INFO - ✅ Successfully processed process data and updated memory/context
2025-05-21 23:56:31,936 - direct_sensor_memory - INFO - Detected process sensor update (last: 1747896984.1255245, new: 1747896990.0239227)
2025-05-21 23:56:31,955 - direct_sensor_memory - INFO - Processing process data: {"timestamp": "2025-05-21T23:56:29.996140", "active_app": "Unknown", "active_window": "Unknown Window", "active_processes": [{"name": "Cursor Helper (Plugin): extension-host [2-2]", "pid": 76523, "typ...
2025-05-21 23:56:31,955 - direct_sensor_memory - INFO - Extracted process context: {"active_window": "Unknown Window", "active_app": "Unknown", "active_apps": ["Cursor Helper (Plugin): extension-host [2-2]", "Safari", "Cursor", "Google Chrome", "Cursor Helper (Plugin): extension-host [1-1]", "Cursor Helper (Renderer)", "NotificationCenter", "AddressBookSourceSync", "Cursor Helper (GPU)", "replayd"]}
2025-05-21 23:56:31,986 - direct_sensor_memory - INFO - ✅ Updated context file with keys: ['active_window', 'active_app', 'active_apps']
2025-05-21 23:56:31,987 - direct_sensor_memory - INFO - ✅ Successfully processed process data and updated memory/context
2025-05-21 23:56:38,070 - direct_sensor_memory - INFO - Detected process sensor update (last: 1747896990.0239227, new: 1747896996.2892122)
2025-05-21 23:56:38,078 - direct_sensor_memory - INFO - Processing process data: {"timestamp": "2025-05-21T23:56:36.275380", "active_app": "Unknown", "active_window": "Unknown Window", "active_processes": [{"name": "Cursor", "pid": 76164, "type": "other", "memory_mb": 66.0, "cpu_p...
2025-05-21 23:56:38,079 - direct_sensor_memory - INFO - Extracted process context: {"active_window": "Unknown Window", "active_app": "Unknown", "active_apps": ["Cursor", "Google Chrome", "Safari", "Cursor Helper (Plugin): extension-host [1-1]", "Cursor Helper (Renderer)", "sharingd", "AddressBookSourceSync", "WindowManager", "identityservicesd", "Cursor Helper (Plugin): extension-host [2-2]"]}
2025-05-21 23:56:38,086 - direct_sensor_memory - INFO - ✅ Updated context file with keys: ['active_window', 'active_app', 'active_apps']
2025-05-21 23:56:38,086 - direct_sensor_memory - INFO - ✅ Successfully processed process data and updated memory/context
2025-05-21 23:56:44,160 - direct_sensor_memory - INFO - Detected process sensor update (last: 1747896996.2892122, new: 1747897002.2014403)
2025-05-21 23:56:44,164 - direct_sensor_memory - INFO - Processing process data: {"timestamp": "2025-05-21T23:56:42.194880", "active_app": "Unknown", "active_window": "Unknown Window", "active_processes": [{"name": "Cursor", "pid": 76164, "type": "other", "memory_mb": 24.8, "cpu_p...
2025-05-21 23:56:44,164 - direct_sensor_memory - INFO - Extracted process context: {"active_window": "Unknown Window", "active_app": "Unknown", "active_apps": ["Cursor", "Cursor Helper (Renderer)", "AddressBookSourceSync", "Cursor Helper (Plugin): extension-host [2-2]", "cloudd", "Google Chrome", "exchangesyncd", "Safari", "NotificationCenter", "Cursor Helper (GPU)"]}
2025-05-21 23:56:44,170 - direct_sensor_memory - INFO - ✅ Updated context file with keys: ['active_window', 'active_app', 'active_apps']
2025-05-21 23:56:44,170 - direct_sensor_memory - INFO - ✅ Successfully processed process data and updated memory/context
2025-05-21 23:56:52,258 - direct_sensor_memory - INFO - Detected process sensor update (last: 1747897002.2014403, new: 1747897011.8408942)
2025-05-21 23:56:52,289 - direct_sensor_memory - INFO - Processing process data: {"timestamp": "2025-05-21T23:56:51.832635", "active_app": "Unknown", "active_window": "Unknown Window", "active_processes": [{"name": "Cursor Helper (Plugin): extension-host [2-2]", "pid": 76523, "typ...
2025-05-21 23:56:52,289 - direct_sensor_memory - INFO - Extracted process context: {"active_window": "Unknown Window", "active_app": "Unknown", "active_apps": ["Cursor Helper (Plugin): extension-host [2-2]", "Cursor", "Cursor Helper (GPU)", "Google Chrome", "Cursor Helper (Renderer)", "replayd", "AddressBookSourceSync", "Safari", "sharingd", "WindowManager"]}
2025-05-21 23:56:52,311 - direct_sensor_memory - INFO - ✅ Updated context file with keys: ['active_window', 'active_app', 'active_apps']
2025-05-21 23:56:52,311 - direct_sensor_memory - INFO - ✅ Successfully processed process data and updated memory/context
2025-05-21 23:57:00,429 - direct_sensor_memory - INFO - Detected process sensor update (last: 1747897011.8408942, new: 1747897019.17642)
2025-05-21 23:57:00,480 - direct_sensor_memory - INFO - Processing process data: {"timestamp": "2025-05-21T23:56:59.153095", "active_app": "Unknown", "active_window": "Unknown Window", "active_processes": [{"name": "Cursor", "pid": 76164, "type": "other", "memory_mb": 41.2, "cpu_p...
2025-05-21 23:57:00,481 - direct_sensor_memory - INFO - Extracted process context: {"active_window": "Unknown Window", "active_app": "Unknown", "active_apps": ["Cursor", "Cursor Helper (GPU)", "Safari", "Cursor Helper (Plugin): extension-host [2-2]", "Cursor Helper (Renderer)", "Google Chrome", "AddressBookSourceSync", "cloudd", "WindowManager", "ControlCenter"]}
2025-05-21 23:57:00,503 - direct_sensor_memory - INFO - ✅ Updated context file with keys: ['active_window', 'active_app', 'active_apps']
2025-05-21 23:57:00,503 - direct_sensor_memory - INFO - ✅ Successfully processed process data and updated memory/context
2025-05-21 23:57:08,547 - direct_sensor_memory - INFO - Detected process sensor update (last: 1747897019.17642, new: 1747897027.4658635)
2025-05-21 23:57:08,579 - direct_sensor_memory - INFO - Processing process data: {"timestamp": "2025-05-21T23:57:07.451666", "active_app": "Unknown", "active_window": "Unknown Window", "active_processes": [{"name": "Cursor Helper (Renderer)", "pid": 76214, "type": "other", "memory...
2025-05-21 23:57:08,579 - direct_sensor_memory - INFO - Extracted process context: {"active_window": "Unknown Window", "active_app": "Unknown", "active_apps": ["Cursor Helper (Renderer)", "Google Chrome Helper (Renderer)", "Google Chrome", "Cursor Helper (Plugin): extension-host [2-2]", "Cursor", "NotificationCenter", "Cursor Helper (GPU)", "callservicesd", "Cursor Helper (Plugin): extension-host [1-1]", "Google Chrome Helper"]}
2025-05-21 23:57:08,588 - direct_sensor_memory - INFO - ✅ Updated context file with keys: ['active_window', 'active_app', 'active_apps']
2025-05-21 23:57:08,590 - direct_sensor_memory - INFO - ✅ Successfully processed process data and updated memory/context
2025-05-21 23:57:14,593 - direct_sensor_memory - INFO - Detected process sensor update (last: 1747897027.4658635, new: 1747897032.7678084)
2025-05-21 23:57:14,598 - direct_sensor_memory - INFO - Processing process data: {"timestamp": "2025-05-21T23:57:12.766159", "active_app": "Unknown", "active_window": "Unknown Window", "active_processes": [{"name": "Cursor Helper (Plugin): extension-host [2-2]", "pid": 76523, "typ...
2025-05-21 23:57:14,598 - direct_sensor_memory - INFO - Extracted process context: {"active_window": "Unknown Window", "active_app": "Unknown", "active_apps": ["Cursor Helper (Plugin): extension-host [2-2]", "Cursor", "NotificationCenter", "chronod", "Cursor Helper (GPU)", "ScreenTimeAgent", "Cursor Helper (Renderer)", "Finder", "callservicesd", "Keychain Circle Notification"]}
2025-05-21 23:57:14,606 - direct_sensor_memory - INFO - ✅ Updated context file with keys: ['active_window', 'active_app', 'active_apps']
2025-05-21 23:57:14,606 - direct_sensor_memory - INFO - ✅ Successfully processed process data and updated memory/context
2025-05-21 23:57:18,611 - direct_sensor_memory - INFO - Detected process sensor update (last: 1747897032.7678084, new: 1747897038.0795214)
2025-05-21 23:57:18,619 - direct_sensor_memory - INFO - Processing process data: {"timestamp": "2025-05-21T23:57:18.078494", "active_app": "Unknown", "active_window": "Unknown Window", "active_processes": [{"name": "Cursor", "pid": 76164, "type": "other", "memory_mb": 59.9, "cpu_p...
2025-05-21 23:57:18,619 - direct_sensor_memory - INFO - Extracted process context: {"active_window": "Unknown Window", "active_app": "Unknown", "active_apps": ["Cursor", "NotificationCenter", "chronod", "Cursor Helper (GPU)", "assistantd", "Safari", "Finder", "ScreenTimeAgent", "Cursor Helper (Plugin): extension-host [2-2]", "SiriNCService"]}
2025-05-21 23:57:18,630 - direct_sensor_memory - INFO - ✅ Updated context file with keys: ['active_window', 'active_app', 'active_apps']
2025-05-21 23:57:18,630 - direct_sensor_memory - INFO - ✅ Successfully processed process data and updated memory/context
2025-05-21 23:57:24,636 - direct_sensor_memory - INFO - Detected process sensor update (last: 1747897038.0795214, new: 1747897043.8165348)
2025-05-21 23:57:24,638 - direct_sensor_memory - INFO - Processing process data: {"timestamp": "2025-05-21T23:57:23.813834", "active_app": "Unknown", "active_window": "Unknown Window", "active_processes": [{"name": "Cursor Helper (Plugin): extension-host [2-2]", "pid": 76523, "typ...
2025-05-21 23:57:24,638 - direct_sensor_memory - INFO - Extracted process context: {"active_window": "Unknown Window", "active_app": "Unknown", "active_apps": ["Cursor Helper (Plugin): extension-host [2-2]", "Cursor", "NotificationCenter", "Cursor Helper (GPU)", "chronod", "assistantd", "siriknowledged", "Cursor Helper (Renderer)", "cloudd", "Google Chrome"]}
2025-05-21 23:57:24,645 - direct_sensor_memory - INFO - ✅ Updated context file with keys: ['active_window', 'active_app', 'active_apps']
2025-05-21 23:57:24,645 - direct_sensor_memory - INFO - ✅ Successfully processed process data and updated memory/context
2025-05-21 23:57:30,656 - direct_sensor_memory - INFO - Detected process sensor update (last: 1747897043.8165348, new: 1747897049.8389688)
2025-05-21 23:57:30,685 - direct_sensor_memory - INFO - Processing process data: {"timestamp": "2025-05-21T23:57:29.824197", "active_app": "Unknown", "active_window": "Unknown Window", "active_processes": [{"name": "Cursor", "pid": 76164, "type": "other", "memory_mb": 45.8, "cpu_p...
2025-05-21 23:57:30,686 - direct_sensor_memory - INFO - Extracted process context: {"active_window": "Unknown Window", "active_app": "Unknown", "active_apps": ["Cursor", "Cursor Helper (Plugin): extension-host [2-2]", "Cursor Helper (GPU)", "Cursor Helper (Plugin): extension-host [1-1]", "Cursor Helper (Renderer)", "WindowManager", "Google Chrome", "NotificationCenter", "Safari", "ControlCenter"]}
2025-05-21 23:57:30,705 - direct_sensor_memory - INFO - ✅ Updated context file with keys: ['active_window', 'active_app', 'active_apps']
2025-05-21 23:57:30,705 - direct_sensor_memory - INFO - ✅ Successfully processed process data and updated memory/context
2025-05-21 23:57:36,770 - direct_sensor_memory - INFO - Detected process sensor update (last: 1747897049.8389688, new: 1747897056.715744)
2025-05-21 23:57:36,784 - direct_sensor_memory - INFO - Processing process data: {"timestamp": "2025-05-21T23:57:36.706113", "active_app": "Unknown", "active_window": "Unknown Window", "active_processes": [{"name": "Cursor", "pid": 76164, "type": "other", "memory_mb": 43.0, "cpu_p...
2025-05-21 23:57:36,784 - direct_sensor_memory - INFO - Extracted process context: {"active_window": "Unknown Window", "active_app": "Unknown", "active_apps": ["Cursor", "Google Chrome", "WindowManager", "Safari", "Cursor Helper (GPU)", "Cursor Helper (Plugin): extension-host [2-2]", "Cursor Helper (Renderer)", "NotificationCenter", "Cursor Helper (Plugin): extension-host [1-1]", "Finder"]}
2025-05-21 23:57:36,792 - direct_sensor_memory - INFO - ✅ Updated context file with keys: ['active_window', 'active_app', 'active_apps']
2025-05-21 23:57:36,792 - direct_sensor_memory - INFO - ✅ Successfully processed process data and updated memory/context
2025-05-21 23:57:42,937 - direct_sensor_memory - INFO - Detected process sensor update (last: 1747897056.715744, new: 1747897062.7773843)
2025-05-21 23:57:42,987 - direct_sensor_memory - INFO - Processing process data: {"timestamp": "2025-05-21T23:57:42.741062", "active_app": "Unknown", "active_window": "Unknown Window", "active_processes": [{"name": "Cursor Helper (Plugin): extension-host [2-2]", "pid": 76523, "typ...
2025-05-21 23:57:42,990 - direct_sensor_memory - INFO - Extracted process context: {"active_window": "Unknown Window", "active_app": "Unknown", "active_apps": ["Cursor Helper (Plugin): extension-host [2-2]", "Cursor", "Cursor Helper (Renderer)", "Google Chrome", "Safari", "Cursor Helper (GPU)", "sharingd", "NotificationCenter", "Finder", "Cursor Helper (Plugin): extension-host [1-1]"]}
2025-05-21 23:57:43,019 - direct_sensor_memory - INFO - ✅ Updated context file with keys: ['active_window', 'active_app', 'active_apps']
2025-05-21 23:57:43,019 - direct_sensor_memory - INFO - ✅ Successfully processed process data and updated memory/context
2025-05-21 23:57:53,179 - direct_sensor_memory - INFO - Detected process sensor update (last: 1747897062.7773843, new: 1747897073.054782)
2025-05-21 23:57:53,205 - direct_sensor_memory - INFO - Processing process data: {"timestamp": "2025-05-21T23:57:53.048785", "active_app": "Unknown", "active_window": "Unknown Window", "active_processes": [{"name": "Cursor Helper (Plugin): extension-host [2-2]", "pid": 76523, "typ...
2025-05-21 23:57:53,205 - direct_sensor_memory - INFO - Extracted process context: {"active_window": "Unknown Window", "active_app": "Unknown", "active_apps": ["Cursor Helper (Plugin): extension-host [2-2]", "Cursor", "Cursor Helper (GPU)", "Google Chrome", "NotificationCenter", "ctkd", "callservicesd", "corespeechd", "Safari", "Finder"]}
2025-05-21 23:57:53,236 - direct_sensor_memory - INFO - ✅ Updated context file with keys: ['active_window', 'active_app', 'active_apps']
2025-05-21 23:57:53,236 - direct_sensor_memory - INFO - ✅ Successfully processed process data and updated memory/context
2025-05-21 23:58:03,527 - direct_sensor_memory - INFO - Detected process sensor update (last: 1747897073.054782, new: 1747897082.5510368)
2025-05-21 23:58:03,573 - direct_sensor_memory - INFO - Processing process data: {"timestamp": "2025-05-21T23:58:02.544355", "active_app": "Unknown", "active_window": "Unknown Window", "active_processes": [{"name": "Cursor", "pid": 76164, "type": "other", "memory_mb": 21.0, "cpu_p...
2025-05-21 23:58:03,573 - direct_sensor_memory - INFO - Extracted process context: {"active_window": "Unknown Window", "active_app": "Unknown", "active_apps": ["Cursor", "NotificationCenter", "Cursor Helper (GPU)", "Google Chrome", "ollama", "sharingd", "networkserviceproxy", "Cursor Helper (Plugin): extension-host [2-2]", "exchangesyncd", "identityservicesd"]}
2025-05-21 23:58:03,594 - direct_sensor_memory - INFO - ✅ Updated context file with keys: ['active_window', 'active_app', 'active_apps']
2025-05-21 23:58:03,594 - direct_sensor_memory - INFO - ✅ Successfully processed process data and updated memory/context
2025-05-21 23:58:09,622 - direct_sensor_memory - INFO - Detected process sensor update (last: 1747897082.5510368, new: 1747897088.3577995)
2025-05-21 23:58:09,638 - direct_sensor_memory - INFO - Processing process data: {"timestamp": "2025-05-21T23:58:08.354315", "active_app": "Unknown", "active_window": "Unknown Window", "active_processes": [{"name": "Cursor Helper (Plugin): extension-host [2-2]", "pid": 76523, "typ...
2025-05-21 23:58:09,641 - direct_sensor_memory - INFO - Extracted process context: {"active_window": "Unknown Window", "active_app": "Unknown", "active_apps": ["Cursor Helper (Plugin): extension-host [2-2]", "Cursor", "Siri", "NotificationCenter", "Keychain Circle Notification", "Cursor Helper (GPU)", "AddressBookSourceSync", "Google Chrome Helper (Renderer)", "replayd", "Google Chrome"]}
2025-05-21 23:58:09,657 - direct_sensor_memory - INFO - ✅ Updated context file with keys: ['active_window', 'active_app', 'active_apps']
2025-05-21 23:58:09,657 - direct_sensor_memory - INFO - ✅ Successfully processed process data and updated memory/context
2025-05-21 23:58:15,707 - direct_sensor_memory - INFO - Detected process sensor update (last: 1747897088.3577995, new: 1747897094.382762)
2025-05-21 23:58:15,715 - direct_sensor_memory - INFO - Processing process data: {"timestamp": "2025-05-21T23:58:14.337700", "active_app": "Unknown", "active_window": "Unknown Window", "active_processes": [{"name": "Cursor", "pid": 76164, "type": "other", "memory_mb": 32.4, "cpu_p...
2025-05-21 23:58:15,715 - direct_sensor_memory - INFO - Extracted process context: {"active_window": "Unknown Window", "active_app": "Unknown", "active_apps": ["Cursor", "Cursor Helper (Plugin): extension-host [2-2]", "NotificationCenter", "Cursor Helper (GPU)", "Cursor Helper (Renderer)", "Safari", "Google Chrome", "accountsd", "cdpd", "Keychain Circle Notification"]}
2025-05-21 23:58:15,720 - direct_sensor_memory - INFO - ✅ Updated context file with keys: ['active_window', 'active_app', 'active_apps']
2025-05-21 23:58:15,721 - direct_sensor_memory - INFO - ✅ Successfully processed process data and updated memory/context
2025-05-21 23:58:21,787 - direct_sensor_memory - INFO - Detected process sensor update (last: 1747897094.382762, new: 1747897100.8395514)
2025-05-21 23:58:21,818 - direct_sensor_memory - INFO - Processing process data: {"timestamp": "2025-05-21T23:58:20.795170", "active_app": "Unknown", "active_window": "Unknown Window", "active_processes": [{"name": "Cursor Helper (Renderer)", "pid": 76214, "type": "other", "memory...
2025-05-21 23:58:21,818 - direct_sensor_memory - INFO - Extracted process context: {"active_window": "Unknown Window", "active_app": "Unknown", "active_apps": ["Cursor Helper (Renderer)", "Cursor Helper (Plugin): extension-host [1-1]", "Cursor", "Cursor Helper (GPU)", "Google Chrome", "Safari", "Cursor Helper (Plugin): extension-host [2-2]", "mdworker_shared", "Keychain Circle Notification", "ollama"]}
2025-05-21 23:58:21,826 - direct_sensor_memory - INFO - ✅ Updated context file with keys: ['active_window', 'active_app', 'active_apps']
2025-05-21 23:58:21,826 - direct_sensor_memory - INFO - ✅ Successfully processed process data and updated memory/context
2025-05-21 23:58:32,186 - direct_sensor_memory - INFO - Detected process sensor update (last: 1747897100.8395514, new: 1747897111.3624303)
2025-05-21 23:58:32,308 - direct_sensor_memory - INFO - Processing process data: {"timestamp": "2025-05-21T23:58:31.219198", "active_app": "Unknown", "active_window": "Unknown Window", "active_processes": [{"name": "Cursor", "pid": 76164, "type": "other", "memory_mb": 55.6, "cpu_p...
2025-05-21 23:58:32,308 - direct_sensor_memory - INFO - Extracted process context: {"active_window": "Unknown Window", "active_app": "Unknown", "active_apps": ["Cursor", "Cursor Helper (GPU)", "Cursor Helper (Plugin): extension-host [2-2]", "chronod", "Cursor Helper (Renderer)", "Google Chrome", "intelligentroutingd", "triald", "sharingd", "pkd"]}
2025-05-21 23:58:32,525 - direct_sensor_memory - INFO - ✅ Updated context file with keys: ['active_window', 'active_app', 'active_apps']
2025-05-21 23:58:32,528 - direct_sensor_memory - INFO - ✅ Successfully processed process data and updated memory/context
2025-05-21 23:58:42,591 - direct_sensor_memory - INFO - Detected process sensor update (last: 1747897111.3624303, new: 1747897121.755019)
2025-05-21 23:58:42,600 - direct_sensor_memory - INFO - Processing process data: {"timestamp": "2025-05-21T23:58:41.740252", "active_app": "Unknown", "active_window": "Unknown Window", "active_processes": [{"name": "Cursor", "pid": 76164, "type": "other", "memory_mb": 21.3, "cpu_p...
2025-05-21 23:58:42,600 - direct_sensor_memory - INFO - Extracted process context: {"active_window": "Unknown Window", "active_app": "Unknown", "active_apps": ["Cursor", "Cursor Helper (GPU)", "chronod", "ScreenTimeWidgetExtension", "CommCenter", "Cursor Helper (Renderer)", "Cursor Helper (Plugin): extension-host [2-2]", "intelligentroutingd", "Google Chrome", "NotificationCenter"]}
2025-05-21 23:58:42,608 - direct_sensor_memory - INFO - ✅ Updated context file with keys: ['active_window', 'active_app', 'active_apps']
2025-05-21 23:58:42,608 - direct_sensor_memory - INFO - ✅ Successfully processed process data and updated memory/context
2025-05-21 23:58:48,763 - direct_sensor_memory - INFO - Detected process sensor update (last: 1747897121.755019, new: 1747897128.5606694)
2025-05-21 23:58:48,768 - direct_sensor_memory - INFO - Processing process data: {"timestamp": "2025-05-21T23:58:48.557902", "active_app": "Unknown", "active_window": "Unknown Window", "active_processes": [{"name": "Cursor Helper (Renderer)", "pid": 76214, "type": "other", "memory...
2025-05-21 23:58:48,768 - direct_sensor_memory - INFO - Extracted process context: {"active_window": "Unknown Window", "active_app": "Unknown", "active_apps": ["Cursor Helper (Renderer)", "Cursor", "Safari", "Cursor Helper (Plugin): extension-host [2-2]", "Cursor Helper (GPU)", "Google Chrome", "callservicesd", "ScreenTimeAgent", "WindowManager", "maild"]}
2025-05-21 23:58:48,779 - direct_sensor_memory - INFO - ✅ Updated context file with keys: ['active_window', 'active_app', 'active_apps']
2025-05-21 23:58:48,779 - direct_sensor_memory - INFO - ✅ Successfully processed process data and updated memory/context
2025-05-21 23:58:57,215 - direct_sensor_memory - INFO - Detected process sensor update (last: 1747897128.5606694, new: 1747897136.0390277)
2025-05-21 23:58:57,282 - direct_sensor_memory - INFO - Processing process data: {"timestamp": "2025-05-21T23:58:56.028304", "active_app": "Unknown", "active_window": "Unknown Window", "active_processes": [{"name": "Cursor", "pid": 76164, "type": "other", "memory_mb": 68.1, "cpu_p...
2025-05-21 23:58:57,283 - direct_sensor_memory - INFO - Extracted process context: {"active_window": "Unknown Window", "active_app": "Unknown", "active_apps": ["Cursor", "Cursor Helper (Plugin): extension-host [2-2]", "Safari", "Cursor Helper (Renderer)", "callservicesd", "Cursor Helper (GPU)", "Finder", "ScreenTimeAgent", "Keychain Circle Notification", "maild"]}
2025-05-21 23:58:57,367 - direct_sensor_memory - INFO - ✅ Updated context file with keys: ['active_window', 'active_app', 'active_apps']
2025-05-21 23:58:57,369 - direct_sensor_memory - INFO - ✅ Successfully processed process data and updated memory/context
2025-05-21 23:59:05,468 - direct_sensor_memory - INFO - Detected process sensor update (last: 1747897136.0390277, new: 1747897143.9634795)
2025-05-21 23:59:05,494 - direct_sensor_memory - INFO - Processing process data: {"timestamp": "2025-05-21T23:59:03.959199", "active_app": "Unknown", "active_window": "Unknown Window", "active_processes": [{"name": "Cursor Helper (Plugin): extension-host [2-2]", "pid": 76523, "typ...
2025-05-21 23:59:05,494 - direct_sensor_memory - INFO - Extracted process context: {"active_window": "Unknown Window", "active_app": "Unknown", "active_apps": ["Cursor Helper (Plugin): extension-host [2-2]", "Google Chrome Helper (Renderer)", "Google Chrome", "Cursor", "Cursor Helper (Renderer)", "ScreenTimeWidgetExtension", "Cursor Helper (GPU)", "cloudd", "callservicesd", "Safari"]}
2025-05-21 23:59:05,545 - direct_sensor_memory - INFO - ✅ Updated context file with keys: ['active_window', 'active_app', 'active_apps']
2025-05-21 23:59:05,545 - direct_sensor_memory - INFO - ✅ Successfully processed process data and updated memory/context
2025-05-21 23:59:12,312 - direct_sensor_memory - INFO - Detected process sensor update (last: 1747897143.9634795, new: 1747897150.3528228)
2025-05-21 23:59:12,323 - direct_sensor_memory - INFO - Processing process data: {"timestamp": "2025-05-21T23:59:10.346800", "active_app": "Unknown", "active_window": "Unknown Window", "active_processes": [{"name": "Google Chrome Helper (Renderer)", "pid": 15189, "type": "browser"...
2025-05-21 23:59:12,327 - direct_sensor_memory - INFO - Extracted process context: {"active_window": "Unknown Window", "active_app": "Unknown", "active_apps": ["Google Chrome Helper (Renderer)", "Cursor Helper (Plugin): extension-host [2-2]", "Cursor", "Cursor Helper (Renderer)", "Google Chrome", "Cursor Helper (GPU)", "calaccessd", "ScreenTimeWidgetExtension", "donotdisturbd", "ContextService"]}
2025-05-21 23:59:12,371 - direct_sensor_memory - INFO - ✅ Updated context file with keys: ['active_window', 'active_app', 'active_apps']
2025-05-21 23:59:12,371 - direct_sensor_memory - INFO - ✅ Successfully processed process data and updated memory/context
2025-05-21 23:59:18,393 - direct_sensor_memory - INFO - Detected process sensor update (last: 1747897150.3528228, new: 1747897156.4457269)
2025-05-21 23:59:18,433 - direct_sensor_memory - INFO - Processing process data: {"timestamp": "2025-05-21T23:59:16.442814", "active_app": "Unknown", "active_window": "Unknown Window", "active_processes": [{"name": "Cursor Helper (Plugin): extension-host [2-2]", "pid": 76523, "typ...
2025-05-21 23:59:18,435 - direct_sensor_memory - INFO - Extracted process context: {"active_window": "Unknown Window", "active_app": "Unknown", "active_apps": ["Cursor Helper (Plugin): extension-host [2-2]", "Cursor Helper (Renderer)", "Cursor", "Google Chrome", "Google Chrome Helper (Renderer)", "Cursor Helper (GPU)", "Safari", "Finder", "assistantd", "cloudd"]}
2025-05-21 23:59:19,346 - direct_sensor_memory - INFO - ✅ Updated context file with keys: ['active_window', 'active_app', 'active_apps']
2025-05-21 23:59:19,347 - direct_sensor_memory - INFO - ✅ Successfully processed process data and updated memory/context
2025-05-21 23:59:24,040 - direct_sensor_memory - INFO - Detected process sensor update (last: 1747897156.4457269, new: 1747897163.1910417)
2025-05-21 23:59:24,055 - direct_sensor_memory - INFO - Processing process data: {"timestamp": "2025-05-21T23:59:23.184947", "active_app": "Unknown", "active_window": "Unknown Window", "active_processes": [{"name": "Cursor Helper (Renderer)", "pid": 76214, "type": "other", "memory...
2025-05-21 23:59:24,057 - direct_sensor_memory - INFO - Extracted process context: {"active_window": "Unknown Window", "active_app": "Unknown", "active_apps": ["Cursor Helper (Renderer)", "Cursor Helper (Plugin): extension-host [2-2]", "Cursor", "Cursor Helper (Plugin): extension-host [1-1]", "cloudd", "Safari", "Cursor Helper (GPU)", "donotdisturbd", "calaccessd", "assistantd"]}
2025-05-21 23:59:24,071 - direct_sensor_memory - INFO - ✅ Updated context file with keys: ['active_window', 'active_app', 'active_apps']
2025-05-21 23:59:24,071 - direct_sensor_memory - INFO - ✅ Successfully processed process data and updated memory/context
2025-05-21 23:59:30,087 - direct_sensor_memory - INFO - Detected process sensor update (last: 1747897163.1910417, new: 1747897168.961536)
2025-05-21 23:59:30,091 - direct_sensor_memory - INFO - Processing process data: {"timestamp": "2025-05-21T23:59:28.950460", "active_app": "Unknown", "active_window": "Unknown Window", "active_processes": [{"name": "Cursor Helper (Plugin): extension-host [2-2]", "pid": 76523, "typ...
2025-05-21 23:59:30,091 - direct_sensor_memory - INFO - Extracted process context: {"active_window": "Unknown Window", "active_app": "Unknown", "active_apps": ["Cursor Helper (Plugin): extension-host [2-2]", "Cursor", "Cursor Helper (Renderer)", "Safari", "NotificationCenter", "Finder", "Cursor Helper (GPU)", "calaccessd", "donotdisturbd", "callservicesd"]}
2025-05-21 23:59:30,096 - direct_sensor_memory - INFO - ✅ Updated context file with keys: ['active_window', 'active_app', 'active_apps']
2025-05-21 23:59:30,096 - direct_sensor_memory - INFO - ✅ Successfully processed process data and updated memory/context
2025-05-21 23:59:36,106 - direct_sensor_memory - INFO - Detected process sensor update (last: 1747897168.961536, new: 1747897174.466547)
2025-05-21 23:59:36,110 - direct_sensor_memory - INFO - Processing process data: {"timestamp": "2025-05-21T23:59:34.464609", "active_app": "Unknown", "active_window": "Unknown Window", "active_processes": [{"name": "Cursor Helper (Renderer)", "pid": 76214, "type": "other", "memory...
2025-05-21 23:59:36,110 - direct_sensor_memory - INFO - Extracted process context: {"active_window": "Unknown Window", "active_app": "Unknown", "active_apps": ["Cursor Helper (Renderer)", "Cursor", "Cursor Helper (Plugin): extension-host [2-2]", "Cursor Helper (GPU)", "Google Chrome", "sharingd", "donotdisturbd", "ScreenTimeWidgetExtension", "ScreenTimeAgent", "calaccessd"]}
2025-05-21 23:59:36,116 - direct_sensor_memory - INFO - ✅ Updated context file with keys: ['active_window', 'active_app', 'active_apps']
2025-05-21 23:59:36,116 - direct_sensor_memory - INFO - ✅ Successfully processed process data and updated memory/context
2025-05-21 23:59:42,135 - direct_sensor_memory - INFO - Detected process sensor update (last: 1747897174.466547, new: 1747897180.4298706)
2025-05-21 23:59:42,184 - direct_sensor_memory - INFO - Processing process data: {"timestamp": "2025-05-21T23:59:40.424619", "active_app": "Unknown", "active_window": "Unknown Window", "active_processes": [{"name": "Cursor Helper (Renderer)", "pid": 76214, "type": "other", "memory...
2025-05-21 23:59:42,186 - direct_sensor_memory - INFO - Extracted process context: {"active_window": "Unknown Window", "active_app": "Unknown", "active_apps": ["Cursor Helper (Renderer)", "Cursor", "Cursor Helper (Plugin): extension-host [2-2]", "Cursor Helper (GPU)", "ScreenTimeAgent", "ScreenTimeWidgetExtension", "calaccessd", "siriknowledged", "donotdisturbd", "AddressBookSourceSync"]}
2025-05-21 23:59:42,211 - direct_sensor_memory - INFO - ✅ Updated context file with keys: ['active_window', 'active_app', 'active_apps']
2025-05-21 23:59:42,213 - direct_sensor_memory - INFO - ✅ Successfully processed process data and updated memory/context
2025-05-21 23:59:48,224 - direct_sensor_memory - INFO - Detected process sensor update (last: 1747897180.4298706, new: 1747897186.5298772)
2025-05-21 23:59:48,273 - direct_sensor_memory - INFO - Processing process data: {"timestamp": "2025-05-21T23:59:46.517364", "active_app": "Unknown", "active_window": "Unknown Window", "active_processes": [{"name": "Cursor Helper (Renderer)", "pid": 76214, "type": "other", "memory...
2025-05-21 23:59:48,273 - direct_sensor_memory - INFO - Extracted process context: {"active_window": "Unknown Window", "active_app": "Unknown", "active_apps": ["Cursor Helper (Renderer)", "Cursor Helper (Plugin): extension-host [2-2]", "Cursor", "Cursor Helper (GPU)", "Google Chrome", "Microsoft Update Assistant", "replayd", "Safari", "ScreenTimeAgent", "exchangesyncd"]}
2025-05-21 23:59:48,296 - direct_sensor_memory - INFO - ✅ Updated context file with keys: ['active_window', 'active_app', 'active_apps']
2025-05-21 23:59:48,297 - direct_sensor_memory - INFO - ✅ Successfully processed process data and updated memory/context
2025-05-21 23:59:52,362 - direct_sensor_memory - INFO - Detected process sensor update (last: 1747897186.5298772, new: 1747897192.228598)
2025-05-21 23:59:52,368 - direct_sensor_memory - INFO - Processing process data: {"timestamp": "2025-05-21T23:59:52.222649", "active_app": "Unknown", "active_window": "Unknown Window", "active_processes": [{"name": "Cursor", "pid": 76164, "type": "other", "memory_mb": 71.8, "cpu_p...
2025-05-21 23:59:52,368 - direct_sensor_memory - INFO - Extracted process context: {"active_window": "Unknown Window", "active_app": "Unknown", "active_apps": ["Cursor", "Cursor Helper (Renderer)", "Cursor Helper (Plugin): extension-host [2-2]", "Cursor Helper (GPU)", "replayd", "siriknowledged", "AddressBookSourceSync", "cloudd", "Google Chrome", "Microsoft Update Assistant"]}
2025-05-21 23:59:52,380 - direct_sensor_memory - INFO - ✅ Updated context file with keys: ['active_window', 'active_app', 'active_apps']
2025-05-21 23:59:52,380 - direct_sensor_memory - INFO - ✅ Successfully processed process data and updated memory/context
2025-05-21 23:59:58,390 - direct_sensor_memory - INFO - Detected process sensor update (last: 1747897192.228598, new: 1747897197.4652271)
2025-05-21 23:59:58,394 - direct_sensor_memory - INFO - Processing process data: {"timestamp": "2025-05-21T23:59:57.464436", "active_app": "Unknown", "active_window": "Unknown Window", "active_processes": [{"name": "Cursor Helper (Renderer)", "pid": 76214, "type": "other", "memory...
2025-05-21 23:59:58,394 - direct_sensor_memory - INFO - Extracted process context: {"active_window": "Unknown Window", "active_app": "Unknown", "active_apps": ["Cursor Helper (Renderer)", "Cursor", "Cursor Helper (Plugin): extension-host [2-2]", "Safari", "AddressBookManager", "contactsd", "AddressBookSourceSync", "Finder", "Cursor Helper (GPU)", "CommCenter"]}
2025-05-21 23:59:58,400 - direct_sensor_memory - INFO - ✅ Updated context file with keys: ['active_window', 'active_app', 'active_apps']
2025-05-21 23:59:58,400 - direct_sensor_memory - INFO - ✅ Successfully processed process data and updated memory/context
2025-05-22 00:00:04,409 - direct_sensor_memory - INFO - Detected process sensor update (last: 1747897197.4652271, new: 1747897202.917911)
2025-05-22 00:00:04,412 - direct_sensor_memory - INFO - Processing process data: {"timestamp": "2025-05-22T00:00:02.916462", "active_app": "Unknown", "active_window": "Unknown Window", "active_processes": [{"name": "Cursor Helper (Renderer)", "pid": 76214, "type": "other", "memory...
2025-05-22 00:00:04,412 - direct_sensor_memory - INFO - Extracted process context: {"active_window": "Unknown Window", "active_app": "Unknown", "active_apps": ["Cursor Helper (Renderer)", "Google Chrome Helper (Renderer)", "Cursor", "Cursor Helper (Plugin): extension-host [2-2]", "Google Chrome", "Cursor Helper (GPU)", "remindd", "NotificationCenter", "CommCenter", "Keychain Circle Notification"]}
2025-05-22 00:00:04,421 - direct_sensor_memory - INFO - ✅ Updated context file with keys: ['active_window', 'active_app', 'active_apps']
2025-05-22 00:00:04,422 - direct_sensor_memory - INFO - ✅ Successfully processed process data and updated memory/context
2025-05-22 00:00:08,468 - direct_sensor_memory - INFO - Detected process sensor update (last: 1747897202.917911, new: 1747897208.151479)
2025-05-22 00:00:08,470 - direct_sensor_memory - INFO - Processing process data: {"timestamp": "2025-05-22T00:00:08.150706", "active_app": "Unknown", "active_window": "Unknown Window", "active_processes": [{"name": "Google Chrome Helper (Renderer)", "pid": 16016, "type": "browser"...
2025-05-22 00:00:08,471 - direct_sensor_memory - INFO - Extracted process context: {"active_window": "Unknown Window", "active_app": "Unknown", "active_apps": ["Google Chrome Helper (Renderer)", "Google Chrome", "Cursor Helper (Renderer)", "RatesWidgetExtension", "NotificationCenter", "Cursor", "CalendarWidgetExtension", "Cursor Helper (Plugin): extension-host [2-2]", "remindd", "Cursor Helper (GPU)"]}
2025-05-22 00:00:08,478 - direct_sensor_memory - INFO - ✅ Updated context file with keys: ['active_window', 'active_app', 'active_apps']
2025-05-22 00:00:08,479 - direct_sensor_memory - INFO - ✅ Successfully processed process data and updated memory/context
2025-05-22 00:00:14,483 - direct_sensor_memory - INFO - Detected process sensor update (last: 1747897208.151479, new: 1747897213.3668795)
2025-05-22 00:00:14,487 - direct_sensor_memory - INFO - Processing process data: {"timestamp": "2025-05-22T00:00:13.365934", "active_app": "Unknown", "active_window": "Unknown Window", "active_processes": [{"name": "Google Chrome Helper (Renderer)", "pid": 16016, "type": "browser"...
2025-05-22 00:00:14,487 - direct_sensor_memory - INFO - Extracted process context: {"active_window": "Unknown Window", "active_app": "Unknown", "active_apps": ["Google Chrome Helper (Renderer)", "Cursor Helper (Renderer)", "Cursor Helper (Plugin): extension-host [2-2]", "Cursor", "Google Chrome", "NotificationCenter", "RatesWidgetExtension", "CalendarWidgetExtension", "Cursor Helper (GPU)", "remindd"]}
2025-05-22 00:00:14,495 - direct_sensor_memory - INFO - ✅ Updated context file with keys: ['active_window', 'active_app', 'active_apps']
2025-05-22 00:00:14,495 - direct_sensor_memory - INFO - ✅ Successfully processed process data and updated memory/context
2025-05-22 00:00:20,498 - direct_sensor_memory - INFO - Detected process sensor update (last: 1747897213.3668795, new: 1747897218.5930603)
2025-05-22 00:00:20,502 - direct_sensor_memory - INFO - Processing process data: {"timestamp": "2025-05-22T00:00:18.592413", "active_app": "Unknown", "active_window": "Unknown Window", "active_processes": [{"name": "Google Chrome Helper (Renderer)", "pid": 16016, "type": "browser"...
2025-05-22 00:00:20,502 - direct_sensor_memory - INFO - Extracted process context: {"active_window": "Unknown Window", "active_app": "Unknown", "active_apps": ["Google Chrome Helper (Renderer)", "Cursor Helper (Renderer)", "Cursor Helper (Plugin): extension-host [2-2]", "Cursor", "Google Chrome", "NotificationCenter", "RatesWidgetExtension", "CalendarWidgetExtension", "Cursor Helper (GPU)", "remindd"]}
2025-05-22 00:00:20,512 - direct_sensor_memory - INFO - ✅ Updated context file with keys: ['active_window', 'active_app', 'active_apps']
2025-05-22 00:00:20,512 - direct_sensor_memory - INFO - ✅ Successfully processed process data and updated memory/context
2025-05-22 00:00:24,514 - direct_sensor_memory - INFO - Detected process sensor update (last: 1747897218.5930603, new: 1747897223.8056595)
2025-05-22 00:00:24,516 - direct_sensor_memory - INFO - Processing process data: {"timestamp": "2025-05-22T00:00:23.804734", "active_app": "Unknown", "active_window": "Unknown Window", "active_processes": [{"name": "Cursor Helper (Plugin): extension-host [2-2]", "pid": 76523, "typ...
2025-05-22 00:00:24,516 - direct_sensor_memory - INFO - Extracted process context: {"active_window": "Unknown Window", "active_app": "Unknown", "active_apps": ["Cursor Helper (Plugin): extension-host [2-2]", "Cursor", "Cursor Helper (Renderer)", "Google Chrome Helper (Renderer)", "Google Chrome", "Cursor Helper (Plugin): extension-host [1-1]", "Cursor Helper (GPU)", "RatesWidgetExtension", "NotificationCenter", "CalendarWidgetExtension"]}
2025-05-22 00:00:24,522 - direct_sensor_memory - INFO - ✅ Updated context file with keys: ['active_window', 'active_app', 'active_apps']
2025-05-22 00:00:24,522 - direct_sensor_memory - INFO - ✅ Successfully processed process data and updated memory/context
2025-05-22 00:00:30,526 - direct_sensor_memory - INFO - Detected process sensor update (last: 1747897223.8056595, new: 1747897229.033217)
2025-05-22 00:00:30,529 - direct_sensor_memory - INFO - Processing process data: {"timestamp": "2025-05-22T00:00:29.032560", "active_app": "Unknown", "active_window": "Unknown Window", "active_processes": [{"name": "Cursor Helper (Renderer)", "pid": 76214, "type": "other", "memory...
2025-05-22 00:00:30,529 - direct_sensor_memory - INFO - Extracted process context: {"active_window": "Unknown Window", "active_app": "Unknown", "active_apps": ["Cursor Helper (Renderer)", "Cursor Helper (Plugin): extension-host [2-2]", "Cursor", "Google Chrome Helper (Renderer)", "Google Chrome", "Cursor Helper (Plugin): extension-host [1-1]", "Cursor Helper (GPU)", "NotificationCenter", "RatesWidgetExtension", "Siri"]}
2025-05-22 00:00:30,535 - direct_sensor_memory - INFO - ✅ Updated context file with keys: ['active_window', 'active_app', 'active_apps']
2025-05-22 00:00:30,535 - direct_sensor_memory - INFO - ✅ Successfully processed process data and updated memory/context
2025-05-22 00:00:34,537 - direct_sensor_memory - INFO - Detected process sensor update (last: 1747897229.033217, new: 1747897234.2606177)
2025-05-22 00:00:34,538 - direct_sensor_memory - INFO - Processing process data: {"timestamp": "2025-05-22T00:00:34.259936", "active_app": "Unknown", "active_window": "Unknown Window", "active_processes": [{"name": "Cursor Helper (Renderer)", "pid": 76214, "type": "other", "memory...
2025-05-22 00:00:34,539 - direct_sensor_memory - INFO - Extracted process context: {"active_window": "Unknown Window", "active_app": "Unknown", "active_apps": ["Cursor Helper (Renderer)", "Cursor", "Cursor Helper (Plugin): extension-host [2-2]", "Google Chrome", "Cursor Helper (GPU)", "RatesWidgetExtension", "NotificationCenter", "remindd", "Safari", "Python"]}
2025-05-22 00:00:34,544 - direct_sensor_memory - INFO - ✅ Updated context file with keys: ['active_window', 'active_app', 'active_apps']
2025-05-22 00:00:34,544 - direct_sensor_memory - INFO - ✅ Successfully processed process data and updated memory/context
2025-05-22 00:00:40,547 - direct_sensor_memory - INFO - Detected process sensor update (last: 1747897234.2606177, new: 1747897239.495308)
2025-05-22 00:00:40,550 - direct_sensor_memory - INFO - Processing process data: {"timestamp": "2025-05-22T00:00:39.494696", "active_app": "Unknown", "active_window": "Unknown Window", "active_processes": [{"name": "Cursor", "pid": 76164, "type": "other", "memory_mb": 96.0, "cpu_p...
2025-05-22 00:00:40,550 - direct_sensor_memory - INFO - Extracted process context: {"active_window": "Unknown Window", "active_app": "Unknown", "active_apps": ["Cursor", "Cursor Helper (Renderer)", "Cursor Helper (Plugin): extension-host [2-2]", "Google Chrome", "Cursor Helper (GPU)", "NotificationCenter", "RatesWidgetExtension", "remindd", "Safari", "Python"]}
2025-05-22 00:00:40,555 - direct_sensor_memory - INFO - ✅ Updated context file with keys: ['active_window', 'active_app', 'active_apps']
2025-05-22 00:00:40,555 - direct_sensor_memory - INFO - ✅ Successfully processed process data and updated memory/context
2025-05-22 00:00:46,591 - direct_sensor_memory - INFO - Detected process sensor update (last: 1747897239.495308, new: 1747897244.7519162)
2025-05-22 00:00:46,594 - direct_sensor_memory - INFO - Processing process data: {"timestamp": "2025-05-22T00:00:44.750697", "active_app": "Unknown", "active_window": "Unknown Window", "active_processes": [{"name": "Cursor", "pid": 76164, "type": "other", "memory_mb": 142.3, "cpu_...
2025-05-22 00:00:46,594 - direct_sensor_memory - INFO - Extracted process context: {"active_window": "Unknown Window", "active_app": "Unknown", "active_apps": ["Cursor", "Safari", "Cursor Helper (Renderer)", "replayd", "Google Chrome", "Cursor Helper (Plugin): extension-host [2-2]", "Cursor Helper (GPU)", "RatesWidgetExtension", "NotificationCenter", "ContextStoreAgent"]}
2025-05-22 00:00:46,602 - direct_sensor_memory - INFO - ✅ Updated context file with keys: ['active_window', 'active_app', 'active_apps']
2025-05-22 00:00:46,603 - direct_sensor_memory - INFO - ✅ Successfully processed process data and updated memory/context
2025-05-22 00:00:50,607 - direct_sensor_memory - INFO - Detected process sensor update (last: 1747897244.7519162, new: 1747897249.986921)
2025-05-22 00:00:50,612 - direct_sensor_memory - INFO - Processing process data: {"timestamp": "2025-05-22T00:00:49.986152", "active_app": "Unknown", "active_window": "Unknown Window", "active_processes": [{"name": "Cursor", "pid": 76164, "type": "other", "memory_mb": 136.1, "cpu_...
2025-05-22 00:00:50,612 - direct_sensor_memory - INFO - Extracted process context: {"active_window": "Unknown Window", "active_app": "Unknown", "active_apps": ["Cursor", "Safari", "Cursor Helper (GPU)", "Cursor Helper (Renderer)", "Google Chrome", "Cursor Helper (Plugin): extension-host [2-2]", "RatesWidgetExtension", "CalendarWidgetExtension", "Siri", "ContextStoreAgent"]}
2025-05-22 00:00:50,617 - direct_sensor_memory - INFO - ✅ Updated context file with keys: ['active_window', 'active_app', 'active_apps']
2025-05-22 00:00:50,617 - direct_sensor_memory - INFO - ✅ Successfully processed process data and updated memory/context
2025-05-22 00:00:56,622 - direct_sensor_memory - INFO - Detected process sensor update (last: 1747897249.986921, new: 1747897255.19064)
2025-05-22 00:00:56,625 - direct_sensor_memory - INFO - Processing process data: {"timestamp": "2025-05-22T00:00:55.189933", "active_app": "Unknown", "active_window": "Unknown Window", "active_processes": [{"name": "Cursor Helper (Renderer)", "pid": 76214, "type": "other", "memory...
2025-05-22 00:00:56,626 - direct_sensor_memory - INFO - Extracted process context: {"active_window": "Unknown Window", "active_app": "Unknown", "active_apps": ["Cursor Helper (Renderer)", "Cursor", "Cursor Helper (Plugin): extension-host [2-2]", "Safari", "Google Chrome", "Cursor Helper (GPU)", "NotificationCenter", "RatesWidgetExtension", "CalendarWidgetExtension", "mdworker_shared"]}
2025-05-22 00:00:56,631 - direct_sensor_memory - INFO - ✅ Updated context file with keys: ['active_window', 'active_app', 'active_apps']
2025-05-22 00:00:56,631 - direct_sensor_memory - INFO - ✅ Successfully processed process data and updated memory/context
2025-05-22 00:01:00,634 - direct_sensor_memory - INFO - Detected process sensor update (last: 1747897255.19064, new: 1747897260.3970578)
2025-05-22 00:01:00,638 - direct_sensor_memory - INFO - Processing process data: {"timestamp": "2025-05-22T00:01:00.395743", "active_app": "Unknown", "active_window": "Unknown Window", "active_processes": [{"name": "Cursor Helper (Renderer)", "pid": 76214, "type": "other", "memory...
2025-05-22 00:01:00,639 - direct_sensor_memory - INFO - Extracted process context: {"active_window": "Unknown Window", "active_app": "Unknown", "active_apps": ["Cursor Helper (Renderer)", "Cursor", "Google Chrome Helper (Renderer)", "Cursor Helper (Plugin): extension-host [2-2]", "Google Chrome", "Safari", "Cursor Helper (GPU)", "NotificationCenter", "CommCenter", "RatesWidgetExtension"]}
2025-05-22 00:01:00,646 - direct_sensor_memory - INFO - ✅ Updated context file with keys: ['active_window', 'active_app', 'active_apps']
2025-05-22 00:01:00,646 - direct_sensor_memory - INFO - ✅ Successfully processed process data and updated memory/context
2025-05-22 00:01:06,650 - direct_sensor_memory - INFO - Detected process sensor update (last: 1747897260.3970578, new: 1747897265.6247087)
2025-05-22 00:01:06,654 - direct_sensor_memory - INFO - Processing process data: {"timestamp": "2025-05-22T00:01:05.623868", "active_app": "Unknown", "active_window": "Unknown Window", "active_processes": [{"name": "Cursor Helper (Renderer)", "pid": 76214, "type": "other", "memory...
2025-05-22 00:01:06,654 - direct_sensor_memory - INFO - Extracted process context: {"active_window": "Unknown Window", "active_app": "Unknown", "active_apps": ["Cursor Helper (Renderer)", "Cursor Helper (Plugin): extension-host [2-2]", "Cursor", "Google Chrome", "Google Chrome Helper (Renderer)", "Safari", "Cursor Helper (GPU)", "NotificationCenter", "RatesWidgetExtension", "ControlCenter"]}
2025-05-22 00:01:06,660 - direct_sensor_memory - INFO - ✅ Updated context file with keys: ['active_window', 'active_app', 'active_apps']
2025-05-22 00:01:06,661 - direct_sensor_memory - INFO - ✅ Successfully processed process data and updated memory/context
2025-05-22 00:01:12,664 - direct_sensor_memory - INFO - Detected process sensor update (last: 1747897265.6247087, new: 1747897270.8321393)
2025-05-22 00:01:12,665 - direct_sensor_memory - INFO - Processing process data: {"timestamp": "2025-05-22T00:01:10.831484", "active_app": "Unknown", "active_window": "Unknown Window", "active_processes": [{"name": "Cursor Helper (Renderer)", "pid": 76214, "type": "other", "memory...
2025-05-22 00:01:12,666 - direct_sensor_memory - INFO - Extracted process context: {"active_window": "Unknown Window", "active_app": "Unknown", "active_apps": ["Cursor Helper (Renderer)", "Cursor", "Cursor Helper (Plugin): extension-host [2-2]", "Google Chrome Helper (Renderer)", "Google Chrome", "Safari", "Cursor Helper (GPU)", "NotificationCenter", "Finder", "RatesWidgetExtension"]}
2025-05-22 00:01:12,670 - direct_sensor_memory - INFO - ✅ Updated context file with keys: ['active_window', 'active_app', 'active_apps']
2025-05-22 00:01:12,671 - direct_sensor_memory - INFO - ✅ Successfully processed process data and updated memory/context
2025-05-22 00:01:16,673 - direct_sensor_memory - INFO - Detected process sensor update (last: 1747897270.8321393, new: 1747897276.0341578)
2025-05-22 00:01:16,676 - direct_sensor_memory - INFO - Processing process data: {"timestamp": "2025-05-22T00:01:16.033440", "active_app": "Unknown", "active_window": "Unknown Window", "active_processes": [{"name": "Cursor", "pid": 76164, "type": "other", "memory_mb": 125.1, "cpu_...
2025-05-22 00:01:16,676 - direct_sensor_memory - INFO - Extracted process context: {"active_window": "Unknown Window", "active_app": "Unknown", "active_apps": ["Cursor", "Cursor Helper (Plugin): extension-host [2-2]", "Google Chrome Helper (Renderer)", "Google Chrome", "Cursor Helper (Renderer)", "Safari", "Cursor Helper (GPU)", "NotificationCenter", "Finder", "CommCenter"]}
2025-05-22 00:01:16,682 - direct_sensor_memory - INFO - ✅ Updated context file with keys: ['active_window', 'active_app', 'active_apps']
2025-05-22 00:01:16,682 - direct_sensor_memory - INFO - ✅ Successfully processed process data and updated memory/context
2025-05-22 00:01:22,686 - direct_sensor_memory - INFO - Detected process sensor update (last: 1747897276.0341578, new: 1747897281.2775612)
2025-05-22 00:01:22,690 - direct_sensor_memory - INFO - Processing process data: {"timestamp": "2025-05-22T00:01:21.276234", "active_app": "Unknown", "active_window": "Unknown Window", "active_processes": [{"name": "Cursor Helper (Renderer)", "pid": 76214, "type": "other", "memory...
2025-05-22 00:01:22,690 - direct_sensor_memory - INFO - Extracted process context: {"active_window": "Unknown Window", "active_app": "Unknown", "active_apps": ["Cursor Helper (Renderer)", "Cursor", "Cursor Helper (Plugin): extension-host [2-2]", "Google Chrome Helper (Renderer)", "Google Chrome", "Cursor Helper (Plugin): extension-host [1-1]", "Safari", "Cursor Helper (GPU)", "NotificationCenter", "Finder"]}
2025-05-22 00:01:22,697 - direct_sensor_memory - INFO - ✅ Updated context file with keys: ['active_window', 'active_app', 'active_apps']
2025-05-22 00:01:22,697 - direct_sensor_memory - INFO - ✅ Successfully processed process data and updated memory/context
2025-05-22 00:01:26,700 - direct_sensor_memory - INFO - Detected process sensor update (last: 1747897281.2775612, new: 1747897286.5240996)
2025-05-22 00:01:26,702 - direct_sensor_memory - INFO - Processing process data: {"timestamp": "2025-05-22T00:01:26.523341", "active_app": "Unknown", "active_window": "Unknown Window", "active_processes": [{"name": "Cursor", "pid": 76164, "type": "other", "memory_mb": 100.2, "cpu_...
2025-05-22 00:01:26,702 - direct_sensor_memory - INFO - Extracted process context: {"active_window": "Unknown Window", "active_app": "Unknown", "active_apps": ["Cursor", "Cursor Helper (Plugin): extension-host [2-2]", "Google Chrome Helper (Renderer)", "Cursor Helper (Renderer)", "replayd", "Google Chrome", "Safari", "assistantd", "cloudd", "Cursor Helper (GPU)"]}
2025-05-22 00:01:26,707 - direct_sensor_memory - INFO - ✅ Updated context file with keys: ['active_window', 'active_app', 'active_apps']
2025-05-22 00:01:26,707 - direct_sensor_memory - INFO - ✅ Successfully processed process data and updated memory/context
2025-05-22 00:01:32,711 - direct_sensor_memory - INFO - Detected process sensor update (last: 1747897286.5240996, new: 1747897291.7498658)
2025-05-22 00:01:32,715 - direct_sensor_memory - INFO - Processing process data: {"timestamp": "2025-05-22T00:01:31.749195", "active_app": "Unknown", "active_window": "Unknown Window", "active_processes": [{"name": "Cursor", "pid": 76164, "type": "other", "memory_mb": 106.3, "cpu_...
2025-05-22 00:01:32,715 - direct_sensor_memory - INFO - Extracted process context: {"active_window": "Unknown Window", "active_app": "Unknown", "active_apps": ["Cursor", "Cursor Helper (Renderer)", "Cursor Helper (Plugin): extension-host [2-2]", "Google Chrome", "replayd", "Safari", "Cursor Helper (Plugin): extension-host [1-1]", "assistantd", "cloudd", "Cursor Helper (GPU)"]}
2025-05-22 00:01:32,726 - direct_sensor_memory - INFO - ✅ Updated context file with keys: ['active_window', 'active_app', 'active_apps']
2025-05-22 00:01:32,726 - direct_sensor_memory - INFO - ✅ Successfully processed process data and updated memory/context
2025-05-22 00:01:38,730 - direct_sensor_memory - INFO - Detected process sensor update (last: 1747897291.7498658, new: 1747897297.0128827)
2025-05-22 00:01:38,736 - direct_sensor_memory - INFO - Processing process data: {"timestamp": "2025-05-22T00:01:37.011591", "active_app": "Unknown", "active_window": "Unknown Window", "active_processes": [{"name": "Cursor", "pid": 76164, "type": "other", "memory_mb": 100.2, "cpu_...
2025-05-22 00:01:38,737 - direct_sensor_memory - INFO - Extracted process context: {"active_window": "Unknown Window", "active_app": "Unknown", "active_apps": ["Cursor", "Cursor Helper (Plugin): extension-host [2-2]", "Google Chrome", "Cursor Helper (Renderer)", "Cursor Helper (GPU)", "assistantd", "CommCenter", "Siri", "remindd", "SiriNCService"]}
2025-05-22 00:01:38,745 - direct_sensor_memory - INFO - ✅ Updated context file with keys: ['active_window', 'active_app', 'active_apps']
2025-05-22 00:01:38,745 - direct_sensor_memory - INFO - ✅ Successfully processed process data and updated memory/context
2025-05-22 00:01:42,748 - direct_sensor_memory - INFO - Detected process sensor update (last: 1747897297.0128827, new: 1747897302.2299633)
2025-05-22 00:01:42,751 - direct_sensor_memory - INFO - Processing process data: {"timestamp": "2025-05-22T00:01:42.229042", "active_app": "Unknown", "active_window": "Unknown Window", "active_processes": [{"name": "Cursor", "pid": 76164, "type": "other", "memory_mb": 119.3, "cpu_...
2025-05-22 00:01:42,751 - direct_sensor_memory - INFO - Extracted process context: {"active_window": "Unknown Window", "active_app": "Unknown", "active_apps": ["Cursor", "Cursor Helper (Plugin): extension-host [2-2]", "Cursor Helper (Renderer)", "Google Chrome", "Cursor Helper (GPU)", "Safari", "assistantd", "NotificationCenter", "CommCenter", "Siri"]}
2025-05-22 00:01:42,758 - direct_sensor_memory - INFO - ✅ Updated context file with keys: ['active_window', 'active_app', 'active_apps']
2025-05-22 00:01:42,758 - direct_sensor_memory - INFO - ✅ Successfully processed process data and updated memory/context
2025-05-22 00:01:48,761 - direct_sensor_memory - INFO - Detected process sensor update (last: 1747897302.2299633, new: 1747897307.4642622)
2025-05-22 00:01:48,763 - direct_sensor_memory - INFO - Processing process data: {"timestamp": "2025-05-22T00:01:47.463362", "active_app": "Unknown", "active_window": "Unknown Window", "active_processes": [{"name": "Cursor Helper (Renderer)", "pid": 76214, "type": "other", "memory...
2025-05-22 00:01:48,763 - direct_sensor_memory - INFO - Extracted process context: {"active_window": "Unknown Window", "active_app": "Unknown", "active_apps": ["Cursor Helper (Renderer)", "Cursor", "Cursor Helper (Plugin): extension-host [2-2]", "Google Chrome", "Safari", "Cursor Helper (GPU)", "assistantd", "NotificationCenter", "Siri", "CommCenter"]}
2025-05-22 00:01:48,768 - direct_sensor_memory - INFO - ✅ Updated context file with keys: ['active_window', 'active_app', 'active_apps']
2025-05-22 00:01:48,768 - direct_sensor_memory - INFO - ✅ Successfully processed process data and updated memory/context
2025-05-22 00:01:52,771 - direct_sensor_memory - INFO - Detected process sensor update (last: 1747897307.4642622, new: 1747897312.7215226)
2025-05-22 00:01:52,773 - direct_sensor_memory - INFO - Processing process data: {"timestamp": "2025-05-22T00:01:52.720719", "active_app": "Unknown", "active_window": "Unknown Window", "active_processes": [{"name": "Cursor", "pid": 76164, "type": "other", "memory_mb": 448.8, "cpu_...
2025-05-22 00:01:52,774 - direct_sensor_memory - INFO - Extracted process context: {"active_window": "Unknown Window", "active_app": "Unknown", "active_apps": ["Cursor", "Cursor Helper (Renderer)", "Google Chrome", "Cursor Helper (Plugin): extension-host [2-2]", "Safari", "Cursor Helper (GPU)", "assistantd", "Siri", "CommCenter", "remindd"]}
2025-05-22 00:01:52,779 - direct_sensor_memory - INFO - ✅ Updated context file with keys: ['active_window', 'active_app', 'active_apps']
2025-05-22 00:01:52,779 - direct_sensor_memory - INFO - ✅ Successfully processed process data and updated memory/context
2025-05-22 00:01:58,783 - direct_sensor_memory - INFO - Detected process sensor update (last: 1747897312.7215226, new: 1747897317.9878695)
2025-05-22 00:01:58,785 - direct_sensor_memory - INFO - Processing process data: {"timestamp": "2025-05-22T00:01:57.985758", "active_app": "Unknown", "active_window": "Unknown Window", "active_processes": [{"name": "Cursor", "pid": 76164, "type": "other", "memory_mb": 181.8, "cpu_...
2025-05-22 00:01:58,785 - direct_sensor_memory - INFO - Extracted process context: {"active_window": "Unknown Window", "active_app": "Unknown", "active_apps": ["Cursor", "Cursor Helper (Renderer)", "Google Chrome", "Cursor Helper (Plugin): extension-host [2-2]", "Safari", "Cursor Helper (GPU)", "NotificationCenter", "assistantd", "Siri", "CommCenter"]}
2025-05-22 00:01:58,792 - direct_sensor_memory - INFO - ✅ Updated context file with keys: ['active_window', 'active_app', 'active_apps']
2025-05-22 00:01:58,792 - direct_sensor_memory - INFO - ✅ Successfully processed process data and updated memory/context
2025-05-22 00:02:04,823 - direct_sensor_memory - INFO - Detected process sensor update (last: 1747897317.9878695, new: 1747897323.9172146)
2025-05-22 00:02:04,826 - direct_sensor_memory - INFO - Processing process data: {"timestamp": "2025-05-22T00:02:03.915128", "active_app": "Unknown", "active_window": "Unknown Window", "active_processes": [{"name": "Cursor", "pid": 76164, "type": "other", "memory_mb": 91.0, "cpu_p...
2025-05-22 00:02:04,826 - direct_sensor_memory - INFO - Extracted process context: {"active_window": "Unknown Window", "active_app": "Unknown", "active_apps": ["Cursor", "Google Chrome Helper (Renderer)", "Cursor Helper (Renderer)", "Cursor Helper (Plugin): extension-host [2-2]", "Google Chrome", "Cursor Helper (GPU)", "NotificationCenter", "assistantd", "Siri", "CommCenter"]}
2025-05-22 00:02:04,837 - direct_sensor_memory - INFO - ✅ Updated context file with keys: ['active_window', 'active_app', 'active_apps']
2025-05-22 00:02:04,837 - direct_sensor_memory - INFO - ✅ Successfully processed process data and updated memory/context
2025-05-22 00:02:10,841 - direct_sensor_memory - INFO - Detected process sensor update (last: 1747897323.9172146, new: 1747897329.1326153)
2025-05-22 00:02:10,845 - direct_sensor_memory - INFO - Processing process data: {"timestamp": "2025-05-22T00:02:09.131636", "active_app": "Unknown", "active_window": "Unknown Window", "active_processes": [{"name": "Cursor Helper (Renderer)", "pid": 76214, "type": "other", "memory...
2025-05-22 00:02:10,845 - direct_sensor_memory - INFO - Extracted process context: {"active_window": "Unknown Window", "active_app": "Unknown", "active_apps": ["Cursor Helper (Renderer)", "Cursor", "Google Chrome Helper (Renderer)", "Cursor Helper (Plugin): extension-host [2-2]", "Google Chrome", "Safari", "Cursor Helper (GPU)", "NotificationCenter", "assistantd", "Siri"]}
2025-05-22 00:02:10,854 - direct_sensor_memory - INFO - ✅ Updated context file with keys: ['active_window', 'active_app', 'active_apps']
2025-05-22 00:02:10,855 - direct_sensor_memory - INFO - ✅ Successfully processed process data and updated memory/context
2025-05-22 00:02:14,857 - direct_sensor_memory - INFO - Detected process sensor update (last: 1747897329.1326153, new: 1747897334.3432593)
2025-05-22 00:02:14,860 - direct_sensor_memory - INFO - Processing process data: {"timestamp": "2025-05-22T00:02:14.342610", "active_app": "Unknown", "active_window": "Unknown Window", "active_processes": [{"name": "Cursor Helper (Renderer)", "pid": 76214, "type": "other", "memory...
2025-05-22 00:02:14,860 - direct_sensor_memory - INFO - Extracted process context: {"active_window": "Unknown Window", "active_app": "Unknown", "active_apps": ["Cursor Helper (Renderer)", "Cursor", "Google Chrome Helper (Renderer)", "Cursor Helper (Plugin): extension-host [2-2]", "Google Chrome", "Safari", "Cursor Helper (GPU)", "NotificationCenter", "assistantd", "Siri"]}
2025-05-22 00:02:14,866 - direct_sensor_memory - INFO - ✅ Updated context file with keys: ['active_window', 'active_app', 'active_apps']
2025-05-22 00:02:14,867 - direct_sensor_memory - INFO - ✅ Successfully processed process data and updated memory/context
2025-05-22 00:02:20,869 - direct_sensor_memory - INFO - Detected process sensor update (last: 1747897334.3432593, new: 1747897339.5746198)
2025-05-22 00:02:20,873 - direct_sensor_memory - INFO - Processing process data: {"timestamp": "2025-05-22T00:02:19.573981", "active_app": "Unknown", "active_window": "Unknown Window", "active_processes": [{"name": "Cursor Helper (Renderer)", "pid": 76214, "type": "other", "memory...
2025-05-22 00:02:20,874 - direct_sensor_memory - INFO - Extracted process context: {"active_window": "Unknown Window", "active_app": "Unknown", "active_apps": ["Cursor Helper (Renderer)", "Cursor", "Cursor Helper (Plugin): extension-host [2-2]", "Google Chrome Helper (Renderer)", "Cursor Helper (Plugin): extension-host [1-1]", "Google Chrome", "Safari", "Cursor Helper (GPU)", "NotificationCenter", "assistantd"]}
2025-05-22 00:02:20,884 - direct_sensor_memory - INFO - ✅ Updated context file with keys: ['active_window', 'active_app', 'active_apps']
2025-05-22 00:02:20,884 - direct_sensor_memory - INFO - ✅ Successfully processed process data and updated memory/context
2025-05-22 00:02:24,886 - direct_sensor_memory - INFO - Detected process sensor update (last: 1747897339.5746198, new: 1747897344.7928376)
2025-05-22 00:02:24,888 - direct_sensor_memory - INFO - Processing process data: {"timestamp": "2025-05-22T00:02:24.792079", "active_app": "Unknown", "active_window": "Unknown Window", "active_processes": [{"name": "Cursor Helper (Renderer)", "pid": 76214, "type": "other", "memory...
2025-05-22 00:02:24,888 - direct_sensor_memory - INFO - Extracted process context: {"active_window": "Unknown Window", "active_app": "Unknown", "active_apps": ["Cursor Helper (Renderer)", "Cursor", "Cursor Helper (Plugin): extension-host [2-2]", "Cursor Helper (Plugin): extension-host [1-1]", "Google Chrome Helper (Renderer)", "Google Chrome", "Safari", "Cursor Helper (GPU)", "NotificationCenter", "assistantd"]}
2025-05-22 00:02:24,894 - direct_sensor_memory - INFO - ✅ Updated context file with keys: ['active_window', 'active_app', 'active_apps']
2025-05-22 00:02:24,894 - direct_sensor_memory - INFO - ✅ Successfully processed process data and updated memory/context
2025-05-22 00:02:30,897 - direct_sensor_memory - INFO - Detected process sensor update (last: 1747897344.7928376, new: 1747897350.0156577)
2025-05-22 00:02:30,899 - direct_sensor_memory - INFO - Processing process data: {"timestamp": "2025-05-22T00:02:30.014573", "active_app": "Unknown", "active_window": "Unknown Window", "active_processes": [{"name": "Cursor Helper (Renderer)", "pid": 76214, "type": "other", "memory...
2025-05-22 00:02:30,899 - direct_sensor_memory - INFO - Extracted process context: {"active_window": "Unknown Window", "active_app": "Unknown", "active_apps": ["Cursor Helper (Renderer)", "Cursor", "Cursor Helper (Plugin): extension-host [2-2]", "Cursor Helper (Plugin): extension-host [1-1]", "Google Chrome", "Safari", "suggestd", "Cursor Helper (GPU)", "NotificationCenter", "ControlCenter"]}
2025-05-22 00:02:30,905 - direct_sensor_memory - INFO - ✅ Updated context file with keys: ['active_window', 'active_app', 'active_apps']
2025-05-22 00:02:30,905 - direct_sensor_memory - INFO - ✅ Successfully processed process data and updated memory/context
2025-05-22 00:02:36,909 - direct_sensor_memory - INFO - Detected process sensor update (last: 1747897350.0156577, new: 1747897355.2315962)
2025-05-22 00:02:36,911 - direct_sensor_memory - INFO - Processing process data: {"timestamp": "2025-05-22T00:02:35.230899", "active_app": "Unknown", "active_window": "Unknown Window", "active_processes": [{"name": "Cursor Helper (Renderer)", "pid": 76214, "type": "other", "memory...
2025-05-22 00:02:36,911 - direct_sensor_memory - INFO - Extracted process context: {"active_window": "Unknown Window", "active_app": "Unknown", "active_apps": ["Cursor Helper (Renderer)", "Cursor", "Cursor Helper (Plugin): extension-host [2-2]", "Cursor Helper (Plugin): extension-host [1-1]", "Google Chrome", "Safari", "Cursor Helper (GPU)", "suggestd", "Finder", "NotificationCenter"]}
2025-05-22 00:02:36,918 - direct_sensor_memory - INFO - ✅ Updated context file with keys: ['active_window', 'active_app', 'active_apps']
2025-05-22 00:02:36,918 - direct_sensor_memory - INFO - ✅ Successfully processed process data and updated memory/context
2025-05-22 00:02:40,922 - direct_sensor_memory - INFO - Detected process sensor update (last: 1747897355.2315962, new: 1747897360.5091577)
2025-05-22 00:02:40,925 - direct_sensor_memory - INFO - Processing process data: {"timestamp": "2025-05-22T00:02:40.508435", "active_app": "Unknown", "active_window": "Unknown Window", "active_processes": [{"name": "Cursor", "pid": 76164, "type": "other", "memory_mb": 143.4, "cpu_...
2025-05-22 00:02:40,925 - direct_sensor_memory - INFO - Extracted process context: {"active_window": "Unknown Window", "active_app": "Unknown", "active_apps": ["Cursor", "Cursor Helper (Plugin): extension-host [2-2]", "Cursor Helper (Renderer)", "Cursor Helper (Plugin): extension-host [1-1]", "Google Chrome", "Safari", "Cursor Helper (GPU)", "Finder", "ControlCenter", "assistantd"]}
2025-05-22 00:02:40,936 - direct_sensor_memory - INFO - ✅ Updated context file with keys: ['active_window', 'active_app', 'active_apps']
2025-05-22 00:02:40,937 - direct_sensor_memory - INFO - ✅ Successfully processed process data and updated memory/context
2025-05-22 00:02:46,941 - direct_sensor_memory - INFO - Detected process sensor update (last: 1747897360.5091577, new: 1747897365.7199228)
2025-05-22 00:02:46,944 - direct_sensor_memory - INFO - Processing process data: {"timestamp": "2025-05-22T00:02:45.719143", "active_app": "Unknown", "active_window": "Unknown Window", "active_processes": [{"name": "Cursor Helper (Renderer)", "pid": 76214, "type": "other", "memory...
2025-05-22 00:02:46,944 - direct_sensor_memory - INFO - Extracted process context: {"active_window": "Unknown Window", "active_app": "Unknown", "active_apps": ["Cursor Helper (Renderer)", "Cursor", "Cursor Helper (Plugin): extension-host [2-2]", "Google Chrome", "Safari", "Cursor Helper (GPU)", "assistantd", "NotificationCenter", "Siri", "Finder"]}
2025-05-22 00:02:46,956 - direct_sensor_memory - INFO - ✅ Updated context file with keys: ['active_window', 'active_app', 'active_apps']
2025-05-22 00:02:46,956 - direct_sensor_memory - INFO - ✅ Successfully processed process data and updated memory/context
2025-05-22 00:02:52,958 - direct_sensor_memory - INFO - Detected process sensor update (last: 1747897365.7199228, new: 1747897370.9731734)
2025-05-22 00:02:52,962 - direct_sensor_memory - INFO - Processing process data: {"timestamp": "2025-05-22T00:02:50.972295", "active_app": "Unknown", "active_window": "Unknown Window", "active_processes": [{"name": "Cursor", "pid": 76164, "type": "other", "memory_mb": 71.9, "cpu_p...
2025-05-22 00:02:52,962 - direct_sensor_memory - INFO - Extracted process context: {"active_window": "Unknown Window", "active_app": "Unknown", "active_apps": ["Cursor", "Cursor Helper (Plugin): extension-host [2-2]", "Google Chrome", "Cursor Helper (Renderer)", "Safari", "NotificationCenter", "Cursor Helper (GPU)", "assistantd", "Siri", "SiriNCService"]}
2025-05-22 00:02:52,970 - direct_sensor_memory - INFO - ✅ Updated context file with keys: ['active_window', 'active_app', 'active_apps']
2025-05-22 00:02:52,970 - direct_sensor_memory - INFO - ✅ Successfully processed process data and updated memory/context
2025-05-22 00:02:56,977 - direct_sensor_memory - INFO - Detected process sensor update (last: 1747897370.9731734, new: 1747897376.4192405)
2025-05-22 00:02:56,980 - direct_sensor_memory - INFO - Processing process data: {"timestamp": "2025-05-22T00:02:56.417637", "active_app": "Unknown", "active_window": "Unknown Window", "active_processes": [{"name": "Cursor", "pid": 76164, "type": "other", "memory_mb": 121.4, "cpu_...
2025-05-22 00:02:56,980 - direct_sensor_memory - INFO - Extracted process context: {"active_window": "Unknown Window", "active_app": "Unknown", "active_apps": ["Cursor", "Cursor Helper (Plugin): extension-host [2-2]", "Google Chrome", "Safari", "Cursor Helper (Renderer)", "Cursor Helper (GPU)", "NotificationCenter", "assistantd", "Python", "Siri"]}
2025-05-22 00:02:56,987 - direct_sensor_memory - INFO - ✅ Updated context file with keys: ['active_window', 'active_app', 'active_apps']
2025-05-22 00:02:56,987 - direct_sensor_memory - INFO - ✅ Successfully processed process data and updated memory/context
2025-05-22 00:03:02,991 - direct_sensor_memory - INFO - Detected process sensor update (last: 1747897376.4192405, new: 1747897381.628358)
2025-05-22 00:03:02,992 - direct_sensor_memory - INFO - Processing process data: {"timestamp": "2025-05-22T00:03:01.627450", "active_app": "Unknown", "active_window": "Unknown Window", "active_processes": [{"name": "Cursor", "pid": 76164, "type": "other", "memory_mb": 156.0, "cpu_...
2025-05-22 00:03:02,992 - direct_sensor_memory - INFO - Extracted process context: {"active_window": "Unknown Window", "active_app": "Unknown", "active_apps": ["Cursor", "Cursor Helper (Renderer)", "Google Chrome Helper (Renderer)", "Cursor Helper (Plugin): extension-host [2-2]", "Google Chrome", "Safari", "Cursor Helper (GPU)", "NotificationCenter", "ControlCenter", "assistantd"]}
2025-05-22 00:03:02,999 - direct_sensor_memory - INFO - ✅ Updated context file with keys: ['active_window', 'active_app', 'active_apps']
2025-05-22 00:03:02,999 - direct_sensor_memory - INFO - ✅ Successfully processed process data and updated memory/context
2025-05-22 00:03:07,002 - direct_sensor_memory - INFO - Detected process sensor update (last: 1747897381.628358, new: 1747897386.8519452)
2025-05-22 00:03:07,003 - direct_sensor_memory - INFO - Processing process data: {"timestamp": "2025-05-22T00:03:06.851131", "active_app": "Unknown", "active_window": "Unknown Window", "active_processes": [{"name": "Cursor", "pid": 76164, "type": "other", "memory_mb": 163.0, "cpu_...
2025-05-22 00:03:07,003 - direct_sensor_memory - INFO - Extracted process context: {"active_window": "Unknown Window", "active_app": "Unknown", "active_apps": ["Cursor", "Cursor Helper (Renderer)", "Google Chrome Helper (Renderer)", "Cursor Helper (Plugin): extension-host [2-2]", "Google Chrome", "Safari", "Cursor Helper (GPU)", "NotificationCenter", "Google Chrome Helper (GPU)", "ControlCenter"]}
2025-05-22 00:03:07,010 - direct_sensor_memory - INFO - ✅ Updated context file with keys: ['active_window', 'active_app', 'active_apps']
2025-05-22 00:03:07,010 - direct_sensor_memory - INFO - ✅ Successfully processed process data and updated memory/context
2025-05-22 00:03:13,014 - direct_sensor_memory - INFO - Detected process sensor update (last: 1747897386.8519452, new: 1747897392.069719)
2025-05-22 00:03:13,017 - direct_sensor_memory - INFO - Processing process data: {"timestamp": "2025-05-22T00:03:12.068548", "active_app": "Unknown", "active_window": "Unknown Window", "active_processes": [{"name": "Cursor", "pid": 76164, "type": "other", "memory_mb": 164.5, "cpu_...
2025-05-22 00:03:13,017 - direct_sensor_memory - INFO - Extracted process context: {"active_window": "Unknown Window", "active_app": "Unknown", "active_apps": ["Cursor", "Google Chrome Helper (Renderer)", "Cursor Helper (Renderer)", "Cursor Helper (Plugin): extension-host [2-2]", "Google Chrome", "Safari", "Cursor Helper (GPU)", "NotificationCenter", "Google Chrome Helper (GPU)", "ControlCenter"]}
2025-05-22 00:03:13,027 - direct_sensor_memory - INFO - ✅ Updated context file with keys: ['active_window', 'active_app', 'active_apps']
2025-05-22 00:03:13,027 - direct_sensor_memory - INFO - ✅ Successfully processed process data and updated memory/context
2025-05-22 00:03:19,031 - direct_sensor_memory - INFO - Detected process sensor update (last: 1747897392.069719, new: 1747897397.2820163)
2025-05-22 00:03:19,034 - direct_sensor_memory - INFO - Processing process data: {"timestamp": "2025-05-22T00:03:17.281377", "active_app": "Unknown", "active_window": "Unknown Window", "active_processes": [{"name": "Cursor Helper (Renderer)", "pid": 76214, "type": "other", "memory...
2025-05-22 00:03:19,034 - direct_sensor_memory - INFO - Extracted process context: {"active_window": "Unknown Window", "active_app": "Unknown", "active_apps": ["Cursor Helper (Renderer)", "Cursor", "Cursor Helper (Plugin): extension-host [2-2]", "Google Chrome Helper (Renderer)", "Google Chrome", "Cursor Helper (GPU)", "Safari", "NotificationCenter", "Google Chrome Helper (GPU)", "ControlCenter"]}
2025-05-22 00:03:19,045 - direct_sensor_memory - INFO - ✅ Updated context file with keys: ['active_window', 'active_app', 'active_apps']
2025-05-22 00:03:19,046 - direct_sensor_memory - INFO - ✅ Successfully processed process data and updated memory/context
2025-05-22 00:03:23,082 - direct_sensor_memory - INFO - Detected process sensor update (last: 1747897397.2820163, new: 1747897402.547606)
2025-05-22 00:03:23,084 - direct_sensor_memory - INFO - Processing process data: {"timestamp": "2025-05-22T00:03:22.546270", "active_app": "Unknown", "active_window": "Unknown Window", "active_processes": [{"name": "Google Chrome Helper (Renderer)", "pid": 18546, "type": "browser"...
2025-05-22 00:03:23,084 - direct_sensor_memory - INFO - Extracted process context: {"active_window": "Unknown Window", "active_app": "Unknown", "active_apps": ["Google Chrome Helper (Renderer)", "Cursor Helper (Plugin): extension-host [2-2]", "Cursor", "Google Chrome", "Cursor Helper (Renderer)", "Cursor Helper (GPU)", "Safari", "assistantd", "SiriNCService", "Siri"]}
2025-05-22 00:03:23,090 - direct_sensor_memory - INFO - ✅ Updated context file with keys: ['active_window', 'active_app', 'active_apps']
2025-05-22 00:03:23,090 - direct_sensor_memory - INFO - ✅ Successfully processed process data and updated memory/context
2025-05-22 00:03:29,095 - direct_sensor_memory - INFO - Detected process sensor update (last: 1747897402.547606, new: 1747897407.8610222)
2025-05-22 00:03:29,098 - direct_sensor_memory - INFO - Processing process data: {"timestamp": "2025-05-22T00:03:27.860156", "active_app": "Unknown", "active_window": "Unknown Window", "active_processes": [{"name": "Cursor Helper (Renderer)", "pid": 76214, "type": "other", "memory...
2025-05-22 00:03:29,098 - direct_sensor_memory - INFO - Extracted process context: {"active_window": "Unknown Window", "active_app": "Unknown", "active_apps": ["Cursor Helper (Renderer)", "Cursor", "Google Chrome Helper (Renderer)", "Cursor Helper (Plugin): extension-host [2-2]", "Google Chrome", "Cursor Helper (Plugin): extension-host [1-1]", "Cursor Helper (GPU)", "Safari", "NotificationCenter", "assistantd"]}
2025-05-22 00:03:29,106 - direct_sensor_memory - INFO - ✅ Updated context file with keys: ['active_window', 'active_app', 'active_apps']
2025-05-22 00:03:29,106 - direct_sensor_memory - INFO - ✅ Successfully processed process data and updated memory/context
2025-05-22 00:03:35,111 - direct_sensor_memory - INFO - Detected process sensor update (last: 1747897407.8610222, new: 1747897413.111359)
2025-05-22 00:03:35,118 - direct_sensor_memory - INFO - Processing process data: {"timestamp": "2025-05-22T00:03:33.110517", "active_app": "Unknown", "active_window": "Unknown Window", "active_processes": [{"name": "Google Chrome", "pid": 74515, "type": "browser", "memory_mb": 78....
2025-05-22 00:03:35,119 - direct_sensor_memory - INFO - Extracted process context: {"active_window": "Unknown Window", "active_app": "Unknown", "active_apps": ["Google Chrome", "Safari", "Cursor Helper (Renderer)", "Cursor", "Google Chrome Helper (Renderer)", "Cursor Helper (Plugin): extension-host [2-2]", "Cursor Helper (Plugin): extension-host [1-1]", "Google Chrome Helper (GPU)", "NotificationCenter", "Finder"]}
2025-05-22 00:03:35,127 - direct_sensor_memory - INFO - ✅ Updated context file with keys: ['active_window', 'active_app', 'active_apps']
2025-05-22 00:03:35,127 - direct_sensor_memory - INFO - ✅ Successfully processed process data and updated memory/context
2025-05-22 00:03:39,130 - direct_sensor_memory - INFO - Detected process sensor update (last: 1747897413.111359, new: 1747897418.4022787)
2025-05-22 00:03:39,133 - direct_sensor_memory - INFO - Processing process data: {"timestamp": "2025-05-22T00:03:38.401490", "active_app": "Unknown", "active_window": "Unknown Window", "active_processes": [{"name": "Cursor", "pid": 76164, "type": "other", "memory_mb": 284.0, "cpu_...
2025-05-22 00:03:39,133 - direct_sensor_memory - INFO - Extracted process context: {"active_window": "Unknown Window", "active_app": "Unknown", "active_apps": ["Cursor", "Cursor Helper (Renderer)", "Google Chrome", "Cursor Helper (Plugin): extension-host [2-2]", "Cursor Helper (Plugin): extension-host [1-1]", "Safari", "Google Chrome Helper (Renderer)", "NotificationCenter", "ControlCenter", "Google Chrome Helper (GPU)"]}
2025-05-22 00:03:39,140 - direct_sensor_memory - INFO - ✅ Updated context file with keys: ['active_window', 'active_app', 'active_apps']
2025-05-22 00:03:39,140 - direct_sensor_memory - INFO - ✅ Successfully processed process data and updated memory/context
2025-05-22 00:03:45,144 - direct_sensor_memory - INFO - Detected process sensor update (last: 1747897418.4022787, new: 1747897423.6472945)
2025-05-22 00:03:45,148 - direct_sensor_memory - INFO - Processing process data: {"timestamp": "2025-05-22T00:03:43.646115", "active_app": "Unknown", "active_window": "Unknown Window", "active_processes": [{"name": "Cursor Helper (Renderer)", "pid": 76214, "type": "other", "memory...
2025-05-22 00:03:45,148 - direct_sensor_memory - INFO - Extracted process context: {"active_window": "Unknown Window", "active_app": "Unknown", "active_apps": ["Cursor Helper (Renderer)", "Google Chrome", "Cursor", "Google Chrome Helper (Renderer)", "Finder", "Safari", "Google Chrome Helper (GPU)", "Cursor Helper (Plugin): extension-host [2-2]", "Cursor Helper (Plugin): extension-host [1-1]", "NotificationCenter"]}
2025-05-22 00:03:45,157 - direct_sensor_memory - INFO - ✅ Updated context file with keys: ['active_window', 'active_app', 'active_apps']
2025-05-22 00:03:45,157 - direct_sensor_memory - INFO - ✅ Successfully processed process data and updated memory/context
2025-05-22 00:03:49,160 - direct_sensor_memory - INFO - Detected process sensor update (last: 1747897423.6472945, new: 1747897428.8646784)
2025-05-22 00:03:49,166 - direct_sensor_memory - INFO - Processing process data: {"timestamp": "2025-05-22T00:03:48.863553", "active_app": "Unknown", "active_window": "Unknown Window", "active_processes": [{"name": "Cursor", "pid": 76164, "type": "other", "memory_mb": 174.0, "cpu_...
2025-05-22 00:03:49,166 - direct_sensor_memory - INFO - Extracted process context: {"active_window": "Unknown Window", "active_app": "Unknown", "active_apps": ["Cursor", "Cursor Helper (Renderer)", "Google Chrome", "Safari", "Finder", "Google Chrome Helper (Renderer)", "Cursor Helper (Plugin): extension-host [2-2]", "Cursor Helper (GPU)", "Cursor Helper (Plugin): extension-host [1-1]", "Google Chrome Helper (GPU)"]}
2025-05-22 00:03:49,175 - direct_sensor_memory - INFO - ✅ Updated context file with keys: ['active_window', 'active_app', 'active_apps']
2025-05-22 00:03:49,175 - direct_sensor_memory - INFO - ✅ Successfully processed process data and updated memory/context
2025-05-22 00:03:55,179 - direct_sensor_memory - INFO - Detected process sensor update (last: 1747897428.8646784, new: 1747897434.0635781)
2025-05-22 00:03:55,181 - direct_sensor_memory - INFO - Processing process data: {"timestamp": "2025-05-22T00:03:54.062750", "active_app": "Unknown", "active_window": "Unknown Window", "active_processes": [{"name": "Cursor", "pid": 76164, "type": "other", "memory_mb": 177.4, "cpu_...
2025-05-22 00:03:55,182 - direct_sensor_memory - INFO - Extracted process context: {"active_window": "Unknown Window", "active_app": "Unknown", "active_apps": ["Cursor", "Cursor Helper (Renderer)", "Cursor Helper (Plugin): extension-host [2-2]", "Google Chrome", "Cursor Helper (Plugin): extension-host [1-1]", "Safari", "Google Chrome Helper (Renderer)", "Cursor Helper (GPU)", "Google Chrome Helper (GPU)", "NotificationCenter"]}
2025-05-22 00:03:55,187 - direct_sensor_memory - INFO - ✅ Updated context file with keys: ['active_window', 'active_app', 'active_apps']
2025-05-22 00:03:55,187 - direct_sensor_memory - INFO - ✅ Successfully processed process data and updated memory/context
