2025-06-01 15:02:05,443 - memory_trigger_system - INFO - 🚀 Starting Memory Trigger System
2025-06-01 15:02:05,443 - memory_trigger_system - INFO - Starting Memory Trigger System...
2025-06-01 15:02:05,443 - memory_trigger_system - INFO - Starting websocket: python overlay/minimal_ws_server.py
2025-06-01 15:02:05,443 - memory_trigger_system - INFO - Waiting for WebSocket server to start...
2025-06-01 15:02:05,445 - memory_trigger_system - INFO - Started websocket (PID: 25473)
2025-06-01 15:02:05,589 - memory_trigger_system - ERROR - [websocket] 2025-06-01 15:02:05,540 - INFO - Starting WebSocket server on localhost:8765
2025-06-01 15:02:05,590 - memory_trigger_system - WARNING - websocket process exited with code 1
2025-06-01 15:02:05,590 - memory_trigger_system - INFO - Restarting websocket...
2025-06-01 15:02:05,591 - memory_trigger_system - INFO - Restarted websocket (PID: 25474)
2025-06-01 15:02:05,710 - memory_trigger_system - ERROR - [websocket] 2025-06-01 15:02:05,675 - INFO - Starting WebSocket server on localhost:8765
2025-06-01 15:02:05,710 - memory_trigger_system - WARNING - websocket process exited with code 1
2025-06-01 15:02:05,710 - memory_trigger_system - INFO - Restarting websocket...
2025-06-01 15:02:05,712 - memory_trigger_system - INFO - Restarted websocket (PID: 25478)
2025-06-01 15:02:05,833 - memory_trigger_system - ERROR - [websocket] 2025-06-01 15:02:05,798 - INFO - Starting WebSocket server on localhost:8765
2025-06-01 15:02:05,834 - memory_trigger_system - WARNING - websocket process exited with code 1
2025-06-01 15:02:05,834 - memory_trigger_system - INFO - Restarting websocket...
2025-06-01 15:02:05,836 - memory_trigger_system - INFO - Restarted websocket (PID: 25480)
2025-06-01 15:02:05,961 - memory_trigger_system - ERROR - [websocket] 2025-06-01 15:02:05,920 - INFO - Starting WebSocket server on localhost:8765
2025-06-01 15:02:05,961 - memory_trigger_system - WARNING - websocket process exited with code 1
2025-06-01 15:02:05,962 - memory_trigger_system - INFO - Restarting websocket...
2025-06-01 15:02:05,963 - memory_trigger_system - INFO - Restarted websocket (PID: 25484)
2025-06-01 15:02:06,103 - memory_trigger_system - ERROR - [websocket] 2025-06-01 15:02:06,054 - INFO - Starting WebSocket server on localhost:8765
2025-06-01 15:02:06,103 - memory_trigger_system - WARNING - websocket process exited with code 1
2025-06-01 15:02:06,103 - memory_trigger_system - INFO - Restarting websocket...
2025-06-01 15:02:06,105 - memory_trigger_system - INFO - Restarted websocket (PID: 25486)
2025-06-01 15:02:06,228 - memory_trigger_system - ERROR - [websocket] 2025-06-01 15:02:06,192 - INFO - Starting WebSocket server on localhost:8765
2025-06-01 15:02:06,229 - memory_trigger_system - WARNING - websocket process exited with code 1
2025-06-01 15:02:06,229 - memory_trigger_system - INFO - Restarting websocket...
2025-06-01 15:02:06,231 - memory_trigger_system - INFO - Restarted websocket (PID: 25488)
2025-06-01 15:02:06,355 - memory_trigger_system - ERROR - [websocket] 2025-06-01 15:02:06,318 - INFO - Starting WebSocket server on localhost:8765
2025-06-01 15:02:06,356 - memory_trigger_system - WARNING - websocket process exited with code 1
2025-06-01 15:02:06,356 - memory_trigger_system - INFO - Restarting websocket...
2025-06-01 15:02:06,358 - memory_trigger_system - INFO - Restarted websocket (PID: 25491)
2025-06-01 15:02:06,477 - memory_trigger_system - ERROR - [websocket] 2025-06-01 15:02:06,444 - INFO - Starting WebSocket server on localhost:8765
2025-06-01 15:02:06,477 - memory_trigger_system - WARNING - websocket process exited with code 1
2025-06-01 15:02:06,478 - memory_trigger_system - INFO - Restarting websocket...
2025-06-01 15:02:06,479 - memory_trigger_system - INFO - Restarted websocket (PID: 25492)
2025-06-01 15:02:06,613 - memory_trigger_system - ERROR - [websocket] 2025-06-01 15:02:06,570 - INFO - Starting WebSocket server on localhost:8765
2025-06-01 15:02:06,613 - memory_trigger_system - WARNING - websocket process exited with code 1
2025-06-01 15:02:06,613 - memory_trigger_system - INFO - Restarting websocket...
2025-06-01 15:02:06,615 - memory_trigger_system - INFO - Restarted websocket (PID: 25494)
2025-06-01 15:02:06,734 - memory_trigger_system - ERROR - [websocket] 2025-06-01 15:02:06,698 - INFO - Starting WebSocket server on localhost:8765
2025-06-01 15:02:06,735 - memory_trigger_system - WARNING - websocket process exited with code 1
2025-06-01 15:02:06,735 - memory_trigger_system - INFO - Restarting websocket...
2025-06-01 15:02:06,737 - memory_trigger_system - INFO - Restarted websocket (PID: 25497)
2025-06-01 15:02:06,875 - memory_trigger_system - ERROR - [websocket] 2025-06-01 15:02:06,835 - INFO - Starting WebSocket server on localhost:8765
2025-06-01 15:02:06,875 - memory_trigger_system - WARNING - websocket process exited with code 1
2025-06-01 15:02:06,875 - memory_trigger_system - INFO - Restarting websocket...
2025-06-01 15:02:06,877 - memory_trigger_system - INFO - Restarted websocket (PID: 25499)
2025-06-01 15:02:07,015 - memory_trigger_system - ERROR - [websocket] 2025-06-01 15:02:06,972 - INFO - Starting WebSocket server on localhost:8765
2025-06-01 15:02:07,015 - memory_trigger_system - WARNING - websocket process exited with code 1
2025-06-01 15:02:07,016 - memory_trigger_system - INFO - Restarting websocket...
2025-06-01 15:02:07,017 - memory_trigger_system - INFO - Restarted websocket (PID: 25504)
2025-06-01 15:02:07,132 - memory_trigger_system - ERROR - [websocket] 2025-06-01 15:02:07,097 - INFO - Starting WebSocket server on localhost:8765
2025-06-01 15:02:07,132 - memory_trigger_system - WARNING - websocket process exited with code 1
2025-06-01 15:02:07,132 - memory_trigger_system - INFO - Restarting websocket...
2025-06-01 15:02:07,134 - memory_trigger_system - INFO - Restarted websocket (PID: 25505)
2025-06-01 15:02:07,246 - memory_trigger_system - ERROR - [websocket] 2025-06-01 15:02:07,213 - INFO - Starting WebSocket server on localhost:8765
2025-06-01 15:02:07,246 - memory_trigger_system - WARNING - websocket process exited with code 1
2025-06-01 15:02:07,246 - memory_trigger_system - INFO - Restarting websocket...
2025-06-01 15:02:07,248 - memory_trigger_system - INFO - Restarted websocket (PID: 25506)
2025-06-01 15:02:07,361 - memory_trigger_system - ERROR - [websocket] 2025-06-01 15:02:07,326 - INFO - Starting WebSocket server on localhost:8765
2025-06-01 15:02:07,362 - memory_trigger_system - WARNING - websocket process exited with code 1
2025-06-01 15:02:07,362 - memory_trigger_system - INFO - Restarting websocket...
2025-06-01 15:02:07,363 - memory_trigger_system - INFO - Restarted websocket (PID: 25507)
2025-06-01 15:02:07,475 - memory_trigger_system - ERROR - [websocket] 2025-06-01 15:02:07,442 - INFO - Starting WebSocket server on localhost:8765
2025-06-01 15:02:07,475 - memory_trigger_system - WARNING - websocket process exited with code 1
2025-06-01 15:02:07,475 - memory_trigger_system - INFO - Restarting websocket...
2025-06-01 15:02:07,477 - memory_trigger_system - INFO - Restarted websocket (PID: 25508)
2025-06-01 15:02:07,591 - memory_trigger_system - ERROR - [websocket] 2025-06-01 15:02:07,558 - INFO - Starting WebSocket server on localhost:8765
2025-06-01 15:02:07,591 - memory_trigger_system - WARNING - websocket process exited with code 1
2025-06-01 15:02:07,592 - memory_trigger_system - INFO - Restarting websocket...
2025-06-01 15:02:07,593 - memory_trigger_system - INFO - Restarted websocket (PID: 25511)
2025-06-01 15:02:07,707 - memory_trigger_system - ERROR - [websocket] 2025-06-01 15:02:07,673 - INFO - Starting WebSocket server on localhost:8765
2025-06-01 15:02:07,707 - memory_trigger_system - WARNING - websocket process exited with code 1
2025-06-01 15:02:07,707 - memory_trigger_system - INFO - Restarting websocket...
2025-06-01 15:02:07,709 - memory_trigger_system - INFO - Restarted websocket (PID: 25512)
2025-06-01 15:02:07,821 - memory_trigger_system - ERROR - [websocket] 2025-06-01 15:02:07,788 - INFO - Starting WebSocket server on localhost:8765
2025-06-01 15:02:07,821 - memory_trigger_system - WARNING - websocket process exited with code 1
2025-06-01 15:02:07,821 - memory_trigger_system - INFO - Restarting websocket...
2025-06-01 15:02:07,823 - memory_trigger_system - INFO - Restarted websocket (PID: 25515)
2025-06-01 15:02:07,965 - memory_trigger_system - ERROR - [websocket] 2025-06-01 15:02:07,923 - INFO - Starting WebSocket server on localhost:8765
2025-06-01 15:02:07,966 - memory_trigger_system - WARNING - websocket process exited with code 1
2025-06-01 15:02:07,966 - memory_trigger_system - INFO - Restarting websocket...
2025-06-01 15:02:07,967 - memory_trigger_system - INFO - Restarted websocket (PID: 25518)
2025-06-01 15:02:08,089 - memory_trigger_system - ERROR - [websocket] 2025-06-01 15:02:08,052 - INFO - Starting WebSocket server on localhost:8765
2025-06-01 15:02:08,090 - memory_trigger_system - WARNING - websocket process exited with code 1
2025-06-01 15:02:08,090 - memory_trigger_system - INFO - Restarting websocket...
2025-06-01 15:02:08,092 - memory_trigger_system - INFO - Restarted websocket (PID: 25521)
2025-06-01 15:02:08,219 - memory_trigger_system - ERROR - [websocket] 2025-06-01 15:02:08,179 - INFO - Starting WebSocket server on localhost:8765
2025-06-01 15:02:08,219 - memory_trigger_system - WARNING - websocket process exited with code 1
2025-06-01 15:02:08,219 - memory_trigger_system - INFO - Restarting websocket...
2025-06-01 15:02:08,221 - memory_trigger_system - INFO - Restarted websocket (PID: 25524)
2025-06-01 15:02:08,352 - memory_trigger_system - ERROR - [websocket] 2025-06-01 15:02:08,307 - INFO - Starting WebSocket server on localhost:8765
2025-06-01 15:02:08,352 - memory_trigger_system - WARNING - websocket process exited with code 1
2025-06-01 15:02:08,352 - memory_trigger_system - INFO - Restarting websocket...
2025-06-01 15:02:08,354 - memory_trigger_system - INFO - Restarted websocket (PID: 25525)
2025-06-01 15:02:08,446 - memory_trigger_system - INFO - Starting connector: python connect_memory_trigger.py
2025-06-01 15:02:08,447 - memory_trigger_system - INFO - Memory Trigger System started
2025-06-01 15:02:08,449 - memory_trigger_system - INFO - Started connector (PID: 25526)
2025-06-01 15:02:08,479 - memory_trigger_system - ERROR - [websocket] 2025-06-01 15:02:08,438 - INFO - Starting WebSocket server on localhost:8765
2025-06-01 15:02:08,480 - memory_trigger_system - WARNING - websocket process exited with code 1
2025-06-01 15:02:08,480 - memory_trigger_system - INFO - Restarting websocket...
2025-06-01 15:02:08,483 - memory_trigger_system - INFO - Restarted websocket (PID: 25527)
2025-06-01 15:02:08,609 - memory_trigger_system - ERROR - [connector] 2025-06-01 15:02:08,549 - memory_trigger_connector - INFO - 🚀 Starting memory trigger connector
2025-06-01 15:02:08,609 - memory_trigger_system - WARNING - connector process exited with code 0
2025-06-01 15:02:08,609 - memory_trigger_system - INFO - Restarting connector...
2025-06-01 15:02:08,611 - memory_trigger_system - INFO - Restarted connector (PID: 25530)
2025-06-01 15:02:08,639 - memory_trigger_system - ERROR - [websocket] 2025-06-01 15:02:08,588 - INFO - Starting WebSocket server on localhost:8765
2025-06-01 15:02:08,640 - memory_trigger_system - WARNING - websocket process exited with code 1
2025-06-01 15:02:08,640 - memory_trigger_system - INFO - Restarting websocket...
2025-06-01 15:02:08,642 - memory_trigger_system - INFO - Restarted websocket (PID: 25531)
2025-06-01 15:02:08,775 - memory_trigger_system - ERROR - [connector] 2025-06-01 15:02:08,718 - memory_trigger_connector - INFO - 🚀 Starting memory trigger connector
2025-06-01 15:02:08,776 - memory_trigger_system - WARNING - connector process exited with code 0
2025-06-01 15:02:08,776 - memory_trigger_system - INFO - Restarting connector...
2025-06-01 15:02:08,778 - memory_trigger_system - INFO - Restarted connector (PID: 25532)
2025-06-01 15:02:08,784 - memory_trigger_system - ERROR - [websocket] 2025-06-01 15:02:08,738 - INFO - Starting WebSocket server on localhost:8765
2025-06-01 15:02:08,784 - memory_trigger_system - WARNING - websocket process exited with code 1
2025-06-01 15:02:08,784 - memory_trigger_system - INFO - Restarting websocket...
2025-06-01 15:02:08,786 - memory_trigger_system - INFO - Restarted websocket (PID: 25533)
2025-06-01 15:02:08,933 - memory_trigger_system - ERROR - [websocket] 2025-06-01 15:02:08,867 - INFO - Starting WebSocket server on localhost:8765
2025-06-01 15:02:08,934 - memory_trigger_system - WARNING - websocket process exited with code 1
2025-06-01 15:02:08,934 - memory_trigger_system - INFO - Restarting websocket...
2025-06-01 15:02:08,936 - memory_trigger_system - INFO - Restarted websocket (PID: 25534)
2025-06-01 15:02:08,937 - memory_trigger_system - ERROR - [connector] 2025-06-01 15:02:08,867 - memory_trigger_connector - INFO - 🚀 Starting memory trigger connector
2025-06-01 15:02:08,938 - memory_trigger_system - WARNING - connector process exited with code 0
2025-06-01 15:02:08,938 - memory_trigger_system - INFO - Restarting connector...
2025-06-01 15:02:08,940 - memory_trigger_system - INFO - Restarted connector (PID: 25535)
2025-06-01 15:02:09,062 - memory_trigger_system - ERROR - [websocket] 2025-06-01 15:02:09,026 - INFO - Starting WebSocket server on localhost:8765
2025-06-01 15:02:09,063 - memory_trigger_system - WARNING - websocket process exited with code 1
2025-06-01 15:02:09,063 - memory_trigger_system - INFO - Restarting websocket...
2025-06-01 15:02:09,065 - memory_trigger_system - INFO - Restarted websocket (PID: 25536)
2025-06-01 15:02:09,083 - memory_trigger_system - ERROR - [connector] 2025-06-01 15:02:09,031 - memory_trigger_connector - INFO - 🚀 Starting memory trigger connector
2025-06-01 15:02:09,083 - memory_trigger_system - WARNING - connector process exited with code 0
2025-06-01 15:02:09,083 - memory_trigger_system - INFO - Restarting connector...
2025-06-01 15:02:09,085 - memory_trigger_system - INFO - Restarted connector (PID: 25537)
2025-06-01 15:02:09,185 - memory_trigger_system - ERROR - [websocket] 2025-06-01 15:02:09,149 - INFO - Starting WebSocket server on localhost:8765
2025-06-01 15:02:09,185 - memory_trigger_system - WARNING - websocket process exited with code 1
2025-06-01 15:02:09,185 - memory_trigger_system - INFO - Restarting websocket...
2025-06-01 15:02:09,188 - memory_trigger_system - INFO - Restarted websocket (PID: 25538)
2025-06-01 15:02:09,218 - memory_trigger_system - ERROR - [connector] 2025-06-01 15:02:09,171 - memory_trigger_connector - INFO - 🚀 Starting memory trigger connector
2025-06-01 15:02:09,218 - memory_trigger_system - WARNING - connector process exited with code 0
2025-06-01 15:02:09,218 - memory_trigger_system - INFO - Restarting connector...
2025-06-01 15:02:09,220 - memory_trigger_system - INFO - Restarted connector (PID: 25540)
2025-06-01 15:02:09,314 - memory_trigger_system - ERROR - [websocket] 2025-06-01 15:02:09,273 - INFO - Starting WebSocket server on localhost:8765
2025-06-01 15:02:09,314 - memory_trigger_system - WARNING - websocket process exited with code 1
2025-06-01 15:02:09,314 - memory_trigger_system - INFO - Restarting websocket...
2025-06-01 15:02:09,316 - memory_trigger_system - INFO - Restarted websocket (PID: 25543)
2025-06-01 15:02:09,353 - memory_trigger_system - ERROR - [connector] 2025-06-01 15:02:09,307 - memory_trigger_connector - INFO - 🚀 Starting memory trigger connector
2025-06-01 15:02:09,353 - memory_trigger_system - WARNING - connector process exited with code 0
2025-06-01 15:02:09,353 - memory_trigger_system - INFO - Restarting connector...
2025-06-01 15:02:09,355 - memory_trigger_system - INFO - Restarted connector (PID: 25544)
2025-06-01 15:02:09,432 - memory_trigger_system - ERROR - [websocket] 2025-06-01 15:02:09,399 - INFO - Starting WebSocket server on localhost:8765
2025-06-01 15:02:09,433 - memory_trigger_system - WARNING - websocket process exited with code 1
2025-06-01 15:02:09,433 - memory_trigger_system - INFO - Restarting websocket...
2025-06-01 15:02:09,435 - memory_trigger_system - INFO - Restarted websocket (PID: 25545)
2025-06-01 15:02:09,485 - memory_trigger_system - ERROR - [connector] 2025-06-01 15:02:09,441 - memory_trigger_connector - INFO - 🚀 Starting memory trigger connector
2025-06-01 15:02:09,485 - memory_trigger_system - WARNING - connector process exited with code 0
2025-06-01 15:02:09,485 - memory_trigger_system - INFO - Restarting connector...
2025-06-01 15:02:09,487 - memory_trigger_system - INFO - Restarted connector (PID: 25546)
2025-06-01 15:02:09,552 - memory_trigger_system - ERROR - [websocket] 2025-06-01 15:02:09,518 - INFO - Starting WebSocket server on localhost:8765
2025-06-01 15:02:09,552 - memory_trigger_system - WARNING - websocket process exited with code 1
2025-06-01 15:02:09,552 - memory_trigger_system - INFO - Restarting websocket...
2025-06-01 15:02:09,554 - memory_trigger_system - INFO - Restarted websocket (PID: 25547)
2025-06-01 15:02:09,621 - memory_trigger_system - ERROR - [connector] 2025-06-01 15:02:09,576 - memory_trigger_connector - INFO - 🚀 Starting memory trigger connector
2025-06-01 15:02:09,622 - memory_trigger_system - WARNING - connector process exited with code 0
2025-06-01 15:02:09,622 - memory_trigger_system - INFO - Restarting connector...
2025-06-01 15:02:09,623 - memory_trigger_system - INFO - Restarted connector (PID: 25549)
2025-06-01 15:02:09,678 - memory_trigger_system - ERROR - [websocket] 2025-06-01 15:02:09,642 - INFO - Starting WebSocket server on localhost:8765
2025-06-01 15:02:09,678 - memory_trigger_system - WARNING - websocket process exited with code 1
2025-06-01 15:02:09,678 - memory_trigger_system - INFO - Restarting websocket...
2025-06-01 15:02:09,680 - memory_trigger_system - INFO - Restarted websocket (PID: 25550)
2025-06-01 15:02:09,769 - memory_trigger_system - ERROR - [connector] 2025-06-01 15:02:09,712 - memory_trigger_connector - INFO - 🚀 Starting memory trigger connector
2025-06-01 15:02:09,770 - memory_trigger_system - WARNING - connector process exited with code 0
2025-06-01 15:02:09,770 - memory_trigger_system - INFO - Restarting connector...
2025-06-01 15:02:09,772 - memory_trigger_system - INFO - Restarted connector (PID: 25553)
2025-06-01 15:02:09,813 - memory_trigger_system - ERROR - [websocket] 2025-06-01 15:02:09,772 - INFO - Starting WebSocket server on localhost:8765
2025-06-01 15:02:09,814 - memory_trigger_system - WARNING - websocket process exited with code 1
2025-06-01 15:02:09,814 - memory_trigger_system - INFO - Restarting websocket...
2025-06-01 15:02:09,816 - memory_trigger_system - INFO - Restarted websocket (PID: 25554)
2025-06-01 15:02:09,933 - memory_trigger_system - ERROR - [connector] 2025-06-01 15:02:09,877 - memory_trigger_connector - INFO - 🚀 Starting memory trigger connector
2025-06-01 15:02:09,933 - memory_trigger_system - WARNING - connector process exited with code 0
2025-06-01 15:02:09,934 - memory_trigger_system - INFO - Restarting connector...
2025-06-01 15:02:09,936 - memory_trigger_system - INFO - Restarted connector (PID: 25557)
2025-06-01 15:02:09,962 - memory_trigger_system - ERROR - [websocket] 2025-06-01 15:02:09,918 - INFO - Starting WebSocket server on localhost:8765
2025-06-01 15:02:09,963 - memory_trigger_system - WARNING - websocket process exited with code 1
2025-06-01 15:02:09,963 - memory_trigger_system - INFO - Restarting websocket...
2025-06-01 15:02:09,965 - memory_trigger_system - INFO - Restarted websocket (PID: 25558)
2025-06-01 15:02:10,074 - memory_trigger_system - ERROR - [connector] 2025-06-01 15:02:10,031 - memory_trigger_connector - INFO - 🚀 Starting memory trigger connector
2025-06-01 15:02:10,074 - memory_trigger_system - WARNING - connector process exited with code 0
2025-06-01 15:02:10,074 - memory_trigger_system - INFO - Restarting connector...
2025-06-01 15:02:10,076 - memory_trigger_system - INFO - Restarted connector (PID: 25559)
2025-06-01 15:02:10,089 - memory_trigger_system - ERROR - [websocket] 2025-06-01 15:02:10,052 - INFO - Starting WebSocket server on localhost:8765
2025-06-01 15:02:10,090 - memory_trigger_system - WARNING - websocket process exited with code 1
2025-06-01 15:02:10,090 - memory_trigger_system - INFO - Restarting websocket...
2025-06-01 15:02:10,091 - memory_trigger_system - INFO - Restarted websocket (PID: 25560)
2025-06-01 15:02:10,206 - memory_trigger_system - ERROR - [websocket] 2025-06-01 15:02:10,172 - INFO - Starting WebSocket server on localhost:8765
2025-06-01 15:02:10,206 - memory_trigger_system - WARNING - websocket process exited with code 1
2025-06-01 15:02:10,207 - memory_trigger_system - INFO - Restarting websocket...
2025-06-01 15:02:10,208 - memory_trigger_system - ERROR - [connector] 2025-06-01 15:02:10,166 - memory_trigger_connector - INFO - 🚀 Starting memory trigger connector
2025-06-01 15:02:10,208 - memory_trigger_system - WARNING - connector process exited with code 0
2025-06-01 15:02:10,208 - memory_trigger_system - INFO - Restarting connector...
2025-06-01 15:02:10,209 - memory_trigger_system - INFO - Restarted websocket (PID: 25561)
2025-06-01 15:02:10,211 - memory_trigger_system - INFO - Restarted connector (PID: 25562)
2025-06-01 15:02:10,327 - memory_trigger_system - ERROR - [websocket] 2025-06-01 15:02:10,291 - INFO - Starting WebSocket server on localhost:8765
2025-06-01 15:02:10,327 - memory_trigger_system - WARNING - websocket process exited with code 1
2025-06-01 15:02:10,327 - memory_trigger_system - INFO - Restarting websocket...
2025-06-01 15:02:10,330 - memory_trigger_system - INFO - Restarted websocket (PID: 25563)
2025-06-01 15:02:10,349 - memory_trigger_system - ERROR - [connector] 2025-06-01 15:02:10,292 - memory_trigger_connector - INFO - 🚀 Starting memory trigger connector
2025-06-01 15:02:10,350 - memory_trigger_system - WARNING - connector process exited with code 0
2025-06-01 15:02:10,350 - memory_trigger_system - INFO - Restarting connector...
2025-06-01 15:02:10,351 - memory_trigger_system - INFO - Restarted connector (PID: 25564)
2025-06-01 15:02:10,447 - memory_trigger_system - ERROR - [websocket] 2025-06-01 15:02:10,413 - INFO - Starting WebSocket server on localhost:8765
2025-06-01 15:02:10,447 - memory_trigger_system - WARNING - websocket process exited with code 1
2025-06-01 15:02:10,447 - memory_trigger_system - INFO - Restarting websocket...
2025-06-01 15:02:10,448 - memory_trigger_system - INFO - Restarted websocket (PID: 25565)
2025-06-01 15:02:10,478 - memory_trigger_system - ERROR - [connector] 2025-06-01 15:02:10,433 - memory_trigger_connector - INFO - 🚀 Starting memory trigger connector
2025-06-01 15:02:10,479 - memory_trigger_system - WARNING - connector process exited with code 0
2025-06-01 15:02:10,479 - memory_trigger_system - INFO - Restarting connector...
2025-06-01 15:02:10,480 - memory_trigger_system - INFO - Restarted connector (PID: 25566)
2025-06-01 15:02:10,569 - memory_trigger_system - ERROR - [websocket] 2025-06-01 15:02:10,534 - INFO - Starting WebSocket server on localhost:8765
2025-06-01 15:02:10,570 - memory_trigger_system - WARNING - websocket process exited with code 1
2025-06-01 15:02:10,570 - memory_trigger_system - INFO - Restarting websocket...
2025-06-01 15:02:10,571 - memory_trigger_system - INFO - Restarted websocket (PID: 25567)
2025-06-01 15:02:10,612 - memory_trigger_system - ERROR - [connector] 2025-06-01 15:02:10,567 - memory_trigger_connector - INFO - 🚀 Starting memory trigger connector
2025-06-01 15:02:10,612 - memory_trigger_system - WARNING - connector process exited with code 0
2025-06-01 15:02:10,612 - memory_trigger_system - INFO - Restarting connector...
2025-06-01 15:02:10,614 - memory_trigger_system - INFO - Restarted connector (PID: 25568)
2025-06-01 15:02:10,722 - memory_trigger_system - ERROR - [websocket] 2025-06-01 15:02:10,657 - INFO - Starting WebSocket server on localhost:8765
2025-06-01 15:02:10,722 - memory_trigger_system - WARNING - websocket process exited with code 1
2025-06-01 15:02:10,722 - memory_trigger_system - INFO - Restarting websocket...
2025-06-01 15:02:10,725 - memory_trigger_system - INFO - Restarted websocket (PID: 25569)
2025-06-01 15:02:10,820 - memory_trigger_system - ERROR - [connector] 2025-06-01 15:02:10,733 - memory_trigger_connector - INFO - 🚀 Starting memory trigger connector
2025-06-01 15:02:10,821 - memory_trigger_system - WARNING - connector process exited with code 0
2025-06-01 15:02:10,821 - memory_trigger_system - INFO - Restarting connector...
2025-06-01 15:02:10,823 - memory_trigger_system - INFO - Restarted connector (PID: 25570)
2025-06-01 15:02:10,896 - memory_trigger_system - ERROR - [websocket] 2025-06-01 15:02:10,860 - INFO - Starting WebSocket server on localhost:8765
2025-06-01 15:02:10,896 - memory_trigger_system - WARNING - websocket process exited with code 1
2025-06-01 15:02:10,896 - memory_trigger_system - INFO - Restarting websocket...
2025-06-01 15:02:10,898 - memory_trigger_system - INFO - Restarted websocket (PID: 25571)
2025-06-01 15:02:10,975 - memory_trigger_system - ERROR - [connector] 2025-06-01 15:02:10,921 - memory_trigger_connector - INFO - 🚀 Starting memory trigger connector
2025-06-01 15:02:10,975 - memory_trigger_system - WARNING - connector process exited with code 0
2025-06-01 15:02:10,975 - memory_trigger_system - INFO - Restarting connector...
2025-06-01 15:02:10,977 - memory_trigger_system - INFO - Restarted connector (PID: 25572)
2025-06-01 15:02:11,029 - memory_trigger_system - ERROR - [websocket] 2025-06-01 15:02:10,991 - INFO - Starting WebSocket server on localhost:8765
2025-06-01 15:02:11,029 - memory_trigger_system - WARNING - websocket process exited with code 1
2025-06-01 15:02:11,029 - memory_trigger_system - INFO - Restarting websocket...
2025-06-01 15:02:11,031 - memory_trigger_system - INFO - Restarted websocket (PID: 25573)
2025-06-01 15:02:11,126 - memory_trigger_system - ERROR - [connector] 2025-06-01 15:02:11,068 - memory_trigger_connector - INFO - 🚀 Starting memory trigger connector
2025-06-01 15:02:11,126 - memory_trigger_system - WARNING - connector process exited with code 0
2025-06-01 15:02:11,126 - memory_trigger_system - INFO - Restarting connector...
2025-06-01 15:02:11,128 - memory_trigger_system - INFO - Restarted connector (PID: 25577)
2025-06-01 15:02:11,178 - memory_trigger_system - ERROR - [websocket] 2025-06-01 15:02:11,131 - INFO - Starting WebSocket server on localhost:8765
2025-06-01 15:02:11,178 - memory_trigger_system - WARNING - websocket process exited with code 1
2025-06-01 15:02:11,178 - memory_trigger_system - INFO - Restarting websocket...
2025-06-01 15:02:11,181 - memory_trigger_system - INFO - Restarted websocket (PID: 25578)
2025-06-01 15:02:11,288 - memory_trigger_system - ERROR - [connector] 2025-06-01 15:02:11,231 - memory_trigger_connector - INFO - 🚀 Starting memory trigger connector
2025-06-01 15:02:11,288 - memory_trigger_system - WARNING - connector process exited with code 0
2025-06-01 15:02:11,288 - memory_trigger_system - INFO - Restarting connector...
2025-06-01 15:02:11,290 - memory_trigger_system - INFO - Restarted connector (PID: 25579)
2025-06-01 15:02:11,391 - memory_trigger_system - ERROR - [websocket] 2025-06-01 15:02:11,286 - INFO - Starting WebSocket server on localhost:8765
2025-06-01 15:02:11,391 - memory_trigger_system - WARNING - websocket process exited with code 1
2025-06-01 15:02:11,391 - memory_trigger_system - INFO - Restarting websocket...
2025-06-01 15:02:11,394 - memory_trigger_system - INFO - Restarted websocket (PID: 25580)
2025-06-01 15:02:11,550 - memory_trigger_system - ERROR - [connector] 2025-06-01 15:02:11,470 - memory_trigger_connector - INFO - 🚀 Starting memory trigger connector
2025-06-01 15:02:11,550 - memory_trigger_system - WARNING - connector process exited with code 0
2025-06-01 15:02:11,551 - memory_trigger_system - INFO - Restarting connector...
2025-06-01 15:02:11,553 - memory_trigger_system - INFO - Restarted connector (PID: 25581)
2025-06-01 15:02:11,581 - memory_trigger_system - ERROR - [websocket] 2025-06-01 15:02:11,528 - INFO - Starting WebSocket server on localhost:8765
2025-06-01 15:02:11,582 - memory_trigger_system - WARNING - websocket process exited with code 1
2025-06-01 15:02:11,582 - memory_trigger_system - INFO - Restarting websocket...
2025-06-01 15:02:11,584 - memory_trigger_system - INFO - Restarted websocket (PID: 25582)
2025-06-01 15:02:11,740 - memory_trigger_system - ERROR - [connector] 2025-06-01 15:02:11,670 - memory_trigger_connector - INFO - 🚀 Starting memory trigger connector
2025-06-01 15:02:11,740 - memory_trigger_system - WARNING - connector process exited with code 0
2025-06-01 15:02:11,740 - memory_trigger_system - INFO - Restarting connector...
2025-06-01 15:02:11,741 - memory_trigger_system - ERROR - [websocket] 2025-06-01 15:02:11,693 - INFO - Starting WebSocket server on localhost:8765
2025-06-01 15:02:11,742 - memory_trigger_system - INFO - Restarted connector (PID: 25583)
2025-06-01 15:02:11,742 - memory_trigger_system - WARNING - websocket process exited with code 1
2025-06-01 15:02:11,742 - memory_trigger_system - INFO - Restarting websocket...
2025-06-01 15:02:11,745 - memory_trigger_system - INFO - Restarted websocket (PID: 25584)
2025-06-01 15:02:11,899 - memory_trigger_system - ERROR - [websocket] 2025-06-01 15:02:11,853 - INFO - Starting WebSocket server on localhost:8765
2025-06-01 15:02:11,899 - memory_trigger_system - WARNING - websocket process exited with code 1
2025-06-01 15:02:11,900 - memory_trigger_system - INFO - Restarting websocket...
2025-06-01 15:02:11,902 - memory_trigger_system - INFO - Restarted websocket (PID: 25585)
2025-06-01 15:02:11,919 - memory_trigger_system - ERROR - [connector] 2025-06-01 15:02:11,860 - memory_trigger_connector - INFO - 🚀 Starting memory trigger connector
2025-06-01 15:02:11,919 - memory_trigger_system - WARNING - connector process exited with code 0
2025-06-01 15:02:11,920 - memory_trigger_system - INFO - Restarting connector...
2025-06-01 15:02:11,922 - memory_trigger_system - INFO - Restarted connector (PID: 25586)
2025-06-01 15:02:12,079 - memory_trigger_system - ERROR - [websocket] 2025-06-01 15:02:12,029 - INFO - Starting WebSocket server on localhost:8765
2025-06-01 15:02:12,079 - memory_trigger_system - WARNING - websocket process exited with code 1
2025-06-01 15:02:12,079 - memory_trigger_system - INFO - Restarting websocket...
2025-06-01 15:02:12,082 - memory_trigger_system - INFO - Restarted websocket (PID: 25587)
2025-06-01 15:02:12,113 - memory_trigger_system - ERROR - [connector] 2025-06-01 15:02:12,047 - memory_trigger_connector - INFO - 🚀 Starting memory trigger connector
2025-06-01 15:02:12,114 - memory_trigger_system - WARNING - connector process exited with code 0
2025-06-01 15:02:12,114 - memory_trigger_system - INFO - Restarting connector...
2025-06-01 15:02:12,116 - memory_trigger_system - INFO - Restarted connector (PID: 25588)
2025-06-01 15:02:12,274 - memory_trigger_system - ERROR - [websocket] 2025-06-01 15:02:12,220 - INFO - Starting WebSocket server on localhost:8765
2025-06-01 15:02:12,275 - memory_trigger_system - WARNING - websocket process exited with code 1
2025-06-01 15:02:12,275 - memory_trigger_system - INFO - Restarting websocket...
2025-06-01 15:02:12,277 - memory_trigger_system - INFO - Restarted websocket (PID: 25590)
2025-06-01 15:02:12,338 - memory_trigger_system - ERROR - [connector] 2025-06-01 15:02:12,262 - memory_trigger_connector - INFO - 🚀 Starting memory trigger connector
2025-06-01 15:02:12,338 - memory_trigger_system - WARNING - connector process exited with code 0
2025-06-01 15:02:12,338 - memory_trigger_system - INFO - Restarting connector...
2025-06-01 15:02:12,341 - memory_trigger_system - INFO - Restarted connector (PID: 25591)
2025-06-01 15:02:12,491 - memory_trigger_system - ERROR - [websocket] 2025-06-01 15:02:12,423 - INFO - Starting WebSocket server on localhost:8765
2025-06-01 15:02:12,492 - memory_trigger_system - WARNING - websocket process exited with code 1
2025-06-01 15:02:12,492 - memory_trigger_system - INFO - Restarting websocket...
2025-06-01 15:02:12,496 - memory_trigger_system - INFO - Restarted websocket (PID: 25592)
2025-06-01 15:02:12,602 - memory_trigger_system - ERROR - [connector] 2025-06-01 15:02:12,505 - memory_trigger_connector - INFO - 🚀 Starting memory trigger connector
2025-06-01 15:02:12,603 - memory_trigger_system - WARNING - connector process exited with code 0
2025-06-01 15:02:12,603 - memory_trigger_system - INFO - Restarting connector...
2025-06-01 15:02:12,613 - memory_trigger_system - INFO - Restarted connector (PID: 25596)
2025-06-01 15:02:12,732 - memory_trigger_system - ERROR - [websocket] 2025-06-01 15:02:12,666 - INFO - Starting WebSocket server on localhost:8765
2025-06-01 15:02:12,733 - memory_trigger_system - WARNING - websocket process exited with code 1
2025-06-01 15:02:12,733 - memory_trigger_system - INFO - Restarting websocket...
2025-06-01 15:02:12,735 - memory_trigger_system - INFO - Restarted websocket (PID: 25597)
2025-06-01 15:02:12,840 - memory_trigger_system - ERROR - [connector] 2025-06-01 15:02:12,774 - memory_trigger_connector - INFO - 🚀 Starting memory trigger connector
2025-06-01 15:02:12,840 - memory_trigger_system - WARNING - connector process exited with code 0
2025-06-01 15:02:12,841 - memory_trigger_system - INFO - Restarting connector...
2025-06-01 15:02:12,843 - memory_trigger_system - INFO - Restarted connector (PID: 25598)
2025-06-01 15:02:12,920 - memory_trigger_system - ERROR - [websocket] 2025-06-01 15:02:12,872 - INFO - Starting WebSocket server on localhost:8765
2025-06-01 15:02:12,920 - memory_trigger_system - WARNING - websocket process exited with code 1
2025-06-01 15:02:12,920 - memory_trigger_system - INFO - Restarting websocket...
2025-06-01 15:02:12,922 - memory_trigger_system - INFO - Restarted websocket (PID: 25599)
2025-06-01 15:02:13,016 - memory_trigger_system - ERROR - [connector] 2025-06-01 15:02:12,960 - memory_trigger_connector - INFO - 🚀 Starting memory trigger connector
2025-06-01 15:02:13,016 - memory_trigger_system - WARNING - connector process exited with code 0
2025-06-01 15:02:13,016 - memory_trigger_system - INFO - Restarting connector...
2025-06-01 15:02:13,018 - memory_trigger_system - INFO - Restarted connector (PID: 25600)
2025-06-01 15:02:13,079 - memory_trigger_system - ERROR - [websocket] 2025-06-01 15:02:13,032 - INFO - Starting WebSocket server on localhost:8765
2025-06-01 15:02:13,079 - memory_trigger_system - WARNING - websocket process exited with code 1
2025-06-01 15:02:13,079 - memory_trigger_system - INFO - Restarting websocket...
2025-06-01 15:02:13,081 - memory_trigger_system - INFO - Restarted websocket (PID: 25601)
2025-06-01 15:02:13,191 - memory_trigger_system - ERROR - [connector] 2025-06-01 15:02:13,134 - memory_trigger_connector - INFO - 🚀 Starting memory trigger connector
2025-06-01 15:02:13,191 - memory_trigger_system - WARNING - connector process exited with code 0
2025-06-01 15:02:13,191 - memory_trigger_system - INFO - Restarting connector...
2025-06-01 15:02:13,193 - memory_trigger_system - INFO - Restarted connector (PID: 25602)
2025-06-01 15:02:13,243 - memory_trigger_system - ERROR - [websocket] 2025-06-01 15:02:13,193 - INFO - Starting WebSocket server on localhost:8765
2025-06-01 15:02:13,243 - memory_trigger_system - WARNING - websocket process exited with code 1
2025-06-01 15:02:13,243 - memory_trigger_system - INFO - Restarting websocket...
2025-06-01 15:02:13,246 - memory_trigger_system - INFO - Restarted websocket (PID: 25603)
2025-06-01 15:02:13,373 - memory_trigger_system - ERROR - [connector] 2025-06-01 15:02:13,313 - memory_trigger_connector - INFO - 🚀 Starting memory trigger connector
2025-06-01 15:02:13,374 - memory_trigger_system - WARNING - connector process exited with code 0
2025-06-01 15:02:13,374 - memory_trigger_system - INFO - Restarting connector...
2025-06-01 15:02:13,376 - memory_trigger_system - INFO - Restarted connector (PID: 25605)
2025-06-01 15:02:13,410 - memory_trigger_system - ERROR - [websocket] 2025-06-01 15:02:13,361 - INFO - Starting WebSocket server on localhost:8765
2025-06-01 15:02:13,410 - memory_trigger_system - WARNING - websocket process exited with code 1
2025-06-01 15:02:13,410 - memory_trigger_system - INFO - Restarting websocket...
2025-06-01 15:02:13,412 - memory_trigger_system - INFO - Restarted websocket (PID: 25606)
2025-06-01 15:02:13,573 - memory_trigger_system - ERROR - [connector] 2025-06-01 15:02:13,501 - memory_trigger_connector - INFO - 🚀 Starting memory trigger connector
2025-06-01 15:02:13,573 - memory_trigger_system - WARNING - connector process exited with code 0
2025-06-01 15:02:13,574 - memory_trigger_system - INFO - Restarting connector...
2025-06-01 15:02:13,576 - memory_trigger_system - INFO - Restarted connector (PID: 25608)
2025-06-01 15:02:13,601 - memory_trigger_system - ERROR - [websocket] 2025-06-01 15:02:13,539 - INFO - Starting WebSocket server on localhost:8765
2025-06-01 15:02:13,601 - memory_trigger_system - WARNING - websocket process exited with code 1
2025-06-01 15:02:13,601 - memory_trigger_system - INFO - Restarting websocket...
2025-06-01 15:02:13,603 - memory_trigger_system - INFO - Restarted websocket (PID: 25609)
2025-06-01 15:02:13,799 - memory_trigger_system - ERROR - [connector] 2025-06-01 15:02:13,720 - memory_trigger_connector - INFO - 🚀 Starting memory trigger connector
2025-06-01 15:02:13,800 - memory_trigger_system - WARNING - connector process exited with code 0
2025-06-01 15:02:13,800 - memory_trigger_system - INFO - Restarting connector...
2025-06-01 15:02:13,802 - memory_trigger_system - INFO - Restarted connector (PID: 25614)
2025-06-01 15:02:13,811 - memory_trigger_system - ERROR - [websocket] 2025-06-01 15:02:13,742 - INFO - Starting WebSocket server on localhost:8765
2025-06-01 15:02:13,811 - memory_trigger_system - WARNING - websocket process exited with code 1
2025-06-01 15:02:13,811 - memory_trigger_system - INFO - Restarting websocket...
2025-06-01 15:02:13,814 - memory_trigger_system - INFO - Restarted websocket (PID: 25615)
2025-06-01 15:02:14,033 - memory_trigger_system - ERROR - [websocket] 2025-06-01 15:02:13,969 - INFO - Starting WebSocket server on localhost:8765
2025-06-01 15:02:14,033 - memory_trigger_system - WARNING - websocket process exited with code 1
2025-06-01 15:02:14,033 - memory_trigger_system - INFO - Restarting websocket...
2025-06-01 15:02:14,035 - memory_trigger_system - INFO - Restarted websocket (PID: 25616)
2025-06-01 15:02:14,046 - memory_trigger_system - ERROR - [connector] 2025-06-01 15:02:13,968 - memory_trigger_connector - INFO - 🚀 Starting memory trigger connector
2025-06-01 15:02:14,046 - memory_trigger_system - WARNING - connector process exited with code 0
2025-06-01 15:02:14,046 - memory_trigger_system - INFO - Restarting connector...
2025-06-01 15:02:14,049 - memory_trigger_system - INFO - Restarted connector (PID: 25617)
2025-06-01 15:02:14,234 - memory_trigger_system - ERROR - [websocket] 2025-06-01 15:02:14,173 - INFO - Starting WebSocket server on localhost:8765
2025-06-01 15:02:14,234 - memory_trigger_system - WARNING - websocket process exited with code 1
2025-06-01 15:02:14,234 - memory_trigger_system - INFO - Restarting websocket...
2025-06-01 15:02:14,236 - memory_trigger_system - INFO - Restarted websocket (PID: 25618)
2025-06-01 15:02:14,265 - memory_trigger_system - ERROR - [connector] 2025-06-01 15:02:14,187 - memory_trigger_connector - INFO - 🚀 Starting memory trigger connector
2025-06-01 15:02:14,266 - memory_trigger_system - WARNING - connector process exited with code 0
2025-06-01 15:02:14,266 - memory_trigger_system - INFO - Restarting connector...
2025-06-01 15:02:14,268 - memory_trigger_system - INFO - Restarted connector (PID: 25619)
2025-06-01 15:02:14,429 - memory_trigger_system - ERROR - [websocket] 2025-06-01 15:02:14,367 - INFO - Starting WebSocket server on localhost:8765
2025-06-01 15:02:14,429 - memory_trigger_system - WARNING - websocket process exited with code 1
2025-06-01 15:02:14,429 - memory_trigger_system - INFO - Restarting websocket...
2025-06-01 15:02:14,432 - memory_trigger_system - INFO - Restarted websocket (PID: 25620)
2025-06-01 15:02:14,475 - memory_trigger_system - ERROR - [connector] 2025-06-01 15:02:14,401 - memory_trigger_connector - INFO - 🚀 Starting memory trigger connector
2025-06-01 15:02:14,475 - memory_trigger_system - WARNING - connector process exited with code 0
2025-06-01 15:02:14,475 - memory_trigger_system - INFO - Restarting connector...
2025-06-01 15:02:14,478 - memory_trigger_system - INFO - Restarted connector (PID: 25621)
2025-06-01 15:02:14,630 - memory_trigger_system - ERROR - [websocket] 2025-06-01 15:02:14,569 - INFO - Starting WebSocket server on localhost:8765
2025-06-01 15:02:14,631 - memory_trigger_system - WARNING - websocket process exited with code 1
2025-06-01 15:02:14,631 - memory_trigger_system - INFO - Restarting websocket...
2025-06-01 15:02:14,633 - memory_trigger_system - INFO - Restarted websocket (PID: 25622)
2025-06-01 15:02:14,695 - memory_trigger_system - ERROR - [connector] 2025-06-01 15:02:14,623 - memory_trigger_connector - INFO - 🚀 Starting memory trigger connector
2025-06-01 15:02:14,695 - memory_trigger_system - WARNING - connector process exited with code 0
2025-06-01 15:02:14,696 - memory_trigger_system - INFO - Restarting connector...
2025-06-01 15:02:14,698 - memory_trigger_system - INFO - Restarted connector (PID: 25623)
2025-06-01 15:02:14,830 - memory_trigger_system - ERROR - [websocket] 2025-06-01 15:02:14,768 - INFO - Starting WebSocket server on localhost:8765
2025-06-01 15:02:14,830 - memory_trigger_system - WARNING - websocket process exited with code 1
2025-06-01 15:02:14,830 - memory_trigger_system - INFO - Restarting websocket...
2025-06-01 15:02:14,833 - memory_trigger_system - INFO - Restarted websocket (PID: 25624)
2025-06-01 15:02:14,923 - memory_trigger_system - ERROR - [connector] 2025-06-01 15:02:14,842 - memory_trigger_connector - INFO - 🚀 Starting memory trigger connector
2025-06-01 15:02:14,924 - memory_trigger_system - WARNING - connector process exited with code 0
2025-06-01 15:02:14,924 - memory_trigger_system - INFO - Restarting connector...
2025-06-01 15:02:14,926 - memory_trigger_system - INFO - Restarted connector (PID: 25627)
2025-06-01 15:02:15,047 - memory_trigger_system - ERROR - [websocket] 2025-06-01 15:02:14,983 - INFO - Starting WebSocket server on localhost:8765
2025-06-01 15:02:15,048 - memory_trigger_system - WARNING - websocket process exited with code 1
2025-06-01 15:02:15,048 - memory_trigger_system - INFO - Restarting websocket...
2025-06-01 15:02:15,050 - memory_trigger_system - INFO - Restarted websocket (PID: 25630)
2025-06-01 15:02:15,241 - memory_trigger_system - ERROR - [connector] 2025-06-01 15:02:15,096 - memory_trigger_connector - INFO - 🚀 Starting memory trigger connector
2025-06-01 15:02:15,241 - memory_trigger_system - WARNING - connector process exited with code 0
2025-06-01 15:02:15,242 - memory_trigger_system - INFO - Restarting connector...
2025-06-01 15:02:15,246 - memory_trigger_system - INFO - Restarted connector (PID: 25631)
2025-06-01 15:02:15,324 - memory_trigger_system - ERROR - [websocket] 2025-06-01 15:02:15,248 - INFO - Starting WebSocket server on localhost:8765
2025-06-01 15:02:15,325 - memory_trigger_system - WARNING - websocket process exited with code 1
2025-06-01 15:02:15,325 - memory_trigger_system - INFO - Restarting websocket...
2025-06-01 15:02:15,328 - memory_trigger_system - INFO - Restarted websocket (PID: 25632)
2025-06-01 15:02:15,486 - memory_trigger_system - ERROR - [connector] 2025-06-01 15:02:15,408 - memory_trigger_connector - INFO - 🚀 Starting memory trigger connector
2025-06-01 15:02:15,487 - memory_trigger_system - WARNING - connector process exited with code 0
2025-06-01 15:02:15,487 - memory_trigger_system - INFO - Restarting connector...
2025-06-01 15:02:15,489 - memory_trigger_system - INFO - Restarted connector (PID: 25634)
2025-06-01 15:02:15,544 - memory_trigger_system - ERROR - [websocket] 2025-06-01 15:02:15,476 - INFO - Starting WebSocket server on localhost:8765
2025-06-01 15:02:15,544 - memory_trigger_system - WARNING - websocket process exited with code 1
2025-06-01 15:02:15,544 - memory_trigger_system - INFO - Restarting websocket...
2025-06-01 15:02:15,547 - memory_trigger_system - INFO - Restarted websocket (PID: 25635)
2025-06-01 15:02:15,742 - memory_trigger_system - ERROR - [connector] 2025-06-01 15:02:15,646 - memory_trigger_connector - INFO - 🚀 Starting memory trigger connector
2025-06-01 15:02:15,742 - memory_trigger_system - WARNING - connector process exited with code 0
2025-06-01 15:02:15,742 - memory_trigger_system - INFO - Restarting connector...
2025-06-01 15:02:15,747 - memory_trigger_system - INFO - Restarted connector (PID: 25636)
2025-06-01 15:02:15,781 - memory_trigger_system - ERROR - [websocket] 2025-06-01 15:02:15,708 - INFO - Starting WebSocket server on localhost:8765
2025-06-01 15:02:15,781 - memory_trigger_system - WARNING - websocket process exited with code 1
2025-06-01 15:02:15,781 - memory_trigger_system - INFO - Restarting websocket...
2025-06-01 15:02:15,784 - memory_trigger_system - INFO - Restarted websocket (PID: 25637)
2025-06-01 15:02:16,032 - memory_trigger_system - ERROR - [connector] 2025-06-01 15:02:15,897 - memory_trigger_connector - INFO - 🚀 Starting memory trigger connector
2025-06-01 15:02:16,032 - memory_trigger_system - WARNING - connector process exited with code 0
2025-06-01 15:02:16,032 - memory_trigger_system - INFO - Restarting connector...
2025-06-01 15:02:16,035 - memory_trigger_system - INFO - Restarted connector (PID: 25639)
2025-06-01 15:02:16,052 - memory_trigger_system - ERROR - [websocket] 2025-06-01 15:02:15,948 - INFO - Starting WebSocket server on localhost:8765
2025-06-01 15:02:16,053 - memory_trigger_system - WARNING - websocket process exited with code 1
2025-06-01 15:02:16,053 - memory_trigger_system - INFO - Restarting websocket...
2025-06-01 15:02:16,056 - memory_trigger_system - INFO - Restarted websocket (PID: 25641)
2025-06-01 15:02:16,375 - memory_trigger_system - ERROR - [websocket] 2025-06-01 15:02:16,257 - INFO - Starting WebSocket server on localhost:8765
2025-06-01 15:02:16,375 - memory_trigger_system - WARNING - websocket process exited with code 1
2025-06-01 15:02:16,375 - memory_trigger_system - INFO - Restarting websocket...
2025-06-01 15:02:16,379 - memory_trigger_system - INFO - Restarted websocket (PID: 25646)
2025-06-01 15:02:16,379 - memory_trigger_system - ERROR - [connector] 2025-06-01 15:02:16,241 - memory_trigger_connector - INFO - 🚀 Starting memory trigger connector
2025-06-01 15:02:16,381 - memory_trigger_system - WARNING - connector process exited with code 0
2025-06-01 15:02:16,382 - memory_trigger_system - INFO - Restarting connector...
2025-06-01 15:02:16,389 - memory_trigger_system - INFO - Restarted connector (PID: 25647)
2025-06-01 15:02:16,776 - memory_trigger_system - ERROR - [websocket] 2025-06-01 15:02:16,679 - INFO - Starting WebSocket server on localhost:8765
2025-06-01 15:02:16,777 - memory_trigger_system - WARNING - websocket process exited with code 1
2025-06-01 15:02:16,777 - memory_trigger_system - INFO - Restarting websocket...
2025-06-01 15:02:16,781 - memory_trigger_system - INFO - Restarted websocket (PID: 25648)
2025-06-01 15:02:16,796 - memory_trigger_system - ERROR - [connector] 2025-06-01 15:02:16,686 - memory_trigger_connector - INFO - 🚀 Starting memory trigger connector
2025-06-01 15:02:16,797 - memory_trigger_system - WARNING - connector process exited with code 0
2025-06-01 15:02:16,797 - memory_trigger_system - INFO - Restarting connector...
2025-06-01 15:02:16,800 - memory_trigger_system - INFO - Restarted connector (PID: 25649)
2025-06-01 15:02:17,082 - memory_trigger_system - ERROR - [websocket] 2025-06-01 15:02:16,944 - INFO - Starting WebSocket server on localhost:8765
2025-06-01 15:02:17,083 - memory_trigger_system - WARNING - websocket process exited with code 1
2025-06-01 15:02:17,083 - memory_trigger_system - INFO - Restarting websocket...
2025-06-01 15:02:17,086 - memory_trigger_system - INFO - Restarted websocket (PID: 25650)
2025-06-01 15:02:17,163 - memory_trigger_system - ERROR - [connector] 2025-06-01 15:02:16,966 - memory_trigger_connector - INFO - 🚀 Starting memory trigger connector
2025-06-01 15:02:17,164 - memory_trigger_system - WARNING - connector process exited with code 0
2025-06-01 15:02:17,165 - memory_trigger_system - INFO - Restarting connector...
2025-06-01 15:02:17,183 - memory_trigger_system - INFO - Restarted connector (PID: 25651)
2025-06-01 15:02:17,544 - memory_trigger_system - ERROR - [websocket] 2025-06-01 15:02:17,462 - INFO - Starting WebSocket server on localhost:8765
2025-06-01 15:02:17,544 - memory_trigger_system - WARNING - websocket process exited with code 1
2025-06-01 15:02:17,544 - memory_trigger_system - INFO - Restarting websocket...
2025-06-01 15:02:17,547 - memory_trigger_system - INFO - Restarted websocket (PID: 25652)
2025-06-01 15:02:17,575 - memory_trigger_system - ERROR - [connector] 2025-06-01 15:02:17,473 - memory_trigger_connector - INFO - 🚀 Starting memory trigger connector
2025-06-01 15:02:17,575 - memory_trigger_system - WARNING - connector process exited with code 0
2025-06-01 15:02:17,576 - memory_trigger_system - INFO - Restarting connector...
2025-06-01 15:02:17,578 - memory_trigger_system - INFO - Restarted connector (PID: 25653)
2025-06-01 15:02:17,754 - memory_trigger_system - ERROR - [websocket] 2025-06-01 15:02:17,694 - INFO - Starting WebSocket server on localhost:8765
2025-06-01 15:02:17,756 - memory_trigger_system - WARNING - websocket process exited with code 1
2025-06-01 15:02:17,756 - memory_trigger_system - INFO - Restarting websocket...
2025-06-01 15:02:17,760 - memory_trigger_system - INFO - Restarted websocket (PID: 25655)
2025-06-01 15:02:18,130 - memory_trigger_system - ERROR - [connector] 2025-06-01 15:02:17,722 - memory_trigger_connector - INFO - 🚀 Starting memory trigger connector
2025-06-01 15:02:18,130 - memory_trigger_system - WARNING - connector process exited with code 0
2025-06-01 15:02:18,130 - memory_trigger_system - INFO - Restarting connector...
2025-06-01 15:02:18,134 - memory_trigger_system - INFO - Restarted connector (PID: 25656)
2025-06-01 15:02:18,476 - memory_trigger_system - INFO - Adding test memory items...
2025-06-01 15:02:18,966 - memory_trigger_system - ERROR - [websocket] 2025-06-01 15:02:18,681 - INFO - Starting WebSocket server on localhost:8765
2025-06-01 15:02:18,967 - memory_trigger_system - WARNING - websocket process exited with code 1
2025-06-01 15:02:18,967 - memory_trigger_system - INFO - Restarting websocket...
2025-06-01 15:02:18,986 - memory_trigger_system - INFO - Restarted websocket (PID: 25668)
2025-06-01 15:02:19,149 - memory_trigger_system - ERROR - [connector] 2025-06-01 15:02:18,947 - memory_trigger_connector - INFO - 🚀 Starting memory trigger connector
2025-06-01 15:02:19,149 - memory_trigger_system - WARNING - connector process exited with code 0
2025-06-01 15:02:19,150 - memory_trigger_system - INFO - Restarting connector...
2025-06-01 15:02:19,153 - memory_trigger_system - INFO - Restarted connector (PID: 25673)
2025-06-01 15:02:19,418 - memory_trigger_system - ERROR - [websocket] 2025-06-01 15:02:19,247 - INFO - Starting WebSocket server on localhost:8765
2025-06-01 15:02:19,427 - memory_trigger_system - WARNING - websocket process exited with code -9
2025-06-01 15:02:19,427 - memory_trigger_system - INFO - Restarting websocket...
2025-06-01 15:02:19,443 - memory_trigger_system - INFO - Restarted websocket (PID: 25687)
2025-06-01 15:02:19,831 - memory_trigger_system - ERROR - [connector] 2025-06-01 15:02:19,453 - memory_trigger_connector - INFO - 🚀 Starting memory trigger connector
2025-06-01 15:02:19,835 - memory_trigger_system - WARNING - connector process exited with code 0
2025-06-01 15:02:19,835 - memory_trigger_system - INFO - Restarting connector...
2025-06-01 15:02:19,840 - memory_trigger_system - INFO - Restarted connector (PID: 25692)
2025-06-01 15:02:20,483 - memory_trigger_system - ERROR - [connector] 2025-06-01 15:02:20,339 - memory_trigger_connector - INFO - 🚀 Starting memory trigger connector
2025-06-01 15:02:20,484 - memory_trigger_system - WARNING - connector process exited with code 0
2025-06-01 15:02:20,485 - memory_trigger_system - INFO - Restarting connector...
2025-06-01 15:02:20,488 - memory_trigger_system - INFO - Restarted connector (PID: 25704)
2025-06-01 15:02:20,602 - memory_trigger_system - ERROR - [websocket] 2025-06-01 15:02:19,846 - INFO - Starting WebSocket server on localhost:8765
2025-06-01 15:02:20,602 - memory_trigger_system - WARNING - websocket process exited with code -9
2025-06-01 15:02:20,603 - memory_trigger_system - INFO - Restarting websocket...
2025-06-01 15:02:20,611 - memory_trigger_system - INFO - Restarted websocket (PID: 25717)
2025-06-01 15:02:20,986 - memory_trigger_system - ERROR - [connector] 2025-06-01 15:02:20,837 - memory_trigger_connector - INFO - 🚀 Starting memory trigger connector
2025-06-01 15:02:20,986 - memory_trigger_system - WARNING - connector process exited with code 0
2025-06-01 15:02:20,986 - memory_trigger_system - INFO - Restarting connector...
2025-06-01 15:02:20,993 - memory_trigger_system - INFO - Restarted connector (PID: 25722)
2025-06-01 15:02:21,340 - memory_trigger_system - ERROR - [connector] 2025-06-01 15:02:21,200 - memory_trigger_connector - INFO - 🚀 Starting memory trigger connector
2025-06-01 15:02:21,341 - memory_trigger_system - WARNING - connector process exited with code 0
2025-06-01 15:02:21,341 - memory_trigger_system - INFO - Restarting connector...
2025-06-01 15:02:21,344 - memory_trigger_system - INFO - Restarted connector (PID: 25725)
2025-06-01 15:02:21,596 - memory_trigger_system - ERROR - [connector] 2025-06-01 15:02:21,511 - memory_trigger_connector - INFO - 🚀 Starting memory trigger connector
2025-06-01 15:02:21,597 - memory_trigger_system - WARNING - connector process exited with code 0
2025-06-01 15:02:21,597 - memory_trigger_system - INFO - Restarting connector...
2025-06-01 15:02:21,602 - memory_trigger_system - INFO - Restarted connector (PID: 25729)
2025-06-01 15:02:21,830 - memory_trigger_system - ERROR - [connector] 2025-06-01 15:02:21,754 - memory_trigger_connector - INFO - 🚀 Starting memory trigger connector
2025-06-01 15:02:21,831 - memory_trigger_system - WARNING - connector process exited with code 0
2025-06-01 15:02:21,831 - memory_trigger_system - INFO - Restarting connector...
2025-06-01 15:02:21,833 - memory_trigger_system - INFO - Restarted connector (PID: 25731)
2025-06-01 15:02:22,107 - memory_trigger_system - ERROR - [connector] 2025-06-01 15:02:21,984 - memory_trigger_connector - INFO - 🚀 Starting memory trigger connector
2025-06-01 15:02:22,107 - memory_trigger_system - WARNING - connector process exited with code 0
2025-06-01 15:02:22,108 - memory_trigger_system - INFO - Restarting connector...
2025-06-01 15:02:22,111 - memory_trigger_system - INFO - Restarted connector (PID: 25736)
2025-06-01 15:02:22,329 - memory_trigger_system - ERROR - [connector] 2025-06-01 15:02:22,266 - memory_trigger_connector - INFO - 🚀 Starting memory trigger connector
2025-06-01 15:02:22,330 - memory_trigger_system - WARNING - connector process exited with code 0
2025-06-01 15:02:22,330 - memory_trigger_system - INFO - Restarting connector...
2025-06-01 15:02:22,332 - memory_trigger_system - INFO - Restarted connector (PID: 25739)
2025-06-01 15:02:22,570 - memory_trigger_system - ERROR - [connector] 2025-06-01 15:02:22,470 - memory_trigger_connector - INFO - 🚀 Starting memory trigger connector
2025-06-01 15:02:22,571 - memory_trigger_system - WARNING - connector process exited with code 0
2025-06-01 15:02:22,571 - memory_trigger_system - INFO - Restarting connector...
2025-06-01 15:02:22,574 - memory_trigger_system - INFO - Restarted connector (PID: 25741)
2025-06-01 15:02:22,791 - memory_trigger_system - ERROR - [connector] 2025-06-01 15:02:22,713 - memory_trigger_connector - INFO - 🚀 Starting memory trigger connector
2025-06-01 15:02:22,792 - memory_trigger_system - WARNING - connector process exited with code 0
2025-06-01 15:02:22,792 - memory_trigger_system - INFO - Restarting connector...
2025-06-01 15:02:22,794 - memory_trigger_system - INFO - Restarted connector (PID: 25742)
2025-06-01 15:02:22,947 - memory_trigger_system - ERROR - [connector] 2025-06-01 15:02:22,900 - memory_trigger_connector - INFO - 🚀 Starting memory trigger connector
2025-06-01 15:02:22,947 - memory_trigger_system - WARNING - connector process exited with code 0
2025-06-01 15:02:22,947 - memory_trigger_system - INFO - Restarting connector...
2025-06-01 15:02:22,949 - memory_trigger_system - INFO - Restarted connector (PID: 25744)
2025-06-01 15:02:23,093 - memory_trigger_system - ERROR - [connector] 2025-06-01 15:02:23,043 - memory_trigger_connector - INFO - 🚀 Starting memory trigger connector
2025-06-01 15:02:23,094 - memory_trigger_system - WARNING - connector process exited with code 0
2025-06-01 15:02:23,094 - memory_trigger_system - INFO - Restarting connector...
2025-06-01 15:02:23,096 - memory_trigger_system - INFO - Restarted connector (PID: 25746)
2025-06-01 15:02:23,244 - memory_trigger_system - ERROR - [connector] 2025-06-01 15:02:23,193 - memory_trigger_connector - INFO - 🚀 Starting memory trigger connector
2025-06-01 15:02:23,244 - memory_trigger_system - WARNING - connector process exited with code 0
2025-06-01 15:02:23,244 - memory_trigger_system - INFO - Restarting connector...
2025-06-01 15:02:23,246 - memory_trigger_system - INFO - Restarted connector (PID: 25748)
2025-06-01 15:02:23,399 - memory_trigger_system - ERROR - [connector] 2025-06-01 15:02:23,348 - memory_trigger_connector - INFO - 🚀 Starting memory trigger connector
2025-06-01 15:02:23,399 - memory_trigger_system - WARNING - connector process exited with code 0
2025-06-01 15:02:23,399 - memory_trigger_system - INFO - Restarting connector...
2025-06-01 15:02:23,401 - memory_trigger_system - INFO - Restarted connector (PID: 25749)
2025-06-01 15:02:23,550 - memory_trigger_system - ERROR - [connector] 2025-06-01 15:02:23,493 - memory_trigger_connector - INFO - 🚀 Starting memory trigger connector
2025-06-01 15:02:23,551 - memory_trigger_system - WARNING - connector process exited with code 0
2025-06-01 15:02:23,551 - memory_trigger_system - INFO - Restarting connector...
2025-06-01 15:02:23,553 - memory_trigger_system - INFO - Restarted connector (PID: 25750)
2025-06-01 15:02:23,689 - memory_trigger_system - ERROR - [connector] 2025-06-01 15:02:23,646 - memory_trigger_connector - INFO - 🚀 Starting memory trigger connector
2025-06-01 15:02:23,689 - memory_trigger_system - WARNING - connector process exited with code 0
2025-06-01 15:02:23,689 - memory_trigger_system - INFO - Restarting connector...
2025-06-01 15:02:23,691 - memory_trigger_system - INFO - Restarted connector (PID: 25751)
2025-06-01 15:02:23,813 - memory_trigger_system - ERROR - [connector] 2025-06-01 15:02:23,773 - memory_trigger_connector - INFO - 🚀 Starting memory trigger connector
2025-06-01 15:02:23,814 - memory_trigger_system - WARNING - connector process exited with code 0
2025-06-01 15:02:23,814 - memory_trigger_system - INFO - Restarting connector...
2025-06-01 15:02:23,815 - memory_trigger_system - INFO - Restarted connector (PID: 25752)
2025-06-01 15:02:23,938 - memory_trigger_system - ERROR - [connector] 2025-06-01 15:02:23,895 - memory_trigger_connector - INFO - 🚀 Starting memory trigger connector
2025-06-01 15:02:23,938 - memory_trigger_system - WARNING - connector process exited with code 0
2025-06-01 15:02:23,938 - memory_trigger_system - INFO - Restarting connector...
2025-06-01 15:02:23,940 - memory_trigger_system - INFO - Restarted connector (PID: 25755)
2025-06-01 15:02:24,060 - memory_trigger_system - ERROR - [connector] 2025-06-01 15:02:24,019 - memory_trigger_connector - INFO - 🚀 Starting memory trigger connector
2025-06-01 15:02:24,060 - memory_trigger_system - WARNING - connector process exited with code 0
2025-06-01 15:02:24,060 - memory_trigger_system - INFO - Restarting connector...
2025-06-01 15:02:24,062 - memory_trigger_system - INFO - Restarted connector (PID: 25756)
2025-06-01 15:02:24,183 - memory_trigger_system - ERROR - [connector] 2025-06-01 15:02:24,141 - memory_trigger_connector - INFO - 🚀 Starting memory trigger connector
2025-06-01 15:02:24,183 - memory_trigger_system - WARNING - connector process exited with code 0
2025-06-01 15:02:24,183 - memory_trigger_system - INFO - Restarting connector...
2025-06-01 15:02:24,185 - memory_trigger_system - INFO - Restarted connector (PID: 25757)
2025-06-01 15:02:24,307 - memory_trigger_system - ERROR - [connector] 2025-06-01 15:02:24,265 - memory_trigger_connector - INFO - 🚀 Starting memory trigger connector
2025-06-01 15:02:24,307 - memory_trigger_system - WARNING - connector process exited with code 0
2025-06-01 15:02:24,307 - memory_trigger_system - INFO - Restarting connector...
2025-06-01 15:02:24,309 - memory_trigger_system - INFO - Restarted connector (PID: 25758)
2025-06-01 15:02:24,433 - memory_trigger_system - ERROR - [connector] 2025-06-01 15:02:24,391 - memory_trigger_connector - INFO - 🚀 Starting memory trigger connector
2025-06-01 15:02:24,433 - memory_trigger_system - WARNING - connector process exited with code 0
2025-06-01 15:02:24,433 - memory_trigger_system - INFO - Restarting connector...
2025-06-01 15:02:24,435 - memory_trigger_system - INFO - Restarted connector (PID: 25760)
2025-06-01 15:02:24,557 - memory_trigger_system - ERROR - [connector] 2025-06-01 15:02:24,515 - memory_trigger_connector - INFO - 🚀 Starting memory trigger connector
2025-06-01 15:02:24,557 - memory_trigger_system - WARNING - connector process exited with code 0
2025-06-01 15:02:24,557 - memory_trigger_system - INFO - Restarting connector...
2025-06-01 15:02:24,558 - memory_trigger_system - INFO - Restarted connector (PID: 25761)
2025-06-01 15:02:24,678 - memory_trigger_system - ERROR - [connector] 2025-06-01 15:02:24,638 - memory_trigger_connector - INFO - 🚀 Starting memory trigger connector
2025-06-01 15:02:24,678 - memory_trigger_system - WARNING - connector process exited with code 0
2025-06-01 15:02:24,678 - memory_trigger_system - INFO - Restarting connector...
2025-06-01 15:02:24,680 - memory_trigger_system - INFO - Restarted connector (PID: 25763)
2025-06-01 15:02:24,815 - memory_trigger_system - ERROR - [connector] 2025-06-01 15:02:24,764 - memory_trigger_connector - INFO - 🚀 Starting memory trigger connector
2025-06-01 15:02:24,817 - memory_trigger_system - WARNING - connector process exited with code 0
2025-06-01 15:02:24,817 - memory_trigger_system - INFO - Restarting connector...
2025-06-01 15:02:24,819 - memory_trigger_system - INFO - Restarted connector (PID: 25765)
2025-06-01 15:02:24,983 - memory_trigger_system - ERROR - [connector] 2025-06-01 15:02:24,926 - memory_trigger_connector - INFO - 🚀 Starting memory trigger connector
2025-06-01 15:02:24,983 - memory_trigger_system - WARNING - connector process exited with code 0
2025-06-01 15:02:24,983 - memory_trigger_system - INFO - Restarting connector...
2025-06-01 15:02:24,985 - memory_trigger_system - INFO - Restarted connector (PID: 25767)
2025-06-01 15:02:25,125 - memory_trigger_system - ERROR - [connector] 2025-06-01 15:02:25,078 - memory_trigger_connector - INFO - 🚀 Starting memory trigger connector
2025-06-01 15:02:25,125 - memory_trigger_system - WARNING - connector process exited with code 0
2025-06-01 15:02:25,125 - memory_trigger_system - INFO - Restarting connector...
2025-06-01 15:02:25,127 - memory_trigger_system - INFO - Restarted connector (PID: 25768)
2025-06-01 15:02:25,257 - memory_trigger_system - ERROR - [connector] 2025-06-01 15:02:25,217 - memory_trigger_connector - INFO - 🚀 Starting memory trigger connector
2025-06-01 15:02:25,257 - memory_trigger_system - WARNING - connector process exited with code 0
2025-06-01 15:02:25,257 - memory_trigger_system - INFO - Restarting connector...
2025-06-01 15:02:25,259 - memory_trigger_system - INFO - Restarted connector (PID: 25769)
2025-06-01 15:02:25,388 - memory_trigger_system - ERROR - [connector] 2025-06-01 15:02:25,343 - memory_trigger_connector - INFO - 🚀 Starting memory trigger connector
2025-06-01 15:02:25,388 - memory_trigger_system - WARNING - connector process exited with code 0
2025-06-01 15:02:25,389 - memory_trigger_system - INFO - Restarting connector...
2025-06-01 15:02:25,390 - memory_trigger_system - INFO - Restarted connector (PID: 25772)
2025-06-01 15:02:25,517 - memory_trigger_system - ERROR - [connector] 2025-06-01 15:02:25,472 - memory_trigger_connector - INFO - 🚀 Starting memory trigger connector
2025-06-01 15:02:25,517 - memory_trigger_system - WARNING - connector process exited with code 0
2025-06-01 15:02:25,517 - memory_trigger_system - INFO - Restarting connector...
2025-06-01 15:02:25,519 - memory_trigger_system - INFO - Restarted connector (PID: 25773)
2025-06-01 15:02:25,641 - memory_trigger_system - ERROR - [connector] 2025-06-01 15:02:25,602 - memory_trigger_connector - INFO - 🚀 Starting memory trigger connector
2025-06-01 15:02:25,642 - memory_trigger_system - WARNING - connector process exited with code 0
2025-06-01 15:02:25,642 - memory_trigger_system - INFO - Restarting connector...
2025-06-01 15:02:25,643 - memory_trigger_system - INFO - Restarted connector (PID: 25774)
2025-06-01 15:02:25,766 - memory_trigger_system - ERROR - [connector] 2025-06-01 15:02:25,724 - memory_trigger_connector - INFO - 🚀 Starting memory trigger connector
2025-06-01 15:02:25,766 - memory_trigger_system - WARNING - connector process exited with code 0
2025-06-01 15:02:25,766 - memory_trigger_system - INFO - Restarting connector...
2025-06-01 15:02:25,770 - memory_trigger_system - INFO - Restarted connector (PID: 25775)
2025-06-01 15:02:25,890 - memory_trigger_system - ERROR - [connector] 2025-06-01 15:02:25,850 - memory_trigger_connector - INFO - 🚀 Starting memory trigger connector
2025-06-01 15:02:25,890 - memory_trigger_system - WARNING - connector process exited with code 0
2025-06-01 15:02:25,890 - memory_trigger_system - INFO - Restarting connector...
2025-06-01 15:02:25,892 - memory_trigger_system - INFO - Restarted connector (PID: 25776)
2025-06-01 15:02:26,013 - memory_trigger_system - ERROR - [connector] 2025-06-01 15:02:25,972 - memory_trigger_connector - INFO - 🚀 Starting memory trigger connector
2025-06-01 15:02:26,013 - memory_trigger_system - WARNING - connector process exited with code 0
2025-06-01 15:02:26,013 - memory_trigger_system - INFO - Restarting connector...
2025-06-01 15:02:26,014 - memory_trigger_system - INFO - Restarted connector (PID: 25778)
2025-06-01 15:02:26,142 - memory_trigger_system - ERROR - [connector] 2025-06-01 15:02:26,100 - memory_trigger_connector - INFO - 🚀 Starting memory trigger connector
2025-06-01 15:02:26,143 - memory_trigger_system - WARNING - connector process exited with code 0
2025-06-01 15:02:26,143 - memory_trigger_system - INFO - Restarting connector...
2025-06-01 15:02:26,144 - memory_trigger_system - INFO - Restarted connector (PID: 25781)
2025-06-01 15:02:26,269 - memory_trigger_system - ERROR - [connector] 2025-06-01 15:02:26,227 - memory_trigger_connector - INFO - 🚀 Starting memory trigger connector
2025-06-01 15:02:26,270 - memory_trigger_system - WARNING - connector process exited with code 0
2025-06-01 15:02:26,270 - memory_trigger_system - INFO - Restarting connector...
2025-06-01 15:02:26,271 - memory_trigger_system - INFO - Restarted connector (PID: 25783)
2025-06-01 15:02:26,395 - memory_trigger_system - ERROR - [connector] 2025-06-01 15:02:26,355 - memory_trigger_connector - INFO - 🚀 Starting memory trigger connector
2025-06-01 15:02:26,396 - memory_trigger_system - WARNING - connector process exited with code 0
2025-06-01 15:02:26,396 - memory_trigger_system - INFO - Restarting connector...
2025-06-01 15:02:26,398 - memory_trigger_system - INFO - Restarted connector (PID: 25784)
2025-06-01 15:02:26,522 - memory_trigger_system - ERROR - [connector] 2025-06-01 15:02:26,481 - memory_trigger_connector - INFO - 🚀 Starting memory trigger connector
2025-06-01 15:02:26,522 - memory_trigger_system - WARNING - connector process exited with code 0
2025-06-01 15:02:26,522 - memory_trigger_system - INFO - Restarting connector...
2025-06-01 15:02:26,524 - memory_trigger_system - INFO - Restarted connector (PID: 25785)
2025-06-01 15:02:26,584 - memory_trigger_system - INFO - Test memory items added
2025-06-01 15:02:26,645 - memory_trigger_system - ERROR - [connector] 2025-06-01 15:02:26,605 - memory_trigger_connector - INFO - 🚀 Starting memory trigger connector
2025-06-01 15:02:26,645 - memory_trigger_system - WARNING - connector process exited with code 0
2025-06-01 15:02:26,645 - memory_trigger_system - INFO - Restarting connector...
2025-06-01 15:02:26,647 - memory_trigger_system - INFO - Restarted connector (PID: 25786)
2025-06-01 15:02:26,782 - memory_trigger_system - ERROR - [connector] 2025-06-01 15:02:26,741 - memory_trigger_connector - INFO - 🚀 Starting memory trigger connector
2025-06-01 15:02:26,782 - memory_trigger_system - WARNING - connector process exited with code 0
2025-06-01 15:02:26,782 - memory_trigger_system - INFO - Restarting connector...
2025-06-01 15:02:26,784 - memory_trigger_system - INFO - Restarted connector (PID: 25787)
2025-06-01 15:02:26,915 - memory_trigger_system - ERROR - [connector] 2025-06-01 15:02:26,874 - memory_trigger_connector - INFO - 🚀 Starting memory trigger connector
2025-06-01 15:02:26,915 - memory_trigger_system - WARNING - connector process exited with code 0
2025-06-01 15:02:26,915 - memory_trigger_system - INFO - Restarting connector...
2025-06-01 15:02:26,917 - memory_trigger_system - INFO - Restarted connector (PID: 25788)
2025-06-01 15:02:27,038 - memory_trigger_system - ERROR - [connector] 2025-06-01 15:02:26,997 - memory_trigger_connector - INFO - 🚀 Starting memory trigger connector
2025-06-01 15:02:27,039 - memory_trigger_system - WARNING - connector process exited with code 0
2025-06-01 15:02:27,039 - memory_trigger_system - INFO - Restarting connector...
2025-06-01 15:02:27,040 - memory_trigger_system - INFO - Restarted connector (PID: 25789)
2025-06-01 15:02:27,164 - memory_trigger_system - ERROR - [connector] 2025-06-01 15:02:27,119 - memory_trigger_connector - INFO - 🚀 Starting memory trigger connector
2025-06-01 15:02:27,164 - memory_trigger_system - WARNING - connector process exited with code 0
2025-06-01 15:02:27,164 - memory_trigger_system - INFO - Restarting connector...
2025-06-01 15:02:27,166 - memory_trigger_system - INFO - Restarted connector (PID: 25790)
2025-06-01 15:02:27,292 - memory_trigger_system - ERROR - [connector] 2025-06-01 15:02:27,250 - memory_trigger_connector - INFO - 🚀 Starting memory trigger connector
2025-06-01 15:02:27,293 - memory_trigger_system - WARNING - connector process exited with code 0
2025-06-01 15:02:27,293 - memory_trigger_system - INFO - Restarting connector...
2025-06-01 15:02:27,294 - memory_trigger_system - INFO - Restarted connector (PID: 25791)
2025-06-01 15:02:27,420 - memory_trigger_system - ERROR - [connector] 2025-06-01 15:02:27,377 - memory_trigger_connector - INFO - 🚀 Starting memory trigger connector
2025-06-01 15:02:27,421 - memory_trigger_system - WARNING - connector process exited with code 0
2025-06-01 15:02:27,421 - memory_trigger_system - INFO - Restarting connector...
2025-06-01 15:02:27,422 - memory_trigger_system - INFO - Restarted connector (PID: 25792)
2025-06-01 15:02:27,554 - memory_trigger_system - ERROR - [connector] 2025-06-01 15:02:27,512 - memory_trigger_connector - INFO - 🚀 Starting memory trigger connector
2025-06-01 15:02:27,554 - memory_trigger_system - WARNING - connector process exited with code 0
2025-06-01 15:02:27,554 - memory_trigger_system - INFO - Restarting connector...
2025-06-01 15:02:27,556 - memory_trigger_system - INFO - Restarted connector (PID: 25793)
2025-06-01 15:02:27,697 - memory_trigger_system - ERROR - [connector] 2025-06-01 15:02:27,657 - memory_trigger_connector - INFO - 🚀 Starting memory trigger connector
2025-06-01 15:02:27,698 - memory_trigger_system - WARNING - connector process exited with code 0
2025-06-01 15:02:27,698 - memory_trigger_system - INFO - Restarting connector...
2025-06-01 15:02:27,699 - memory_trigger_system - INFO - Restarted connector (PID: 25798)
2025-06-01 15:02:27,823 - memory_trigger_system - ERROR - [connector] 2025-06-01 15:02:27,779 - memory_trigger_connector - INFO - 🚀 Starting memory trigger connector
2025-06-01 15:02:27,823 - memory_trigger_system - WARNING - connector process exited with code 0
2025-06-01 15:02:27,823 - memory_trigger_system - INFO - Restarting connector...
2025-06-01 15:02:27,824 - memory_trigger_system - INFO - Restarted connector (PID: 25799)
2025-06-01 15:02:27,953 - memory_trigger_system - ERROR - [connector] 2025-06-01 15:02:27,904 - memory_trigger_connector - INFO - 🚀 Starting memory trigger connector
2025-06-01 15:02:27,953 - memory_trigger_system - WARNING - connector process exited with code 0
2025-06-01 15:02:27,953 - memory_trigger_system - INFO - Restarting connector...
2025-06-01 15:02:27,955 - memory_trigger_system - INFO - Restarted connector (PID: 25800)
2025-06-01 15:02:28,080 - memory_trigger_system - ERROR - [connector] 2025-06-01 15:02:28,036 - memory_trigger_connector - INFO - 🚀 Starting memory trigger connector
2025-06-01 15:02:28,081 - memory_trigger_system - WARNING - connector process exited with code 0
2025-06-01 15:02:28,081 - memory_trigger_system - INFO - Restarting connector...
2025-06-01 15:02:28,082 - memory_trigger_system - INFO - Restarted connector (PID: 25801)
2025-06-01 15:02:28,205 - memory_trigger_system - ERROR - [connector] 2025-06-01 15:02:28,164 - memory_trigger_connector - INFO - 🚀 Starting memory trigger connector
2025-06-01 15:02:28,206 - memory_trigger_system - WARNING - connector process exited with code 0
2025-06-01 15:02:28,206 - memory_trigger_system - INFO - Restarting connector...
2025-06-01 15:02:28,207 - memory_trigger_system - INFO - Restarted connector (PID: 25802)
2025-06-01 15:02:28,333 - memory_trigger_system - ERROR - [connector] 2025-06-01 15:02:28,292 - memory_trigger_connector - INFO - 🚀 Starting memory trigger connector
2025-06-01 15:02:28,333 - memory_trigger_system - WARNING - connector process exited with code 0
2025-06-01 15:02:28,333 - memory_trigger_system - INFO - Restarting connector...
2025-06-01 15:02:28,335 - memory_trigger_system - INFO - Restarted connector (PID: 25804)
2025-06-01 15:02:28,467 - memory_trigger_system - ERROR - [connector] 2025-06-01 15:02:28,422 - memory_trigger_connector - INFO - 🚀 Starting memory trigger connector
2025-06-01 15:02:28,467 - memory_trigger_system - WARNING - connector process exited with code 0
2025-06-01 15:02:28,467 - memory_trigger_system - INFO - Restarting connector...
2025-06-01 15:02:28,469 - memory_trigger_system - INFO - Restarted connector (PID: 25806)
2025-06-01 15:02:28,598 - memory_trigger_system - ERROR - [connector] 2025-06-01 15:02:28,554 - memory_trigger_connector - INFO - 🚀 Starting memory trigger connector
2025-06-01 15:02:28,598 - memory_trigger_system - WARNING - connector process exited with code 0
2025-06-01 15:02:28,598 - memory_trigger_system - INFO - Restarting connector...
2025-06-01 15:02:28,600 - memory_trigger_system - INFO - Restarted connector (PID: 25807)
2025-06-01 15:02:28,726 - memory_trigger_system - ERROR - [connector] 2025-06-01 15:02:28,684 - memory_trigger_connector - INFO - 🚀 Starting memory trigger connector
2025-06-01 15:02:28,726 - memory_trigger_system - WARNING - connector process exited with code 0
2025-06-01 15:02:28,726 - memory_trigger_system - INFO - Restarting connector...
2025-06-01 15:02:28,728 - memory_trigger_system - INFO - Restarted connector (PID: 25808)
2025-06-01 15:02:28,856 - memory_trigger_system - ERROR - [connector] 2025-06-01 15:02:28,809 - memory_trigger_connector - INFO - 🚀 Starting memory trigger connector
2025-06-01 15:02:28,856 - memory_trigger_system - WARNING - connector process exited with code 0
2025-06-01 15:02:28,856 - memory_trigger_system - INFO - Restarting connector...
2025-06-01 15:02:28,858 - memory_trigger_system - INFO - Restarted connector (PID: 25809)
2025-06-01 15:02:28,978 - memory_trigger_system - ERROR - [connector] 2025-06-01 15:02:28,937 - memory_trigger_connector - INFO - 🚀 Starting memory trigger connector
2025-06-01 15:02:28,978 - memory_trigger_system - WARNING - connector process exited with code 0
2025-06-01 15:02:28,978 - memory_trigger_system - INFO - Restarting connector...
2025-06-01 15:02:28,980 - memory_trigger_system - INFO - Restarted connector (PID: 25810)
2025-06-01 15:02:29,107 - memory_trigger_system - ERROR - [connector] 2025-06-01 15:02:29,064 - memory_trigger_connector - INFO - 🚀 Starting memory trigger connector
2025-06-01 15:02:29,107 - memory_trigger_system - WARNING - connector process exited with code 0
2025-06-01 15:02:29,107 - memory_trigger_system - INFO - Restarting connector...
2025-06-01 15:02:29,109 - memory_trigger_system - INFO - Restarted connector (PID: 25811)
2025-06-01 15:02:29,226 - memory_trigger_system - ERROR - [connector] 2025-06-01 15:02:29,187 - memory_trigger_connector - INFO - 🚀 Starting memory trigger connector
2025-06-01 15:02:29,226 - memory_trigger_system - WARNING - connector process exited with code 0
2025-06-01 15:02:29,226 - memory_trigger_system - INFO - Restarting connector...
2025-06-01 15:02:29,228 - memory_trigger_system - INFO - Restarted connector (PID: 25812)
2025-06-01 15:02:29,350 - memory_trigger_system - ERROR - [connector] 2025-06-01 15:02:29,307 - memory_trigger_connector - INFO - 🚀 Starting memory trigger connector
2025-06-01 15:02:29,350 - memory_trigger_system - WARNING - connector process exited with code 0
2025-06-01 15:02:29,350 - memory_trigger_system - INFO - Restarting connector...
2025-06-01 15:02:29,352 - memory_trigger_system - INFO - Restarted connector (PID: 25813)
2025-06-01 15:02:29,492 - memory_trigger_system - ERROR - [connector] 2025-06-01 15:02:29,436 - memory_trigger_connector - INFO - 🚀 Starting memory trigger connector
2025-06-01 15:02:29,492 - memory_trigger_system - WARNING - connector process exited with code 0
2025-06-01 15:02:29,492 - memory_trigger_system - INFO - Restarting connector...
2025-06-01 15:02:29,495 - memory_trigger_system - INFO - Restarted connector (PID: 25816)
2025-06-01 15:02:29,670 - memory_trigger_system - ERROR - [connector] 2025-06-01 15:02:29,605 - memory_trigger_connector - INFO - 🚀 Starting memory trigger connector
2025-06-01 15:02:29,670 - memory_trigger_system - WARNING - connector process exited with code 0
2025-06-01 15:02:29,671 - memory_trigger_system - INFO - Restarting connector...
2025-06-01 15:02:29,673 - memory_trigger_system - INFO - Restarted connector (PID: 25819)
2025-06-01 15:02:29,878 - memory_trigger_system - ERROR - [connector] 2025-06-01 15:02:29,821 - memory_trigger_connector - INFO - 🚀 Starting memory trigger connector
2025-06-01 15:02:29,878 - memory_trigger_system - WARNING - connector process exited with code 0
2025-06-01 15:02:29,878 - memory_trigger_system - INFO - Restarting connector...
2025-06-01 15:02:29,880 - memory_trigger_system - INFO - Restarted connector (PID: 25823)
2025-06-01 15:02:30,030 - memory_trigger_system - ERROR - [connector] 2025-06-01 15:02:29,981 - memory_trigger_connector - INFO - 🚀 Starting memory trigger connector
2025-06-01 15:02:30,030 - memory_trigger_system - WARNING - connector process exited with code 0
2025-06-01 15:02:30,030 - memory_trigger_system - INFO - Restarting connector...
2025-06-01 15:02:30,032 - memory_trigger_system - INFO - Restarted connector (PID: 25824)
2025-06-01 15:02:30,165 - memory_trigger_system - ERROR - [connector] 2025-06-01 15:02:30,121 - memory_trigger_connector - INFO - 🚀 Starting memory trigger connector
2025-06-01 15:02:30,165 - memory_trigger_system - WARNING - connector process exited with code 0
2025-06-01 15:02:30,165 - memory_trigger_system - INFO - Restarting connector...
2025-06-01 15:02:30,167 - memory_trigger_system - INFO - Restarted connector (PID: 25826)
2025-06-01 15:02:30,289 - memory_trigger_system - ERROR - [connector] 2025-06-01 15:02:30,248 - memory_trigger_connector - INFO - 🚀 Starting memory trigger connector
2025-06-01 15:02:30,289 - memory_trigger_system - WARNING - connector process exited with code 0
2025-06-01 15:02:30,289 - memory_trigger_system - INFO - Restarting connector...
2025-06-01 15:02:30,291 - memory_trigger_system - INFO - Restarted connector (PID: 25827)
2025-06-01 15:02:30,423 - memory_trigger_system - ERROR - [connector] 2025-06-01 15:02:30,379 - memory_trigger_connector - INFO - 🚀 Starting memory trigger connector
2025-06-01 15:02:30,423 - memory_trigger_system - WARNING - connector process exited with code 0
2025-06-01 15:02:30,423 - memory_trigger_system - INFO - Restarting connector...
2025-06-01 15:02:30,425 - memory_trigger_system - INFO - Restarted connector (PID: 25831)
2025-06-01 15:02:30,555 - memory_trigger_system - ERROR - [connector] 2025-06-01 15:02:30,511 - memory_trigger_connector - INFO - 🚀 Starting memory trigger connector
2025-06-01 15:02:30,555 - memory_trigger_system - WARNING - connector process exited with code 0
2025-06-01 15:02:30,555 - memory_trigger_system - INFO - Restarting connector...
2025-06-01 15:02:30,557 - memory_trigger_system - INFO - Restarted connector (PID: 25832)
2025-06-01 15:02:30,683 - memory_trigger_system - ERROR - [connector] 2025-06-01 15:02:30,640 - memory_trigger_connector - INFO - 🚀 Starting memory trigger connector
2025-06-01 15:02:30,683 - memory_trigger_system - WARNING - connector process exited with code 0
2025-06-01 15:02:30,683 - memory_trigger_system - INFO - Restarting connector...
2025-06-01 15:02:30,685 - memory_trigger_system - INFO - Restarted connector (PID: 25833)
2025-06-01 15:02:30,806 - memory_trigger_system - ERROR - [connector] 2025-06-01 15:02:30,766 - memory_trigger_connector - INFO - 🚀 Starting memory trigger connector
2025-06-01 15:02:30,806 - memory_trigger_system - WARNING - connector process exited with code 0
2025-06-01 15:02:30,806 - memory_trigger_system - INFO - Restarting connector...
2025-06-01 15:02:30,808 - memory_trigger_system - INFO - Restarted connector (PID: 25834)
2025-06-01 15:02:30,934 - memory_trigger_system - ERROR - [connector] 2025-06-01 15:02:30,888 - memory_trigger_connector - INFO - 🚀 Starting memory trigger connector
2025-06-01 15:02:30,934 - memory_trigger_system - WARNING - connector process exited with code 0
2025-06-01 15:02:30,934 - memory_trigger_system - INFO - Restarting connector...
2025-06-01 15:02:30,936 - memory_trigger_system - INFO - Restarted connector (PID: 25835)
2025-06-01 15:02:31,068 - memory_trigger_system - ERROR - [connector] 2025-06-01 15:02:31,023 - memory_trigger_connector - INFO - 🚀 Starting memory trigger connector
2025-06-01 15:02:31,069 - memory_trigger_system - WARNING - connector process exited with code 0
2025-06-01 15:02:31,069 - memory_trigger_system - INFO - Restarting connector...
2025-06-01 15:02:31,070 - memory_trigger_system - INFO - Restarted connector (PID: 25838)
2025-06-01 15:02:31,194 - memory_trigger_system - ERROR - [connector] 2025-06-01 15:02:31,154 - memory_trigger_connector - INFO - 🚀 Starting memory trigger connector
2025-06-01 15:02:31,194 - memory_trigger_system - WARNING - connector process exited with code 0
2025-06-01 15:02:31,194 - memory_trigger_system - INFO - Restarting connector...
2025-06-01 15:02:31,196 - memory_trigger_system - INFO - Restarted connector (PID: 25839)
2025-06-01 15:02:31,316 - memory_trigger_system - ERROR - [connector] 2025-06-01 15:02:31,276 - memory_trigger_connector - INFO - 🚀 Starting memory trigger connector
2025-06-01 15:02:31,316 - memory_trigger_system - WARNING - connector process exited with code 0
2025-06-01 15:02:31,316 - memory_trigger_system - INFO - Restarting connector...
2025-06-01 15:02:31,318 - memory_trigger_system - INFO - Restarted connector (PID: 25840)
2025-06-01 15:02:31,436 - memory_trigger_system - ERROR - [connector] 2025-06-01 15:02:31,396 - memory_trigger_connector - INFO - 🚀 Starting memory trigger connector
2025-06-01 15:02:31,436 - memory_trigger_system - WARNING - connector process exited with code 0
2025-06-01 15:02:31,436 - memory_trigger_system - INFO - Restarting connector...
2025-06-01 15:02:31,438 - memory_trigger_system - INFO - Restarted connector (PID: 25841)
2025-06-01 15:02:31,560 - memory_trigger_system - ERROR - [connector] 2025-06-01 15:02:31,520 - memory_trigger_connector - INFO - 🚀 Starting memory trigger connector
2025-06-01 15:02:31,560 - memory_trigger_system - WARNING - connector process exited with code 0
2025-06-01 15:02:31,560 - memory_trigger_system - INFO - Restarting connector...
2025-06-01 15:02:31,562 - memory_trigger_system - INFO - Restarted connector (PID: 25842)
2025-06-01 15:02:31,683 - memory_trigger_system - ERROR - [connector] 2025-06-01 15:02:31,643 - memory_trigger_connector - INFO - 🚀 Starting memory trigger connector
2025-06-01 15:02:31,683 - memory_trigger_system - WARNING - connector process exited with code 0
2025-06-01 15:02:31,683 - memory_trigger_system - INFO - Restarting connector...
2025-06-01 15:02:31,685 - memory_trigger_system - INFO - Restarted connector (PID: 25843)
2025-06-01 15:02:31,808 - memory_trigger_system - ERROR - [connector] 2025-06-01 15:02:31,766 - memory_trigger_connector - INFO - 🚀 Starting memory trigger connector
2025-06-01 15:02:31,808 - memory_trigger_system - WARNING - connector process exited with code 0
2025-06-01 15:02:31,808 - memory_trigger_system - INFO - Restarting connector...
2025-06-01 15:02:31,812 - memory_trigger_system - INFO - Restarted connector (PID: 25844)
2025-06-01 15:02:31,933 - memory_trigger_system - ERROR - [connector] 2025-06-01 15:02:31,892 - memory_trigger_connector - INFO - 🚀 Starting memory trigger connector
2025-06-01 15:02:31,934 - memory_trigger_system - WARNING - connector process exited with code 0
2025-06-01 15:02:31,934 - memory_trigger_system - INFO - Restarting connector...
2025-06-01 15:02:31,936 - memory_trigger_system - INFO - Restarted connector (PID: 25845)
2025-06-01 15:02:32,059 - memory_trigger_system - ERROR - [connector] 2025-06-01 15:02:32,017 - memory_trigger_connector - INFO - 🚀 Starting memory trigger connector
2025-06-01 15:02:32,059 - memory_trigger_system - WARNING - connector process exited with code 0
2025-06-01 15:02:32,060 - memory_trigger_system - INFO - Restarting connector...
2025-06-01 15:02:32,061 - memory_trigger_system - INFO - Restarted connector (PID: 25846)
2025-06-01 15:02:32,185 - memory_trigger_system - ERROR - [connector] 2025-06-01 15:02:32,142 - memory_trigger_connector - INFO - 🚀 Starting memory trigger connector
2025-06-01 15:02:32,185 - memory_trigger_system - WARNING - connector process exited with code 0
2025-06-01 15:02:32,185 - memory_trigger_system - INFO - Restarting connector...
2025-06-01 15:02:32,187 - memory_trigger_system - INFO - Restarted connector (PID: 25847)
2025-06-01 15:02:32,308 - memory_trigger_system - ERROR - [connector] 2025-06-01 15:02:32,269 - memory_trigger_connector - INFO - 🚀 Starting memory trigger connector
2025-06-01 15:02:32,309 - memory_trigger_system - WARNING - connector process exited with code 0
2025-06-01 15:02:32,309 - memory_trigger_system - INFO - Restarting connector...
2025-06-01 15:02:32,311 - memory_trigger_system - INFO - Restarted connector (PID: 25848)
2025-06-01 15:02:32,429 - memory_trigger_system - ERROR - [connector] 2025-06-01 15:02:32,389 - memory_trigger_connector - INFO - 🚀 Starting memory trigger connector
2025-06-01 15:02:32,429 - memory_trigger_system - WARNING - connector process exited with code 0
2025-06-01 15:02:32,429 - memory_trigger_system - INFO - Restarting connector...
2025-06-01 15:02:32,431 - memory_trigger_system - INFO - Restarted connector (PID: 25849)
2025-06-01 15:02:32,555 - memory_trigger_system - ERROR - [connector] 2025-06-01 15:02:32,512 - memory_trigger_connector - INFO - 🚀 Starting memory trigger connector
2025-06-01 15:02:32,555 - memory_trigger_system - WARNING - connector process exited with code 0
2025-06-01 15:02:32,555 - memory_trigger_system - INFO - Restarting connector...
2025-06-01 15:02:32,557 - memory_trigger_system - INFO - Restarted connector (PID: 25850)
2025-06-01 15:02:32,681 - memory_trigger_system - ERROR - [connector] 2025-06-01 15:02:32,641 - memory_trigger_connector - INFO - 🚀 Starting memory trigger connector
2025-06-01 15:02:32,681 - memory_trigger_system - WARNING - connector process exited with code 0
2025-06-01 15:02:32,681 - memory_trigger_system - INFO - Restarting connector...
2025-06-01 15:02:32,683 - memory_trigger_system - INFO - Restarted connector (PID: 25851)
2025-06-01 15:02:32,804 - memory_trigger_system - ERROR - [connector] 2025-06-01 15:02:32,763 - memory_trigger_connector - INFO - 🚀 Starting memory trigger connector
2025-06-01 15:02:32,804 - memory_trigger_system - WARNING - connector process exited with code 0
2025-06-01 15:02:32,804 - memory_trigger_system - INFO - Restarting connector...
2025-06-01 15:02:32,806 - memory_trigger_system - INFO - Restarted connector (PID: 25852)
2025-06-01 15:02:32,930 - memory_trigger_system - ERROR - [connector] 2025-06-01 15:02:32,889 - memory_trigger_connector - INFO - 🚀 Starting memory trigger connector
2025-06-01 15:02:32,930 - memory_trigger_system - WARNING - connector process exited with code 0
2025-06-01 15:02:32,930 - memory_trigger_system - INFO - Restarting connector...
2025-06-01 15:02:32,932 - memory_trigger_system - INFO - Restarted connector (PID: 25853)
2025-06-01 15:02:33,053 - memory_trigger_system - ERROR - [connector] 2025-06-01 15:02:33,013 - memory_trigger_connector - INFO - 🚀 Starting memory trigger connector
2025-06-01 15:02:33,053 - memory_trigger_system - WARNING - connector process exited with code 0
2025-06-01 15:02:33,053 - memory_trigger_system - INFO - Restarting connector...
2025-06-01 15:02:33,055 - memory_trigger_system - INFO - Restarted connector (PID: 25854)
2025-06-01 15:02:33,176 - memory_trigger_system - ERROR - [connector] 2025-06-01 15:02:33,135 - memory_trigger_connector - INFO - 🚀 Starting memory trigger connector
2025-06-01 15:02:33,177 - memory_trigger_system - WARNING - connector process exited with code 0
2025-06-01 15:02:33,177 - memory_trigger_system - INFO - Restarting connector...
2025-06-01 15:02:33,178 - memory_trigger_system - INFO - Restarted connector (PID: 25855)
2025-06-01 15:02:33,301 - memory_trigger_system - ERROR - [connector] 2025-06-01 15:02:33,259 - memory_trigger_connector - INFO - 🚀 Starting memory trigger connector
2025-06-01 15:02:33,301 - memory_trigger_system - WARNING - connector process exited with code 0
2025-06-01 15:02:33,301 - memory_trigger_system - INFO - Restarting connector...
2025-06-01 15:02:33,303 - memory_trigger_system - INFO - Restarted connector (PID: 25856)
2025-06-01 15:02:33,425 - memory_trigger_system - ERROR - [connector] 2025-06-01 15:02:33,382 - memory_trigger_connector - INFO - 🚀 Starting memory trigger connector
2025-06-01 15:02:33,425 - memory_trigger_system - WARNING - connector process exited with code 0
2025-06-01 15:02:33,425 - memory_trigger_system - INFO - Restarting connector...
2025-06-01 15:02:33,427 - memory_trigger_system - INFO - Restarted connector (PID: 25857)
2025-06-01 15:02:33,553 - memory_trigger_system - ERROR - [connector] 2025-06-01 15:02:33,510 - memory_trigger_connector - INFO - 🚀 Starting memory trigger connector
2025-06-01 15:02:33,553 - memory_trigger_system - WARNING - connector process exited with code 0
2025-06-01 15:02:33,553 - memory_trigger_system - INFO - Restarting connector...
2025-06-01 15:02:33,555 - memory_trigger_system - INFO - Restarted connector (PID: 25858)
2025-06-01 15:02:33,704 - memory_trigger_system - ERROR - [connector] 2025-06-01 15:02:33,656 - memory_trigger_connector - INFO - 🚀 Starting memory trigger connector
2025-06-01 15:02:33,704 - memory_trigger_system - WARNING - connector process exited with code 0
2025-06-01 15:02:33,704 - memory_trigger_system - INFO - Restarting connector...
2025-06-01 15:02:33,707 - memory_trigger_system - INFO - Restarted connector (PID: 25863)
2025-06-01 15:02:33,864 - memory_trigger_system - ERROR - [connector] 2025-06-01 15:02:33,817 - memory_trigger_connector - INFO - 🚀 Starting memory trigger connector
2025-06-01 15:02:33,864 - memory_trigger_system - WARNING - connector process exited with code 0
2025-06-01 15:02:33,864 - memory_trigger_system - INFO - Restarting connector...
2025-06-01 15:02:33,866 - memory_trigger_system - INFO - Restarted connector (PID: 25864)
2025-06-01 15:02:34,017 - memory_trigger_system - ERROR - [connector] 2025-06-01 15:02:33,962 - memory_trigger_connector - INFO - 🚀 Starting memory trigger connector
2025-06-01 15:02:34,017 - memory_trigger_system - WARNING - connector process exited with code 0
2025-06-01 15:02:34,017 - memory_trigger_system - INFO - Restarting connector...
2025-06-01 15:02:34,020 - memory_trigger_system - INFO - Restarted connector (PID: 25865)
2025-06-01 15:02:34,260 - memory_trigger_system - ERROR - [connector] 2025-06-01 15:02:34,180 - memory_trigger_connector - INFO - 🚀 Starting memory trigger connector
2025-06-01 15:02:34,260 - memory_trigger_system - WARNING - connector process exited with code 0
2025-06-01 15:02:34,261 - memory_trigger_system - INFO - Restarting connector...
2025-06-01 15:02:34,265 - memory_trigger_system - INFO - Restarted connector (PID: 25866)
2025-06-01 15:02:34,465 - memory_trigger_system - ERROR - [connector] 2025-06-01 15:02:34,407 - memory_trigger_connector - INFO - 🚀 Starting memory trigger connector
2025-06-01 15:02:34,465 - memory_trigger_system - WARNING - connector process exited with code 0
2025-06-01 15:02:34,465 - memory_trigger_system - INFO - Restarting connector...
2025-06-01 15:02:34,467 - memory_trigger_system - INFO - Restarted connector (PID: 25867)
2025-06-01 15:02:34,726 - memory_trigger_system - ERROR - [connector] 2025-06-01 15:02:34,650 - memory_trigger_connector - INFO - 🚀 Starting memory trigger connector
2025-06-01 15:02:34,727 - memory_trigger_system - WARNING - connector process exited with code 0
2025-06-01 15:02:34,727 - memory_trigger_system - INFO - Restarting connector...
2025-06-01 15:02:34,729 - memory_trigger_system - INFO - Restarted connector (PID: 25871)
2025-06-01 15:02:34,896 - memory_trigger_system - ERROR - [connector] 2025-06-01 15:02:34,839 - memory_trigger_connector - INFO - 🚀 Starting memory trigger connector
2025-06-01 15:02:34,897 - memory_trigger_system - WARNING - connector process exited with code 0
2025-06-01 15:02:34,897 - memory_trigger_system - INFO - Restarting connector...
2025-06-01 15:02:34,899 - memory_trigger_system - INFO - Restarted connector (PID: 25873)
2025-06-01 15:02:35,291 - memory_trigger_system - ERROR - [connector] 2025-06-01 15:02:35,097 - memory_trigger_connector - INFO - 🚀 Starting memory trigger connector
2025-06-01 15:02:35,293 - memory_trigger_system - WARNING - connector process exited with code 0
2025-06-01 15:02:35,293 - memory_trigger_system - INFO - Restarting connector...
2025-06-01 15:02:35,298 - memory_trigger_system - INFO - Restarted connector (PID: 25874)
2025-06-01 15:02:35,530 - memory_trigger_system - ERROR - [connector] 2025-06-01 15:02:35,477 - memory_trigger_connector - INFO - 🚀 Starting memory trigger connector
2025-06-01 15:02:35,530 - memory_trigger_system - WARNING - connector process exited with code 0
2025-06-01 15:02:35,530 - memory_trigger_system - INFO - Restarting connector...
2025-06-01 15:02:35,532 - memory_trigger_system - INFO - Restarted connector (PID: 25877)
2025-06-01 15:02:35,690 - memory_trigger_system - ERROR - [connector] 2025-06-01 15:02:35,629 - memory_trigger_connector - INFO - 🚀 Starting memory trigger connector
2025-06-01 15:02:35,690 - memory_trigger_system - WARNING - connector process exited with code 0
2025-06-01 15:02:35,690 - memory_trigger_system - INFO - Restarting connector...
2025-06-01 15:02:35,693 - memory_trigger_system - INFO - Restarted connector (PID: 25878)
2025-06-01 15:02:35,855 - memory_trigger_system - ERROR - [connector] 2025-06-01 15:02:35,794 - memory_trigger_connector - INFO - 🚀 Starting memory trigger connector
2025-06-01 15:02:35,855 - memory_trigger_system - WARNING - connector process exited with code 0
2025-06-01 15:02:35,855 - memory_trigger_system - INFO - Restarting connector...
2025-06-01 15:02:35,857 - memory_trigger_system - INFO - Restarted connector (PID: 25879)
2025-06-01 15:02:36,012 - memory_trigger_system - ERROR - [connector] 2025-06-01 15:02:35,959 - memory_trigger_connector - INFO - 🚀 Starting memory trigger connector
2025-06-01 15:02:36,013 - memory_trigger_system - WARNING - connector process exited with code 0
2025-06-01 15:02:36,013 - memory_trigger_system - INFO - Restarting connector...
2025-06-01 15:02:36,015 - memory_trigger_system - INFO - Restarted connector (PID: 25880)
2025-06-01 15:02:36,165 - memory_trigger_system - ERROR - [connector] 2025-06-01 15:02:36,117 - memory_trigger_connector - INFO - 🚀 Starting memory trigger connector
2025-06-01 15:02:36,165 - memory_trigger_system - WARNING - connector process exited with code 0
2025-06-01 15:02:36,165 - memory_trigger_system - INFO - Restarting connector...
2025-06-01 15:02:36,167 - memory_trigger_system - INFO - Restarted connector (PID: 25883)
2025-06-01 15:02:36,595 - memory_trigger_system - ERROR - [connector] 2025-06-01 15:02:36,504 - memory_trigger_connector - INFO - 🚀 Starting memory trigger connector
2025-06-01 15:02:36,595 - memory_trigger_system - WARNING - connector process exited with code 0
2025-06-01 15:02:36,595 - memory_trigger_system - INFO - Restarting connector...
2025-06-01 15:02:36,598 - memory_trigger_system - INFO - Restarted connector (PID: 25885)
2025-06-01 15:02:36,765 - memory_trigger_system - ERROR - [connector] 2025-06-01 15:02:36,714 - memory_trigger_connector - INFO - 🚀 Starting memory trigger connector
2025-06-01 15:02:36,766 - memory_trigger_system - WARNING - connector process exited with code 0
2025-06-01 15:02:36,766 - memory_trigger_system - INFO - Restarting connector...
2025-06-01 15:02:36,768 - memory_trigger_system - INFO - Restarted connector (PID: 25886)
2025-06-01 15:02:36,947 - memory_trigger_system - ERROR - [connector] 2025-06-01 15:02:36,893 - memory_trigger_connector - INFO - 🚀 Starting memory trigger connector
2025-06-01 15:02:36,947 - memory_trigger_system - WARNING - connector process exited with code 0
2025-06-01 15:02:36,947 - memory_trigger_system - INFO - Restarting connector...
2025-06-01 15:02:36,949 - memory_trigger_system - INFO - Restarted connector (PID: 25887)
2025-06-01 15:02:37,123 - memory_trigger_system - ERROR - [connector] 2025-06-01 15:02:37,067 - memory_trigger_connector - INFO - 🚀 Starting memory trigger connector
2025-06-01 15:02:37,124 - memory_trigger_system - WARNING - connector process exited with code 0
2025-06-01 15:02:37,124 - memory_trigger_system - INFO - Restarting connector...
2025-06-01 15:02:37,126 - memory_trigger_system - INFO - Restarted connector (PID: 25888)
2025-06-01 15:02:37,270 - memory_trigger_system - ERROR - [connector] 2025-06-01 15:02:37,223 - memory_trigger_connector - INFO - 🚀 Starting memory trigger connector
2025-06-01 15:02:37,270 - memory_trigger_system - WARNING - connector process exited with code 0
2025-06-01 15:02:37,270 - memory_trigger_system - INFO - Restarting connector...
2025-06-01 15:02:37,272 - memory_trigger_system - INFO - Restarted connector (PID: 25889)
2025-06-01 15:02:37,471 - memory_trigger_system - ERROR - [connector] 2025-06-01 15:02:37,365 - memory_trigger_connector - INFO - 🚀 Starting memory trigger connector
2025-06-01 15:02:37,472 - memory_trigger_system - WARNING - connector process exited with code 0
2025-06-01 15:02:37,472 - memory_trigger_system - INFO - Restarting connector...
2025-06-01 15:02:37,475 - memory_trigger_system - INFO - Restarted connector (PID: 25890)
2025-06-01 15:02:37,691 - memory_trigger_system - ERROR - [connector] 2025-06-01 15:02:37,633 - memory_trigger_connector - INFO - 🚀 Starting memory trigger connector
2025-06-01 15:02:37,692 - memory_trigger_system - WARNING - connector process exited with code 0
2025-06-01 15:02:37,692 - memory_trigger_system - INFO - Restarting connector...
2025-06-01 15:02:37,694 - memory_trigger_system - INFO - Restarted connector (PID: 25892)
2025-06-01 15:02:37,868 - memory_trigger_system - ERROR - [connector] 2025-06-01 15:02:37,808 - memory_trigger_connector - INFO - 🚀 Starting memory trigger connector
2025-06-01 15:02:37,868 - memory_trigger_system - WARNING - connector process exited with code 0
2025-06-01 15:02:37,868 - memory_trigger_system - INFO - Restarting connector...
2025-06-01 15:02:37,871 - memory_trigger_system - INFO - Restarted connector (PID: 25893)
2025-06-01 15:02:38,052 - memory_trigger_system - ERROR - [connector] 2025-06-01 15:02:37,995 - memory_trigger_connector - INFO - 🚀 Starting memory trigger connector
2025-06-01 15:02:38,052 - memory_trigger_system - WARNING - connector process exited with code 0
2025-06-01 15:02:38,052 - memory_trigger_system - INFO - Restarting connector...
2025-06-01 15:02:38,054 - memory_trigger_system - INFO - Restarted connector (PID: 25894)
2025-06-01 15:02:38,225 - memory_trigger_system - ERROR - [connector] 2025-06-01 15:02:38,169 - memory_trigger_connector - INFO - 🚀 Starting memory trigger connector
2025-06-01 15:02:38,225 - memory_trigger_system - WARNING - connector process exited with code 0
2025-06-01 15:02:38,225 - memory_trigger_system - INFO - Restarting connector...
2025-06-01 15:02:38,227 - memory_trigger_system - INFO - Restarted connector (PID: 25895)
2025-06-01 15:02:38,390 - memory_trigger_system - ERROR - [connector] 2025-06-01 15:02:38,339 - memory_trigger_connector - INFO - 🚀 Starting memory trigger connector
2025-06-01 15:02:38,390 - memory_trigger_system - WARNING - connector process exited with code 0
2025-06-01 15:02:38,390 - memory_trigger_system - INFO - Restarting connector...
2025-06-01 15:02:38,393 - memory_trigger_system - INFO - Restarted connector (PID: 25896)
2025-06-01 15:02:38,554 - memory_trigger_system - ERROR - [connector] 2025-06-01 15:02:38,499 - memory_trigger_connector - INFO - 🚀 Starting memory trigger connector
2025-06-01 15:02:38,554 - memory_trigger_system - WARNING - connector process exited with code 0
2025-06-01 15:02:38,554 - memory_trigger_system - INFO - Restarting connector...
2025-06-01 15:02:38,556 - memory_trigger_system - INFO - Restarted connector (PID: 25897)
2025-06-01 15:02:38,714 - memory_trigger_system - ERROR - [connector] 2025-06-01 15:02:38,661 - memory_trigger_connector - INFO - 🚀 Starting memory trigger connector
2025-06-01 15:02:38,714 - memory_trigger_system - WARNING - connector process exited with code 0
2025-06-01 15:02:38,714 - memory_trigger_system - INFO - Restarting connector...
2025-06-01 15:02:38,716 - memory_trigger_system - INFO - Restarted connector (PID: 25898)
2025-06-01 15:02:38,878 - memory_trigger_system - ERROR - [connector] 2025-06-01 15:02:38,822 - memory_trigger_connector - INFO - 🚀 Starting memory trigger connector
2025-06-01 15:02:38,878 - memory_trigger_system - WARNING - connector process exited with code 0
2025-06-01 15:02:38,879 - memory_trigger_system - INFO - Restarting connector...
2025-06-01 15:02:38,881 - memory_trigger_system - INFO - Restarted connector (PID: 25899)
2025-06-01 15:02:39,058 - memory_trigger_system - ERROR - [connector] 2025-06-01 15:02:38,994 - memory_trigger_connector - INFO - 🚀 Starting memory trigger connector
2025-06-01 15:02:39,058 - memory_trigger_system - WARNING - connector process exited with code 0
2025-06-01 15:02:39,058 - memory_trigger_system - INFO - Restarting connector...
2025-06-01 15:02:39,061 - memory_trigger_system - INFO - Restarted connector (PID: 25900)
2025-06-01 15:02:39,241 - memory_trigger_system - ERROR - [connector] 2025-06-01 15:02:39,183 - memory_trigger_connector - INFO - 🚀 Starting memory trigger connector
2025-06-01 15:02:39,242 - memory_trigger_system - WARNING - connector process exited with code 0
2025-06-01 15:02:39,242 - memory_trigger_system - INFO - Restarting connector...
2025-06-01 15:02:39,245 - memory_trigger_system - INFO - Restarted connector (PID: 25901)
2025-06-01 15:02:39,430 - memory_trigger_system - ERROR - [connector] 2025-06-01 15:02:39,359 - memory_trigger_connector - INFO - 🚀 Starting memory trigger connector
2025-06-01 15:02:39,431 - memory_trigger_system - WARNING - connector process exited with code 0
2025-06-01 15:02:39,431 - memory_trigger_system - INFO - Restarting connector...
2025-06-01 15:02:39,434 - memory_trigger_system - INFO - Restarted connector (PID: 25902)
2025-06-01 15:02:39,634 - memory_trigger_system - ERROR - [connector] 2025-06-01 15:02:39,573 - memory_trigger_connector - INFO - 🚀 Starting memory trigger connector
2025-06-01 15:02:39,635 - memory_trigger_system - WARNING - connector process exited with code 0
2025-06-01 15:02:39,635 - memory_trigger_system - INFO - Restarting connector...
2025-06-01 15:02:39,637 - memory_trigger_system - INFO - Restarted connector (PID: 25903)
2025-06-01 15:02:39,970 - memory_trigger_system - ERROR - [connector] 2025-06-01 15:02:39,794 - memory_trigger_connector - INFO - 🚀 Starting memory trigger connector
2025-06-01 15:02:39,970 - memory_trigger_system - WARNING - connector process exited with code 0
2025-06-01 15:02:39,971 - memory_trigger_system - INFO - Restarting connector...
2025-06-01 15:02:39,976 - memory_trigger_system - INFO - Restarted connector (PID: 25912)
2025-06-01 15:02:40,248 - memory_trigger_system - ERROR - [connector] 2025-06-01 15:02:40,171 - memory_trigger_connector - INFO - 🚀 Starting memory trigger connector
2025-06-01 15:02:40,248 - memory_trigger_system - WARNING - connector process exited with code 0
2025-06-01 15:02:40,249 - memory_trigger_system - INFO - Restarting connector...
2025-06-01 15:02:40,251 - memory_trigger_system - INFO - Restarted connector (PID: 25913)
2025-06-01 15:02:40,462 - memory_trigger_system - ERROR - [connector] 2025-06-01 15:02:40,384 - memory_trigger_connector - INFO - 🚀 Starting memory trigger connector
2025-06-01 15:02:40,462 - memory_trigger_system - WARNING - connector process exited with code 0
2025-06-01 15:02:40,462 - memory_trigger_system - INFO - Restarting connector...
2025-06-01 15:02:40,465 - memory_trigger_system - INFO - Restarted connector (PID: 25918)
2025-06-01 15:02:40,738 - memory_trigger_system - ERROR - [connector] 2025-06-01 15:02:40,631 - memory_trigger_connector - INFO - 🚀 Starting memory trigger connector
2025-06-01 15:02:40,738 - memory_trigger_system - WARNING - connector process exited with code 0
2025-06-01 15:02:40,738 - memory_trigger_system - INFO - Restarting connector...
2025-06-01 15:02:40,744 - memory_trigger_system - INFO - Restarted connector (PID: 25919)
2025-06-01 15:02:40,959 - memory_trigger_system - ERROR - [connector] 2025-06-01 15:02:40,897 - memory_trigger_connector - INFO - 🚀 Starting memory trigger connector
2025-06-01 15:02:40,959 - memory_trigger_system - WARNING - connector process exited with code 0
2025-06-01 15:02:40,959 - memory_trigger_system - INFO - Restarting connector...
2025-06-01 15:02:40,962 - memory_trigger_system - INFO - Restarted connector (PID: 25920)
2025-06-01 15:02:41,168 - memory_trigger_system - ERROR - [connector] 2025-06-01 15:02:41,093 - memory_trigger_connector - INFO - 🚀 Starting memory trigger connector
2025-06-01 15:02:41,169 - memory_trigger_system - WARNING - connector process exited with code 0
2025-06-01 15:02:41,169 - memory_trigger_system - INFO - Restarting connector...
2025-06-01 15:02:41,171 - memory_trigger_system - INFO - Restarted connector (PID: 25925)
2025-06-01 15:02:41,778 - memory_trigger_system - INFO - Received signal SIGINT, shutting down...
2025-06-01 15:02:41,778 - memory_trigger_system - INFO - Stopping Memory Trigger System...
2025-06-01 15:02:41,782 - memory_trigger_system - ERROR - [websocket] 2025-06-01 15:02:20,929 - INFO - Starting WebSocket server on localhost:8765
2025-06-01 15:02:41,783 - memory_trigger_system - INFO - Terminated websocket process (PID: 25717)
2025-06-01 15:02:41,809 - memory_trigger_system - WARNING - connector process exited with code -15
2025-06-01 15:02:41,812 - memory_trigger_system - INFO - Terminated connector process (PID: 25925)
2025-06-01 15:02:41,812 - memory_trigger_system - INFO - Memory Trigger System stopped
