2025-05-27 17:45:22,738 - smart_memory_feeder - INFO - 🧠 Starting Smart Memory Feeder
2025-05-27 17:45:23,960 - smart_memory_feeder - ERROR - Error updating memory: Expecting ':' delimiter: line 286 column 22 (char 8195)
2025-05-27 17:45:23,961 - smart_memory_feeder - WARNING - Failed to update memory
2025-05-27 17:45:35,171 - smart_memory_feeder - WARNING - Error comparing states: Expecting ':' delimiter: line 286 column 22 (char 8195)
2025-05-27 17:45:35,171 - smart_memory_feeder - ERROR - Error updating memory: Expecting ':' delimiter: line 286 column 22 (char 8195)
2025-05-27 17:45:35,171 - smart_memory_feeder - WARNING - Failed to update memory
2025-05-27 17:45:46,412 - smart_memory_feeder - WARNING - Error comparing states: Expecting ':' delimiter: line 286 column 22 (char 8195)
2025-05-27 17:45:46,412 - smart_memory_feeder - ERROR - Error updating memory: Expecting ':' delimiter: line 286 column 22 (char 8195)
2025-05-27 17:45:46,412 - smart_memory_feeder - WARNING - Failed to update memory
2025-05-27 17:46:02,664 - smart_memory_feeder - WARNING - Error comparing states: Expecting ':' delimiter: line 286 column 22 (char 8195)
2025-05-27 17:46:02,665 - smart_memory_feeder - ERROR - Error updating memory: Expecting ':' delimiter: line 286 column 22 (char 8195)
2025-05-27 17:46:02,665 - smart_memory_feeder - WARNING - Failed to update memory
2025-05-27 17:46:18,894 - smart_memory_feeder - WARNING - Error comparing states: Expecting ':' delimiter: line 286 column 22 (char 8195)
2025-05-27 17:46:18,895 - smart_memory_feeder - ERROR - Error updating memory: Expecting ':' delimiter: line 286 column 22 (char 8195)
2025-05-27 17:46:18,895 - smart_memory_feeder - WARNING - Failed to update memory
2025-05-27 17:46:30,271 - smart_memory_feeder - WARNING - Error comparing states: Expecting ':' delimiter: line 286 column 22 (char 8195)
2025-05-27 17:46:30,272 - smart_memory_feeder - ERROR - Error updating memory: Expecting ':' delimiter: line 286 column 22 (char 8195)
2025-05-27 17:46:30,272 - smart_memory_feeder - WARNING - Failed to update memory
2025-05-27 17:46:46,535 - smart_memory_feeder - WARNING - Error comparing states: Expecting ':' delimiter: line 286 column 22 (char 8195)
2025-05-27 17:46:46,535 - smart_memory_feeder - ERROR - Error updating memory: Expecting ':' delimiter: line 286 column 22 (char 8195)
2025-05-27 17:46:46,535 - smart_memory_feeder - WARNING - Failed to update memory
2025-05-29 00:11:34,493 - smart_memory_feeder - INFO - 🧠 Starting Smart Memory Feeder
2025-05-29 00:11:36,286 - smart_memory_feeder - ERROR - Error updating memory: Expecting ':' delimiter: line 286 column 22 (char 8195)
2025-05-29 00:11:36,286 - smart_memory_feeder - WARNING - Failed to update memory
2025-05-29 00:11:47,591 - smart_memory_feeder - WARNING - Error comparing states: Expecting ':' delimiter: line 286 column 22 (char 8195)
2025-05-29 00:11:47,591 - smart_memory_feeder - ERROR - Error updating memory: Expecting ':' delimiter: line 286 column 22 (char 8195)
2025-05-29 00:11:47,591 - smart_memory_feeder - WARNING - Failed to update memory
2025-05-29 00:12:03,926 - smart_memory_feeder - WARNING - Error comparing states: Expecting ':' delimiter: line 286 column 22 (char 8195)
2025-05-29 00:12:03,927 - smart_memory_feeder - ERROR - Error updating memory: Expecting ':' delimiter: line 286 column 22 (char 8195)
2025-05-29 00:12:03,927 - smart_memory_feeder - WARNING - Failed to update memory
2025-05-29 00:12:20,271 - smart_memory_feeder - WARNING - Error comparing states: Expecting ':' delimiter: line 286 column 22 (char 8195)
2025-05-29 00:12:20,271 - smart_memory_feeder - ERROR - Error updating memory: Expecting ':' delimiter: line 286 column 22 (char 8195)
2025-05-29 00:12:20,271 - smart_memory_feeder - WARNING - Failed to update memory
2025-05-29 00:12:36,602 - smart_memory_feeder - WARNING - Error comparing states: Expecting ':' delimiter: line 286 column 22 (char 8195)
2025-05-29 00:12:36,602 - smart_memory_feeder - ERROR - Error updating memory: Expecting ':' delimiter: line 286 column 22 (char 8195)
2025-05-29 00:12:36,603 - smart_memory_feeder - WARNING - Failed to update memory
2025-05-29 00:12:52,966 - smart_memory_feeder - WARNING - Error comparing states: Expecting ':' delimiter: line 286 column 22 (char 8195)
2025-05-29 00:12:52,967 - smart_memory_feeder - ERROR - Error updating memory: Expecting ':' delimiter: line 286 column 22 (char 8195)
2025-05-29 00:12:52,967 - smart_memory_feeder - WARNING - Failed to update memory
2025-05-29 00:13:09,300 - smart_memory_feeder - WARNING - Error comparing states: Expecting ':' delimiter: line 286 column 22 (char 8195)
2025-05-29 00:13:09,301 - smart_memory_feeder - ERROR - Error updating memory: Expecting ':' delimiter: line 286 column 22 (char 8195)
2025-05-29 00:13:09,301 - smart_memory_feeder - WARNING - Failed to update memory
2025-05-29 00:13:25,665 - smart_memory_feeder - WARNING - Error comparing states: Expecting ':' delimiter: line 286 column 22 (char 8195)
2025-05-29 00:13:25,666 - smart_memory_feeder - ERROR - Error updating memory: Expecting ':' delimiter: line 286 column 22 (char 8195)
2025-05-29 00:13:25,666 - smart_memory_feeder - WARNING - Failed to update memory
2025-05-29 00:13:41,997 - smart_memory_feeder - WARNING - Error comparing states: Expecting ':' delimiter: line 286 column 22 (char 8195)
2025-05-29 00:13:41,998 - smart_memory_feeder - ERROR - Error updating memory: Expecting ':' delimiter: line 286 column 22 (char 8195)
2025-05-29 00:13:41,998 - smart_memory_feeder - WARNING - Failed to update memory
2025-05-29 00:13:58,313 - smart_memory_feeder - WARNING - Error comparing states: Expecting ':' delimiter: line 286 column 22 (char 8195)
2025-05-29 00:13:58,313 - smart_memory_feeder - ERROR - Error updating memory: Expecting ':' delimiter: line 286 column 22 (char 8195)
2025-05-29 00:13:58,313 - smart_memory_feeder - WARNING - Failed to update memory
2025-05-29 00:14:14,618 - smart_memory_feeder - WARNING - Error comparing states: Expecting ':' delimiter: line 286 column 22 (char 8195)
2025-05-29 00:14:14,618 - smart_memory_feeder - ERROR - Error updating memory: Expecting ':' delimiter: line 286 column 22 (char 8195)
2025-05-29 00:14:14,618 - smart_memory_feeder - WARNING - Failed to update memory
2025-05-29 00:14:30,945 - smart_memory_feeder - WARNING - Error comparing states: Expecting ':' delimiter: line 286 column 22 (char 8195)
2025-05-29 00:14:30,946 - smart_memory_feeder - ERROR - Error updating memory: Expecting ':' delimiter: line 286 column 22 (char 8195)
2025-05-29 00:14:30,946 - smart_memory_feeder - WARNING - Failed to update memory
2025-05-29 00:14:47,285 - smart_memory_feeder - WARNING - Error comparing states: Expecting ':' delimiter: line 286 column 22 (char 8195)
2025-05-29 00:14:47,286 - smart_memory_feeder - ERROR - Error updating memory: Expecting ':' delimiter: line 286 column 22 (char 8195)
2025-05-29 00:14:47,286 - smart_memory_feeder - WARNING - Failed to update memory
2025-05-29 00:15:03,621 - smart_memory_feeder - WARNING - Error comparing states: Expecting ':' delimiter: line 286 column 22 (char 8195)
2025-05-29 00:15:03,622 - smart_memory_feeder - ERROR - Error updating memory: Expecting ':' delimiter: line 286 column 22 (char 8195)
2025-05-29 00:15:03,622 - smart_memory_feeder - WARNING - Failed to update memory
2025-05-29 00:15:19,954 - smart_memory_feeder - WARNING - Error comparing states: Expecting ':' delimiter: line 286 column 22 (char 8195)
2025-05-29 00:15:19,956 - smart_memory_feeder - ERROR - Error updating memory: Expecting ':' delimiter: line 286 column 22 (char 8195)
2025-05-29 00:15:19,956 - smart_memory_feeder - WARNING - Failed to update memory
2025-05-29 00:15:36,278 - smart_memory_feeder - WARNING - Error comparing states: Expecting ':' delimiter: line 286 column 22 (char 8195)
2025-05-29 00:15:36,280 - smart_memory_feeder - ERROR - Error updating memory: Expecting ':' delimiter: line 286 column 22 (char 8195)
2025-05-29 00:15:36,280 - smart_memory_feeder - WARNING - Failed to update memory
2025-05-29 00:15:47,597 - smart_memory_feeder - WARNING - Error comparing states: Expecting ':' delimiter: line 286 column 22 (char 8195)
2025-05-29 00:15:47,598 - smart_memory_feeder - ERROR - Error updating memory: Expecting ':' delimiter: line 286 column 22 (char 8195)
2025-05-29 00:15:47,599 - smart_memory_feeder - WARNING - Failed to update memory
2025-05-29 00:15:58,905 - smart_memory_feeder - WARNING - Error comparing states: Expecting ':' delimiter: line 286 column 22 (char 8195)
2025-05-29 00:15:58,905 - smart_memory_feeder - ERROR - Error updating memory: Expecting ':' delimiter: line 286 column 22 (char 8195)
2025-05-29 00:15:58,905 - smart_memory_feeder - WARNING - Failed to update memory
2025-05-29 00:16:15,393 - smart_memory_feeder - WARNING - Error comparing states: Expecting ':' delimiter: line 286 column 22 (char 8195)
2025-05-29 00:16:15,406 - smart_memory_feeder - ERROR - Error updating memory: Expecting ':' delimiter: line 286 column 22 (char 8195)
2025-05-29 00:16:15,406 - smart_memory_feeder - WARNING - Failed to update memory
2025-05-29 00:16:31,742 - smart_memory_feeder - WARNING - Error comparing states: Expecting ':' delimiter: line 286 column 22 (char 8195)
2025-05-29 00:16:31,743 - smart_memory_feeder - ERROR - Error updating memory: Expecting ':' delimiter: line 286 column 22 (char 8195)
2025-05-29 00:16:31,743 - smart_memory_feeder - WARNING - Failed to update memory
2025-05-29 00:16:48,084 - smart_memory_feeder - WARNING - Error comparing states: Expecting ':' delimiter: line 286 column 22 (char 8195)
2025-05-29 00:16:48,085 - smart_memory_feeder - ERROR - Error updating memory: Expecting ':' delimiter: line 286 column 22 (char 8195)
2025-05-29 00:16:48,085 - smart_memory_feeder - WARNING - Failed to update memory
2025-05-29 00:17:04,438 - smart_memory_feeder - WARNING - Error comparing states: Expecting ':' delimiter: line 286 column 22 (char 8195)
2025-05-29 00:17:04,440 - smart_memory_feeder - ERROR - Error updating memory: Expecting ':' delimiter: line 286 column 22 (char 8195)
2025-05-29 00:17:04,440 - smart_memory_feeder - WARNING - Failed to update memory
2025-05-29 00:17:20,998 - smart_memory_feeder - WARNING - Error comparing states: Expecting ':' delimiter: line 286 column 22 (char 8195)
2025-05-29 00:17:20,999 - smart_memory_feeder - ERROR - Error updating memory: Expecting ':' delimiter: line 286 column 22 (char 8195)
2025-05-29 00:17:21,000 - smart_memory_feeder - WARNING - Failed to update memory
2025-05-29 00:17:32,415 - smart_memory_feeder - WARNING - Error comparing states: Expecting ':' delimiter: line 286 column 22 (char 8195)
2025-05-29 00:17:32,416 - smart_memory_feeder - ERROR - Error updating memory: Expecting ':' delimiter: line 286 column 22 (char 8195)
2025-05-29 00:17:32,416 - smart_memory_feeder - WARNING - Failed to update memory
2025-05-29 00:17:49,852 - smart_memory_feeder - WARNING - Error comparing states: Expecting ':' delimiter: line 286 column 22 (char 8195)
2025-05-29 00:17:49,855 - smart_memory_feeder - ERROR - Error updating memory: Expecting ':' delimiter: line 286 column 22 (char 8195)
2025-05-29 00:17:49,855 - smart_memory_feeder - WARNING - Failed to update memory
2025-05-29 00:18:01,459 - smart_memory_feeder - WARNING - Error comparing states: Expecting ':' delimiter: line 286 column 22 (char 8195)
2025-05-29 00:18:01,461 - smart_memory_feeder - ERROR - Error updating memory: Expecting ':' delimiter: line 286 column 22 (char 8195)
2025-05-29 00:18:01,461 - smart_memory_feeder - WARNING - Failed to update memory
2025-05-29 00:18:17,859 - smart_memory_feeder - WARNING - Error comparing states: Expecting ':' delimiter: line 286 column 22 (char 8195)
2025-05-29 00:18:17,860 - smart_memory_feeder - ERROR - Error updating memory: Expecting ':' delimiter: line 286 column 22 (char 8195)
2025-05-29 00:18:17,860 - smart_memory_feeder - WARNING - Failed to update memory
2025-05-29 00:18:34,330 - smart_memory_feeder - WARNING - Error comparing states: Expecting ':' delimiter: line 286 column 22 (char 8195)
2025-05-29 00:18:34,331 - smart_memory_feeder - ERROR - Error updating memory: Expecting ':' delimiter: line 286 column 22 (char 8195)
2025-05-29 00:18:34,332 - smart_memory_feeder - WARNING - Failed to update memory
2025-05-29 00:18:51,616 - smart_memory_feeder - WARNING - Error comparing states: Expecting ':' delimiter: line 286 column 22 (char 8195)
2025-05-29 00:18:51,617 - smart_memory_feeder - ERROR - Error updating memory: Expecting ':' delimiter: line 286 column 22 (char 8195)
2025-05-29 00:18:51,617 - smart_memory_feeder - WARNING - Failed to update memory
2025-05-29 00:19:03,986 - smart_memory_feeder - WARNING - Error comparing states: Expecting ':' delimiter: line 286 column 22 (char 8195)
2025-05-29 00:19:03,991 - smart_memory_feeder - ERROR - Error updating memory: Expecting ':' delimiter: line 286 column 22 (char 8195)
2025-05-29 00:19:03,991 - smart_memory_feeder - WARNING - Failed to update memory
2025-05-29 00:19:15,876 - smart_memory_feeder - WARNING - Error comparing states: Expecting ':' delimiter: line 286 column 22 (char 8195)
2025-05-29 00:19:15,878 - smart_memory_feeder - ERROR - Error updating memory: Expecting ':' delimiter: line 286 column 22 (char 8195)
2025-05-29 00:19:15,878 - smart_memory_feeder - WARNING - Failed to update memory
2025-05-29 00:19:27,574 - smart_memory_feeder - WARNING - Error comparing states: Expecting ':' delimiter: line 286 column 22 (char 8195)
2025-05-29 00:19:27,575 - smart_memory_feeder - ERROR - Error updating memory: Expecting ':' delimiter: line 286 column 22 (char 8195)
2025-05-29 00:19:27,575 - smart_memory_feeder - WARNING - Failed to update memory
2025-05-29 00:19:38,924 - smart_memory_feeder - WARNING - Error comparing states: Expecting ':' delimiter: line 286 column 22 (char 8195)
2025-05-29 00:19:38,924 - smart_memory_feeder - ERROR - Error updating memory: Expecting ':' delimiter: line 286 column 22 (char 8195)
2025-05-29 00:19:38,924 - smart_memory_feeder - WARNING - Failed to update memory
2025-05-29 00:19:45,236 - smart_memory_feeder - WARNING - Error comparing states: Expecting ':' delimiter: line 286 column 22 (char 8195)
2025-05-29 00:19:45,237 - smart_memory_feeder - ERROR - Error updating memory: Expecting ':' delimiter: line 286 column 22 (char 8195)
2025-05-29 00:19:45,237 - smart_memory_feeder - WARNING - Failed to update memory
2025-05-29 00:20:01,565 - smart_memory_feeder - WARNING - Error comparing states: Expecting ':' delimiter: line 286 column 22 (char 8195)
2025-05-29 00:20:01,566 - smart_memory_feeder - ERROR - Error updating memory: Expecting ':' delimiter: line 286 column 22 (char 8195)
2025-05-29 00:20:01,566 - smart_memory_feeder - WARNING - Failed to update memory
2025-05-29 00:20:17,914 - smart_memory_feeder - WARNING - Error comparing states: Expecting ':' delimiter: line 286 column 22 (char 8195)
2025-05-29 00:20:17,915 - smart_memory_feeder - ERROR - Error updating memory: Expecting ':' delimiter: line 286 column 22 (char 8195)
2025-05-29 00:20:17,915 - smart_memory_feeder - WARNING - Failed to update memory
2025-05-29 00:20:34,223 - smart_memory_feeder - WARNING - Error comparing states: Expecting ':' delimiter: line 286 column 22 (char 8195)
2025-05-29 00:20:34,224 - smart_memory_feeder - ERROR - Error updating memory: Expecting ':' delimiter: line 286 column 22 (char 8195)
2025-05-29 00:20:34,224 - smart_memory_feeder - WARNING - Failed to update memory
2025-05-29 00:20:50,572 - smart_memory_feeder - WARNING - Error comparing states: Expecting ':' delimiter: line 286 column 22 (char 8195)
2025-05-29 00:20:50,573 - smart_memory_feeder - ERROR - Error updating memory: Expecting ':' delimiter: line 286 column 22 (char 8195)
2025-05-29 00:20:50,573 - smart_memory_feeder - WARNING - Failed to update memory
2025-05-29 00:21:06,913 - smart_memory_feeder - WARNING - Error comparing states: Expecting ':' delimiter: line 286 column 22 (char 8195)
2025-05-29 00:21:06,914 - smart_memory_feeder - ERROR - Error updating memory: Expecting ':' delimiter: line 286 column 22 (char 8195)
2025-05-29 00:21:06,914 - smart_memory_feeder - WARNING - Failed to update memory
2025-05-29 00:21:23,221 - smart_memory_feeder - WARNING - Error comparing states: Expecting ':' delimiter: line 286 column 22 (char 8195)
2025-05-29 00:21:23,221 - smart_memory_feeder - ERROR - Error updating memory: Expecting ':' delimiter: line 286 column 22 (char 8195)
2025-05-29 00:21:23,222 - smart_memory_feeder - WARNING - Failed to update memory
2025-05-29 00:21:39,553 - smart_memory_feeder - WARNING - Error comparing states: Expecting ':' delimiter: line 286 column 22 (char 8195)
2025-05-29 00:21:39,553 - smart_memory_feeder - ERROR - Error updating memory: Expecting ':' delimiter: line 286 column 22 (char 8195)
2025-05-29 00:21:39,554 - smart_memory_feeder - WARNING - Failed to update memory
2025-05-29 00:21:55,872 - smart_memory_feeder - WARNING - Error comparing states: Expecting ':' delimiter: line 286 column 22 (char 8195)
2025-05-29 00:21:55,873 - smart_memory_feeder - ERROR - Error updating memory: Expecting ':' delimiter: line 286 column 22 (char 8195)
2025-05-29 00:21:55,873 - smart_memory_feeder - WARNING - Failed to update memory
2025-05-29 00:22:12,183 - smart_memory_feeder - WARNING - Error comparing states: Expecting ':' delimiter: line 286 column 22 (char 8195)
2025-05-29 00:22:12,184 - smart_memory_feeder - ERROR - Error updating memory: Expecting ':' delimiter: line 286 column 22 (char 8195)
2025-05-29 00:22:12,184 - smart_memory_feeder - WARNING - Failed to update memory
2025-05-29 00:22:23,509 - smart_memory_feeder - WARNING - Error comparing states: Expecting ':' delimiter: line 286 column 22 (char 8195)
2025-05-29 00:22:23,509 - smart_memory_feeder - ERROR - Error updating memory: Expecting ':' delimiter: line 286 column 22 (char 8195)
2025-05-29 00:22:23,509 - smart_memory_feeder - WARNING - Failed to update memory
2025-05-29 00:22:39,861 - smart_memory_feeder - WARNING - Error comparing states: Expecting ':' delimiter: line 286 column 22 (char 8195)
2025-05-29 00:22:39,862 - smart_memory_feeder - ERROR - Error updating memory: Expecting ':' delimiter: line 286 column 22 (char 8195)
2025-05-29 00:22:39,862 - smart_memory_feeder - WARNING - Failed to update memory
2025-05-29 00:22:51,390 - smart_memory_feeder - WARNING - Error comparing states: Expecting ':' delimiter: line 286 column 22 (char 8195)
2025-05-29 00:22:51,393 - smart_memory_feeder - ERROR - Error updating memory: Expecting ':' delimiter: line 286 column 22 (char 8195)
2025-05-29 00:22:51,393 - smart_memory_feeder - WARNING - Failed to update memory
2025-05-29 00:23:02,856 - smart_memory_feeder - WARNING - Error comparing states: Expecting ':' delimiter: line 286 column 22 (char 8195)
2025-05-29 00:23:02,857 - smart_memory_feeder - ERROR - Error updating memory: Expecting ':' delimiter: line 286 column 22 (char 8195)
2025-05-29 00:23:02,857 - smart_memory_feeder - WARNING - Failed to update memory
2025-05-29 00:23:19,559 - smart_memory_feeder - WARNING - Error comparing states: Expecting ':' delimiter: line 286 column 22 (char 8195)
2025-05-29 00:23:19,563 - smart_memory_feeder - ERROR - Error updating memory: Expecting ':' delimiter: line 286 column 22 (char 8195)
2025-05-29 00:23:19,564 - smart_memory_feeder - WARNING - Failed to update memory
2025-05-29 00:23:31,210 - smart_memory_feeder - WARNING - Error comparing states: Expecting ':' delimiter: line 286 column 22 (char 8195)
2025-05-29 00:23:31,213 - smart_memory_feeder - ERROR - Error updating memory: Expecting ':' delimiter: line 286 column 22 (char 8195)
2025-05-29 00:23:31,213 - smart_memory_feeder - WARNING - Failed to update memory
2025-05-29 00:23:42,585 - smart_memory_feeder - WARNING - Error comparing states: Expecting ':' delimiter: line 286 column 22 (char 8195)
2025-05-29 00:23:42,586 - smart_memory_feeder - ERROR - Error updating memory: Expecting ':' delimiter: line 286 column 22 (char 8195)
2025-05-29 00:23:42,586 - smart_memory_feeder - WARNING - Failed to update memory
2025-05-29 00:23:59,081 - smart_memory_feeder - WARNING - Error comparing states: Expecting ':' delimiter: line 286 column 22 (char 8195)
2025-05-29 00:23:59,083 - smart_memory_feeder - ERROR - Error updating memory: Expecting ':' delimiter: line 286 column 22 (char 8195)
2025-05-29 00:23:59,083 - smart_memory_feeder - WARNING - Failed to update memory
2025-05-29 00:24:10,767 - smart_memory_feeder - WARNING - Error comparing states: Expecting ':' delimiter: line 286 column 22 (char 8195)
2025-05-29 00:24:10,768 - smart_memory_feeder - ERROR - Error updating memory: Expecting ':' delimiter: line 286 column 22 (char 8195)
2025-05-29 00:24:10,768 - smart_memory_feeder - WARNING - Failed to update memory
2025-05-29 00:24:22,192 - smart_memory_feeder - WARNING - Error comparing states: Expecting ':' delimiter: line 286 column 22 (char 8195)
2025-05-29 00:24:22,193 - smart_memory_feeder - ERROR - Error updating memory: Expecting ':' delimiter: line 286 column 22 (char 8195)
2025-05-29 00:24:22,193 - smart_memory_feeder - WARNING - Failed to update memory
2025-05-29 00:24:38,705 - smart_memory_feeder - WARNING - Error comparing states: Expecting ':' delimiter: line 286 column 22 (char 8195)
2025-05-29 00:24:38,707 - smart_memory_feeder - ERROR - Error updating memory: Expecting ':' delimiter: line 286 column 22 (char 8195)
2025-05-29 00:24:38,707 - smart_memory_feeder - WARNING - Failed to update memory
2025-05-29 00:24:55,183 - smart_memory_feeder - WARNING - Error comparing states: Expecting ':' delimiter: line 286 column 22 (char 8195)
2025-05-29 00:24:55,183 - smart_memory_feeder - ERROR - Error updating memory: Expecting ':' delimiter: line 286 column 22 (char 8195)
2025-05-29 00:24:55,184 - smart_memory_feeder - WARNING - Failed to update memory
2025-05-29 00:25:11,940 - smart_memory_feeder - WARNING - Error comparing states: Expecting ':' delimiter: line 286 column 22 (char 8195)
2025-05-29 00:25:11,941 - smart_memory_feeder - ERROR - Error updating memory: Expecting ':' delimiter: line 286 column 22 (char 8195)
2025-05-29 00:25:11,941 - smart_memory_feeder - WARNING - Failed to update memory
2025-05-29 00:25:23,441 - smart_memory_feeder - WARNING - Error comparing states: Expecting ':' delimiter: line 286 column 22 (char 8195)
2025-05-29 00:25:23,442 - smart_memory_feeder - ERROR - Error updating memory: Expecting ':' delimiter: line 286 column 22 (char 8195)
2025-05-29 00:25:23,442 - smart_memory_feeder - WARNING - Failed to update memory
2025-05-29 00:25:39,885 - smart_memory_feeder - WARNING - Error comparing states: Expecting ':' delimiter: line 286 column 22 (char 8195)
2025-05-29 00:25:39,886 - smart_memory_feeder - ERROR - Error updating memory: Expecting ':' delimiter: line 286 column 22 (char 8195)
2025-05-29 00:25:39,886 - smart_memory_feeder - WARNING - Failed to update memory
2025-05-29 00:25:56,317 - smart_memory_feeder - WARNING - Error comparing states: Expecting ':' delimiter: line 286 column 22 (char 8195)
2025-05-29 00:25:56,318 - smart_memory_feeder - ERROR - Error updating memory: Expecting ':' delimiter: line 286 column 22 (char 8195)
2025-05-29 00:25:56,318 - smart_memory_feeder - WARNING - Failed to update memory
2025-05-29 00:26:12,632 - smart_memory_feeder - WARNING - Error comparing states: Expecting ':' delimiter: line 286 column 22 (char 8195)
2025-05-29 00:26:12,633 - smart_memory_feeder - ERROR - Error updating memory: Expecting ':' delimiter: line 286 column 22 (char 8195)
2025-05-29 00:26:12,633 - smart_memory_feeder - WARNING - Failed to update memory
2025-05-29 00:26:29,240 - smart_memory_feeder - WARNING - Error comparing states: Expecting ':' delimiter: line 286 column 22 (char 8195)
2025-05-29 00:26:29,240 - smart_memory_feeder - ERROR - Error updating memory: Expecting ':' delimiter: line 286 column 22 (char 8195)
2025-05-29 00:26:29,240 - smart_memory_feeder - WARNING - Failed to update memory
2025-05-29 00:26:40,551 - smart_memory_feeder - WARNING - Error comparing states: Expecting ':' delimiter: line 286 column 22 (char 8195)
2025-05-29 00:26:40,552 - smart_memory_feeder - ERROR - Error updating memory: Expecting ':' delimiter: line 286 column 22 (char 8195)
2025-05-29 00:26:40,552 - smart_memory_feeder - WARNING - Failed to update memory
2025-05-29 00:26:56,868 - smart_memory_feeder - WARNING - Error comparing states: Expecting ':' delimiter: line 286 column 22 (char 8195)
2025-05-29 00:26:56,868 - smart_memory_feeder - ERROR - Error updating memory: Expecting ':' delimiter: line 286 column 22 (char 8195)
2025-05-29 00:26:56,868 - smart_memory_feeder - WARNING - Failed to update memory
2025-05-29 00:27:13,205 - smart_memory_feeder - WARNING - Error comparing states: Expecting ':' delimiter: line 286 column 22 (char 8195)
2025-05-29 00:27:13,206 - smart_memory_feeder - ERROR - Error updating memory: Expecting ':' delimiter: line 286 column 22 (char 8195)
2025-05-29 00:27:13,206 - smart_memory_feeder - WARNING - Failed to update memory
2025-05-29 00:27:24,515 - smart_memory_feeder - WARNING - Error comparing states: Expecting ':' delimiter: line 286 column 22 (char 8195)
2025-05-29 00:27:24,515 - smart_memory_feeder - ERROR - Error updating memory: Expecting ':' delimiter: line 286 column 22 (char 8195)
2025-05-29 00:27:24,515 - smart_memory_feeder - WARNING - Failed to update memory
2025-05-29 00:27:40,919 - smart_memory_feeder - WARNING - Error comparing states: Expecting ':' delimiter: line 286 column 22 (char 8195)
2025-05-29 00:27:40,920 - smart_memory_feeder - ERROR - Error updating memory: Expecting ':' delimiter: line 286 column 22 (char 8195)
2025-05-29 00:27:40,920 - smart_memory_feeder - WARNING - Failed to update memory
2025-05-29 00:27:57,257 - smart_memory_feeder - WARNING - Error comparing states: Expecting ':' delimiter: line 286 column 22 (char 8195)
2025-05-29 00:27:57,258 - smart_memory_feeder - ERROR - Error updating memory: Expecting ':' delimiter: line 286 column 22 (char 8195)
2025-05-29 00:27:57,258 - smart_memory_feeder - WARNING - Failed to update memory
2025-05-29 00:28:13,605 - smart_memory_feeder - WARNING - Error comparing states: Expecting ':' delimiter: line 286 column 22 (char 8195)
2025-05-29 00:28:13,606 - smart_memory_feeder - ERROR - Error updating memory: Expecting ':' delimiter: line 286 column 22 (char 8195)
2025-05-29 00:28:13,606 - smart_memory_feeder - WARNING - Failed to update memory
2025-05-29 00:28:29,960 - smart_memory_feeder - WARNING - Error comparing states: Expecting ':' delimiter: line 286 column 22 (char 8195)
2025-05-29 00:28:29,960 - smart_memory_feeder - ERROR - Error updating memory: Expecting ':' delimiter: line 286 column 22 (char 8195)
2025-05-29 00:28:29,960 - smart_memory_feeder - WARNING - Failed to update memory
2025-05-29 00:28:41,296 - smart_memory_feeder - WARNING - Error comparing states: Expecting ':' delimiter: line 286 column 22 (char 8195)
2025-05-29 00:28:41,297 - smart_memory_feeder - ERROR - Error updating memory: Expecting ':' delimiter: line 286 column 22 (char 8195)
2025-05-29 00:28:41,297 - smart_memory_feeder - WARNING - Failed to update memory
2025-05-29 00:28:57,633 - smart_memory_feeder - WARNING - Error comparing states: Expecting ':' delimiter: line 286 column 22 (char 8195)
2025-05-29 00:28:57,635 - smart_memory_feeder - ERROR - Error updating memory: Expecting ':' delimiter: line 286 column 22 (char 8195)
2025-05-29 00:28:57,635 - smart_memory_feeder - WARNING - Failed to update memory
2025-05-29 00:29:13,975 - smart_memory_feeder - WARNING - Error comparing states: Expecting ':' delimiter: line 286 column 22 (char 8195)
2025-05-29 00:29:13,976 - smart_memory_feeder - ERROR - Error updating memory: Expecting ':' delimiter: line 286 column 22 (char 8195)
2025-05-29 00:29:13,976 - smart_memory_feeder - WARNING - Failed to update memory
2025-05-29 00:29:30,316 - smart_memory_feeder - WARNING - Error comparing states: Expecting ':' delimiter: line 286 column 22 (char 8195)
2025-05-29 00:29:30,316 - smart_memory_feeder - ERROR - Error updating memory: Expecting ':' delimiter: line 286 column 22 (char 8195)
2025-05-29 00:29:30,317 - smart_memory_feeder - WARNING - Failed to update memory
2025-05-29 00:29:46,653 - smart_memory_feeder - WARNING - Error comparing states: Expecting ':' delimiter: line 286 column 22 (char 8195)
2025-05-29 00:29:46,654 - smart_memory_feeder - ERROR - Error updating memory: Expecting ':' delimiter: line 286 column 22 (char 8195)
2025-05-29 00:29:46,654 - smart_memory_feeder - WARNING - Failed to update memory
2025-05-29 00:30:02,975 - smart_memory_feeder - WARNING - Error comparing states: Expecting ':' delimiter: line 286 column 22 (char 8195)
2025-05-29 00:30:02,975 - smart_memory_feeder - ERROR - Error updating memory: Expecting ':' delimiter: line 286 column 22 (char 8195)
2025-05-29 00:30:02,976 - smart_memory_feeder - WARNING - Failed to update memory
2025-05-29 00:30:19,309 - smart_memory_feeder - WARNING - Error comparing states: Expecting ':' delimiter: line 286 column 22 (char 8195)
2025-05-29 00:30:19,310 - smart_memory_feeder - ERROR - Error updating memory: Expecting ':' delimiter: line 286 column 22 (char 8195)
2025-05-29 00:30:19,310 - smart_memory_feeder - WARNING - Failed to update memory
2025-05-29 00:30:35,635 - smart_memory_feeder - WARNING - Error comparing states: Expecting ':' delimiter: line 286 column 22 (char 8195)
2025-05-29 00:30:35,636 - smart_memory_feeder - ERROR - Error updating memory: Expecting ':' delimiter: line 286 column 22 (char 8195)
2025-05-29 00:30:35,636 - smart_memory_feeder - WARNING - Failed to update memory
2025-05-29 00:30:51,966 - smart_memory_feeder - WARNING - Error comparing states: Expecting ':' delimiter: line 286 column 22 (char 8195)
2025-05-29 00:30:51,966 - smart_memory_feeder - ERROR - Error updating memory: Expecting ':' delimiter: line 286 column 22 (char 8195)
2025-05-29 00:30:51,966 - smart_memory_feeder - WARNING - Failed to update memory
2025-05-29 00:31:08,310 - smart_memory_feeder - WARNING - Error comparing states: Expecting ':' delimiter: line 286 column 22 (char 8195)
2025-05-29 00:31:08,312 - smart_memory_feeder - ERROR - Error updating memory: Expecting ':' delimiter: line 286 column 22 (char 8195)
2025-05-29 00:31:08,312 - smart_memory_feeder - WARNING - Failed to update memory
2025-05-29 00:31:24,642 - smart_memory_feeder - WARNING - Error comparing states: Expecting ':' delimiter: line 286 column 22 (char 8195)
2025-05-29 00:31:24,642 - smart_memory_feeder - ERROR - Error updating memory: Expecting ':' delimiter: line 286 column 22 (char 8195)
2025-05-29 00:31:24,642 - smart_memory_feeder - WARNING - Failed to update memory
2025-05-29 00:31:40,977 - smart_memory_feeder - WARNING - Error comparing states: Expecting ':' delimiter: line 286 column 22 (char 8195)
2025-05-29 00:31:40,978 - smart_memory_feeder - ERROR - Error updating memory: Expecting ':' delimiter: line 286 column 22 (char 8195)
2025-05-29 00:31:40,978 - smart_memory_feeder - WARNING - Failed to update memory
2025-05-29 00:31:57,312 - smart_memory_feeder - WARNING - Error comparing states: Expecting ':' delimiter: line 286 column 22 (char 8195)
2025-05-29 00:31:57,312 - smart_memory_feeder - ERROR - Error updating memory: Expecting ':' delimiter: line 286 column 22 (char 8195)
2025-05-29 00:31:57,312 - smart_memory_feeder - WARNING - Failed to update memory
2025-05-29 00:32:13,649 - smart_memory_feeder - WARNING - Error comparing states: Expecting ':' delimiter: line 286 column 22 (char 8195)
2025-05-29 00:32:13,650 - smart_memory_feeder - ERROR - Error updating memory: Expecting ':' delimiter: line 286 column 22 (char 8195)
2025-05-29 00:32:13,650 - smart_memory_feeder - WARNING - Failed to update memory
2025-05-29 00:32:30,041 - smart_memory_feeder - WARNING - Error comparing states: Expecting ':' delimiter: line 286 column 22 (char 8195)
2025-05-29 00:32:30,042 - smart_memory_feeder - ERROR - Error updating memory: Expecting ':' delimiter: line 286 column 22 (char 8195)
2025-05-29 00:32:30,042 - smart_memory_feeder - WARNING - Failed to update memory
2025-05-29 00:32:46,401 - smart_memory_feeder - WARNING - Error comparing states: Expecting ':' delimiter: line 286 column 22 (char 8195)
2025-05-29 00:32:46,402 - smart_memory_feeder - ERROR - Error updating memory: Expecting ':' delimiter: line 286 column 22 (char 8195)
2025-05-29 00:32:46,402 - smart_memory_feeder - WARNING - Failed to update memory
2025-05-29 00:33:02,728 - smart_memory_feeder - WARNING - Error comparing states: Expecting ':' delimiter: line 286 column 22 (char 8195)
2025-05-29 00:33:02,730 - smart_memory_feeder - ERROR - Error updating memory: Expecting ':' delimiter: line 286 column 22 (char 8195)
2025-05-29 00:33:02,730 - smart_memory_feeder - WARNING - Failed to update memory
2025-05-29 00:33:19,060 - smart_memory_feeder - WARNING - Error comparing states: Expecting ':' delimiter: line 286 column 22 (char 8195)
2025-05-29 00:33:19,061 - smart_memory_feeder - ERROR - Error updating memory: Expecting ':' delimiter: line 286 column 22 (char 8195)
2025-05-29 00:33:19,061 - smart_memory_feeder - WARNING - Failed to update memory
2025-05-29 00:33:35,381 - smart_memory_feeder - WARNING - Error comparing states: Expecting ':' delimiter: line 286 column 22 (char 8195)
2025-05-29 00:33:35,382 - smart_memory_feeder - ERROR - Error updating memory: Expecting ':' delimiter: line 286 column 22 (char 8195)
2025-05-29 00:33:35,382 - smart_memory_feeder - WARNING - Failed to update memory
2025-05-29 00:33:51,715 - smart_memory_feeder - WARNING - Error comparing states: Expecting ':' delimiter: line 286 column 22 (char 8195)
2025-05-29 00:33:51,716 - smart_memory_feeder - ERROR - Error updating memory: Expecting ':' delimiter: line 286 column 22 (char 8195)
2025-05-29 00:33:51,716 - smart_memory_feeder - WARNING - Failed to update memory
2025-05-29 00:34:08,059 - smart_memory_feeder - WARNING - Error comparing states: Expecting ':' delimiter: line 286 column 22 (char 8195)
2025-05-29 00:34:08,059 - smart_memory_feeder - ERROR - Error updating memory: Expecting ':' delimiter: line 286 column 22 (char 8195)
2025-05-29 00:34:08,059 - smart_memory_feeder - WARNING - Failed to update memory
2025-05-29 00:34:24,398 - smart_memory_feeder - WARNING - Error comparing states: Expecting ':' delimiter: line 286 column 22 (char 8195)
2025-05-29 00:34:24,400 - smart_memory_feeder - ERROR - Error updating memory: Expecting ':' delimiter: line 286 column 22 (char 8195)
2025-05-29 00:34:24,400 - smart_memory_feeder - WARNING - Failed to update memory
2025-05-29 00:34:40,734 - smart_memory_feeder - WARNING - Error comparing states: Expecting ':' delimiter: line 286 column 22 (char 8195)
2025-05-29 00:34:40,734 - smart_memory_feeder - ERROR - Error updating memory: Expecting ':' delimiter: line 286 column 22 (char 8195)
2025-05-29 00:34:40,734 - smart_memory_feeder - WARNING - Failed to update memory
2025-05-29 00:34:57,067 - smart_memory_feeder - WARNING - Error comparing states: Expecting ':' delimiter: line 286 column 22 (char 8195)
2025-05-29 00:34:57,067 - smart_memory_feeder - ERROR - Error updating memory: Expecting ':' delimiter: line 286 column 22 (char 8195)
2025-05-29 00:34:57,067 - smart_memory_feeder - WARNING - Failed to update memory
2025-05-29 00:35:13,388 - smart_memory_feeder - WARNING - Error comparing states: Expecting ':' delimiter: line 286 column 22 (char 8195)
2025-05-29 00:35:13,389 - smart_memory_feeder - ERROR - Error updating memory: Expecting ':' delimiter: line 286 column 22 (char 8195)
2025-05-29 00:35:13,389 - smart_memory_feeder - WARNING - Failed to update memory
2025-05-29 00:35:29,720 - smart_memory_feeder - WARNING - Error comparing states: Expecting ':' delimiter: line 286 column 22 (char 8195)
2025-05-29 00:35:29,721 - smart_memory_feeder - ERROR - Error updating memory: Expecting ':' delimiter: line 286 column 22 (char 8195)
2025-05-29 00:35:29,721 - smart_memory_feeder - WARNING - Failed to update memory
2025-05-29 00:35:46,054 - smart_memory_feeder - WARNING - Error comparing states: Expecting ':' delimiter: line 286 column 22 (char 8195)
2025-05-29 00:35:46,055 - smart_memory_feeder - ERROR - Error updating memory: Expecting ':' delimiter: line 286 column 22 (char 8195)
2025-05-29 00:35:46,055 - smart_memory_feeder - WARNING - Failed to update memory
2025-05-29 00:36:02,389 - smart_memory_feeder - WARNING - Error comparing states: Expecting ':' delimiter: line 286 column 22 (char 8195)
2025-05-29 00:36:02,389 - smart_memory_feeder - ERROR - Error updating memory: Expecting ':' delimiter: line 286 column 22 (char 8195)
2025-05-29 00:36:02,389 - smart_memory_feeder - WARNING - Failed to update memory
2025-05-29 00:36:18,723 - smart_memory_feeder - WARNING - Error comparing states: Expecting ':' delimiter: line 286 column 22 (char 8195)
2025-05-29 00:36:18,724 - smart_memory_feeder - ERROR - Error updating memory: Expecting ':' delimiter: line 286 column 22 (char 8195)
2025-05-29 00:36:18,724 - smart_memory_feeder - WARNING - Failed to update memory
2025-05-29 00:36:35,047 - smart_memory_feeder - WARNING - Error comparing states: Expecting ':' delimiter: line 286 column 22 (char 8195)
2025-05-29 00:36:35,047 - smart_memory_feeder - ERROR - Error updating memory: Expecting ':' delimiter: line 286 column 22 (char 8195)
2025-05-29 00:36:35,048 - smart_memory_feeder - WARNING - Failed to update memory
2025-05-29 00:36:51,392 - smart_memory_feeder - WARNING - Error comparing states: Expecting ':' delimiter: line 286 column 22 (char 8195)
2025-05-29 00:36:51,393 - smart_memory_feeder - ERROR - Error updating memory: Expecting ':' delimiter: line 286 column 22 (char 8195)
2025-05-29 00:36:51,393 - smart_memory_feeder - WARNING - Failed to update memory
2025-05-29 00:37:07,726 - smart_memory_feeder - WARNING - Error comparing states: Expecting ':' delimiter: line 286 column 22 (char 8195)
2025-05-29 00:37:07,727 - smart_memory_feeder - ERROR - Error updating memory: Expecting ':' delimiter: line 286 column 22 (char 8195)
2025-05-29 00:37:07,728 - smart_memory_feeder - WARNING - Failed to update memory
2025-05-29 00:37:24,059 - smart_memory_feeder - WARNING - Error comparing states: Expecting ':' delimiter: line 286 column 22 (char 8195)
2025-05-29 00:37:24,060 - smart_memory_feeder - ERROR - Error updating memory: Expecting ':' delimiter: line 286 column 22 (char 8195)
2025-05-29 00:37:24,060 - smart_memory_feeder - WARNING - Failed to update memory
2025-05-29 00:37:40,363 - smart_memory_feeder - WARNING - Error comparing states: Expecting ':' delimiter: line 286 column 22 (char 8195)
2025-05-29 00:37:40,364 - smart_memory_feeder - ERROR - Error updating memory: Expecting ':' delimiter: line 286 column 22 (char 8195)
2025-05-29 00:37:40,364 - smart_memory_feeder - WARNING - Failed to update memory
2025-05-29 00:37:56,726 - smart_memory_feeder - WARNING - Error comparing states: Expecting ':' delimiter: line 286 column 22 (char 8195)
2025-05-29 00:37:56,727 - smart_memory_feeder - ERROR - Error updating memory: Expecting ':' delimiter: line 286 column 22 (char 8195)
2025-05-29 00:37:56,727 - smart_memory_feeder - WARNING - Failed to update memory
2025-05-29 00:38:13,033 - smart_memory_feeder - WARNING - Error comparing states: Expecting ':' delimiter: line 286 column 22 (char 8195)
2025-05-29 00:38:13,033 - smart_memory_feeder - ERROR - Error updating memory: Expecting ':' delimiter: line 286 column 22 (char 8195)
2025-05-29 00:38:13,033 - smart_memory_feeder - WARNING - Failed to update memory
2025-05-29 00:38:29,360 - smart_memory_feeder - WARNING - Error comparing states: Expecting ':' delimiter: line 286 column 22 (char 8195)
2025-05-29 00:38:29,362 - smart_memory_feeder - ERROR - Error updating memory: Expecting ':' delimiter: line 286 column 22 (char 8195)
2025-05-29 00:38:29,362 - smart_memory_feeder - WARNING - Failed to update memory
2025-05-29 00:38:45,697 - smart_memory_feeder - WARNING - Error comparing states: Expecting ':' delimiter: line 286 column 22 (char 8195)
2025-05-29 00:38:45,697 - smart_memory_feeder - ERROR - Error updating memory: Expecting ':' delimiter: line 286 column 22 (char 8195)
2025-05-29 00:38:45,698 - smart_memory_feeder - WARNING - Failed to update memory
2025-05-29 00:39:02,051 - smart_memory_feeder - WARNING - Error comparing states: Expecting ':' delimiter: line 286 column 22 (char 8195)
2025-05-29 00:39:02,052 - smart_memory_feeder - ERROR - Error updating memory: Expecting ':' delimiter: line 286 column 22 (char 8195)
2025-05-29 00:39:02,052 - smart_memory_feeder - WARNING - Failed to update memory
2025-05-29 00:39:18,396 - smart_memory_feeder - WARNING - Error comparing states: Expecting ':' delimiter: line 286 column 22 (char 8195)
2025-05-29 00:39:18,397 - smart_memory_feeder - ERROR - Error updating memory: Expecting ':' delimiter: line 286 column 22 (char 8195)
2025-05-29 00:39:18,397 - smart_memory_feeder - WARNING - Failed to update memory
2025-05-29 00:39:34,726 - smart_memory_feeder - WARNING - Error comparing states: Expecting ':' delimiter: line 286 column 22 (char 8195)
2025-05-29 00:39:34,726 - smart_memory_feeder - ERROR - Error updating memory: Expecting ':' delimiter: line 286 column 22 (char 8195)
2025-05-29 00:39:34,726 - smart_memory_feeder - WARNING - Failed to update memory
2025-05-29 00:39:51,073 - smart_memory_feeder - WARNING - Error comparing states: Expecting ':' delimiter: line 286 column 22 (char 8195)
2025-05-29 00:39:51,074 - smart_memory_feeder - ERROR - Error updating memory: Expecting ':' delimiter: line 286 column 22 (char 8195)
2025-05-29 00:39:51,074 - smart_memory_feeder - WARNING - Failed to update memory
2025-05-29 00:40:07,399 - smart_memory_feeder - WARNING - Error comparing states: Expecting ':' delimiter: line 286 column 22 (char 8195)
2025-05-29 00:40:07,399 - smart_memory_feeder - ERROR - Error updating memory: Expecting ':' delimiter: line 286 column 22 (char 8195)
2025-05-29 00:40:07,399 - smart_memory_feeder - WARNING - Failed to update memory
2025-05-29 00:40:23,740 - smart_memory_feeder - WARNING - Error comparing states: Expecting ':' delimiter: line 286 column 22 (char 8195)
2025-05-29 00:40:23,741 - smart_memory_feeder - ERROR - Error updating memory: Expecting ':' delimiter: line 286 column 22 (char 8195)
2025-05-29 00:40:23,741 - smart_memory_feeder - WARNING - Failed to update memory
2025-05-29 00:40:40,069 - smart_memory_feeder - WARNING - Error comparing states: Expecting ':' delimiter: line 286 column 22 (char 8195)
2025-05-29 00:40:40,070 - smart_memory_feeder - ERROR - Error updating memory: Expecting ':' delimiter: line 286 column 22 (char 8195)
2025-05-29 00:40:40,070 - smart_memory_feeder - WARNING - Failed to update memory
2025-05-29 00:40:56,405 - smart_memory_feeder - WARNING - Error comparing states: Expecting ':' delimiter: line 286 column 22 (char 8195)
2025-05-29 00:40:56,407 - smart_memory_feeder - ERROR - Error updating memory: Expecting ':' delimiter: line 286 column 22 (char 8195)
2025-05-29 00:40:56,407 - smart_memory_feeder - WARNING - Failed to update memory
2025-05-29 00:41:12,770 - smart_memory_feeder - WARNING - Error comparing states: Expecting ':' delimiter: line 286 column 22 (char 8195)
2025-05-29 00:41:12,771 - smart_memory_feeder - ERROR - Error updating memory: Expecting ':' delimiter: line 286 column 22 (char 8195)
2025-05-29 00:41:12,771 - smart_memory_feeder - WARNING - Failed to update memory
2025-05-29 00:41:29,108 - smart_memory_feeder - WARNING - Error comparing states: Expecting ':' delimiter: line 286 column 22 (char 8195)
2025-05-29 00:41:29,108 - smart_memory_feeder - ERROR - Error updating memory: Expecting ':' delimiter: line 286 column 22 (char 8195)
2025-05-29 00:41:29,108 - smart_memory_feeder - WARNING - Failed to update memory
2025-05-29 00:41:45,435 - smart_memory_feeder - WARNING - Error comparing states: Expecting ':' delimiter: line 286 column 22 (char 8195)
2025-05-29 00:41:45,435 - smart_memory_feeder - ERROR - Error updating memory: Expecting ':' delimiter: line 286 column 22 (char 8195)
2025-05-29 00:41:45,435 - smart_memory_feeder - WARNING - Failed to update memory
2025-05-29 00:42:01,760 - smart_memory_feeder - WARNING - Error comparing states: Expecting ':' delimiter: line 286 column 22 (char 8195)
2025-05-29 00:42:01,760 - smart_memory_feeder - ERROR - Error updating memory: Expecting ':' delimiter: line 286 column 22 (char 8195)
2025-05-29 00:42:01,760 - smart_memory_feeder - WARNING - Failed to update memory
2025-05-29 00:42:18,106 - smart_memory_feeder - WARNING - Error comparing states: Expecting ':' delimiter: line 286 column 22 (char 8195)
2025-05-29 00:42:18,107 - smart_memory_feeder - ERROR - Error updating memory: Expecting ':' delimiter: line 286 column 22 (char 8195)
2025-05-29 00:42:18,107 - smart_memory_feeder - WARNING - Failed to update memory
2025-05-29 00:42:34,429 - smart_memory_feeder - WARNING - Error comparing states: Expecting ':' delimiter: line 286 column 22 (char 8195)
2025-05-29 00:42:34,430 - smart_memory_feeder - ERROR - Error updating memory: Expecting ':' delimiter: line 286 column 22 (char 8195)
2025-05-29 00:42:34,430 - smart_memory_feeder - WARNING - Failed to update memory
2025-05-29 00:42:50,752 - smart_memory_feeder - WARNING - Error comparing states: Expecting ':' delimiter: line 286 column 22 (char 8195)
2025-05-29 00:42:50,752 - smart_memory_feeder - ERROR - Error updating memory: Expecting ':' delimiter: line 286 column 22 (char 8195)
2025-05-29 00:42:50,753 - smart_memory_feeder - WARNING - Failed to update memory
2025-05-29 00:43:07,101 - smart_memory_feeder - WARNING - Error comparing states: Expecting ':' delimiter: line 286 column 22 (char 8195)
2025-05-29 00:43:07,102 - smart_memory_feeder - ERROR - Error updating memory: Expecting ':' delimiter: line 286 column 22 (char 8195)
2025-05-29 00:43:07,102 - smart_memory_feeder - WARNING - Failed to update memory
2025-05-29 00:43:23,438 - smart_memory_feeder - WARNING - Error comparing states: Expecting ':' delimiter: line 286 column 22 (char 8195)
2025-05-29 00:43:23,439 - smart_memory_feeder - ERROR - Error updating memory: Expecting ':' delimiter: line 286 column 22 (char 8195)
2025-05-29 00:43:23,439 - smart_memory_feeder - WARNING - Failed to update memory
2025-05-29 00:43:39,769 - smart_memory_feeder - WARNING - Error comparing states: Expecting ':' delimiter: line 286 column 22 (char 8195)
2025-05-29 00:43:39,769 - smart_memory_feeder - ERROR - Error updating memory: Expecting ':' delimiter: line 286 column 22 (char 8195)
2025-05-29 00:43:39,769 - smart_memory_feeder - WARNING - Failed to update memory
2025-05-29 00:43:56,106 - smart_memory_feeder - WARNING - Error comparing states: Expecting ':' delimiter: line 286 column 22 (char 8195)
2025-05-29 00:43:56,107 - smart_memory_feeder - ERROR - Error updating memory: Expecting ':' delimiter: line 286 column 22 (char 8195)
2025-05-29 00:43:56,107 - smart_memory_feeder - WARNING - Failed to update memory
2025-05-29 00:44:12,446 - smart_memory_feeder - WARNING - Error comparing states: Expecting ':' delimiter: line 286 column 22 (char 8195)
2025-05-29 00:44:12,447 - smart_memory_feeder - ERROR - Error updating memory: Expecting ':' delimiter: line 286 column 22 (char 8195)
2025-05-29 00:44:12,447 - smart_memory_feeder - WARNING - Failed to update memory
2025-05-29 00:44:28,776 - smart_memory_feeder - WARNING - Error comparing states: Expecting ':' delimiter: line 286 column 22 (char 8195)
2025-05-29 00:44:28,777 - smart_memory_feeder - ERROR - Error updating memory: Expecting ':' delimiter: line 286 column 22 (char 8195)
2025-05-29 00:44:28,777 - smart_memory_feeder - WARNING - Failed to update memory
2025-05-29 00:44:45,112 - smart_memory_feeder - WARNING - Error comparing states: Expecting ':' delimiter: line 286 column 22 (char 8195)
2025-05-29 00:44:45,113 - smart_memory_feeder - ERROR - Error updating memory: Expecting ':' delimiter: line 286 column 22 (char 8195)
2025-05-29 00:44:45,113 - smart_memory_feeder - WARNING - Failed to update memory
2025-05-29 00:45:01,435 - smart_memory_feeder - WARNING - Error comparing states: Expecting ':' delimiter: line 286 column 22 (char 8195)
2025-05-29 00:45:01,437 - smart_memory_feeder - ERROR - Error updating memory: Expecting ':' delimiter: line 286 column 22 (char 8195)
2025-05-29 00:45:01,437 - smart_memory_feeder - WARNING - Failed to update memory
2025-05-29 00:45:17,760 - smart_memory_feeder - WARNING - Error comparing states: Expecting ':' delimiter: line 286 column 22 (char 8195)
2025-05-29 00:45:17,761 - smart_memory_feeder - ERROR - Error updating memory: Expecting ':' delimiter: line 286 column 22 (char 8195)
2025-05-29 00:45:17,761 - smart_memory_feeder - WARNING - Failed to update memory
2025-05-29 00:45:34,097 - smart_memory_feeder - WARNING - Error comparing states: Expecting ':' delimiter: line 286 column 22 (char 8195)
2025-05-29 00:45:34,097 - smart_memory_feeder - ERROR - Error updating memory: Expecting ':' delimiter: line 286 column 22 (char 8195)
2025-05-29 00:45:34,097 - smart_memory_feeder - WARNING - Failed to update memory
2025-05-29 00:45:50,444 - smart_memory_feeder - WARNING - Error comparing states: Expecting ':' delimiter: line 286 column 22 (char 8195)
2025-05-29 00:45:50,446 - smart_memory_feeder - ERROR - Error updating memory: Expecting ':' delimiter: line 286 column 22 (char 8195)
2025-05-29 00:45:50,446 - smart_memory_feeder - WARNING - Failed to update memory
2025-05-29 00:46:06,779 - smart_memory_feeder - WARNING - Error comparing states: Expecting ':' delimiter: line 286 column 22 (char 8195)
2025-05-29 00:46:06,779 - smart_memory_feeder - ERROR - Error updating memory: Expecting ':' delimiter: line 286 column 22 (char 8195)
2025-05-29 00:46:06,779 - smart_memory_feeder - WARNING - Failed to update memory
2025-05-29 00:46:23,109 - smart_memory_feeder - WARNING - Error comparing states: Expecting ':' delimiter: line 286 column 22 (char 8195)
2025-05-29 00:46:23,110 - smart_memory_feeder - ERROR - Error updating memory: Expecting ':' delimiter: line 286 column 22 (char 8195)
2025-05-29 00:46:23,110 - smart_memory_feeder - WARNING - Failed to update memory
2025-05-29 00:46:39,452 - smart_memory_feeder - WARNING - Error comparing states: Expecting ':' delimiter: line 286 column 22 (char 8195)
2025-05-29 00:46:39,452 - smart_memory_feeder - ERROR - Error updating memory: Expecting ':' delimiter: line 286 column 22 (char 8195)
2025-05-29 00:46:39,452 - smart_memory_feeder - WARNING - Failed to update memory
2025-05-29 00:46:55,790 - smart_memory_feeder - WARNING - Error comparing states: Expecting ':' delimiter: line 286 column 22 (char 8195)
2025-05-29 00:46:55,790 - smart_memory_feeder - ERROR - Error updating memory: Expecting ':' delimiter: line 286 column 22 (char 8195)
2025-05-29 00:46:55,790 - smart_memory_feeder - WARNING - Failed to update memory
2025-05-29 00:47:12,133 - smart_memory_feeder - WARNING - Error comparing states: Expecting ':' delimiter: line 286 column 22 (char 8195)
2025-05-29 00:47:12,133 - smart_memory_feeder - ERROR - Error updating memory: Expecting ':' delimiter: line 286 column 22 (char 8195)
2025-05-29 00:47:12,133 - smart_memory_feeder - WARNING - Failed to update memory
2025-05-29 00:47:28,530 - smart_memory_feeder - WARNING - Error comparing states: Expecting ':' delimiter: line 286 column 22 (char 8195)
2025-05-29 00:47:28,531 - smart_memory_feeder - ERROR - Error updating memory: Expecting ':' delimiter: line 286 column 22 (char 8195)
2025-05-29 00:47:28,531 - smart_memory_feeder - WARNING - Failed to update memory
2025-05-29 00:47:39,875 - smart_memory_feeder - WARNING - Error comparing states: Expecting ':' delimiter: line 286 column 22 (char 8195)
2025-05-29 00:47:39,876 - smart_memory_feeder - ERROR - Error updating memory: Expecting ':' delimiter: line 286 column 22 (char 8195)
2025-05-29 00:47:39,876 - smart_memory_feeder - WARNING - Failed to update memory
2025-05-29 00:47:56,232 - smart_memory_feeder - WARNING - Error comparing states: Expecting ':' delimiter: line 286 column 22 (char 8195)
2025-05-29 00:47:56,233 - smart_memory_feeder - ERROR - Error updating memory: Expecting ':' delimiter: line 286 column 22 (char 8195)
2025-05-29 00:47:56,233 - smart_memory_feeder - WARNING - Failed to update memory
2025-05-29 00:48:12,559 - smart_memory_feeder - WARNING - Error comparing states: Expecting ':' delimiter: line 286 column 22 (char 8195)
2025-05-29 00:48:12,559 - smart_memory_feeder - ERROR - Error updating memory: Expecting ':' delimiter: line 286 column 22 (char 8195)
2025-05-29 00:48:12,559 - smart_memory_feeder - WARNING - Failed to update memory
2025-05-29 00:48:28,890 - smart_memory_feeder - WARNING - Error comparing states: Expecting ':' delimiter: line 286 column 22 (char 8195)
2025-05-29 00:48:28,890 - smart_memory_feeder - ERROR - Error updating memory: Expecting ':' delimiter: line 286 column 22 (char 8195)
2025-05-29 00:48:28,891 - smart_memory_feeder - WARNING - Failed to update memory
2025-05-29 00:48:45,210 - smart_memory_feeder - WARNING - Error comparing states: Expecting ':' delimiter: line 286 column 22 (char 8195)
2025-05-29 00:48:45,210 - smart_memory_feeder - ERROR - Error updating memory: Expecting ':' delimiter: line 286 column 22 (char 8195)
2025-05-29 00:48:45,210 - smart_memory_feeder - WARNING - Failed to update memory
2025-05-29 00:49:01,533 - smart_memory_feeder - WARNING - Error comparing states: Expecting ':' delimiter: line 286 column 22 (char 8195)
2025-05-29 00:49:01,533 - smart_memory_feeder - ERROR - Error updating memory: Expecting ':' delimiter: line 286 column 22 (char 8195)
2025-05-29 00:49:01,533 - smart_memory_feeder - WARNING - Failed to update memory
2025-05-29 00:49:17,866 - smart_memory_feeder - WARNING - Error comparing states: Expecting ':' delimiter: line 286 column 22 (char 8195)
2025-05-29 00:49:17,867 - smart_memory_feeder - ERROR - Error updating memory: Expecting ':' delimiter: line 286 column 22 (char 8195)
2025-05-29 00:49:17,867 - smart_memory_feeder - WARNING - Failed to update memory
2025-05-29 00:49:34,195 - smart_memory_feeder - WARNING - Error comparing states: Expecting ':' delimiter: line 286 column 22 (char 8195)
2025-05-29 00:49:34,196 - smart_memory_feeder - ERROR - Error updating memory: Expecting ':' delimiter: line 286 column 22 (char 8195)
2025-05-29 00:49:34,196 - smart_memory_feeder - WARNING - Failed to update memory
2025-05-29 00:49:50,507 - smart_memory_feeder - WARNING - Error comparing states: Expecting ':' delimiter: line 286 column 22 (char 8195)
2025-05-29 00:49:50,508 - smart_memory_feeder - ERROR - Error updating memory: Expecting ':' delimiter: line 286 column 22 (char 8195)
2025-05-29 00:49:50,508 - smart_memory_feeder - WARNING - Failed to update memory
2025-05-29 00:50:06,838 - smart_memory_feeder - WARNING - Error comparing states: Expecting ':' delimiter: line 286 column 22 (char 8195)
2025-05-29 00:50:06,839 - smart_memory_feeder - ERROR - Error updating memory: Expecting ':' delimiter: line 286 column 22 (char 8195)
2025-05-29 00:50:06,839 - smart_memory_feeder - WARNING - Failed to update memory
2025-05-29 00:50:23,164 - smart_memory_feeder - WARNING - Error comparing states: Expecting ':' delimiter: line 286 column 22 (char 8195)
2025-05-29 00:50:23,164 - smart_memory_feeder - ERROR - Error updating memory: Expecting ':' delimiter: line 286 column 22 (char 8195)
2025-05-29 00:50:23,165 - smart_memory_feeder - WARNING - Failed to update memory
2025-05-29 00:50:39,498 - smart_memory_feeder - WARNING - Error comparing states: Expecting ':' delimiter: line 286 column 22 (char 8195)
2025-05-29 00:50:39,498 - smart_memory_feeder - ERROR - Error updating memory: Expecting ':' delimiter: line 286 column 22 (char 8195)
2025-05-29 00:50:39,498 - smart_memory_feeder - WARNING - Failed to update memory
2025-05-29 00:50:55,822 - smart_memory_feeder - WARNING - Error comparing states: Expecting ':' delimiter: line 286 column 22 (char 8195)
2025-05-29 00:50:55,822 - smart_memory_feeder - ERROR - Error updating memory: Expecting ':' delimiter: line 286 column 22 (char 8195)
2025-05-29 00:50:55,822 - smart_memory_feeder - WARNING - Failed to update memory
2025-05-29 00:51:12,171 - smart_memory_feeder - WARNING - Error comparing states: Expecting ':' delimiter: line 286 column 22 (char 8195)
2025-05-29 00:51:12,171 - smart_memory_feeder - ERROR - Error updating memory: Expecting ':' delimiter: line 286 column 22 (char 8195)
2025-05-29 00:51:12,171 - smart_memory_feeder - WARNING - Failed to update memory
2025-05-29 00:51:28,505 - smart_memory_feeder - WARNING - Error comparing states: Expecting ':' delimiter: line 286 column 22 (char 8195)
2025-05-29 00:51:28,505 - smart_memory_feeder - ERROR - Error updating memory: Expecting ':' delimiter: line 286 column 22 (char 8195)
2025-05-29 00:51:28,505 - smart_memory_feeder - WARNING - Failed to update memory
2025-05-29 00:51:44,822 - smart_memory_feeder - WARNING - Error comparing states: Expecting ':' delimiter: line 286 column 22 (char 8195)
2025-05-29 00:51:44,823 - smart_memory_feeder - ERROR - Error updating memory: Expecting ':' delimiter: line 286 column 22 (char 8195)
2025-05-29 00:51:44,823 - smart_memory_feeder - WARNING - Failed to update memory
2025-05-29 00:52:01,148 - smart_memory_feeder - WARNING - Error comparing states: Expecting ':' delimiter: line 286 column 22 (char 8195)
2025-05-29 00:52:01,148 - smart_memory_feeder - ERROR - Error updating memory: Expecting ':' delimiter: line 286 column 22 (char 8195)
2025-05-29 00:52:01,149 - smart_memory_feeder - WARNING - Failed to update memory
2025-05-29 00:52:17,501 - smart_memory_feeder - WARNING - Error comparing states: Expecting ':' delimiter: line 286 column 22 (char 8195)
2025-05-29 00:52:17,502 - smart_memory_feeder - ERROR - Error updating memory: Expecting ':' delimiter: line 286 column 22 (char 8195)
2025-05-29 00:52:17,502 - smart_memory_feeder - WARNING - Failed to update memory
2025-05-29 00:52:33,832 - smart_memory_feeder - WARNING - Error comparing states: Expecting ':' delimiter: line 286 column 22 (char 8195)
2025-05-29 00:52:33,832 - smart_memory_feeder - ERROR - Error updating memory: Expecting ':' delimiter: line 286 column 22 (char 8195)
2025-05-29 00:52:33,832 - smart_memory_feeder - WARNING - Failed to update memory
2025-05-29 00:52:50,164 - smart_memory_feeder - WARNING - Error comparing states: Expecting ':' delimiter: line 286 column 22 (char 8195)
2025-05-29 00:52:50,165 - smart_memory_feeder - ERROR - Error updating memory: Expecting ':' delimiter: line 286 column 22 (char 8195)
2025-05-29 00:52:50,165 - smart_memory_feeder - WARNING - Failed to update memory
2025-05-29 00:53:06,495 - smart_memory_feeder - WARNING - Error comparing states: Expecting ':' delimiter: line 286 column 22 (char 8195)
2025-05-29 00:53:06,496 - smart_memory_feeder - ERROR - Error updating memory: Expecting ':' delimiter: line 286 column 22 (char 8195)
2025-05-29 00:53:06,497 - smart_memory_feeder - WARNING - Failed to update memory
2025-05-29 00:53:22,835 - smart_memory_feeder - WARNING - Error comparing states: Expecting ':' delimiter: line 286 column 22 (char 8195)
2025-05-29 00:53:22,837 - smart_memory_feeder - ERROR - Error updating memory: Expecting ':' delimiter: line 286 column 22 (char 8195)
2025-05-29 00:53:22,837 - smart_memory_feeder - WARNING - Failed to update memory
2025-05-29 00:53:39,164 - smart_memory_feeder - WARNING - Error comparing states: Expecting ':' delimiter: line 286 column 22 (char 8195)
2025-05-29 00:53:39,164 - smart_memory_feeder - ERROR - Error updating memory: Expecting ':' delimiter: line 286 column 22 (char 8195)
2025-05-29 00:53:39,164 - smart_memory_feeder - WARNING - Failed to update memory
2025-05-29 00:53:55,491 - smart_memory_feeder - WARNING - Error comparing states: Expecting ':' delimiter: line 286 column 22 (char 8195)
2025-05-29 00:53:55,492 - smart_memory_feeder - ERROR - Error updating memory: Expecting ':' delimiter: line 286 column 22 (char 8195)
2025-05-29 00:53:55,492 - smart_memory_feeder - WARNING - Failed to update memory
2025-05-29 00:54:11,831 - smart_memory_feeder - WARNING - Error comparing states: Expecting ':' delimiter: line 286 column 22 (char 8195)
2025-05-29 00:54:11,832 - smart_memory_feeder - ERROR - Error updating memory: Expecting ':' delimiter: line 286 column 22 (char 8195)
2025-05-29 00:54:11,832 - smart_memory_feeder - WARNING - Failed to update memory
2025-05-29 00:54:28,159 - smart_memory_feeder - WARNING - Error comparing states: Expecting ':' delimiter: line 286 column 22 (char 8195)
2025-05-29 00:54:28,159 - smart_memory_feeder - ERROR - Error updating memory: Expecting ':' delimiter: line 286 column 22 (char 8195)
2025-05-29 00:54:28,159 - smart_memory_feeder - WARNING - Failed to update memory
2025-05-29 00:54:44,481 - smart_memory_feeder - WARNING - Error comparing states: Expecting ':' delimiter: line 286 column 22 (char 8195)
2025-05-29 00:54:44,481 - smart_memory_feeder - ERROR - Error updating memory: Expecting ':' delimiter: line 286 column 22 (char 8195)
2025-05-29 00:54:44,481 - smart_memory_feeder - WARNING - Failed to update memory
2025-05-29 00:55:00,811 - smart_memory_feeder - WARNING - Error comparing states: Expecting ':' delimiter: line 286 column 22 (char 8195)
2025-05-29 00:55:00,812 - smart_memory_feeder - ERROR - Error updating memory: Expecting ':' delimiter: line 286 column 22 (char 8195)
2025-05-29 00:55:00,812 - smart_memory_feeder - WARNING - Failed to update memory
2025-05-29 00:55:17,134 - smart_memory_feeder - WARNING - Error comparing states: Expecting ':' delimiter: line 286 column 22 (char 8195)
2025-05-29 00:55:17,134 - smart_memory_feeder - ERROR - Error updating memory: Expecting ':' delimiter: line 286 column 22 (char 8195)
2025-05-29 00:55:17,134 - smart_memory_feeder - WARNING - Failed to update memory
2025-05-29 00:55:33,483 - smart_memory_feeder - WARNING - Error comparing states: Expecting ':' delimiter: line 286 column 22 (char 8195)
2025-05-29 00:55:33,484 - smart_memory_feeder - ERROR - Error updating memory: Expecting ':' delimiter: line 286 column 22 (char 8195)
2025-05-29 00:55:33,484 - smart_memory_feeder - WARNING - Failed to update memory
2025-05-29 00:55:49,804 - smart_memory_feeder - WARNING - Error comparing states: Expecting ':' delimiter: line 286 column 22 (char 8195)
2025-05-29 00:55:49,804 - smart_memory_feeder - ERROR - Error updating memory: Expecting ':' delimiter: line 286 column 22 (char 8195)
2025-05-29 00:55:49,804 - smart_memory_feeder - WARNING - Failed to update memory
2025-05-29 00:56:06,131 - smart_memory_feeder - WARNING - Error comparing states: Expecting ':' delimiter: line 286 column 22 (char 8195)
2025-05-29 00:56:06,132 - smart_memory_feeder - ERROR - Error updating memory: Expecting ':' delimiter: line 286 column 22 (char 8195)
2025-05-29 00:56:06,132 - smart_memory_feeder - WARNING - Failed to update memory
2025-05-29 00:56:22,465 - smart_memory_feeder - WARNING - Error comparing states: Expecting ':' delimiter: line 286 column 22 (char 8195)
2025-05-29 00:56:22,466 - smart_memory_feeder - ERROR - Error updating memory: Expecting ':' delimiter: line 286 column 22 (char 8195)
2025-05-29 00:56:22,466 - smart_memory_feeder - WARNING - Failed to update memory
2025-05-29 00:56:38,794 - smart_memory_feeder - WARNING - Error comparing states: Expecting ':' delimiter: line 286 column 22 (char 8195)
2025-05-29 00:56:38,794 - smart_memory_feeder - ERROR - Error updating memory: Expecting ':' delimiter: line 286 column 22 (char 8195)
2025-05-29 00:56:38,794 - smart_memory_feeder - WARNING - Failed to update memory
2025-05-29 00:56:55,132 - smart_memory_feeder - WARNING - Error comparing states: Expecting ':' delimiter: line 286 column 22 (char 8195)
2025-05-29 00:56:55,132 - smart_memory_feeder - ERROR - Error updating memory: Expecting ':' delimiter: line 286 column 22 (char 8195)
2025-05-29 00:56:55,132 - smart_memory_feeder - WARNING - Failed to update memory
2025-05-29 00:57:11,466 - smart_memory_feeder - WARNING - Error comparing states: Expecting ':' delimiter: line 286 column 22 (char 8195)
2025-05-29 00:57:11,467 - smart_memory_feeder - ERROR - Error updating memory: Expecting ':' delimiter: line 286 column 22 (char 8195)
2025-05-29 00:57:11,467 - smart_memory_feeder - WARNING - Failed to update memory
2025-05-29 00:57:27,798 - smart_memory_feeder - WARNING - Error comparing states: Expecting ':' delimiter: line 286 column 22 (char 8195)
2025-05-29 00:57:27,800 - smart_memory_feeder - ERROR - Error updating memory: Expecting ':' delimiter: line 286 column 22 (char 8195)
2025-05-29 00:57:27,800 - smart_memory_feeder - WARNING - Failed to update memory
2025-05-29 00:57:44,145 - smart_memory_feeder - WARNING - Error comparing states: Expecting ':' delimiter: line 286 column 22 (char 8195)
2025-05-29 00:57:44,145 - smart_memory_feeder - ERROR - Error updating memory: Expecting ':' delimiter: line 286 column 22 (char 8195)
2025-05-29 00:57:44,145 - smart_memory_feeder - WARNING - Failed to update memory
2025-05-29 00:58:00,468 - smart_memory_feeder - WARNING - Error comparing states: Expecting ':' delimiter: line 286 column 22 (char 8195)
2025-05-29 00:58:00,468 - smart_memory_feeder - ERROR - Error updating memory: Expecting ':' delimiter: line 286 column 22 (char 8195)
2025-05-29 00:58:00,468 - smart_memory_feeder - WARNING - Failed to update memory
2025-05-29 00:58:16,803 - smart_memory_feeder - WARNING - Error comparing states: Expecting ':' delimiter: line 286 column 22 (char 8195)
2025-05-29 00:58:16,804 - smart_memory_feeder - ERROR - Error updating memory: Expecting ':' delimiter: line 286 column 22 (char 8195)
2025-05-29 00:58:16,804 - smart_memory_feeder - WARNING - Failed to update memory
2025-05-29 00:58:33,126 - smart_memory_feeder - WARNING - Error comparing states: Expecting ':' delimiter: line 286 column 22 (char 8195)
2025-05-29 00:58:33,126 - smart_memory_feeder - ERROR - Error updating memory: Expecting ':' delimiter: line 286 column 22 (char 8195)
2025-05-29 00:58:33,126 - smart_memory_feeder - WARNING - Failed to update memory
2025-05-29 00:58:49,456 - smart_memory_feeder - WARNING - Error comparing states: Expecting ':' delimiter: line 286 column 22 (char 8195)
2025-05-29 00:58:49,456 - smart_memory_feeder - ERROR - Error updating memory: Expecting ':' delimiter: line 286 column 22 (char 8195)
2025-05-29 00:58:49,456 - smart_memory_feeder - WARNING - Failed to update memory
2025-05-29 00:59:05,779 - smart_memory_feeder - WARNING - Error comparing states: Expecting ':' delimiter: line 286 column 22 (char 8195)
2025-05-29 00:59:05,780 - smart_memory_feeder - ERROR - Error updating memory: Expecting ':' delimiter: line 286 column 22 (char 8195)
2025-05-29 00:59:05,780 - smart_memory_feeder - WARNING - Failed to update memory
2025-05-29 00:59:22,118 - smart_memory_feeder - WARNING - Error comparing states: Expecting ':' delimiter: line 286 column 22 (char 8195)
2025-05-29 00:59:22,119 - smart_memory_feeder - ERROR - Error updating memory: Expecting ':' delimiter: line 286 column 22 (char 8195)
2025-05-29 00:59:22,119 - smart_memory_feeder - WARNING - Failed to update memory
2025-05-29 00:59:38,445 - smart_memory_feeder - WARNING - Error comparing states: Expecting ':' delimiter: line 286 column 22 (char 8195)
2025-05-29 00:59:38,445 - smart_memory_feeder - ERROR - Error updating memory: Expecting ':' delimiter: line 286 column 22 (char 8195)
2025-05-29 00:59:38,445 - smart_memory_feeder - WARNING - Failed to update memory
2025-05-29 00:59:54,766 - smart_memory_feeder - WARNING - Error comparing states: Expecting ':' delimiter: line 286 column 22 (char 8195)
2025-05-29 00:59:54,766 - smart_memory_feeder - ERROR - Error updating memory: Expecting ':' delimiter: line 286 column 22 (char 8195)
2025-05-29 00:59:54,766 - smart_memory_feeder - WARNING - Failed to update memory
2025-05-29 01:00:11,097 - smart_memory_feeder - WARNING - Error comparing states: Expecting ':' delimiter: line 286 column 22 (char 8195)
2025-05-29 01:00:11,097 - smart_memory_feeder - ERROR - Error updating memory: Expecting ':' delimiter: line 286 column 22 (char 8195)
2025-05-29 01:00:11,097 - smart_memory_feeder - WARNING - Failed to update memory
2025-05-29 01:00:27,420 - smart_memory_feeder - WARNING - Error comparing states: Expecting ':' delimiter: line 286 column 22 (char 8195)
2025-05-29 01:00:27,420 - smart_memory_feeder - ERROR - Error updating memory: Expecting ':' delimiter: line 286 column 22 (char 8195)
2025-05-29 01:00:27,420 - smart_memory_feeder - WARNING - Failed to update memory
2025-05-29 01:00:43,752 - smart_memory_feeder - WARNING - Error comparing states: Expecting ':' delimiter: line 286 column 22 (char 8195)
2025-05-29 01:00:43,752 - smart_memory_feeder - ERROR - Error updating memory: Expecting ':' delimiter: line 286 column 22 (char 8195)
2025-05-29 01:00:43,753 - smart_memory_feeder - WARNING - Failed to update memory
2025-05-29 01:01:00,070 - smart_memory_feeder - WARNING - Error comparing states: Expecting ':' delimiter: line 286 column 22 (char 8195)
2025-05-29 01:01:00,070 - smart_memory_feeder - ERROR - Error updating memory: Expecting ':' delimiter: line 286 column 22 (char 8195)
2025-05-29 01:01:00,070 - smart_memory_feeder - WARNING - Failed to update memory
2025-05-29 01:01:16,405 - smart_memory_feeder - WARNING - Error comparing states: Expecting ':' delimiter: line 286 column 22 (char 8195)
2025-05-29 01:01:16,406 - smart_memory_feeder - ERROR - Error updating memory: Expecting ':' delimiter: line 286 column 22 (char 8195)
2025-05-29 01:01:16,406 - smart_memory_feeder - WARNING - Failed to update memory
2025-05-29 01:01:32,751 - smart_memory_feeder - WARNING - Error comparing states: Expecting ':' delimiter: line 286 column 22 (char 8195)
2025-05-29 01:01:32,752 - smart_memory_feeder - ERROR - Error updating memory: Expecting ':' delimiter: line 286 column 22 (char 8195)
2025-05-29 01:01:32,752 - smart_memory_feeder - WARNING - Failed to update memory
2025-05-29 01:01:49,090 - smart_memory_feeder - WARNING - Error comparing states: Expecting ':' delimiter: line 286 column 22 (char 8195)
2025-05-29 01:01:49,092 - smart_memory_feeder - ERROR - Error updating memory: Expecting ':' delimiter: line 286 column 22 (char 8195)
2025-05-29 01:01:49,092 - smart_memory_feeder - WARNING - Failed to update memory
2025-05-29 01:02:05,432 - smart_memory_feeder - WARNING - Error comparing states: Expecting ':' delimiter: line 286 column 22 (char 8195)
2025-05-29 01:02:05,432 - smart_memory_feeder - ERROR - Error updating memory: Expecting ':' delimiter: line 286 column 22 (char 8195)
2025-05-29 01:02:05,432 - smart_memory_feeder - WARNING - Failed to update memory
2025-05-29 01:02:21,773 - smart_memory_feeder - WARNING - Error comparing states: Expecting ':' delimiter: line 286 column 22 (char 8195)
2025-05-29 01:02:21,774 - smart_memory_feeder - ERROR - Error updating memory: Expecting ':' delimiter: line 286 column 22 (char 8195)
2025-05-29 01:02:21,774 - smart_memory_feeder - WARNING - Failed to update memory
2025-05-29 01:02:38,111 - smart_memory_feeder - WARNING - Error comparing states: Expecting ':' delimiter: line 286 column 22 (char 8195)
2025-05-29 01:02:38,111 - smart_memory_feeder - ERROR - Error updating memory: Expecting ':' delimiter: line 286 column 22 (char 8195)
2025-05-29 01:02:38,111 - smart_memory_feeder - WARNING - Failed to update memory
2025-05-29 01:02:54,429 - smart_memory_feeder - WARNING - Error comparing states: Expecting ':' delimiter: line 286 column 22 (char 8195)
2025-05-29 01:02:54,429 - smart_memory_feeder - ERROR - Error updating memory: Expecting ':' delimiter: line 286 column 22 (char 8195)
2025-05-29 01:02:54,429 - smart_memory_feeder - WARNING - Failed to update memory
2025-05-29 01:03:10,753 - smart_memory_feeder - WARNING - Error comparing states: Expecting ':' delimiter: line 286 column 22 (char 8195)
2025-05-29 01:03:10,753 - smart_memory_feeder - ERROR - Error updating memory: Expecting ':' delimiter: line 286 column 22 (char 8195)
2025-05-29 01:03:10,753 - smart_memory_feeder - WARNING - Failed to update memory
2025-05-29 01:03:27,092 - smart_memory_feeder - WARNING - Error comparing states: Expecting ':' delimiter: line 286 column 22 (char 8195)
2025-05-29 01:03:27,093 - smart_memory_feeder - ERROR - Error updating memory: Expecting ':' delimiter: line 286 column 22 (char 8195)
2025-05-29 01:03:27,093 - smart_memory_feeder - WARNING - Failed to update memory
2025-05-29 01:03:43,432 - smart_memory_feeder - WARNING - Error comparing states: Expecting ':' delimiter: line 286 column 22 (char 8195)
2025-05-29 01:03:43,434 - smart_memory_feeder - ERROR - Error updating memory: Expecting ':' delimiter: line 286 column 22 (char 8195)
2025-05-29 01:03:43,434 - smart_memory_feeder - WARNING - Failed to update memory
2025-05-29 01:03:59,751 - smart_memory_feeder - WARNING - Error comparing states: Expecting ':' delimiter: line 286 column 22 (char 8195)
2025-05-29 01:03:59,752 - smart_memory_feeder - ERROR - Error updating memory: Expecting ':' delimiter: line 286 column 22 (char 8195)
2025-05-29 01:03:59,752 - smart_memory_feeder - WARNING - Failed to update memory
2025-05-29 01:04:16,076 - smart_memory_feeder - WARNING - Error comparing states: Expecting ':' delimiter: line 286 column 22 (char 8195)
2025-05-29 01:04:16,076 - smart_memory_feeder - ERROR - Error updating memory: Expecting ':' delimiter: line 286 column 22 (char 8195)
2025-05-29 01:04:16,076 - smart_memory_feeder - WARNING - Failed to update memory
2025-05-29 01:04:32,411 - smart_memory_feeder - WARNING - Error comparing states: Expecting ':' delimiter: line 286 column 22 (char 8195)
2025-05-29 01:04:32,412 - smart_memory_feeder - ERROR - Error updating memory: Expecting ':' delimiter: line 286 column 22 (char 8195)
2025-05-29 01:04:32,412 - smart_memory_feeder - WARNING - Failed to update memory
2025-05-29 01:04:48,736 - smart_memory_feeder - WARNING - Error comparing states: Expecting ':' delimiter: line 286 column 22 (char 8195)
2025-05-29 01:04:48,736 - smart_memory_feeder - ERROR - Error updating memory: Expecting ':' delimiter: line 286 column 22 (char 8195)
2025-05-29 01:04:48,736 - smart_memory_feeder - WARNING - Failed to update memory
2025-05-29 01:05:05,069 - smart_memory_feeder - WARNING - Error comparing states: Expecting ':' delimiter: line 286 column 22 (char 8195)
2025-05-29 01:05:05,069 - smart_memory_feeder - ERROR - Error updating memory: Expecting ':' delimiter: line 286 column 22 (char 8195)
2025-05-29 01:05:05,069 - smart_memory_feeder - WARNING - Failed to update memory
2025-05-29 01:05:21,407 - smart_memory_feeder - WARNING - Error comparing states: Expecting ':' delimiter: line 286 column 22 (char 8195)
2025-05-29 01:05:21,408 - smart_memory_feeder - ERROR - Error updating memory: Expecting ':' delimiter: line 286 column 22 (char 8195)
2025-05-29 01:05:21,408 - smart_memory_feeder - WARNING - Failed to update memory
2025-05-29 01:05:37,755 - smart_memory_feeder - WARNING - Error comparing states: Expecting ':' delimiter: line 286 column 22 (char 8195)
2025-05-29 01:05:37,756 - smart_memory_feeder - ERROR - Error updating memory: Expecting ':' delimiter: line 286 column 22 (char 8195)
2025-05-29 01:05:37,756 - smart_memory_feeder - WARNING - Failed to update memory
2025-05-29 01:05:54,106 - smart_memory_feeder - WARNING - Error comparing states: Expecting ':' delimiter: line 286 column 22 (char 8195)
2025-05-29 01:05:54,107 - smart_memory_feeder - ERROR - Error updating memory: Expecting ':' delimiter: line 286 column 22 (char 8195)
2025-05-29 01:05:54,107 - smart_memory_feeder - WARNING - Failed to update memory
2025-05-29 01:06:10,449 - smart_memory_feeder - WARNING - Error comparing states: Expecting ':' delimiter: line 286 column 22 (char 8195)
2025-05-29 01:06:10,449 - smart_memory_feeder - ERROR - Error updating memory: Expecting ':' delimiter: line 286 column 22 (char 8195)
2025-05-29 01:06:10,449 - smart_memory_feeder - WARNING - Failed to update memory
2025-05-29 01:06:26,782 - smart_memory_feeder - WARNING - Error comparing states: Expecting ':' delimiter: line 286 column 22 (char 8195)
2025-05-29 01:06:26,784 - smart_memory_feeder - ERROR - Error updating memory: Expecting ':' delimiter: line 286 column 22 (char 8195)
2025-05-29 01:06:26,784 - smart_memory_feeder - WARNING - Failed to update memory
2025-05-29 01:06:43,102 - smart_memory_feeder - WARNING - Error comparing states: Expecting ':' delimiter: line 286 column 22 (char 8195)
2025-05-29 01:06:43,102 - smart_memory_feeder - ERROR - Error updating memory: Expecting ':' delimiter: line 286 column 22 (char 8195)
2025-05-29 01:06:43,102 - smart_memory_feeder - WARNING - Failed to update memory
2025-05-29 01:06:59,418 - smart_memory_feeder - WARNING - Error comparing states: Expecting ':' delimiter: line 286 column 22 (char 8195)
2025-05-29 01:06:59,419 - smart_memory_feeder - ERROR - Error updating memory: Expecting ':' delimiter: line 286 column 22 (char 8195)
2025-05-29 01:06:59,419 - smart_memory_feeder - WARNING - Failed to update memory
2025-05-29 01:07:15,754 - smart_memory_feeder - WARNING - Error comparing states: Expecting ':' delimiter: line 286 column 22 (char 8195)
2025-05-29 01:07:15,754 - smart_memory_feeder - ERROR - Error updating memory: Expecting ':' delimiter: line 286 column 22 (char 8195)
2025-05-29 01:07:15,754 - smart_memory_feeder - WARNING - Failed to update memory
2025-05-29 01:07:32,091 - smart_memory_feeder - WARNING - Error comparing states: Expecting ':' delimiter: line 286 column 22 (char 8195)
2025-05-29 01:07:32,091 - smart_memory_feeder - ERROR - Error updating memory: Expecting ':' delimiter: line 286 column 22 (char 8195)
2025-05-29 01:07:32,091 - smart_memory_feeder - WARNING - Failed to update memory
2025-05-29 01:07:48,434 - smart_memory_feeder - WARNING - Error comparing states: Expecting ':' delimiter: line 286 column 22 (char 8195)
2025-05-29 01:07:48,435 - smart_memory_feeder - ERROR - Error updating memory: Expecting ':' delimiter: line 286 column 22 (char 8195)
2025-05-29 01:07:48,435 - smart_memory_feeder - WARNING - Failed to update memory
2025-05-29 01:08:04,770 - smart_memory_feeder - WARNING - Error comparing states: Expecting ':' delimiter: line 286 column 22 (char 8195)
2025-05-29 01:08:04,770 - smart_memory_feeder - ERROR - Error updating memory: Expecting ':' delimiter: line 286 column 22 (char 8195)
2025-05-29 01:08:04,770 - smart_memory_feeder - WARNING - Failed to update memory
2025-05-29 01:08:21,104 - smart_memory_feeder - WARNING - Error comparing states: Expecting ':' delimiter: line 286 column 22 (char 8195)
2025-05-29 01:08:21,105 - smart_memory_feeder - ERROR - Error updating memory: Expecting ':' delimiter: line 286 column 22 (char 8195)
2025-05-29 01:08:21,105 - smart_memory_feeder - WARNING - Failed to update memory
2025-05-29 01:08:37,439 - smart_memory_feeder - WARNING - Error comparing states: Expecting ':' delimiter: line 286 column 22 (char 8195)
2025-05-29 01:08:37,440 - smart_memory_feeder - ERROR - Error updating memory: Expecting ':' delimiter: line 286 column 22 (char 8195)
2025-05-29 01:08:37,440 - smart_memory_feeder - WARNING - Failed to update memory
2025-05-29 01:08:53,767 - smart_memory_feeder - WARNING - Error comparing states: Expecting ':' delimiter: line 286 column 22 (char 8195)
2025-05-29 01:08:53,767 - smart_memory_feeder - ERROR - Error updating memory: Expecting ':' delimiter: line 286 column 22 (char 8195)
2025-05-29 01:08:53,767 - smart_memory_feeder - WARNING - Failed to update memory
2025-05-29 01:09:10,088 - smart_memory_feeder - WARNING - Error comparing states: Expecting ':' delimiter: line 286 column 22 (char 8195)
2025-05-29 01:09:10,089 - smart_memory_feeder - ERROR - Error updating memory: Expecting ':' delimiter: line 286 column 22 (char 8195)
2025-05-29 01:09:10,089 - smart_memory_feeder - WARNING - Failed to update memory
2025-05-29 01:09:26,420 - smart_memory_feeder - WARNING - Error comparing states: Expecting ':' delimiter: line 286 column 22 (char 8195)
2025-05-29 01:09:26,420 - smart_memory_feeder - ERROR - Error updating memory: Expecting ':' delimiter: line 286 column 22 (char 8195)
2025-05-29 01:09:26,420 - smart_memory_feeder - WARNING - Failed to update memory
2025-05-29 01:09:42,738 - smart_memory_feeder - WARNING - Error comparing states: Expecting ':' delimiter: line 286 column 22 (char 8195)
2025-05-29 01:09:42,738 - smart_memory_feeder - ERROR - Error updating memory: Expecting ':' delimiter: line 286 column 22 (char 8195)
2025-05-29 01:09:42,738 - smart_memory_feeder - WARNING - Failed to update memory
2025-05-29 01:09:59,061 - smart_memory_feeder - WARNING - Error comparing states: Expecting ':' delimiter: line 286 column 22 (char 8195)
2025-05-29 01:09:59,062 - smart_memory_feeder - ERROR - Error updating memory: Expecting ':' delimiter: line 286 column 22 (char 8195)
2025-05-29 01:09:59,062 - smart_memory_feeder - WARNING - Failed to update memory
2025-05-29 01:10:15,407 - smart_memory_feeder - WARNING - Error comparing states: Expecting ':' delimiter: line 286 column 22 (char 8195)
2025-05-29 01:10:15,408 - smart_memory_feeder - ERROR - Error updating memory: Expecting ':' delimiter: line 286 column 22 (char 8195)
2025-05-29 01:10:15,408 - smart_memory_feeder - WARNING - Failed to update memory
2025-05-29 01:10:31,734 - smart_memory_feeder - WARNING - Error comparing states: Expecting ':' delimiter: line 286 column 22 (char 8195)
2025-05-29 01:10:31,735 - smart_memory_feeder - ERROR - Error updating memory: Expecting ':' delimiter: line 286 column 22 (char 8195)
2025-05-29 01:10:31,735 - smart_memory_feeder - WARNING - Failed to update memory
2025-05-29 01:10:48,058 - smart_memory_feeder - WARNING - Error comparing states: Expecting ':' delimiter: line 286 column 22 (char 8195)
2025-05-29 01:10:48,058 - smart_memory_feeder - ERROR - Error updating memory: Expecting ':' delimiter: line 286 column 22 (char 8195)
2025-05-29 01:10:48,058 - smart_memory_feeder - WARNING - Failed to update memory
2025-05-29 01:11:04,386 - smart_memory_feeder - WARNING - Error comparing states: Expecting ':' delimiter: line 286 column 22 (char 8195)
2025-05-29 01:11:04,386 - smart_memory_feeder - ERROR - Error updating memory: Expecting ':' delimiter: line 286 column 22 (char 8195)
2025-05-29 01:11:04,386 - smart_memory_feeder - WARNING - Failed to update memory
2025-05-29 01:11:20,706 - smart_memory_feeder - WARNING - Error comparing states: Expecting ':' delimiter: line 286 column 22 (char 8195)
2025-05-29 01:11:20,706 - smart_memory_feeder - ERROR - Error updating memory: Expecting ':' delimiter: line 286 column 22 (char 8195)
2025-05-29 01:11:20,706 - smart_memory_feeder - WARNING - Failed to update memory
2025-05-29 01:11:37,035 - smart_memory_feeder - WARNING - Error comparing states: Expecting ':' delimiter: line 286 column 22 (char 8195)
2025-05-29 01:11:37,035 - smart_memory_feeder - ERROR - Error updating memory: Expecting ':' delimiter: line 286 column 22 (char 8195)
2025-05-29 01:11:37,036 - smart_memory_feeder - WARNING - Failed to update memory
2025-05-29 01:11:53,352 - smart_memory_feeder - WARNING - Error comparing states: Expecting ':' delimiter: line 286 column 22 (char 8195)
2025-05-29 01:11:53,352 - smart_memory_feeder - ERROR - Error updating memory: Expecting ':' delimiter: line 286 column 22 (char 8195)
2025-05-29 01:11:53,352 - smart_memory_feeder - WARNING - Failed to update memory
2025-05-29 01:12:09,698 - smart_memory_feeder - WARNING - Error comparing states: Expecting ':' delimiter: line 286 column 22 (char 8195)
2025-05-29 01:12:09,700 - smart_memory_feeder - ERROR - Error updating memory: Expecting ':' delimiter: line 286 column 22 (char 8195)
2025-05-29 01:12:09,700 - smart_memory_feeder - WARNING - Failed to update memory
2025-05-29 01:12:26,055 - smart_memory_feeder - WARNING - Error comparing states: Expecting ':' delimiter: line 286 column 22 (char 8195)
2025-05-29 01:12:26,055 - smart_memory_feeder - ERROR - Error updating memory: Expecting ':' delimiter: line 286 column 22 (char 8195)
2025-05-29 01:12:26,055 - smart_memory_feeder - WARNING - Failed to update memory
2025-05-29 01:12:42,378 - smart_memory_feeder - WARNING - Error comparing states: Expecting ':' delimiter: line 286 column 22 (char 8195)
2025-05-29 01:12:42,379 - smart_memory_feeder - ERROR - Error updating memory: Expecting ':' delimiter: line 286 column 22 (char 8195)
2025-05-29 01:12:42,379 - smart_memory_feeder - WARNING - Failed to update memory
2025-05-29 01:12:58,705 - smart_memory_feeder - WARNING - Error comparing states: Expecting ':' delimiter: line 286 column 22 (char 8195)
2025-05-29 01:12:58,706 - smart_memory_feeder - ERROR - Error updating memory: Expecting ':' delimiter: line 286 column 22 (char 8195)
2025-05-29 01:12:58,706 - smart_memory_feeder - WARNING - Failed to update memory
2025-05-29 01:13:15,046 - smart_memory_feeder - WARNING - Error comparing states: Expecting ':' delimiter: line 286 column 22 (char 8195)
2025-05-29 01:13:15,046 - smart_memory_feeder - ERROR - Error updating memory: Expecting ':' delimiter: line 286 column 22 (char 8195)
2025-05-29 01:13:15,046 - smart_memory_feeder - WARNING - Failed to update memory
2025-05-29 01:13:31,344 - smart_memory_feeder - WARNING - Error comparing states: Expecting ':' delimiter: line 286 column 22 (char 8195)
2025-05-29 01:13:31,345 - smart_memory_feeder - ERROR - Error updating memory: Expecting ':' delimiter: line 286 column 22 (char 8195)
2025-05-29 01:13:31,345 - smart_memory_feeder - WARNING - Failed to update memory
2025-05-29 01:13:47,703 - smart_memory_feeder - WARNING - Error comparing states: Expecting ':' delimiter: line 286 column 22 (char 8195)
2025-05-29 01:13:47,704 - smart_memory_feeder - ERROR - Error updating memory: Expecting ':' delimiter: line 286 column 22 (char 8195)
2025-05-29 01:13:47,704 - smart_memory_feeder - WARNING - Failed to update memory
2025-05-29 01:14:04,043 - smart_memory_feeder - WARNING - Error comparing states: Expecting ':' delimiter: line 286 column 22 (char 8195)
2025-05-29 01:14:04,043 - smart_memory_feeder - ERROR - Error updating memory: Expecting ':' delimiter: line 286 column 22 (char 8195)
2025-05-29 01:14:04,043 - smart_memory_feeder - WARNING - Failed to update memory
2025-05-29 01:14:20,391 - smart_memory_feeder - WARNING - Error comparing states: Expecting ':' delimiter: line 286 column 22 (char 8195)
2025-05-29 01:14:20,392 - smart_memory_feeder - ERROR - Error updating memory: Expecting ':' delimiter: line 286 column 22 (char 8195)
2025-05-29 01:14:20,392 - smart_memory_feeder - WARNING - Failed to update memory
2025-05-29 01:14:36,724 - smart_memory_feeder - WARNING - Error comparing states: Expecting ':' delimiter: line 286 column 22 (char 8195)
2025-05-29 01:14:36,725 - smart_memory_feeder - ERROR - Error updating memory: Expecting ':' delimiter: line 286 column 22 (char 8195)
2025-05-29 01:14:36,725 - smart_memory_feeder - WARNING - Failed to update memory
2025-05-29 01:14:53,052 - smart_memory_feeder - WARNING - Error comparing states: Expecting ':' delimiter: line 286 column 22 (char 8195)
2025-05-29 01:14:53,052 - smart_memory_feeder - ERROR - Error updating memory: Expecting ':' delimiter: line 286 column 22 (char 8195)
2025-05-29 01:14:53,052 - smart_memory_feeder - WARNING - Failed to update memory
2025-05-29 01:15:09,375 - smart_memory_feeder - WARNING - Error comparing states: Expecting ':' delimiter: line 286 column 22 (char 8195)
2025-05-29 01:15:09,375 - smart_memory_feeder - ERROR - Error updating memory: Expecting ':' delimiter: line 286 column 22 (char 8195)
2025-05-29 01:15:09,375 - smart_memory_feeder - WARNING - Failed to update memory
2025-05-29 01:15:25,705 - smart_memory_feeder - WARNING - Error comparing states: Expecting ':' delimiter: line 286 column 22 (char 8195)
2025-05-29 01:15:25,705 - smart_memory_feeder - ERROR - Error updating memory: Expecting ':' delimiter: line 286 column 22 (char 8195)
2025-05-29 01:15:25,705 - smart_memory_feeder - WARNING - Failed to update memory
2025-05-29 01:15:42,048 - smart_memory_feeder - WARNING - Error comparing states: Expecting ':' delimiter: line 286 column 22 (char 8195)
2025-05-29 01:15:42,049 - smart_memory_feeder - ERROR - Error updating memory: Expecting ':' delimiter: line 286 column 22 (char 8195)
2025-05-29 01:15:42,049 - smart_memory_feeder - WARNING - Failed to update memory
2025-05-29 01:15:58,378 - smart_memory_feeder - WARNING - Error comparing states: Expecting ':' delimiter: line 286 column 22 (char 8195)
2025-05-29 01:15:58,378 - smart_memory_feeder - ERROR - Error updating memory: Expecting ':' delimiter: line 286 column 22 (char 8195)
2025-05-29 01:15:58,378 - smart_memory_feeder - WARNING - Failed to update memory
2025-05-29 01:16:14,732 - smart_memory_feeder - WARNING - Error comparing states: Expecting ':' delimiter: line 286 column 22 (char 8195)
2025-05-29 01:16:14,733 - smart_memory_feeder - ERROR - Error updating memory: Expecting ':' delimiter: line 286 column 22 (char 8195)
2025-05-29 01:16:14,733 - smart_memory_feeder - WARNING - Failed to update memory
2025-05-29 01:16:31,046 - smart_memory_feeder - WARNING - Error comparing states: Expecting ':' delimiter: line 286 column 22 (char 8195)
2025-05-29 01:16:31,046 - smart_memory_feeder - ERROR - Error updating memory: Expecting ':' delimiter: line 286 column 22 (char 8195)
2025-05-29 01:16:31,046 - smart_memory_feeder - WARNING - Failed to update memory
2025-05-29 01:16:47,393 - smart_memory_feeder - WARNING - Error comparing states: Expecting ':' delimiter: line 286 column 22 (char 8195)
2025-05-29 01:16:47,394 - smart_memory_feeder - ERROR - Error updating memory: Expecting ':' delimiter: line 286 column 22 (char 8195)
2025-05-29 01:16:47,394 - smart_memory_feeder - WARNING - Failed to update memory
2025-05-29 01:17:03,714 - smart_memory_feeder - WARNING - Error comparing states: Expecting ':' delimiter: line 286 column 22 (char 8195)
2025-05-29 01:17:03,715 - smart_memory_feeder - ERROR - Error updating memory: Expecting ':' delimiter: line 286 column 22 (char 8195)
2025-05-29 01:17:03,715 - smart_memory_feeder - WARNING - Failed to update memory
2025-05-29 01:17:20,046 - smart_memory_feeder - WARNING - Error comparing states: Expecting ':' delimiter: line 286 column 22 (char 8195)
2025-05-29 01:17:20,046 - smart_memory_feeder - ERROR - Error updating memory: Expecting ':' delimiter: line 286 column 22 (char 8195)
2025-05-29 01:17:20,046 - smart_memory_feeder - WARNING - Failed to update memory
2025-05-29 01:17:36,365 - smart_memory_feeder - WARNING - Error comparing states: Expecting ':' delimiter: line 286 column 22 (char 8195)
2025-05-29 01:17:36,365 - smart_memory_feeder - ERROR - Error updating memory: Expecting ':' delimiter: line 286 column 22 (char 8195)
2025-05-29 01:17:36,365 - smart_memory_feeder - WARNING - Failed to update memory
2025-05-29 01:17:52,692 - smart_memory_feeder - WARNING - Error comparing states: Expecting ':' delimiter: line 286 column 22 (char 8195)
2025-05-29 01:17:52,693 - smart_memory_feeder - ERROR - Error updating memory: Expecting ':' delimiter: line 286 column 22 (char 8195)
2025-05-29 01:17:52,693 - smart_memory_feeder - WARNING - Failed to update memory
2025-05-29 01:18:09,012 - smart_memory_feeder - WARNING - Error comparing states: Expecting ':' delimiter: line 286 column 22 (char 8195)
2025-05-29 01:18:09,012 - smart_memory_feeder - ERROR - Error updating memory: Expecting ':' delimiter: line 286 column 22 (char 8195)
2025-05-29 01:18:09,012 - smart_memory_feeder - WARNING - Failed to update memory
2025-05-29 01:18:25,344 - smart_memory_feeder - WARNING - Error comparing states: Expecting ':' delimiter: line 286 column 22 (char 8195)
2025-05-29 01:18:25,345 - smart_memory_feeder - ERROR - Error updating memory: Expecting ':' delimiter: line 286 column 22 (char 8195)
2025-05-29 01:18:25,345 - smart_memory_feeder - WARNING - Failed to update memory
2025-05-29 01:18:41,665 - smart_memory_feeder - WARNING - Error comparing states: Expecting ':' delimiter: line 286 column 22 (char 8195)
2025-05-29 01:18:41,665 - smart_memory_feeder - ERROR - Error updating memory: Expecting ':' delimiter: line 286 column 22 (char 8195)
2025-05-29 01:18:41,665 - smart_memory_feeder - WARNING - Failed to update memory
2025-05-29 01:18:58,000 - smart_memory_feeder - WARNING - Error comparing states: Expecting ':' delimiter: line 286 column 22 (char 8195)
2025-05-29 01:18:58,001 - smart_memory_feeder - ERROR - Error updating memory: Expecting ':' delimiter: line 286 column 22 (char 8195)
2025-05-29 01:18:58,001 - smart_memory_feeder - WARNING - Failed to update memory
2025-05-29 01:19:14,335 - smart_memory_feeder - WARNING - Error comparing states: Expecting ':' delimiter: line 286 column 22 (char 8195)
2025-05-29 01:19:14,336 - smart_memory_feeder - ERROR - Error updating memory: Expecting ':' delimiter: line 286 column 22 (char 8195)
2025-05-29 01:19:14,336 - smart_memory_feeder - WARNING - Failed to update memory
2025-05-29 01:19:30,664 - smart_memory_feeder - WARNING - Error comparing states: Expecting ':' delimiter: line 286 column 22 (char 8195)
2025-05-29 01:19:30,664 - smart_memory_feeder - ERROR - Error updating memory: Expecting ':' delimiter: line 286 column 22 (char 8195)
2025-05-29 01:19:30,664 - smart_memory_feeder - WARNING - Failed to update memory
2025-05-29 01:19:46,987 - smart_memory_feeder - WARNING - Error comparing states: Expecting ':' delimiter: line 286 column 22 (char 8195)
2025-05-29 01:19:46,987 - smart_memory_feeder - ERROR - Error updating memory: Expecting ':' delimiter: line 286 column 22 (char 8195)
2025-05-29 01:19:46,987 - smart_memory_feeder - WARNING - Failed to update memory
2025-05-29 01:20:03,309 - smart_memory_feeder - WARNING - Error comparing states: Expecting ':' delimiter: line 286 column 22 (char 8195)
2025-05-29 01:20:03,309 - smart_memory_feeder - ERROR - Error updating memory: Expecting ':' delimiter: line 286 column 22 (char 8195)
2025-05-29 01:20:03,309 - smart_memory_feeder - WARNING - Failed to update memory
2025-05-29 01:20:19,642 - smart_memory_feeder - WARNING - Error comparing states: Expecting ':' delimiter: line 286 column 22 (char 8195)
2025-05-29 01:20:19,642 - smart_memory_feeder - ERROR - Error updating memory: Expecting ':' delimiter: line 286 column 22 (char 8195)
2025-05-29 01:20:19,642 - smart_memory_feeder - WARNING - Failed to update memory
2025-05-29 01:20:35,974 - smart_memory_feeder - WARNING - Error comparing states: Expecting ':' delimiter: line 286 column 22 (char 8195)
2025-05-29 01:20:35,974 - smart_memory_feeder - ERROR - Error updating memory: Expecting ':' delimiter: line 286 column 22 (char 8195)
2025-05-29 01:20:35,974 - smart_memory_feeder - WARNING - Failed to update memory
2025-05-29 01:20:52,316 - smart_memory_feeder - WARNING - Error comparing states: Expecting ':' delimiter: line 286 column 22 (char 8195)
2025-05-29 01:20:52,318 - smart_memory_feeder - ERROR - Error updating memory: Expecting ':' delimiter: line 286 column 22 (char 8195)
2025-05-29 01:20:52,318 - smart_memory_feeder - WARNING - Failed to update memory
2025-05-29 01:21:08,646 - smart_memory_feeder - WARNING - Error comparing states: Expecting ':' delimiter: line 286 column 22 (char 8195)
2025-05-29 01:21:08,647 - smart_memory_feeder - ERROR - Error updating memory: Expecting ':' delimiter: line 286 column 22 (char 8195)
2025-05-29 01:21:08,647 - smart_memory_feeder - WARNING - Failed to update memory
2025-05-29 01:21:24,977 - smart_memory_feeder - WARNING - Error comparing states: Expecting ':' delimiter: line 286 column 22 (char 8195)
2025-05-29 01:21:24,978 - smart_memory_feeder - ERROR - Error updating memory: Expecting ':' delimiter: line 286 column 22 (char 8195)
2025-05-29 01:21:24,978 - smart_memory_feeder - WARNING - Failed to update memory
2025-05-29 01:21:41,304 - smart_memory_feeder - WARNING - Error comparing states: Expecting ':' delimiter: line 286 column 22 (char 8195)
2025-05-29 01:21:41,304 - smart_memory_feeder - ERROR - Error updating memory: Expecting ':' delimiter: line 286 column 22 (char 8195)
2025-05-29 01:21:41,304 - smart_memory_feeder - WARNING - Failed to update memory
2025-05-29 01:21:57,624 - smart_memory_feeder - WARNING - Error comparing states: Expecting ':' delimiter: line 286 column 22 (char 8195)
2025-05-29 01:21:57,624 - smart_memory_feeder - ERROR - Error updating memory: Expecting ':' delimiter: line 286 column 22 (char 8195)
2025-05-29 01:21:57,624 - smart_memory_feeder - WARNING - Failed to update memory
2025-05-29 01:22:13,975 - smart_memory_feeder - WARNING - Error comparing states: Expecting ':' delimiter: line 286 column 22 (char 8195)
2025-05-29 01:22:13,976 - smart_memory_feeder - ERROR - Error updating memory: Expecting ':' delimiter: line 286 column 22 (char 8195)
2025-05-29 01:22:13,976 - smart_memory_feeder - WARNING - Failed to update memory
2025-05-29 01:22:30,296 - smart_memory_feeder - WARNING - Error comparing states: Expecting ':' delimiter: line 286 column 22 (char 8195)
2025-05-29 01:22:30,297 - smart_memory_feeder - ERROR - Error updating memory: Expecting ':' delimiter: line 286 column 22 (char 8195)
2025-05-29 01:22:30,297 - smart_memory_feeder - WARNING - Failed to update memory
2025-05-29 01:22:46,616 - smart_memory_feeder - WARNING - Error comparing states: Expecting ':' delimiter: line 286 column 22 (char 8195)
2025-05-29 01:22:46,616 - smart_memory_feeder - ERROR - Error updating memory: Expecting ':' delimiter: line 286 column 22 (char 8195)
2025-05-29 01:22:46,616 - smart_memory_feeder - WARNING - Failed to update memory
2025-05-29 01:23:02,944 - smart_memory_feeder - WARNING - Error comparing states: Expecting ':' delimiter: line 286 column 22 (char 8195)
2025-05-29 01:23:02,944 - smart_memory_feeder - ERROR - Error updating memory: Expecting ':' delimiter: line 286 column 22 (char 8195)
2025-05-29 01:23:02,944 - smart_memory_feeder - WARNING - Failed to update memory
2025-05-29 01:23:19,275 - smart_memory_feeder - WARNING - Error comparing states: Expecting ':' delimiter: line 286 column 22 (char 8195)
2025-05-29 01:23:19,276 - smart_memory_feeder - ERROR - Error updating memory: Expecting ':' delimiter: line 286 column 22 (char 8195)
2025-05-29 01:23:19,276 - smart_memory_feeder - WARNING - Failed to update memory
2025-05-29 01:23:35,597 - smart_memory_feeder - WARNING - Error comparing states: Expecting ':' delimiter: line 286 column 22 (char 8195)
2025-05-29 01:23:35,598 - smart_memory_feeder - ERROR - Error updating memory: Expecting ':' delimiter: line 286 column 22 (char 8195)
2025-05-29 01:23:35,598 - smart_memory_feeder - WARNING - Failed to update memory
2025-05-29 01:23:51,925 - smart_memory_feeder - WARNING - Error comparing states: Expecting ':' delimiter: line 286 column 22 (char 8195)
2025-05-29 01:23:51,926 - smart_memory_feeder - ERROR - Error updating memory: Expecting ':' delimiter: line 286 column 22 (char 8195)
2025-05-29 01:23:51,926 - smart_memory_feeder - WARNING - Failed to update memory
2025-05-29 01:24:08,257 - smart_memory_feeder - WARNING - Error comparing states: Expecting ':' delimiter: line 286 column 22 (char 8195)
2025-05-29 01:24:08,257 - smart_memory_feeder - ERROR - Error updating memory: Expecting ':' delimiter: line 286 column 22 (char 8195)
2025-05-29 01:24:08,257 - smart_memory_feeder - WARNING - Failed to update memory
2025-05-29 01:24:24,597 - smart_memory_feeder - WARNING - Error comparing states: Expecting ':' delimiter: line 286 column 22 (char 8195)
2025-05-29 01:24:24,598 - smart_memory_feeder - ERROR - Error updating memory: Expecting ':' delimiter: line 286 column 22 (char 8195)
2025-05-29 01:24:24,598 - smart_memory_feeder - WARNING - Failed to update memory
2025-05-29 01:24:40,923 - smart_memory_feeder - WARNING - Error comparing states: Expecting ':' delimiter: line 286 column 22 (char 8195)
2025-05-29 01:24:40,923 - smart_memory_feeder - ERROR - Error updating memory: Expecting ':' delimiter: line 286 column 22 (char 8195)
2025-05-29 01:24:40,923 - smart_memory_feeder - WARNING - Failed to update memory
2025-05-29 01:24:57,238 - smart_memory_feeder - WARNING - Error comparing states: Expecting ':' delimiter: line 286 column 22 (char 8195)
2025-05-29 01:24:57,238 - smart_memory_feeder - ERROR - Error updating memory: Expecting ':' delimiter: line 286 column 22 (char 8195)
2025-05-29 01:24:57,238 - smart_memory_feeder - WARNING - Failed to update memory
2025-05-29 01:25:13,574 - smart_memory_feeder - WARNING - Error comparing states: Expecting ':' delimiter: line 286 column 22 (char 8195)
2025-05-29 01:25:13,574 - smart_memory_feeder - ERROR - Error updating memory: Expecting ':' delimiter: line 286 column 22 (char 8195)
2025-05-29 01:25:13,574 - smart_memory_feeder - WARNING - Failed to update memory
2025-05-29 01:25:29,913 - smart_memory_feeder - WARNING - Error comparing states: Expecting ':' delimiter: line 286 column 22 (char 8195)
2025-05-29 01:25:29,914 - smart_memory_feeder - ERROR - Error updating memory: Expecting ':' delimiter: line 286 column 22 (char 8195)
2025-05-29 01:25:29,914 - smart_memory_feeder - WARNING - Failed to update memory
2025-05-29 01:25:46,239 - smart_memory_feeder - WARNING - Error comparing states: Expecting ':' delimiter: line 286 column 22 (char 8195)
2025-05-29 01:25:46,239 - smart_memory_feeder - ERROR - Error updating memory: Expecting ':' delimiter: line 286 column 22 (char 8195)
2025-05-29 01:25:46,239 - smart_memory_feeder - WARNING - Failed to update memory
2025-05-29 01:26:02,575 - smart_memory_feeder - WARNING - Error comparing states: Expecting ':' delimiter: line 286 column 22 (char 8195)
2025-05-29 01:26:02,576 - smart_memory_feeder - ERROR - Error updating memory: Expecting ':' delimiter: line 286 column 22 (char 8195)
2025-05-29 01:26:02,576 - smart_memory_feeder - WARNING - Failed to update memory
2025-05-29 01:26:18,913 - smart_memory_feeder - WARNING - Error comparing states: Expecting ':' delimiter: line 286 column 22 (char 8195)
2025-05-29 01:26:18,914 - smart_memory_feeder - ERROR - Error updating memory: Expecting ':' delimiter: line 286 column 22 (char 8195)
2025-05-29 01:26:18,914 - smart_memory_feeder - WARNING - Failed to update memory
2025-05-29 01:26:35,234 - smart_memory_feeder - WARNING - Error comparing states: Expecting ':' delimiter: line 286 column 22 (char 8195)
2025-05-29 01:26:35,234 - smart_memory_feeder - ERROR - Error updating memory: Expecting ':' delimiter: line 286 column 22 (char 8195)
2025-05-29 01:26:35,234 - smart_memory_feeder - WARNING - Failed to update memory
2025-05-29 01:26:51,565 - smart_memory_feeder - WARNING - Error comparing states: Expecting ':' delimiter: line 286 column 22 (char 8195)
2025-05-29 01:26:51,565 - smart_memory_feeder - ERROR - Error updating memory: Expecting ':' delimiter: line 286 column 22 (char 8195)
2025-05-29 01:26:51,565 - smart_memory_feeder - WARNING - Failed to update memory
2025-05-29 01:27:07,882 - smart_memory_feeder - WARNING - Error comparing states: Expecting ':' delimiter: line 286 column 22 (char 8195)
2025-05-29 01:27:07,883 - smart_memory_feeder - ERROR - Error updating memory: Expecting ':' delimiter: line 286 column 22 (char 8195)
2025-05-29 01:27:07,883 - smart_memory_feeder - WARNING - Failed to update memory
2025-05-29 01:27:24,238 - smart_memory_feeder - WARNING - Error comparing states: Expecting ':' delimiter: line 286 column 22 (char 8195)
2025-05-29 01:27:24,239 - smart_memory_feeder - ERROR - Error updating memory: Expecting ':' delimiter: line 286 column 22 (char 8195)
2025-05-29 01:27:24,239 - smart_memory_feeder - WARNING - Failed to update memory
2025-05-29 01:27:40,552 - smart_memory_feeder - WARNING - Error comparing states: Expecting ':' delimiter: line 286 column 22 (char 8195)
2025-05-29 01:27:40,553 - smart_memory_feeder - ERROR - Error updating memory: Expecting ':' delimiter: line 286 column 22 (char 8195)
2025-05-29 01:27:40,553 - smart_memory_feeder - WARNING - Failed to update memory
2025-05-29 01:27:56,882 - smart_memory_feeder - WARNING - Error comparing states: Expecting ':' delimiter: line 286 column 22 (char 8195)
2025-05-29 01:27:56,882 - smart_memory_feeder - ERROR - Error updating memory: Expecting ':' delimiter: line 286 column 22 (char 8195)
2025-05-29 01:27:56,882 - smart_memory_feeder - WARNING - Failed to update memory
2025-05-29 01:28:13,232 - smart_memory_feeder - WARNING - Error comparing states: Expecting ':' delimiter: line 286 column 22 (char 8195)
2025-05-29 01:28:13,233 - smart_memory_feeder - ERROR - Error updating memory: Expecting ':' delimiter: line 286 column 22 (char 8195)
2025-05-29 01:28:13,233 - smart_memory_feeder - WARNING - Failed to update memory
2025-05-29 01:28:29,582 - smart_memory_feeder - WARNING - Error comparing states: Expecting ':' delimiter: line 286 column 22 (char 8195)
2025-05-29 01:28:29,583 - smart_memory_feeder - ERROR - Error updating memory: Expecting ':' delimiter: line 286 column 22 (char 8195)
2025-05-29 01:28:29,583 - smart_memory_feeder - WARNING - Failed to update memory
2025-05-29 01:28:45,898 - smart_memory_feeder - WARNING - Error comparing states: Expecting ':' delimiter: line 286 column 22 (char 8195)
2025-05-29 01:28:45,899 - smart_memory_feeder - ERROR - Error updating memory: Expecting ':' delimiter: line 286 column 22 (char 8195)
2025-05-29 01:28:45,899 - smart_memory_feeder - WARNING - Failed to update memory
2025-05-29 01:29:02,245 - smart_memory_feeder - WARNING - Error comparing states: Expecting ':' delimiter: line 286 column 22 (char 8195)
2025-05-29 01:29:02,246 - smart_memory_feeder - ERROR - Error updating memory: Expecting ':' delimiter: line 286 column 22 (char 8195)
2025-05-29 01:29:02,246 - smart_memory_feeder - WARNING - Failed to update memory
2025-05-29 01:29:18,586 - smart_memory_feeder - WARNING - Error comparing states: Expecting ':' delimiter: line 286 column 22 (char 8195)
2025-05-29 01:29:18,587 - smart_memory_feeder - ERROR - Error updating memory: Expecting ':' delimiter: line 286 column 22 (char 8195)
2025-05-29 01:29:18,587 - smart_memory_feeder - WARNING - Failed to update memory
2025-05-29 01:29:34,911 - smart_memory_feeder - WARNING - Error comparing states: Expecting ':' delimiter: line 286 column 22 (char 8195)
2025-05-29 01:29:34,912 - smart_memory_feeder - ERROR - Error updating memory: Expecting ':' delimiter: line 286 column 22 (char 8195)
2025-05-29 01:29:34,912 - smart_memory_feeder - WARNING - Failed to update memory
2025-05-29 01:29:51,242 - smart_memory_feeder - WARNING - Error comparing states: Expecting ':' delimiter: line 286 column 22 (char 8195)
2025-05-29 01:29:51,243 - smart_memory_feeder - ERROR - Error updating memory: Expecting ':' delimiter: line 286 column 22 (char 8195)
2025-05-29 01:29:51,243 - smart_memory_feeder - WARNING - Failed to update memory
2025-05-29 01:30:07,573 - smart_memory_feeder - WARNING - Error comparing states: Expecting ':' delimiter: line 286 column 22 (char 8195)
2025-05-29 01:30:07,574 - smart_memory_feeder - ERROR - Error updating memory: Expecting ':' delimiter: line 286 column 22 (char 8195)
2025-05-29 01:30:07,574 - smart_memory_feeder - WARNING - Failed to update memory
2025-05-29 01:30:23,922 - smart_memory_feeder - WARNING - Error comparing states: Expecting ':' delimiter: line 286 column 22 (char 8195)
2025-05-29 01:30:23,924 - smart_memory_feeder - ERROR - Error updating memory: Expecting ':' delimiter: line 286 column 22 (char 8195)
2025-05-29 01:30:23,924 - smart_memory_feeder - WARNING - Failed to update memory
2025-05-29 01:30:40,259 - smart_memory_feeder - WARNING - Error comparing states: Expecting ':' delimiter: line 286 column 22 (char 8195)
2025-05-29 01:30:40,259 - smart_memory_feeder - ERROR - Error updating memory: Expecting ':' delimiter: line 286 column 22 (char 8195)
2025-05-29 01:30:40,260 - smart_memory_feeder - WARNING - Failed to update memory
2025-05-29 01:30:56,576 - smart_memory_feeder - WARNING - Error comparing states: Expecting ':' delimiter: line 286 column 22 (char 8195)
2025-05-29 01:30:56,577 - smart_memory_feeder - ERROR - Error updating memory: Expecting ':' delimiter: line 286 column 22 (char 8195)
2025-05-29 01:30:56,577 - smart_memory_feeder - WARNING - Failed to update memory
2025-05-29 01:31:12,911 - smart_memory_feeder - WARNING - Error comparing states: Expecting ':' delimiter: line 286 column 22 (char 8195)
2025-05-29 01:31:12,912 - smart_memory_feeder - ERROR - Error updating memory: Expecting ':' delimiter: line 286 column 22 (char 8195)
2025-05-29 01:31:12,912 - smart_memory_feeder - WARNING - Failed to update memory
2025-05-29 01:31:29,237 - smart_memory_feeder - WARNING - Error comparing states: Expecting ':' delimiter: line 286 column 22 (char 8195)
2025-05-29 01:31:29,238 - smart_memory_feeder - ERROR - Error updating memory: Expecting ':' delimiter: line 286 column 22 (char 8195)
2025-05-29 01:31:29,238 - smart_memory_feeder - WARNING - Failed to update memory
2025-05-29 01:31:45,565 - smart_memory_feeder - WARNING - Error comparing states: Expecting ':' delimiter: line 286 column 22 (char 8195)
2025-05-29 01:31:45,566 - smart_memory_feeder - ERROR - Error updating memory: Expecting ':' delimiter: line 286 column 22 (char 8195)
2025-05-29 01:31:45,566 - smart_memory_feeder - WARNING - Failed to update memory
2025-05-29 01:32:01,889 - smart_memory_feeder - WARNING - Error comparing states: Expecting ':' delimiter: line 286 column 22 (char 8195)
2025-05-29 01:32:01,889 - smart_memory_feeder - ERROR - Error updating memory: Expecting ':' delimiter: line 286 column 22 (char 8195)
2025-05-29 01:32:01,889 - smart_memory_feeder - WARNING - Failed to update memory
2025-05-29 01:32:18,235 - smart_memory_feeder - WARNING - Error comparing states: Expecting ':' delimiter: line 286 column 22 (char 8195)
2025-05-29 01:32:18,235 - smart_memory_feeder - ERROR - Error updating memory: Expecting ':' delimiter: line 286 column 22 (char 8195)
2025-05-29 01:32:18,235 - smart_memory_feeder - WARNING - Failed to update memory
2025-05-29 01:32:34,584 - smart_memory_feeder - WARNING - Error comparing states: Expecting ':' delimiter: line 286 column 22 (char 8195)
2025-05-29 01:32:34,586 - smart_memory_feeder - ERROR - Error updating memory: Expecting ':' delimiter: line 286 column 22 (char 8195)
2025-05-29 01:32:34,586 - smart_memory_feeder - WARNING - Failed to update memory
2025-05-29 01:32:50,920 - smart_memory_feeder - WARNING - Error comparing states: Expecting ':' delimiter: line 286 column 22 (char 8195)
2025-05-29 01:32:50,921 - smart_memory_feeder - ERROR - Error updating memory: Expecting ':' delimiter: line 286 column 22 (char 8195)
2025-05-29 01:32:50,921 - smart_memory_feeder - WARNING - Failed to update memory
2025-05-29 01:33:07,266 - smart_memory_feeder - WARNING - Error comparing states: Expecting ':' delimiter: line 286 column 22 (char 8195)
2025-05-29 01:33:07,268 - smart_memory_feeder - ERROR - Error updating memory: Expecting ':' delimiter: line 286 column 22 (char 8195)
2025-05-29 01:33:07,268 - smart_memory_feeder - WARNING - Failed to update memory
2025-05-29 01:33:23,617 - smart_memory_feeder - WARNING - Error comparing states: Expecting ':' delimiter: line 286 column 22 (char 8195)
2025-05-29 01:33:23,618 - smart_memory_feeder - ERROR - Error updating memory: Expecting ':' delimiter: line 286 column 22 (char 8195)
2025-05-29 01:33:23,618 - smart_memory_feeder - WARNING - Failed to update memory
2025-05-29 01:33:39,952 - smart_memory_feeder - WARNING - Error comparing states: Expecting ':' delimiter: line 286 column 22 (char 8195)
2025-05-29 01:33:39,952 - smart_memory_feeder - ERROR - Error updating memory: Expecting ':' delimiter: line 286 column 22 (char 8195)
2025-05-29 01:33:39,952 - smart_memory_feeder - WARNING - Failed to update memory
2025-05-29 01:33:56,286 - smart_memory_feeder - WARNING - Error comparing states: Expecting ':' delimiter: line 286 column 22 (char 8195)
2025-05-29 01:33:56,287 - smart_memory_feeder - ERROR - Error updating memory: Expecting ':' delimiter: line 286 column 22 (char 8195)
2025-05-29 01:33:56,287 - smart_memory_feeder - WARNING - Failed to update memory
2025-05-29 01:34:12,620 - smart_memory_feeder - WARNING - Error comparing states: Expecting ':' delimiter: line 286 column 22 (char 8195)
2025-05-29 01:34:12,621 - smart_memory_feeder - ERROR - Error updating memory: Expecting ':' delimiter: line 286 column 22 (char 8195)
2025-05-29 01:34:12,621 - smart_memory_feeder - WARNING - Failed to update memory
2025-05-29 01:34:28,960 - smart_memory_feeder - WARNING - Error comparing states: Expecting ':' delimiter: line 286 column 22 (char 8195)
2025-05-29 01:34:28,961 - smart_memory_feeder - ERROR - Error updating memory: Expecting ':' delimiter: line 286 column 22 (char 8195)
2025-05-29 01:34:28,961 - smart_memory_feeder - WARNING - Failed to update memory
2025-05-29 01:34:45,310 - smart_memory_feeder - WARNING - Error comparing states: Expecting ':' delimiter: line 286 column 22 (char 8195)
2025-05-29 01:34:45,311 - smart_memory_feeder - ERROR - Error updating memory: Expecting ':' delimiter: line 286 column 22 (char 8195)
2025-05-29 01:34:45,311 - smart_memory_feeder - WARNING - Failed to update memory
2025-05-29 01:35:01,642 - smart_memory_feeder - WARNING - Error comparing states: Expecting ':' delimiter: line 286 column 22 (char 8195)
2025-05-29 01:35:01,643 - smart_memory_feeder - ERROR - Error updating memory: Expecting ':' delimiter: line 286 column 22 (char 8195)
2025-05-29 01:35:01,643 - smart_memory_feeder - WARNING - Failed to update memory
2025-05-29 01:35:17,982 - smart_memory_feeder - WARNING - Error comparing states: Expecting ':' delimiter: line 286 column 22 (char 8195)
2025-05-29 01:35:17,984 - smart_memory_feeder - ERROR - Error updating memory: Expecting ':' delimiter: line 286 column 22 (char 8195)
2025-05-29 01:35:17,984 - smart_memory_feeder - WARNING - Failed to update memory
2025-05-29 01:35:34,309 - smart_memory_feeder - WARNING - Error comparing states: Expecting ':' delimiter: line 286 column 22 (char 8195)
2025-05-29 01:35:34,310 - smart_memory_feeder - ERROR - Error updating memory: Expecting ':' delimiter: line 286 column 22 (char 8195)
2025-05-29 01:35:34,311 - smart_memory_feeder - WARNING - Failed to update memory
2025-05-29 01:35:50,648 - smart_memory_feeder - WARNING - Error comparing states: Expecting ':' delimiter: line 286 column 22 (char 8195)
2025-05-29 01:35:50,649 - smart_memory_feeder - ERROR - Error updating memory: Expecting ':' delimiter: line 286 column 22 (char 8195)
2025-05-29 01:35:50,649 - smart_memory_feeder - WARNING - Failed to update memory
2025-05-29 01:36:07,063 - smart_memory_feeder - WARNING - Error comparing states: Expecting ':' delimiter: line 286 column 22 (char 8195)
2025-05-29 01:36:07,064 - smart_memory_feeder - ERROR - Error updating memory: Expecting ':' delimiter: line 286 column 22 (char 8195)
2025-05-29 01:36:07,064 - smart_memory_feeder - WARNING - Failed to update memory
2025-05-29 01:36:18,399 - smart_memory_feeder - WARNING - Error comparing states: Expecting ':' delimiter: line 286 column 22 (char 8195)
2025-05-29 01:36:18,400 - smart_memory_feeder - ERROR - Error updating memory: Expecting ':' delimiter: line 286 column 22 (char 8195)
2025-05-29 01:36:18,400 - smart_memory_feeder - WARNING - Failed to update memory
2025-05-29 01:36:34,740 - smart_memory_feeder - WARNING - Error comparing states: Expecting ':' delimiter: line 286 column 22 (char 8195)
2025-05-29 01:36:34,740 - smart_memory_feeder - ERROR - Error updating memory: Expecting ':' delimiter: line 286 column 22 (char 8195)
2025-05-29 01:36:34,740 - smart_memory_feeder - WARNING - Failed to update memory
2025-05-29 01:36:51,068 - smart_memory_feeder - WARNING - Error comparing states: Expecting ':' delimiter: line 286 column 22 (char 8195)
2025-05-29 01:36:51,069 - smart_memory_feeder - ERROR - Error updating memory: Expecting ':' delimiter: line 286 column 22 (char 8195)
2025-05-29 01:36:51,069 - smart_memory_feeder - WARNING - Failed to update memory
2025-05-29 01:37:07,412 - smart_memory_feeder - WARNING - Error comparing states: Expecting ':' delimiter: line 286 column 22 (char 8195)
2025-05-29 01:37:07,413 - smart_memory_feeder - ERROR - Error updating memory: Expecting ':' delimiter: line 286 column 22 (char 8195)
2025-05-29 01:37:07,413 - smart_memory_feeder - WARNING - Failed to update memory
2025-05-29 01:37:23,773 - smart_memory_feeder - WARNING - Error comparing states: Expecting ':' delimiter: line 286 column 22 (char 8195)
2025-05-29 01:37:23,774 - smart_memory_feeder - ERROR - Error updating memory: Expecting ':' delimiter: line 286 column 22 (char 8195)
2025-05-29 01:37:23,774 - smart_memory_feeder - WARNING - Failed to update memory
2025-05-29 01:37:40,190 - smart_memory_feeder - WARNING - Error comparing states: Expecting ':' delimiter: line 286 column 22 (char 8195)
2025-05-29 01:37:40,191 - smart_memory_feeder - ERROR - Error updating memory: Expecting ':' delimiter: line 286 column 22 (char 8195)
2025-05-29 01:37:40,192 - smart_memory_feeder - WARNING - Failed to update memory
2025-05-29 01:37:51,516 - smart_memory_feeder - WARNING - Error comparing states: Expecting ':' delimiter: line 286 column 22 (char 8195)
2025-05-29 01:37:51,517 - smart_memory_feeder - ERROR - Error updating memory: Expecting ':' delimiter: line 286 column 22 (char 8195)
2025-05-29 01:37:51,517 - smart_memory_feeder - WARNING - Failed to update memory
2025-05-29 01:38:07,914 - smart_memory_feeder - WARNING - Error comparing states: Expecting ':' delimiter: line 286 column 22 (char 8195)
2025-05-29 01:38:07,916 - smart_memory_feeder - ERROR - Error updating memory: Expecting ':' delimiter: line 286 column 22 (char 8195)
2025-05-29 01:38:07,916 - smart_memory_feeder - WARNING - Failed to update memory
2025-05-29 01:38:19,366 - smart_memory_feeder - WARNING - Error comparing states: Expecting ':' delimiter: line 286 column 22 (char 8195)
2025-05-29 01:38:19,367 - smart_memory_feeder - ERROR - Error updating memory: Expecting ':' delimiter: line 286 column 22 (char 8195)
2025-05-29 01:38:19,367 - smart_memory_feeder - WARNING - Failed to update memory
2025-05-29 01:38:30,803 - smart_memory_feeder - WARNING - Error comparing states: Expecting ':' delimiter: line 286 column 22 (char 8195)
2025-05-29 01:38:30,805 - smart_memory_feeder - ERROR - Error updating memory: Expecting ':' delimiter: line 286 column 22 (char 8195)
2025-05-29 01:38:30,805 - smart_memory_feeder - WARNING - Failed to update memory
2025-05-29 01:38:47,341 - smart_memory_feeder - WARNING - Error comparing states: Expecting ':' delimiter: line 286 column 22 (char 8195)
2025-05-29 01:38:47,343 - smart_memory_feeder - ERROR - Error updating memory: Expecting ':' delimiter: line 286 column 22 (char 8195)
2025-05-29 01:38:47,343 - smart_memory_feeder - WARNING - Failed to update memory
2025-05-29 01:38:59,045 - smart_memory_feeder - WARNING - Error comparing states: Expecting ':' delimiter: line 286 column 22 (char 8195)
2025-05-29 01:38:59,046 - smart_memory_feeder - ERROR - Error updating memory: Expecting ':' delimiter: line 286 column 22 (char 8195)
2025-05-29 01:38:59,046 - smart_memory_feeder - WARNING - Failed to update memory
2025-05-29 01:39:10,436 - smart_memory_feeder - WARNING - Error comparing states: Expecting ':' delimiter: line 286 column 22 (char 8195)
2025-05-29 01:39:10,437 - smart_memory_feeder - ERROR - Error updating memory: Expecting ':' delimiter: line 286 column 22 (char 8195)
2025-05-29 01:39:10,437 - smart_memory_feeder - WARNING - Failed to update memory
2025-05-29 01:39:26,784 - smart_memory_feeder - WARNING - Error comparing states: Expecting ':' delimiter: line 286 column 22 (char 8195)
2025-05-29 01:39:26,785 - smart_memory_feeder - ERROR - Error updating memory: Expecting ':' delimiter: line 286 column 22 (char 8195)
2025-05-29 01:39:26,785 - smart_memory_feeder - WARNING - Failed to update memory
2025-05-29 01:39:43,110 - smart_memory_feeder - WARNING - Error comparing states: Expecting ':' delimiter: line 286 column 22 (char 8195)
2025-05-29 01:39:43,111 - smart_memory_feeder - ERROR - Error updating memory: Expecting ':' delimiter: line 286 column 22 (char 8195)
2025-05-29 01:39:43,111 - smart_memory_feeder - WARNING - Failed to update memory
2025-05-29 01:39:59,423 - smart_memory_feeder - WARNING - Error comparing states: Expecting ':' delimiter: line 286 column 22 (char 8195)
2025-05-29 01:39:59,423 - smart_memory_feeder - ERROR - Error updating memory: Expecting ':' delimiter: line 286 column 22 (char 8195)
2025-05-29 01:39:59,423 - smart_memory_feeder - WARNING - Failed to update memory
2025-05-29 01:40:15,778 - smart_memory_feeder - WARNING - Error comparing states: Expecting ':' delimiter: line 286 column 22 (char 8195)
2025-05-29 01:40:15,779 - smart_memory_feeder - ERROR - Error updating memory: Expecting ':' delimiter: line 286 column 22 (char 8195)
2025-05-29 01:40:15,779 - smart_memory_feeder - WARNING - Failed to update memory
2025-05-29 01:40:32,120 - smart_memory_feeder - WARNING - Error comparing states: Expecting ':' delimiter: line 286 column 22 (char 8195)
2025-05-29 01:40:32,121 - smart_memory_feeder - ERROR - Error updating memory: Expecting ':' delimiter: line 286 column 22 (char 8195)
2025-05-29 01:40:32,121 - smart_memory_feeder - WARNING - Failed to update memory
2025-05-29 01:40:48,522 - smart_memory_feeder - WARNING - Error comparing states: Expecting ':' delimiter: line 286 column 22 (char 8195)
2025-05-29 01:40:48,523 - smart_memory_feeder - ERROR - Error updating memory: Expecting ':' delimiter: line 286 column 22 (char 8195)
2025-05-29 01:40:48,523 - smart_memory_feeder - WARNING - Failed to update memory
2025-05-29 01:40:59,809 - smart_memory_feeder - WARNING - Error comparing states: Expecting ':' delimiter: line 286 column 22 (char 8195)
2025-05-29 01:40:59,809 - smart_memory_feeder - ERROR - Error updating memory: Expecting ':' delimiter: line 286 column 22 (char 8195)
2025-05-29 01:40:59,809 - smart_memory_feeder - WARNING - Failed to update memory
