2025-05-29 12:13:59,462 - memory.enhanced_semantic_search - INFO - Enhanced semantic search initialized with embedding dim: 384
2025-05-29 12:13:59,463 - memory.enhanced_semantic_search - INFO - Hybrid retrieval enabled: True
2025-05-29 12:13:59,704 - memory.enhanced_semantic_search - INFO - Enhanced semantic search initialized with embedding dim: 384
2025-05-29 12:13:59,704 - memory.enhanced_semantic_search - INFO - Hybrid retrieval enabled: True
2025-05-29 12:13:59,704 - utils.folder_summarizer - INFO - Folder summarizer initialized
2025-05-29 12:13:59,704 - memory.enhanced_semantic_search - INFO - Enhanced semantic search initialized with embedding dim: 384
2025-05-29 12:13:59,705 - memory.enhanced_semantic_search - INFO - Hybrid retrieval enabled: True
2025-05-29 12:13:59,705 - folder_reader - INFO - Folder reader initialized
2025-05-29 12:13:59,705 - __main__ - INFO - Assistant folder reader initialized
2025-05-29 12:13:59,741 - utils.folder_summarizer - WARNING - Could not analyze content of ./debug_plan_structure.py: 'analyzed_files'
2025-05-29 12:13:59,744 - utils.folder_summarizer - WARNING - Could not analyze content of ./comprehensive_client_simulation.py: 'analyzed_files'
2025-05-29 12:13:59,746 - utils.folder_summarizer - WARNING - Could not analyze content of ./test_spotify_agent_fix.py: 'analyzed_files'
2025-05-29 12:13:59,749 - utils.folder_summarizer - WARNING - Could not analyze content of ./enhanced_mode_backend_8765.py: 'analyzed_files'
2025-05-29 12:13:59,751 - utils.folder_summarizer - WARNING - Could not analyze content of ./enhance_backend_for_general_queries.py: 'analyzed_files'
2025-05-29 12:13:59,755 - utils.folder_summarizer - WARNING - Could not analyze content of ./START_ENHANCED_SYSTEM.sh: 'analyzed_files'
2025-05-29 12:13:59,758 - utils.folder_summarizer - WARNING - Could not analyze content of ./simple_ws_test.py: 'analyzed_files'
2025-05-29 12:13:59,760 - utils.folder_summarizer - WARNING - Could not analyze content of ./fix_ask_mode_response_generation.py: 'analyzed_files'
2025-05-29 12:13:59,762 - utils.folder_summarizer - WARNING - Could not analyze content of ./visual_coordinate_calibrator.py: 'analyzed_files'
2025-05-29 12:13:59,765 - utils.folder_summarizer - WARNING - Could not analyze content of ./realtime_screen_tcp_server.py: 'analyzed_files'
2025-05-29 12:13:59,767 - utils.folder_summarizer - WARNING - Could not analyze content of ./test_performance_quick.py: 'analyzed_files'
2025-05-29 12:13:59,768 - utils.folder_summarizer - WARNING - Could not analyze content of ./debug_backend.log: 'analyzed_files'
2025-05-29 12:13:59,769 - utils.folder_summarizer - WARNING - Could not analyze content of ./STOP_SYSTEM.sh: 'analyzed_files'
2025-05-29 12:13:59,771 - utils.folder_summarizer - WARNING - Could not analyze content of ./application_aware_coordinate_detector.py: 'analyzed_files'
2025-05-29 12:13:59,773 - utils.folder_summarizer - WARNING - Could not analyze content of ./deploy_enhanced_backend.py: 'analyzed_files'
2025-05-29 12:13:59,774 - utils.folder_summarizer - WARNING - Could not analyze content of ./test_response_4.json: 'analyzed_files'
2025-05-29 12:13:59,776 - utils.folder_summarizer - WARNING - Could not analyze content of ./debug_agent_mode_slowness.py: 'analyzed_files'
2025-05-29 12:13:59,778 - utils.folder_summarizer - WARNING - Could not analyze content of ./universal_deep_data_prototype.py: 'analyzed_files'
2025-05-29 12:13:59,779 - utils.folder_summarizer - WARNING - Could not analyze content of ./enhanced_memory_test_results.json: 'analyzed_files'
2025-05-29 12:13:59,781 - utils.folder_summarizer - WARNING - Could not analyze content of ./test_screen_sharing_multiple_attempts.py: 'analyzed_files'
2025-05-29 12:13:59,783 - utils.folder_summarizer - WARNING - Could not analyze content of ./PERFORMANCE_OPTIMIZATION_COMPLETE.md: 'analyzed_files'
2025-05-29 12:13:59,785 - utils.folder_summarizer - WARNING - Could not analyze content of ./test_quick_google_search.py: 'analyzed_files'
2025-05-29 12:13:59,786 - utils.folder_summarizer - WARNING - Could not analyze content of ./test_fixed_youtube_automation.py: 'analyzed_files'
2025-05-29 12:13:59,789 - utils.folder_summarizer - WARNING - Could not analyze content of ./intelligent_workflow_planner.py: 'analyzed_files'
2025-05-29 12:13:59,792 - utils.folder_summarizer - WARNING - Could not analyze content of ./enhanced_deep_ui_analyzer.py: 'analyzed_files'
2025-05-29 12:13:59,794 - utils.folder_summarizer - WARNING - Could not analyze content of ./debug_simple_test.py: 'analyzed_files'
2025-05-29 12:13:59,795 - utils.folder_summarizer - WARNING - Could not analyze content of ./test_documents_request.py: 'analyzed_files'
2025-05-29 12:13:59,797 - utils.folder_summarizer - WARNING - Could not analyze content of ./simple_brain_router_server.py: 'analyzed_files'
2025-05-29 12:13:59,798 - utils.folder_summarizer - WARNING - Could not analyze content of ./total_screen_analysis_test.json: 'analyzed_files'
2025-05-29 12:13:59,832 - utils.folder_summarizer - WARNING - Could not analyze content of ./backend_restart.log: 'analyzed_files'
2025-05-29 12:13:59,834 - utils.folder_summarizer - WARNING - Could not analyze content of ./check_backend_status.py: 'analyzed_files'
2025-05-29 12:13:59,836 - utils.folder_summarizer - WARNING - Could not analyze content of ./web_test_server.py: 'analyzed_files'
2025-05-29 12:13:59,839 - utils.folder_summarizer - WARNING - Could not analyze content of ./enhanced_realtime_system_bridge.py: 'analyzed_files'
2025-05-29 12:13:59,841 - utils.folder_summarizer - WARNING - Could not analyze content of ./SYSTEM_TESTING_SUMMARY.md: 'analyzed_files'
2025-05-29 12:13:59,842 - utils.folder_summarizer - WARNING - Could not analyze content of ./test_real_llm_fix.py: 'analyzed_files'
2025-05-29 12:13:59,843 - utils.folder_summarizer - WARNING - Could not analyze content of ./debug_app_extraction.py: 'analyzed_files'
2025-05-29 12:13:59,846 - utils.folder_summarizer - WARNING - Could not analyze content of ./test_deep_ui_memory_integration.py: 'analyzed_files'
2025-05-29 12:13:59,847 - utils.folder_summarizer - WARNING - Could not analyze content of ./test_real_automation.py: 'analyzed_files'
2025-05-29 12:13:59,849 - utils.folder_summarizer - WARNING - Could not analyze content of ./test_all_modes_semantic_search.py: 'analyzed_files'
2025-05-29 12:13:59,851 - utils.folder_summarizer - WARNING - Could not analyze content of ./test_memory_search_meaningfulness.py: 'analyzed_files'
2025-05-29 12:13:59,854 - utils.folder_summarizer - WARNING - Could not analyze content of ./debug_message_processing.py: 'analyzed_files'
2025-05-29 12:13:59,856 - utils.folder_summarizer - WARNING - Could not analyze content of ./corrected_coordinate_detector.py: 'analyzed_files'
2025-05-29 12:13:59,858 - utils.folder_summarizer - WARNING - Could not analyze content of ./debug_actual_problem.py: 'analyzed_files'
2025-05-29 12:13:59,861 - utils.folder_summarizer - WARNING - Could not analyze content of ./improved_ask_mode_test.py: 'analyzed_files'
2025-05-29 12:13:59,862 - utils.folder_summarizer - WARNING - Could not analyze content of ./test_screen_capture.py: 'analyzed_files'
2025-05-29 12:13:59,863 - utils.folder_summarizer - WARNING - Could not analyze content of ./restart_backend.py: 'analyzed_files'
2025-05-29 12:13:59,866 - utils.folder_summarizer - WARNING - Could not analyze content of ./debug_ask_mode_memory_flow.py: 'analyzed_files'
2025-05-29 12:13:59,869 - utils.folder_summarizer - WARNING - Could not analyze content of ./check_real_sensors.py: 'analyzed_files'
2025-05-29 12:13:59,872 - utils.folder_summarizer - WARNING - Could not analyze content of ./final_llm_integration_success_test.py: 'analyzed_files'
2025-05-29 12:13:59,873 - utils.folder_summarizer - WARNING - Could not analyze content of ./quick_streaming_test.py: 'analyzed_files'
2025-05-29 12:13:59,875 - utils.folder_summarizer - WARNING - Could not analyze content of ./debug_json_parsing.py: 'analyzed_files'
2025-05-29 12:13:59,877 - utils.folder_summarizer - WARNING - Could not analyze content of ./smart_element_detector.py: 'analyzed_files'
2025-05-29 12:13:59,878 - utils.folder_summarizer - WARNING - Could not analyze content of ./fix_automation_steps.py: 'analyzed_files'
2025-05-29 12:13:59,880 - utils.folder_summarizer - WARNING - Could not analyze content of ./test_visual_context_integration.py: 'analyzed_files'
2025-05-29 12:13:59,884 - utils.folder_summarizer - WARNING - Could not analyze content of ./bulletproof_enterprise_backend.py: 'analyzed_files'
2025-05-29 12:13:59,886 - utils.folder_summarizer - WARNING - Could not analyze content of ./MEMORY_LOCATIONS_SUMMARY.md: 'analyzed_files'
2025-05-29 12:13:59,888 - utils.folder_summarizer - WARNING - Could not analyze content of ./start_continuous_memory_feeding.sh: 'analyzed_files'
2025-05-29 12:13:59,890 - utils.folder_summarizer - WARNING - Could not analyze content of ./memory_status_report.py: 'analyzed_files'
2025-05-29 12:13:59,892 - utils.folder_summarizer - WARNING - Could not analyze content of ./test_agent_llm_fix.py: 'analyzed_files'
2025-05-29 12:13:59,896 - utils.folder_summarizer - WARNING - Could not analyze content of ./backend.log: 'analyzed_files'
2025-05-29 12:13:59,897 - utils.folder_summarizer - WARNING - Could not analyze content of ./debug_ui_workflow.py: 'analyzed_files'
2025-05-29 12:13:59,899 - utils.folder_summarizer - WARNING - Could not analyze content of ./START_AI_SYSTEM.sh: 'analyzed_files'
2025-05-29 12:13:59,901 - utils.folder_summarizer - WARNING - Could not analyze content of ./test_agent_confirmation_buttons.py: 'analyzed_files'
2025-05-29 12:13:59,905 - utils.folder_summarizer - WARNING - Could not analyze content of ./backend_debug_new.log: 'analyzed_files'
2025-05-29 12:13:59,909 - utils.folder_summarizer - WARNING - Could not analyze content of ./test_complete_agent_flow.py: 'analyzed_files'
2025-05-29 12:13:59,912 - utils.folder_summarizer - WARNING - Could not analyze content of ./START_ENHANCED_SYSTEM_WITH_UI_DETECTION.sh: 'analyzed_files'
2025-05-29 12:13:59,913 - utils.folder_summarizer - WARNING - Could not analyze content of ./quick_test.py: 'analyzed_files'
2025-05-29 12:13:59,916 - utils.folder_summarizer - WARNING - Could not analyze content of ./INTELLIGENT_WORKFLOW_IMPLEMENTATION_SUMMARY.md: 'analyzed_files'
2025-05-29 12:13:59,918 - utils.folder_summarizer - WARNING - Could not analyze content of ./SCREEN_SHARING_IMPLEMENTATION_COMPLETE.md: 'analyzed_files'
2025-05-29 12:13:59,921 - utils.folder_summarizer - WARNING - Could not analyze content of ./universal_smart_planner.py: 'analyzed_files'
2025-05-29 12:13:59,924 - utils.folder_summarizer - WARNING - Could not analyze content of ./test_fixed_message_flow.py: 'analyzed_files'
2025-05-29 12:13:59,926 - utils.folder_summarizer - WARNING - Could not analyze content of ./enhanced_data_source_workflows.py: 'analyzed_files'
2025-05-29 12:13:59,928 - utils.folder_summarizer - WARNING - Could not analyze content of ./ROBUST_SYSTEM_LAUNCHER.sh: 'analyzed_files'
2025-05-29 12:13:59,930 - utils.folder_summarizer - WARNING - Could not analyze content of ./test_llm_planning_direct.py: 'analyzed_files'
2025-05-29 12:13:59,932 - utils.folder_summarizer - WARNING - Could not analyze content of ./universal_deep_data_integration.py: 'analyzed_files'
2025-05-29 12:13:59,936 - utils.folder_summarizer - WARNING - Could not analyze content of ./screen_vision_analysis.json: 'analyzed_files'
2025-05-29 12:13:59,939 - utils.folder_summarizer - WARNING - Could not analyze content of ./application_integration_framework.py: 'analyzed_files'
2025-05-29 12:13:59,941 - utils.folder_summarizer - WARNING - Could not analyze content of ./accessibility_ui_detector.py: 'analyzed_files'
2025-05-29 12:13:59,942 - utils.folder_summarizer - WARNING - Could not analyze content of ./all_modes_test_results.json: 'analyzed_files'
2025-05-29 12:13:59,944 - utils.folder_summarizer - WARNING - Could not analyze content of ./debug_hanging_issue.py: 'analyzed_files'
2025-05-29 12:13:59,944 - utils.folder_summarizer - WARNING - Could not analyze content of ./test_planner_news.py: 'analyzed_files'
2025-05-29 12:13:59,945 - utils.folder_summarizer - WARNING - Could not analyze content of ./simple_test_complex_task.py: 'analyzed_files'
2025-05-29 12:13:59,948 - utils.folder_summarizer - WARNING - Could not analyze content of ./fixed_chat_test.py: 'analyzed_files'
2025-05-29 12:13:59,950 - utils.folder_summarizer - WARNING - Could not analyze content of ./system_integrated_monitor.py: 'analyzed_files'
2025-05-29 12:13:59,951 - utils.folder_summarizer - WARNING - Could not analyze content of ./start_simple_brain_router.sh: 'analyzed_files'
2025-05-29 12:13:59,953 - utils.folder_summarizer - WARNING - Could not analyze content of ./AGENT_MODE_FIXED.md: 'analyzed_files'
2025-05-29 12:13:59,955 - utils.folder_summarizer - WARNING - Could not analyze content of ./test_agent_mode_coordination.py: 'analyzed_files'
2025-05-29 12:13:59,957 - utils.folder_summarizer - WARNING - Could not analyze content of ./deep_dive_validator.py: 'analyzed_files'
2025-05-29 12:13:59,958 - utils.folder_summarizer - WARNING - Could not analyze content of ./simple_chat_test_results.json: 'analyzed_files'
2025-05-29 12:13:59,961 - utils.folder_summarizer - WARNING - Could not analyze content of ./install_ui_detection_requirements.sh: 'analyzed_files'
2025-05-29 12:13:59,962 - utils.folder_summarizer - WARNING - Could not analyze content of ./test_quick_youtube_automation.py: 'analyzed_files'
2025-05-29 12:13:59,963 - utils.folder_summarizer - WARNING - Could not analyze content of ./simple_connection_test.py: 'analyzed_files'
2025-05-29 12:13:59,965 - utils.folder_summarizer - WARNING - Could not analyze content of ./enhanced_enterprise_agent_system.py: 'analyzed_files'
2025-05-29 12:13:59,967 - utils.folder_summarizer - WARNING - Could not analyze content of ./test_fast_agent_mode.py: 'analyzed_files'
2025-05-29 12:13:59,969 - utils.folder_summarizer - WARNING - Could not analyze content of ./test_real_ai_response.py: 'analyzed_files'
2025-05-29 12:13:59,971 - utils.folder_summarizer - WARNING - Could not analyze content of ./compare_detection_methods.py: 'analyzed_files'
2025-05-29 12:13:59,973 - utils.folder_summarizer - WARNING - Could not analyze content of ./improve_visual_similarity_scores.py: 'analyzed_files'
2025-05-29 12:13:59,975 - utils.folder_summarizer - WARNING - Could not analyze content of ./enhanced_app_semantic_search.py: 'analyzed_files'
2025-05-29 12:13:59,976 - utils.folder_summarizer - WARNING - Could not analyze content of ./quick_llm_test.py: 'analyzed_files'
2025-05-29 12:13:59,979 - memory.enhanced_semantic_search - INFO - Added 100 items to vector index
2025-05-29 12:13:59,979 - utils.folder_summarizer - WARNING - Could not analyze content of ./enhanced_brain_router_with_full_automation.py: 'analyzed_files'
2025-05-29 12:13:59,981 - utils.folder_summarizer - WARNING - Could not analyze content of ./test_secured_realtime_system.py: 'analyzed_files'
2025-05-29 12:13:59,984 - utils.folder_summarizer - WARNING - Could not analyze content of ./advanced_ui_element_detector.py: 'analyzed_files'
2025-05-29 12:13:59,986 - utils.folder_summarizer - WARNING - Could not analyze content of ./real_memory_inspection.py: 'analyzed_files'
2025-05-29 12:13:59,987 - utils.folder_summarizer - WARNING - Could not analyze content of ./test_precise_on_youtube.py: 'analyzed_files'
2025-05-29 12:13:59,989 - utils.folder_summarizer - WARNING - Could not analyze content of ./debug_screen_sharing.py: 'analyzed_files'
2025-05-29 12:13:59,990 - utils.folder_summarizer - WARNING - Could not analyze content of ./STOP_FIXED_SYSTEM.sh: 'analyzed_files'
2025-05-29 12:13:59,992 - utils.folder_summarizer - WARNING - Could not analyze content of ./smart_coordinate_detector.py: 'analyzed_files'
2025-05-29 12:13:59,994 - utils.folder_summarizer - WARNING - Could not analyze content of ./test_enhanced_automation_planning.py: 'analyzed_files'
2025-05-29 12:13:59,996 - utils.folder_summarizer - WARNING - Could not analyze content of ./start_fixed_overlay.sh: 'analyzed_files'
2025-05-29 12:13:59,999 - utils.folder_summarizer - WARNING - Could not analyze content of ./enterprise_workflow_engine.py: 'analyzed_files'
2025-05-29 12:14:00,002 - utils.folder_summarizer - WARNING - Could not analyze content of ./teamviewer_ui_automation_system.py: 'analyzed_files'
2025-05-29 12:14:00,004 - utils.folder_summarizer - WARNING - Could not analyze content of ./START_CONTEXTUAL_SYSTEM.sh: 'analyzed_files'
2025-05-29 12:14:00,006 - utils.folder_summarizer - WARNING - Could not analyze content of ./test_google_search_workflow.py: 'analyzed_files'
2025-05-29 12:14:00,009 - utils.folder_summarizer - WARNING - Could not analyze content of ./comprehensive_memory_showcase.py: 'analyzed_files'
2025-05-29 12:14:00,012 - utils.folder_summarizer - WARNING - Could not analyze content of ./test_improved_planner_mailchimp.py: 'analyzed_files'
2025-05-29 12:14:00,013 - utils.folder_summarizer - WARNING - Could not analyze content of ./fixed_streaming_function.py: 'analyzed_files'
2025-05-29 12:14:00,015 - utils.folder_summarizer - WARNING - Could not analyze content of ./agent_mode_debug_report_1748492334.json: 'analyzed_files'
2025-05-29 12:14:00,018 - utils.folder_summarizer - WARNING - Could not analyze content of ./STOP_ENTERPRISE_SYSTEM.sh: 'analyzed_files'
2025-05-29 12:14:00,021 - utils.folder_summarizer - WARNING - Could not analyze content of ./test_frontend_compatibility.py: 'analyzed_files'
2025-05-29 12:14:00,022 - utils.folder_summarizer - WARNING - Could not analyze content of ./test_app_responses.py: 'analyzed_files'
2025-05-29 12:14:00,024 - utils.folder_summarizer - WARNING - Could not analyze content of ./list_stored_plans.py: 'analyzed_files'
2025-05-29 12:14:00,027 - utils.folder_summarizer - WARNING - Could not analyze content of ./streaming_chat_test_results.json: 'analyzed_files'
2025-05-29 12:14:00,031 - utils.folder_summarizer - WARNING - Could not analyze content of ./predictive_ui_state_model.py: 'analyzed_files'
2025-05-29 12:14:00,036 - utils.folder_summarizer - WARNING - Could not analyze content of ./plan_persistence.py: 'analyzed_files'
2025-05-29 12:14:00,039 - utils.folder_summarizer - WARNING - Could not analyze content of ./fix_step_by_step_youtube.py: 'analyzed_files'
2025-05-29 12:14:00,041 - utils.folder_summarizer - WARNING - Could not analyze content of ./requirements_enhanced_ui_detection.txt: 'analyzed_files'
2025-05-29 12:14:00,044 - utils.folder_summarizer - WARNING - Could not analyze content of ./detailed_memory_analysis.py: 'analyzed_files'
2025-05-29 12:14:00,078 - utils.folder_summarizer - WARNING - Could not analyze content of ./total_screen_analysis_20250522_151641.json: 'analyzed_files'
2025-05-29 12:14:00,080 - utils.folder_summarizer - WARNING - Could not analyze content of ./test_screen_sharing_fix.py: 'analyzed_files'
2025-05-29 12:14:00,082 - utils.folder_summarizer - WARNING - Could not analyze content of ./test_fast_system.py: 'analyzed_files'
2025-05-29 12:14:00,084 - utils.folder_summarizer - WARNING - Could not analyze content of ./check_running_apps.py: 'analyzed_files'
2025-05-29 12:14:00,087 - utils.folder_summarizer - WARNING - Could not analyze content of ./debug_websocket_traffic.py: 'analyzed_files'
2025-05-29 12:14:00,089 - utils.folder_summarizer - WARNING - Could not analyze content of ./enhanced_llm_automation_planner.py: 'analyzed_files'
2025-05-29 12:14:00,091 - utils.folder_summarizer - WARNING - Could not analyze content of ./test_youtube_plan_creation.py: 'analyzed_files'
2025-05-29 12:14:00,093 - utils.folder_summarizer - WARNING - Could not analyze content of ./test_real_agent_mode.py: 'analyzed_files'
2025-05-29 12:14:00,094 - utils.folder_summarizer - WARNING - Could not analyze content of ./test_real_ask_mode.py: 'analyzed_files'
2025-05-29 12:14:00,096 - utils.folder_summarizer - WARNING - Could not analyze content of ./test_complete_agent_workflow.py: 'analyzed_files'
2025-05-29 12:14:00,099 - utils.folder_summarizer - WARNING - Could not analyze content of ./TESTING_WORK_COMPLETE.md: 'analyzed_files'
2025-05-29 12:14:00,100 - utils.folder_summarizer - WARNING - Could not analyze content of ./debug_agent_response.py: 'analyzed_files'
2025-05-29 12:14:00,103 - utils.folder_summarizer - WARNING - Could not analyze content of ./accessibility_adapter.py: 'analyzed_files'
2025-05-29 12:14:00,106 - utils.folder_summarizer - WARNING - Could not analyze content of ./smart_fallback_automation_handler.py: 'analyzed_files'
2025-05-29 12:14:00,109 - utils.folder_summarizer - WARNING - Could not analyze content of ./test_agent_debug.py: 'analyzed_files'
2025-05-29 12:14:00,111 - utils.folder_summarizer - WARNING - Could not analyze content of ./test_agent_mode_fixed.py: 'analyzed_files'
2025-05-29 12:14:00,114 - utils.folder_summarizer - WARNING - Could not analyze content of ./intelligent_event_driven_system.py: 'analyzed_files'
2025-05-29 12:14:00,115 - utils.folder_summarizer - WARNING - Could not analyze content of ./clean_agent_test.py: 'analyzed_files'
2025-05-29 12:14:00,118 - utils.folder_summarizer - WARNING - Could not analyze content of ./llm_warmup_manager.py: 'analyzed_files'
2025-05-29 12:14:00,120 - utils.folder_summarizer - WARNING - Could not analyze content of ./professional_ui_detector.py: 'analyzed_files'
2025-05-29 12:14:00,122 - utils.folder_summarizer - WARNING - Could not analyze content of ./backend_interactive_buttons.log: 'analyzed_files'
2025-05-29 12:14:00,123 - utils.folder_summarizer - WARNING - Could not analyze content of ./test_simple_message.py: 'analyzed_files'
2025-05-29 12:14:00,126 - utils.folder_summarizer - WARNING - Could not analyze content of ./browser_api_integration.py: 'analyzed_files'
2025-05-29 12:14:00,128 - utils.folder_summarizer - WARNING - Could not analyze content of ./test_agent_mode_working.py: 'analyzed_files'
2025-05-29 12:14:00,130 - utils.folder_summarizer - WARNING - Could not analyze content of ./interactive_approval_client.py: 'analyzed_files'
2025-05-29 12:14:00,132 - utils.folder_summarizer - WARNING - Could not analyze content of ./simple_agent_test.py: 'analyzed_files'
2025-05-29 12:14:00,134 - utils.folder_summarizer - WARNING - Could not analyze content of ./simple_screen_test.py: 'analyzed_files'
2025-05-29 12:14:00,136 - utils.folder_summarizer - WARNING - Could not analyze content of ./test_contextual_responses_final.py: 'analyzed_files'
2025-05-29 12:14:00,138 - utils.folder_summarizer - WARNING - Could not analyze content of ./test_button_action_fix.py: 'analyzed_files'
2025-05-29 12:14:00,141 - utils.folder_summarizer - WARNING - Could not analyze content of ./visual_data_extraction_system.py: 'analyzed_files'
2025-05-29 12:14:00,143 - utils.folder_summarizer - WARNING - Could not analyze content of ./test_enhanced_automation_fix.py: 'analyzed_files'
2025-05-29 12:14:00,143 - utils.folder_summarizer - WARNING - Could not analyze content of ./test_improved_detection.py: 'analyzed_files'
2025-05-29 12:14:00,145 - utils.folder_summarizer - WARNING - Could not analyze content of ./test_agent_confirmation_workflow.py: 'analyzed_files'
2025-05-29 12:14:00,146 - utils.folder_summarizer - WARNING - Could not analyze content of ./test_real_backend.py: 'analyzed_files'
2025-05-29 12:14:00,148 - utils.folder_summarizer - WARNING - Could not analyze content of ./backend_startup_new.log: 'analyzed_files'
2025-05-29 12:14:00,151 - utils.folder_summarizer - WARNING - Could not analyze content of ./fix_performance_hanging_issue.py: 'analyzed_files'
2025-05-29 12:14:00,154 - utils.folder_summarizer - WARNING - Could not analyze content of ./universal_screen_detector.py: 'analyzed_files'
2025-05-29 12:14:00,157 - utils.folder_summarizer - WARNING - Could not analyze content of ./search_memory_ui_insights.py: 'analyzed_files'
2025-05-29 12:14:00,159 - utils.folder_summarizer - WARNING - Could not analyze content of ./test_integrated_brain_router.py: 'analyzed_files'
2025-05-29 12:14:00,164 - utils.folder_summarizer - WARNING - Could not analyze content of ./enhanced_complex_task_handler.py: 'analyzed_files'
2025-05-29 12:14:00,166 - utils.folder_summarizer - WARNING - Could not analyze content of ./llm_diagnostic_results.json: 'analyzed_files'
2025-05-29 12:14:00,169 - utils.folder_summarizer - WARNING - Could not analyze content of ./START_ENHANCED_ENTERPRISE_SYSTEM.sh: 'analyzed_files'
2025-05-29 12:14:00,170 - utils.folder_summarizer - WARNING - Could not analyze content of ./test_intelligent_planner_debug.py: 'analyzed_files'
2025-05-29 12:14:00,172 - utils.folder_summarizer - WARNING - Could not analyze content of ./test_response_2.json: 'analyzed_files'
2025-05-29 12:14:00,172 - utils.folder_summarizer - WARNING - Could not analyze content of ./patch_semantic_search.py: 'analyzed_files'
2025-05-29 12:14:00,176 - utils.folder_summarizer - WARNING - Could not analyze content of ./universal_task_loop_controller.py: 'analyzed_files'
2025-05-29 12:14:00,178 - utils.folder_summarizer - WARNING - Could not analyze content of ./debug_element_detection.py: 'analyzed_files'
2025-05-29 12:14:00,180 - utils.folder_summarizer - WARNING - Could not analyze content of ./test_interactive_approval.py: 'analyzed_files'
2025-05-29 12:14:00,182 - utils.folder_summarizer - WARNING - Could not analyze content of ./test_agent_ui_execution.py: 'analyzed_files'
2025-05-29 12:14:00,185 - utils.folder_summarizer - WARNING - Could not analyze content of ./AGENT_MODE_COMPREHENSIVE_FIX_SUMMARY.md: 'analyzed_files'
2025-05-29 12:14:00,188 - utils.folder_summarizer - WARNING - Could not analyze content of ./secure_local_realtime_vision.py: 'analyzed_files'
2025-05-29 12:14:00,191 - utils.folder_summarizer - WARNING - Could not analyze content of ./gap_analysis_and_fix.py: 'analyzed_files'
2025-05-29 12:14:00,193 - utils.folder_summarizer - WARNING - Could not analyze content of ./test_direct_llm_integration.py: 'analyzed_files'
2025-05-29 12:14:00,194 - utils.folder_summarizer - WARNING - Could not analyze content of ./test_agent_response_wait.py: 'analyzed_files'
2025-05-29 12:14:00,196 - utils.folder_summarizer - WARNING - Could not analyze content of ./quick_llm_speed_fix.py: 'analyzed_files'
2025-05-29 12:14:00,197 - utils.folder_summarizer - WARNING - Could not analyze content of ./visual_step_announcer.py: 'analyzed_files'
2025-05-29 12:14:00,200 - utils.folder_summarizer - WARNING - Could not analyze content of ./backend_debug.log: 'analyzed_files'
2025-05-29 12:14:00,202 - utils.folder_summarizer - WARNING - Could not analyze content of ./LLM_INTEGRATION_SUCCESS_REPORT.md: 'analyzed_files'
2025-05-29 12:14:00,205 - utils.folder_summarizer - WARNING - Could not analyze content of ./simple_working_backend.py: 'analyzed_files'
2025-05-29 12:14:00,209 - utils.folder_summarizer - WARNING - Could not analyze content of ./test_llm_initialization_fix.py: 'analyzed_files'
2025-05-29 12:14:00,212 - utils.folder_summarizer - WARNING - Could not analyze content of ./enhanced_enterprise_backend_with_efficient_integration.py: 'analyzed_files'
2025-05-29 12:14:00,214 - utils.folder_summarizer - WARNING - Could not analyze content of ./clear_and_restart_memory_system.py: 'analyzed_files'
2025-05-29 12:14:00,217 - utils.folder_summarizer - WARNING - Could not analyze content of ./real_llm_backend_8767.py: 'analyzed_files'
2025-05-29 12:14:00,219 - utils.folder_summarizer - WARNING - Could not analyze content of ./test_agent_mode_buttons.py: 'analyzed_files'
2025-05-29 12:14:00,221 - utils.folder_summarizer - WARNING - Could not analyze content of ./ai_visual_element_detector.py: 'analyzed_files'
2025-05-29 12:14:00,224 - utils.folder_summarizer - WARNING - Could not analyze content of ./continuous_sensor_system.py: 'analyzed_files'
2025-05-29 12:14:00,225 - utils.folder_summarizer - WARNING - Could not analyze content of ./test_fixed_backend_visual_integration.py: 'analyzed_files'
2025-05-29 12:14:00,228 - utils.folder_summarizer - WARNING - Could not analyze content of ./deep_dive_mode_tester.py: 'analyzed_files'
2025-05-29 12:14:00,231 - utils.folder_summarizer - WARNING - Could not analyze content of ./fix_ask_mode_real_memory_integration.py: 'analyzed_files'
2025-05-29 12:14:00,236 - utils.folder_summarizer - WARNING - Could not analyze content of ./enhanced_enterprise_backend.py: 'analyzed_files'
2025-05-29 12:14:00,240 - utils.folder_summarizer - WARNING - Could not analyze content of ./enterprise_agent_reflection.py: 'analyzed_files'
2025-05-29 12:14:00,243 - utils.folder_summarizer - WARNING - Could not analyze content of ./test_real_agent_execution.py: 'analyzed_files'
2025-05-29 12:14:00,248 - memory.enhanced_semantic_search - INFO - Added 200 items to vector index
2025-05-29 12:14:00,248 - utils.folder_summarizer - WARNING - Could not analyze content of ./enhanced_agent_automation.py: 'analyzed_files'
2025-05-29 12:14:00,250 - utils.folder_summarizer - WARNING - Could not analyze content of ./START_SYSTEM.sh: 'analyzed_files'
2025-05-29 12:14:00,253 - utils.folder_summarizer - WARNING - Could not analyze content of ./simple_chat_mode_test.py: 'analyzed_files'
2025-05-29 12:14:00,255 - utils.folder_summarizer - WARNING - Could not analyze content of ./test_all_modes_real_llm.py: 'analyzed_files'
2025-05-29 12:14:00,259 - utils.folder_summarizer - WARNING - Could not analyze content of ./view_memory_insights.py: 'analyzed_files'
2025-05-29 12:14:00,260 - utils.folder_summarizer - WARNING - Could not analyze content of ./debug_professional_ui.py: 'analyzed_files'
2025-05-29 12:14:00,262 - utils.folder_summarizer - WARNING - Could not analyze content of ./test_ui_detection.py: 'analyzed_files'
2025-05-29 12:14:00,264 - utils.folder_summarizer - WARNING - Could not analyze content of ./fix_llm_performance_bottlenecks.py: 'analyzed_files'
2025-05-29 12:14:00,269 - utils.folder_summarizer - WARNING - Could not analyze content of ./fast_universal_automation_handler.py: 'analyzed_files'
2025-05-29 12:14:00,270 - utils.folder_summarizer - WARNING - Could not analyze content of ./test_response_3.json: 'analyzed_files'
2025-05-29 12:14:00,272 - utils.folder_summarizer - WARNING - Could not analyze content of ./COMPLETE_SYSTEM_READY.md: 'analyzed_files'
2025-05-29 12:14:00,275 - utils.folder_summarizer - WARNING - Could not analyze content of ./test_streaming_responses.py: 'analyzed_files'
2025-05-29 12:14:00,277 - utils.folder_summarizer - WARNING - Could not analyze content of ./test_breakthrough_understanding.py: 'analyzed_files'
2025-05-29 12:14:00,282 - utils.folder_summarizer - WARNING - Could not analyze content of ./backend_with_automation.log: 'analyzed_files'
2025-05-29 12:14:00,285 - utils.folder_summarizer - WARNING - Could not analyze content of ./test_execution_flow.py: 'analyzed_files'
2025-05-29 12:14:00,289 - utils.folder_summarizer - WARNING - Could not analyze content of ./fix_memory_search_integration.py: 'analyzed_files'
2025-05-29 12:14:00,290 - utils.folder_summarizer - WARNING - Could not analyze content of ./stop_simple_brain_router.sh: 'analyzed_files'
2025-05-29 12:14:00,292 - utils.folder_summarizer - WARNING - Could not analyze content of ./open_safari.py: 'analyzed_files'
2025-05-29 12:14:00,293 - utils.folder_summarizer - WARNING - Could not analyze content of ./test_all_messages.py: 'analyzed_files'
2025-05-29 12:14:00,294 - utils.folder_summarizer - WARNING - Could not analyze content of ./RESTART_FIXED_SYSTEM.sh: 'analyzed_files'
2025-05-29 12:14:00,296 - utils.folder_summarizer - WARNING - Could not analyze content of ./working_streaming_backend.py: 'analyzed_files'
2025-05-29 12:14:00,299 - utils.folder_summarizer - WARNING - Could not analyze content of ./README_FOLDER_READER.md: 'analyzed_files'
2025-05-29 12:14:00,301 - utils.folder_summarizer - WARNING - Could not analyze content of ./test_professional_agent_system.py: 'analyzed_files'
2025-05-29 12:14:00,304 - utils.folder_summarizer - WARNING - Could not analyze content of ./intent_classifier.py: 'analyzed_files'
2025-05-29 12:14:00,307 - utils.folder_summarizer - WARNING - Could not analyze content of ./memory_intelligence_report.py: 'analyzed_files'
2025-05-29 12:14:00,309 - utils.folder_summarizer - WARNING - Could not analyze content of ./test_input_permissions.py: 'analyzed_files'
2025-05-29 12:14:00,312 - utils.folder_summarizer - WARNING - Could not analyze content of ./accurate_screen_detector.py: 'analyzed_files'
2025-05-29 12:14:00,314 - utils.folder_summarizer - WARNING - Could not analyze content of ./test_all_modes_final.py: 'analyzed_files'
2025-05-29 12:14:00,316 - utils.folder_summarizer - WARNING - Could not analyze content of ./UI_DETECTION_EXPLAINED.md: 'analyzed_files'
2025-05-29 12:14:00,319 - utils.folder_summarizer - WARNING - Could not analyze content of ./ENHANCED_APP_SEMANTIC_SEARCH_INTEGRATION_SUMMARY.md: 'analyzed_files'
2025-05-29 12:14:00,320 - utils.folder_summarizer - WARNING - Could not analyze content of ./llm_request_queue.py: 'analyzed_files'
2025-05-29 12:14:00,322 - utils.folder_summarizer - WARNING - Could not analyze content of ./test_execution_debug.py: 'analyzed_files'
2025-05-29 12:14:00,323 - utils.folder_summarizer - WARNING - Could not analyze content of ./test_agent_mode_direct.py: 'analyzed_files'
2025-05-29 12:14:00,325 - utils.folder_summarizer - WARNING - Could not analyze content of ./test_your_exact_case.py: 'analyzed_files'
2025-05-29 12:14:00,329 - utils.folder_summarizer - WARNING - Could not analyze content of ./enhanced_ui_detection_system.py: 'analyzed_files'
2025-05-29 12:14:00,331 - utils.folder_summarizer - WARNING - Could not analyze content of ./integrate_realtime_vision_with_backend.py: 'analyzed_files'
2025-05-29 12:14:00,332 - utils.folder_summarizer - WARNING - Could not analyze content of ./test_register.py: 'analyzed_files'
2025-05-29 12:14:00,335 - utils.folder_summarizer - WARNING - Could not analyze content of ./test_enhanced_enterprise_system.py: 'analyzed_files'
2025-05-29 12:14:00,337 - utils.folder_summarizer - WARNING - Could not analyze content of ./test_contextual_system.py: 'analyzed_files'
2025-05-29 12:14:00,338 - utils.folder_summarizer - WARNING - Could not analyze content of ./test_pc_query.py: 'analyzed_files'
2025-05-29 12:14:00,341 - utils.folder_summarizer - WARNING - Could not analyze content of ./test_professional_ui_system.py: 'analyzed_files'
2025-05-29 12:14:00,342 - utils.folder_summarizer - WARNING - Could not analyze content of ./test_agent_execution.py: 'analyzed_files'
2025-05-29 12:14:00,344 - utils.folder_summarizer - WARNING - Could not analyze content of ./enterprise_client_example_fixed.py: 'analyzed_files'
2025-05-29 12:14:00,345 - utils.folder_summarizer - WARNING - Could not analyze content of ./test_overlay_fix.py: 'analyzed_files'
2025-05-29 12:14:00,350 - utils.folder_summarizer - WARNING - Could not analyze content of ./real_agent_automation_handler.py: 'analyzed_files'
2025-05-29 12:14:00,352 - utils.folder_summarizer - WARNING - Could not analyze content of ./test_enhanced_memory_integration.py: 'analyzed_files'
2025-05-29 12:14:00,354 - utils.folder_summarizer - WARNING - Could not analyze content of ./fix_contextual_backend_error.py: 'analyzed_files'
2025-05-29 12:14:00,356 - utils.folder_summarizer - WARNING - Could not analyze content of ./test_enhanced_ui_detection.py: 'analyzed_files'
2025-05-29 12:14:00,360 - utils.folder_summarizer - WARNING - Could not analyze content of ./test_realtime_teamviewer_system.py: 'analyzed_files'
2025-05-29 12:14:00,361 - utils.folder_summarizer - WARNING - Could not analyze content of ./STOP_ENHANCED_SYSTEM.sh: 'analyzed_files'
2025-05-29 12:14:00,363 - utils.folder_summarizer - WARNING - Could not analyze content of ./debug_mode_responses.py: 'analyzed_files'
2025-05-29 12:14:00,365 - utils.folder_summarizer - WARNING - Could not analyze content of ./test_fixed_ui_workflow.py: 'analyzed_files'
2025-05-29 12:14:00,369 - utils.folder_summarizer - WARNING - Could not analyze content of ./complete_ui_understanding_system.py: 'analyzed_files'
2025-05-29 12:14:00,373 - utils.folder_summarizer - WARNING - Could not analyze content of ./final_performance_validation.py: 'analyzed_files'
2025-05-29 12:14:00,375 - utils.folder_summarizer - WARNING - Could not analyze content of ./enhanced_meaningful_memory_feeder.py: 'analyzed_files'
2025-05-29 12:14:00,378 - utils.folder_summarizer - WARNING - Could not analyze content of ./STOP_ENTERPRISE_SYSTEM_FIXED.sh: 'analyzed_files'
2025-05-29 12:14:00,379 - utils.folder_summarizer - WARNING - Could not analyze content of ./test_google_specifically.py: 'analyzed_files'
2025-05-29 12:14:00,382 - utils.folder_summarizer - WARNING - Could not analyze content of ./ui_element_detector.py: 'analyzed_files'
2025-05-29 12:14:00,383 - utils.folder_summarizer - WARNING - Could not analyze content of ./test_memory_search_quick.py: 'analyzed_files'
2025-05-29 12:14:00,388 - utils.folder_summarizer - WARNING - Could not analyze content of ./web_coordination_test.html: 'analyzed_files'
2025-05-29 12:14:00,390 - utils.folder_summarizer - WARNING - Could not analyze content of ./COMPREHENSIVE_TEST_SYSTEM.md: 'analyzed_files'
2025-05-29 12:14:00,398 - utils.folder_summarizer - WARNING - Could not analyze content of ./enhanced_enterprise_backend_with_context.py: 'analyzed_files'
2025-05-29 12:14:00,402 - utils.folder_summarizer - WARNING - Could not analyze content of ./test_webpage.html: 'analyzed_files'
2025-05-29 12:14:00,404 - utils.folder_summarizer - WARNING - Could not analyze content of ./chat_modes_test_results_llama1b.json: 'analyzed_files'
2025-05-29 12:14:00,407 - utils.folder_summarizer - WARNING - Could not analyze content of ./enhanced_memory_with_deep_ui.py: 'analyzed_files'
2025-05-29 12:14:00,409 - utils.folder_summarizer - WARNING - Could not analyze content of ./comprehensive_visual_memory_feeder.py: 'analyzed_files'
2025-05-29 12:14:00,411 - utils.folder_summarizer - WARNING - Could not analyze content of ./COMPLEX_TASK_CAPABILITIES.md: 'analyzed_files'
2025-05-29 12:14:00,424 - utils.folder_summarizer - WARNING - Could not analyze content of ./startup_output.log: 'analyzed_files'
2025-05-29 12:14:00,426 - utils.folder_summarizer - WARNING - Could not analyze content of ./enterprise_task_planner.py: 'analyzed_files'
2025-05-29 12:14:00,428 - utils.folder_summarizer - WARNING - Could not analyze content of ./test_enhanced_automation_quick.py: 'analyzed_files'
2025-05-29 12:14:00,430 - utils.folder_summarizer - WARNING - Could not analyze content of ./test_bulletproof_integration.py: 'analyzed_files'
2025-05-29 12:14:00,432 - utils.folder_summarizer - WARNING - Could not analyze content of ./test_universal_llm_planner.py: 'analyzed_files'
2025-05-29 12:14:00,434 - utils.folder_summarizer - WARNING - Could not analyze content of ./test_enhanced_llm_planner.py: 'analyzed_files'
2025-05-29 12:14:00,437 - utils.folder_summarizer - WARNING - Could not analyze content of ./enterprise_backend_8767_with_fixed_visual_memory.py: 'analyzed_files'
2025-05-29 12:14:00,440 - utils.folder_summarizer - WARNING - Could not analyze content of ./OVERLAY_AGENTMODE_TEST_RESULTS.md: 'analyzed_files'
2025-05-29 12:14:00,442 - utils.folder_summarizer - WARNING - Could not analyze content of ./smart_progressive_backend_8765.py: 'analyzed_files'
2025-05-29 12:14:00,444 - utils.folder_summarizer - WARNING - Could not analyze content of ./FINAL_ENTERPRISE_STARTUP.sh: 'analyzed_files'
2025-05-29 12:14:00,446 - utils.folder_summarizer - WARNING - Could not analyze content of ./open_youtube_search_segev.py: 'analyzed_files'
2025-05-29 12:14:00,449 - utils.folder_summarizer - WARNING - Could not analyze content of ./hybrid_ui_element_detector.py: 'analyzed_files'
2025-05-29 12:14:00,451 - utils.folder_summarizer - WARNING - Could not analyze content of ./test_enhanced_app_search_integration.py: 'analyzed_files'
2025-05-29 12:14:00,455 - utils.folder_summarizer - WARNING - Could not analyze content of ./enhanced_brain_router_with_full_automation.py.backup: 'analyzed_files'
2025-05-29 12:14:00,458 - utils.folder_summarizer - WARNING - Could not analyze content of ./fast_llama_config.modelfile: 'analyzed_files'
2025-05-29 12:14:00,460 - utils.folder_summarizer - WARNING - Could not analyze content of ./test_backend_identity.py: 'analyzed_files'
2025-05-29 12:14:00,463 - utils.folder_summarizer - WARNING - Could not analyze content of ./enhanced_client_simulation.py: 'analyzed_files'
2025-05-29 12:14:00,466 - utils.folder_summarizer - WARNING - Could not analyze content of ./comprehensive_agent_mode_test.py: 'analyzed_files'
2025-05-29 12:14:00,467 - utils.folder_summarizer - WARNING - Could not analyze content of ./test_chat_flow_debug.py: 'analyzed_files'
2025-05-29 12:14:00,469 - utils.folder_summarizer - WARNING - Could not analyze content of ./test_ollama_streaming.py: 'analyzed_files'
2025-05-29 12:14:00,470 - utils.folder_summarizer - WARNING - Could not analyze content of ./test_agent_interactive_buttons.py: 'analyzed_files'
2025-05-29 12:14:00,473 - utils.folder_summarizer - WARNING - Could not analyze content of ./fix_corrupted_embeddings.py: 'analyzed_files'
2025-05-29 12:14:00,475 - utils.folder_summarizer - WARNING - Could not analyze content of ./test_screen_sharing.html: 'analyzed_files'
2025-05-29 12:14:00,477 - utils.folder_summarizer - WARNING - Could not analyze content of ./CONTEXTUAL_BACKEND_FIX_COMPLETE.md: 'analyzed_files'
2025-05-29 12:14:00,480 - utils.folder_summarizer - WARNING - Could not analyze content of ./intelligent_ui_system.py: 'analyzed_files'
2025-05-29 12:14:00,482 - utils.folder_summarizer - WARNING - Could not analyze content of ./track_message_performance.py: 'analyzed_files'
2025-05-29 12:14:00,484 - utils.folder_summarizer - WARNING - Could not analyze content of ./test_llm_service_speed.py: 'analyzed_files'
2025-05-29 12:14:00,486 - utils.folder_summarizer - WARNING - Could not analyze content of ./STOP_AI_SYSTEM.sh: 'analyzed_files'
2025-05-29 12:14:00,488 - utils.folder_summarizer - WARNING - Could not analyze content of ./PLAN_PERSISTENCE_README.md: 'analyzed_files'
2025-05-29 12:14:00,490 - utils.folder_summarizer - WARNING - Could not analyze content of ./test_memory_fixes.py: 'analyzed_files'
2025-05-29 12:14:00,493 - utils.folder_summarizer - WARNING - Could not analyze content of ./demo_ai_system.py: 'analyzed_files'
2025-05-29 12:14:00,495 - utils.folder_summarizer - WARNING - Could not analyze content of ./comprehensive_performance_test.py: 'analyzed_files'
2025-05-29 12:14:00,496 - utils.folder_summarizer - WARNING - Could not analyze content of ./test_agent_mode_execution.py: 'analyzed_files'
2025-05-29 12:14:00,498 - memory.enhanced_semantic_search - INFO - Added 300 items to vector index
2025-05-29 12:14:00,498 - utils.folder_summarizer - WARNING - Could not analyze content of ./MEMORY_FEEDING_SUCCESS_SUMMARY.md: 'analyzed_files'
2025-05-29 12:14:00,501 - utils.folder_summarizer - WARNING - Could not analyze content of ./last_context.json: 'analyzed_files'
2025-05-29 12:14:00,503 - utils.folder_summarizer - WARNING - Could not analyze content of ./verify_original_issue_fixed.py: 'analyzed_files'
2025-05-29 12:14:00,505 - utils.folder_summarizer - WARNING - Could not analyze content of ./backend_test.log: 'analyzed_files'
2025-05-29 12:14:00,510 - utils.folder_summarizer - WARNING - Could not analyze content of ./ui_automation_engine.py: 'analyzed_files'
2025-05-29 12:14:00,513 - utils.folder_summarizer - WARNING - Could not analyze content of ./diagnose_llm_slowness.py: 'analyzed_files'
2025-05-29 12:14:00,513 - utils.folder_summarizer - WARNING - Could not analyze content of ./.gitignore: 'analyzed_files'
2025-05-29 12:14:00,516 - utils.folder_summarizer - WARNING - Could not analyze content of ./final_visual_memory_integration_test.py: 'analyzed_files'
2025-05-29 12:14:00,518 - utils.folder_summarizer - WARNING - Could not analyze content of ./fixed_meaningful_memory_feeder.py: 'analyzed_files'
2025-05-29 12:14:00,521 - utils.folder_summarizer - WARNING - Could not analyze content of ./quick_detailed_automation_planner.py: 'analyzed_files'
2025-05-29 12:14:00,524 - utils.folder_summarizer - WARNING - Could not analyze content of ./test_teamviewer_ui_integration.py: 'analyzed_files'
2025-05-29 12:14:00,526 - utils.folder_summarizer - WARNING - Could not analyze content of ./test_performance_optimization.py: 'analyzed_files'
2025-05-29 12:14:00,528 - utils.folder_summarizer - WARNING - Could not analyze content of ./demo_interactive_agent.py: 'analyzed_files'
2025-05-29 12:14:00,530 - utils.folder_summarizer - WARNING - Could not analyze content of ./test_enhanced_backend_comparison.py: 'analyzed_files'
2025-05-29 12:14:00,532 - utils.folder_summarizer - WARNING - Could not analyze content of ./AGENT_MODE_FIX_COMPLETE.md: 'analyzed_files'
2025-05-29 12:14:00,535 - utils.folder_summarizer - WARNING - Could not analyze content of ./coordination_validation_test.py: 'analyzed_files'
2025-05-29 12:14:00,536 - utils.folder_summarizer - WARNING - Could not analyze content of ./assistant_folder_reader.py: 'analyzed_files'
2025-05-29 12:14:00,538 - utils.folder_summarizer - WARNING - Could not analyze content of ./test_with_longer_timeout.py: 'analyzed_files'
2025-05-29 12:14:00,540 - utils.folder_summarizer - WARNING - Could not analyze content of ./MESSAGE_FLOW_ANALYSIS_REPORT.md: 'analyzed_files'
2025-05-29 12:14:00,542 - utils.folder_summarizer - WARNING - Could not analyze content of ./COMPREHENSIVE_SYSTEM_EVALUATION_REPORT.md: 'analyzed_files'
2025-05-29 12:14:00,544 - utils.folder_summarizer - WARNING - Could not analyze content of ./fix_agent_mode_automation.py: 'analyzed_files'
2025-05-29 12:14:00,547 - utils.folder_summarizer - WARNING - Could not analyze content of ./fix_real_responses.py: 'analyzed_files'
2025-05-29 12:14:00,549 - utils.folder_summarizer - WARNING - Could not analyze content of ./test_improved_agent_automation.py: 'analyzed_files'
2025-05-29 12:14:00,552 - utils.folder_summarizer - WARNING - Could not analyze content of ./enhanced_brain_router_fast_mode.py: 'analyzed_files'
2025-05-29 12:14:00,554 - utils.folder_summarizer - WARNING - Could not analyze content of ./test_user_experience.py: 'analyzed_files'
2025-05-29 12:14:00,555 - utils.folder_summarizer - WARNING - Could not analyze content of ./test_response_1.json: 'analyzed_files'
2025-05-29 12:14:00,557 - utils.folder_summarizer - WARNING - Could not analyze content of ./memory_content_and_search_demo.py: 'analyzed_files'
2025-05-29 12:14:00,558 - utils.folder_summarizer - WARNING - Could not analyze content of ./start_teamviewer_ui_test.sh: 'analyzed_files'
2025-05-29 12:14:00,561 - utils.folder_summarizer - WARNING - Could not analyze content of ./backend_test_new.log: 'analyzed_files'
2025-05-29 12:14:00,562 - utils.folder_summarizer - WARNING - Could not analyze content of ./backend_full_automation.log: 'analyzed_files'
2025-05-29 12:14:00,564 - utils.folder_summarizer - WARNING - Could not analyze content of ./test_backend_message_flow.py: 'analyzed_files'
2025-05-29 12:14:00,565 - utils.folder_summarizer - WARNING - Could not analyze content of ./test_enhanced_backend_complex_task.py: 'analyzed_files'
2025-05-29 12:14:00,568 - utils.folder_summarizer - WARNING - Could not analyze content of ./enterprise_backend_8767.py: 'analyzed_files'
2025-05-29 12:14:00,570 - utils.folder_summarizer - WARNING - Could not analyze content of ./test_llm_working_confirmation.py: 'analyzed_files'
2025-05-29 12:14:00,571 - utils.folder_summarizer - WARNING - Could not analyze content of ./test_agent_quick.py: 'analyzed_files'
2025-05-29 12:14:00,574 - utils.folder_summarizer - WARNING - Could not analyze content of ./deep_dive_analysis_engine.py: 'analyzed_files'
2025-05-29 12:14:00,577 - utils.folder_summarizer - WARNING - Could not analyze content of ./test_progressive_system.py: 'analyzed_files'
2025-05-29 12:14:00,579 - utils.folder_summarizer - WARNING - Could not analyze content of ./AGENT_MODE_LLM_FIX_SUMMARY.md: 'analyzed_files'
2025-05-29 12:14:00,581 - utils.folder_summarizer - WARNING - Could not analyze content of ./test_streaming_chat_modes.py: 'analyzed_files'
2025-05-29 12:14:00,582 - utils.folder_summarizer - WARNING - Could not analyze content of ./test_simple_agent_response.py: 'analyzed_files'
2025-05-29 12:14:00,584 - utils.folder_summarizer - WARNING - Could not analyze content of ./test_automation_handler_debug.py: 'analyzed_files'
2025-05-29 12:14:00,586 - utils.folder_summarizer - WARNING - Could not analyze content of ./final_navigation_verification.py: 'analyzed_files'
2025-05-29 12:14:00,588 - utils.folder_summarizer - WARNING - Could not analyze content of ./test_missing_steps_fix.py: 'analyzed_files'
2025-05-29 12:14:00,590 - utils.folder_summarizer - WARNING - Could not analyze content of ./direct_youtube_automation.py: 'analyzed_files'
2025-05-29 12:14:00,591 - utils.folder_summarizer - WARNING - Could not analyze content of ./debug_screen_capture.py: 'analyzed_files'
2025-05-29 12:14:00,593 - utils.folder_summarizer - WARNING - Could not analyze content of ./smart_memory_feeder.py: 'analyzed_files'
2025-05-29 12:14:00,597 - utils.folder_summarizer - WARNING - Could not analyze content of ./universal_intelligent_automation_handler.py: 'analyzed_files'
2025-05-29 12:14:00,598 - utils.folder_summarizer - WARNING - Could not analyze content of ./debug_agent_mode_condition.py: 'analyzed_files'
2025-05-29 12:14:00,600 - utils.folder_summarizer - WARNING - Could not analyze content of ./AGENT_MODE_ACTION_EXECUTION_FIX.md: 'analyzed_files'
2025-05-29 12:14:00,602 - utils.folder_summarizer - WARNING - Could not analyze content of ./updated_ws_test.py: 'analyzed_files'
2025-05-29 12:14:00,604 - utils.folder_summarizer - WARNING - Could not analyze content of ./test_enhanced_semantic_search.py: 'analyzed_files'
2025-05-29 12:14:00,606 - utils.folder_summarizer - WARNING - Could not analyze content of ./test_intent_classification_fix.py: 'analyzed_files'
2025-05-29 12:14:00,609 - utils.folder_summarizer - WARNING - Could not analyze content of ./STARTUP_SCRIPT_IMPROVEMENTS.md: 'analyzed_files'
2025-05-29 12:14:00,610 - utils.folder_summarizer - WARNING - Could not analyze content of ./test_chat_request.py: 'analyzed_files'
2025-05-29 12:14:00,611 - utils.folder_summarizer - WARNING - Could not analyze content of ./test_ask_mode.py: 'analyzed_files'
2025-05-29 12:14:00,613 - utils.folder_summarizer - WARNING - Could not analyze content of ./README_INTELLIGENT_UI_SYSTEM.md: 'analyzed_files'
2025-05-29 12:14:00,615 - utils.folder_summarizer - WARNING - Could not analyze content of ./test_all_chat_modes_llama1b.py: 'analyzed_files'
2025-05-29 12:14:00,617 - utils.folder_summarizer - WARNING - Could not analyze content of ./test_navigation_fix.py: 'analyzed_files'
2025-05-29 12:14:00,619 - utils.folder_summarizer - WARNING - Could not analyze content of ./test_backend_integration.py: 'analyzed_files'
2025-05-29 12:14:00,621 - utils.folder_summarizer - WARNING - Could not analyze content of ./test_complex_ui_demo.py: 'analyzed_files'
2025-05-29 12:14:00,623 - utils.folder_summarizer - WARNING - Could not analyze content of ./test_agent_fix_validation.py: 'analyzed_files'
2025-05-29 12:14:00,623 - utils.folder_summarizer - WARNING - Could not analyze content of ./.enterprise_system_info: 'analyzed_files'
2025-05-29 12:14:00,625 - utils.folder_summarizer - WARNING - Could not analyze content of ./test_complex_automation.py: 'analyzed_files'
2025-05-29 12:14:00,626 - utils.folder_summarizer - WARNING - Could not analyze content of ./test_direct_websocket.py: 'analyzed_files'
2025-05-29 12:14:00,628 - utils.folder_summarizer - WARNING - Could not analyze content of ./test_screen_sharing_integration.py: 'analyzed_files'
2025-05-29 12:14:00,629 - utils.folder_summarizer - WARNING - Could not analyze content of ./stop_brain_router_system.sh: 'analyzed_files'
2025-05-29 12:14:00,631 - utils.folder_summarizer - WARNING - Could not analyze content of ./quick_coordination_test.py: 'analyzed_files'
2025-05-29 12:14:00,632 - utils.folder_summarizer - WARNING - Could not analyze content of ./test_websocket_server.py: 'analyzed_files'
2025-05-29 12:14:00,634 - utils.folder_summarizer - WARNING - Could not analyze content of ./memory_demo_final.py: 'analyzed_files'
2025-05-29 12:14:00,637 - utils.folder_summarizer - WARNING - Could not analyze content of ./intelligent_app_detection_system.py: 'analyzed_files'
2025-05-29 12:14:00,640 - utils.folder_summarizer - WARNING - Could not analyze content of ./intelligent_ui_detector.py: 'analyzed_files'
2025-05-29 12:14:00,642 - utils.folder_summarizer - WARNING - Could not analyze content of ./specialized_agents.py: 'analyzed_files'
2025-05-29 12:14:00,644 - utils.folder_summarizer - WARNING - Could not analyze content of ./test_button_click.py: 'analyzed_files'
2025-05-29 12:14:00,646 - utils.folder_summarizer - WARNING - Could not analyze content of ./test_agent_mode_fix.py: 'analyzed_files'
2025-05-29 12:14:00,648 - utils.folder_summarizer - WARNING - Could not analyze content of ./START_ENTERPRISE_WITH_FRONTEND.sh: 'analyzed_files'
2025-05-29 12:14:00,650 - utils.folder_summarizer - WARNING - Could not analyze content of ./DEEP_DIVE_FLOW_REPORT.md: 'analyzed_files'
2025-05-29 12:14:00,653 - utils.folder_summarizer - WARNING - Could not analyze content of ./final_visual_context_fix.py: 'analyzed_files'
2025-05-29 12:14:00,653 - utils.folder_summarizer - WARNING - Could not analyze content of ./test_brain_router_import.py: 'analyzed_files'
2025-05-29 12:14:00,655 - utils.folder_summarizer - WARNING - Could not analyze content of ./INTENT_CLASSIFICATION_FIX_SUMMARY.md: 'analyzed_files'
2025-05-29 12:14:00,659 - utils.folder_summarizer - WARNING - Could not analyze content of ./test_contextual_ask_suggest.py: 'analyzed_files'
2025-05-29 12:14:00,661 - utils.folder_summarizer - WARNING - Could not analyze content of ./folder_reader.py: 'analyzed_files'
2025-05-29 12:14:00,662 - utils.folder_summarizer - WARNING - Could not analyze content of ./test_interactive_buttons.py: 'analyzed_files'
2025-05-29 12:14:00,665 - utils.folder_summarizer - WARNING - Could not analyze content of ./fix_visual_memory_indexing.py: 'analyzed_files'
2025-05-29 12:14:00,667 - utils.folder_summarizer - WARNING - Could not analyze content of ./demo_teamviewer_agent.py: 'analyzed_files'
2025-05-29 12:14:00,670 - utils.folder_summarizer - WARNING - Could not analyze content of ./comprehensive_model_comparison.py: 'analyzed_files'
2025-05-29 12:14:00,673 - utils.folder_summarizer - WARNING - Could not analyze content of ./adaptive_retry_automation_handler.py: 'analyzed_files'
2025-05-29 12:14:00,676 - utils.folder_summarizer - WARNING - Could not analyze content of ./test_all_models.py: 'analyzed_files'
2025-05-29 12:14:00,679 - utils.folder_summarizer - WARNING - Could not analyze content of ./llava_visual_processor.py: 'analyzed_files'
2025-05-29 12:14:00,681 - utils.folder_summarizer - WARNING - Could not analyze content of ./backend_startup.log: 'analyzed_files'
2025-05-29 12:14:00,684 - utils.folder_summarizer - WARNING - Could not analyze content of ./test_visual_memory_direct_retrieval.py: 'analyzed_files'
2025-05-29 12:14:00,686 - utils.folder_summarizer - WARNING - Could not analyze content of ./fix_memory_meaningfulness.py: 'analyzed_files'
2025-05-29 12:14:00,689 - utils.folder_summarizer - WARNING - Could not analyze content of ./debug_agent_mode_deep_dive.py: 'analyzed_files'
2025-05-29 12:14:00,692 - utils.folder_summarizer - WARNING - Could not analyze content of ./professional_agent_system.py: 'analyzed_files'
2025-05-29 12:14:00,694 - utils.folder_summarizer - WARNING - Could not analyze content of ./analyze_detection_precision.py: 'analyzed_files'
2025-05-29 12:14:00,697 - utils.folder_summarizer - WARNING - Could not analyze content of ./improved_intelligent_task_planner.py: 'analyzed_files'
2025-05-29 12:14:00,698 - utils.folder_summarizer - WARNING - Could not analyze content of ./test_button_action_specifically.py: 'analyzed_files'
2025-05-29 12:14:00,702 - utils.folder_summarizer - WARNING - Could not analyze content of ./enhanced_coordinate_extractor.py: 'analyzed_files'
2025-05-29 12:14:00,704 - utils.folder_summarizer - WARNING - Could not analyze content of ./test_agent_integration.py: 'analyzed_files'
2025-05-29 12:14:00,706 - utils.folder_summarizer - WARNING - Could not analyze content of ./test_enhanced_startup.py: 'analyzed_files'
2025-05-29 12:14:00,708 - utils.folder_summarizer - WARNING - Could not analyze content of ./test_interactive_buttons_final.py: 'analyzed_files'
2025-05-29 12:14:00,710 - memory.enhanced_semantic_search - INFO - Added 400 items to vector index
2025-05-29 12:14:00,710 - utils.folder_summarizer - WARNING - Could not analyze content of ./test_memory_context_retrieval.py: 'analyzed_files'
2025-05-29 12:14:00,712 - utils.folder_summarizer - WARNING - Could not analyze content of ./enterprise_client_example.py: 'analyzed_files'
2025-05-29 12:14:00,713 - utils.folder_summarizer - WARNING - Could not analyze content of ./start_web_coordination_test.sh: 'analyzed_files'
2025-05-29 12:14:00,715 - utils.folder_summarizer - WARNING - Could not analyze content of ./universal_data_access_planner.py: 'analyzed_files'
2025-05-29 12:14:00,718 - utils.folder_summarizer - WARNING - Could not analyze content of ./test_workflow_fast.py: 'analyzed_files'
2025-05-29 12:14:00,720 - utils.folder_summarizer - WARNING - Could not analyze content of ./test_fast_automation_system.py: 'analyzed_files'
2025-05-29 12:14:00,721 - utils.folder_summarizer - WARNING - Could not analyze content of ./test_contextual_modes_debug.py: 'analyzed_files'
2025-05-29 12:14:00,724 - utils.folder_summarizer - WARNING - Could not analyze content of ./professional_validation_engine.py: 'analyzed_files'
2025-05-29 12:14:00,726 - utils.folder_summarizer - WARNING - Could not analyze content of ./generate_and_view_ui_memory.py: 'analyzed_files'
2025-05-29 12:14:00,728 - utils.folder_summarizer - WARNING - Could not analyze content of ./test_fixed_visual_context_modes.py: 'analyzed_files'
2025-05-29 12:14:00,730 - utils.folder_summarizer - WARNING - Could not analyze content of ./execute_user_plan.py: 'analyzed_files'
2025-05-29 12:14:00,731 - utils.folder_summarizer - WARNING - Could not analyze content of ./backend_real_automation.log: 'analyzed_files'
2025-05-29 12:14:00,733 - utils.folder_summarizer - WARNING - Could not analyze content of ./test_total_screen_standalone.py: 'analyzed_files'
2025-05-29 12:14:00,736 - utils.folder_summarizer - WARNING - Could not analyze content of ./LLAVA_TIMEOUT_FIX_SUMMARY.md: 'analyzed_files'
2025-05-29 12:14:00,738 - utils.folder_summarizer - WARNING - Could not analyze content of ./test_flight_search_buttons.py: 'analyzed_files'
2025-05-29 12:14:00,740 - utils.folder_summarizer - WARNING - Could not analyze content of ./TEST_CLIENT.py: 'analyzed_files'
2025-05-29 12:14:00,742 - utils.folder_summarizer - WARNING - Could not analyze content of ./FINAL_ENTERPRISE_STARTUP_FIXED.sh: 'analyzed_files'
2025-05-29 12:14:00,744 - utils.folder_summarizer - WARNING - Could not analyze content of ./test_ask_mode_final.py: 'analyzed_files'
2025-05-29 12:14:00,746 - utils.folder_summarizer - WARNING - Could not analyze content of ./backend_fixed.log: 'analyzed_files'
2025-05-29 12:14:00,749 - utils.folder_summarizer - WARNING - Could not analyze content of ./test_what_am_i_seeing_context.py: 'analyzed_files'
2025-05-29 12:14:00,750 - utils.folder_summarizer - WARNING - Could not analyze content of ./test_fixed_ask_mode.py: 'analyzed_files'
2025-05-29 12:14:00,752 - utils.folder_summarizer - WARNING - Could not analyze content of ./test_working_enterprise.py: 'analyzed_files'
2025-05-29 12:14:00,753 - utils.folder_summarizer - WARNING - Could not analyze content of ./test_simple_agent.py: 'analyzed_files'
2025-05-29 12:14:00,754 - utils.folder_summarizer - WARNING - Could not analyze content of ./test_simple_agent_command.py: 'analyzed_files'
2025-05-29 12:14:00,756 - utils.folder_summarizer - WARNING - Could not analyze content of ./final_secured_teamviewer_demo.py: 'analyzed_files'
2025-05-29 12:14:00,759 - utils.folder_summarizer - WARNING - Could not analyze content of ./fix_youtube_automation.py: 'analyzed_files'
2025-05-29 12:14:00,761 - utils.folder_summarizer - WARNING - Could not analyze content of ./test_complete_memory_flow.py: 'analyzed_files'
2025-05-29 12:14:00,763 - utils.folder_summarizer - WARNING - Could not analyze content of ./test_teamviewer_capabilities.py: 'analyzed_files'
2025-05-29 12:14:00,766 - utils.folder_summarizer - WARNING - Could not analyze content of ./precise_input_detector.py: 'analyzed_files'
2025-05-29 12:14:00,768 - utils.folder_summarizer - WARNING - Could not analyze content of ./test_memory_integration_debug.py: 'analyzed_files'
2025-05-29 12:14:00,770 - utils.folder_summarizer - WARNING - Could not analyze content of ./FINAL_ROOT_CAUSE_REPORT.md: 'analyzed_files'
2025-05-29 12:14:00,772 - utils.folder_summarizer - WARNING - Could not analyze content of ./screen_vision_test.py: 'analyzed_files'
2025-05-29 12:14:00,774 - utils.folder_summarizer - WARNING - Could not analyze content of ./agent_speed_diagnostic.py: 'analyzed_files'
2025-05-29 12:14:00,776 - utils.folder_summarizer - WARNING - Could not analyze content of ./test_full_automation_system.py: 'analyzed_files'
2025-05-29 12:14:00,777 - utils.folder_summarizer - WARNING - Could not analyze content of ./final_test_google_focus.py: 'analyzed_files'
2025-05-29 12:14:00,778 - utils.folder_summarizer - WARNING - Could not analyze content of ./test_cursor_plan.py: 'analyzed_files'
2025-05-29 12:14:00,781 - utils.folder_summarizer - WARNING - Could not analyze content of ./start_smart_progressive_backend.sh: 'analyzed_files'
2025-05-29 12:14:00,783 - utils.folder_summarizer - WARNING - Could not analyze content of ./START_CORE_SYSTEM.sh: 'analyzed_files'
2025-05-29 12:14:00,785 - utils.folder_summarizer - WARNING - Could not analyze content of ./TEST_SCRIPTS_README.md: 'analyzed_files'
2025-05-29 12:14:00,788 - utils.folder_summarizer - WARNING - Could not analyze content of ./enhanced_brain_router_with_context.py: 'analyzed_files'
2025-05-29 12:14:00,788 - utils.folder_summarizer - WARNING - Could not analyze content of ./manage_enterprise_system.sh: 'analyzed_files'
2025-05-29 12:14:00,791 - utils.folder_summarizer - WARNING - Could not analyze content of ./ENHANCED_UI_DETECTION_README.md: 'analyzed_files'
2025-05-29 12:14:00,793 - utils.folder_summarizer - WARNING - Could not analyze content of ./enterprise_backend_8767_with_real_ai.py: 'analyzed_files'
2025-05-29 12:14:00,795 - utils.folder_summarizer - WARNING - Could not analyze content of ./MOCK_TO_REAL_LLM_FIX_SUMMARY.md: 'analyzed_files'
2025-05-29 12:14:00,797 - utils.folder_summarizer - WARNING - Could not analyze content of ./STREAMING_IMPLEMENTATION_REPORT.md: 'analyzed_files'
2025-05-29 12:14:00,802 - utils.folder_summarizer - WARNING - Could not analyze content of ./monetization_dashboard.py: 'analyzed_files'
2025-05-29 12:14:00,804 - utils.folder_summarizer - WARNING - Could not analyze content of ./focused_model_quality_analysis.py: 'analyzed_files'
2025-05-29 12:14:00,806 - utils.folder_summarizer - WARNING - Could not analyze content of ./test_fixed_backend.py: 'analyzed_files'
2025-05-29 12:14:00,809 - utils.folder_summarizer - WARNING - Could not analyze content of ./VISUAL_MEMORY_FIX_COMPLETE.md: 'analyzed_files'
2025-05-29 12:14:00,811 - utils.folder_summarizer - WARNING - Could not analyze content of ./integration_guide.md: 'analyzed_files'
2025-05-29 12:14:00,813 - utils.folder_summarizer - WARNING - Could not analyze content of ./realtime_agent_vision.py: 'analyzed_files'
2025-05-29 12:14:00,815 - utils.folder_summarizer - WARNING - Could not analyze content of ./test_brain_router_client.py: 'analyzed_files'
2025-05-29 12:14:00,817 - utils.folder_summarizer - WARNING - Could not analyze content of ./comprehensive_agent_validation.py: 'analyzed_files'
2025-05-29 12:14:00,820 - utils.folder_summarizer - WARNING - Could not analyze content of ./START_COMPLEX_TASK_SYSTEM.sh: 'analyzed_files'
2025-05-29 12:14:00,822 - utils.folder_summarizer - WARNING - Could not analyze content of ./test_ask_mode_integration.py: 'analyzed_files'
2025-05-29 12:14:00,879 - utils.folder_summarizer - WARNING - Could not analyze content of ./ui_detection_test_20250524_230036.json: 'analyzed_files'
2025-05-29 12:14:00,882 - utils.folder_summarizer - WARNING - Could not analyze content of ./test_correct_agent_request.py: 'analyzed_files'
2025-05-29 12:14:00,884 - utils.folder_summarizer - WARNING - Could not analyze content of ./HOW_TO_ACCESS_SCREEN_SHARING.md: 'analyzed_files'
2025-05-29 12:14:00,885 - utils.folder_summarizer - WARNING - Could not analyze content of ./test_llm_progress.py: 'analyzed_files'
2025-05-29 12:14:00,887 - utils.folder_summarizer - WARNING - Could not analyze content of ./quick_teamviewer_test.py: 'analyzed_files'
2025-05-29 12:14:00,889 - utils.folder_summarizer - WARNING - Could not analyze content of ./frontend_proxy_8767.py: 'analyzed_files'
2025-05-29 12:14:00,890 - utils.folder_summarizer - WARNING - Could not analyze content of ./debug_websocket_screen_sharing.py: 'analyzed_files'
2025-05-29 12:14:00,893 - utils.folder_summarizer - WARNING - Could not analyze content of ./intelligent_automation_planner.py: 'analyzed_files'
2025-05-29 12:14:00,895 - utils.folder_summarizer - WARNING - Could not analyze content of ./test_agent_mode_integration.py: 'analyzed_files'
2025-05-29 12:14:00,897 - utils.folder_summarizer - WARNING - Could not analyze content of ./mode_tester.py: 'analyzed_files'
2025-05-29 12:14:00,898 - utils.folder_summarizer - WARNING - Could not analyze content of ./START_ENHANCED_SYSTEM_WITH_WARMUP.sh: 'analyzed_files'
2025-05-29 12:14:00,899 - utils.folder_summarizer - WARNING - Could not analyze content of ./quick_mode_test.py: 'analyzed_files'
2025-05-29 12:14:00,901 - utils.folder_summarizer - WARNING - Could not analyze content of ./SUCCESS_VERIFICATION.md: 'analyzed_files'
2025-05-29 12:14:00,904 - utils.folder_summarizer - WARNING - Could not analyze content of ./SMART_PROGRESSIVE_SYSTEM_README.md: 'analyzed_files'
2025-05-29 12:14:00,905 - utils.folder_summarizer - WARNING - Could not analyze content of ./debug_agent_mode.py: 'analyzed_files'
2025-05-29 12:14:00,908 - utils.folder_summarizer - WARNING - Could not analyze content of ./start_fixed_backend_test.sh: 'analyzed_files'
2025-05-29 12:14:00,910 - utils.folder_summarizer - WARNING - Could not analyze content of ./enhanced_ui_detection_engine.py: 'analyzed_files'
2025-05-29 12:14:00,913 - utils.folder_summarizer - WARNING - Could not analyze content of ./debug_universal_detection.py: 'analyzed_files'
2025-05-29 12:14:00,914 - utils.folder_summarizer - WARNING - Could not analyze content of ./test_hotkey_fix.py: 'analyzed_files'
2025-05-29 12:14:00,916 - utils.folder_summarizer - WARNING - Could not analyze content of ./test_coordinate_detection_improvement.py: 'analyzed_files'
2025-05-29 12:14:00,918 - utils.folder_summarizer - WARNING - Could not analyze content of ./test_google_detection.py: 'analyzed_files'
2025-05-29 12:14:00,920 - utils.folder_summarizer - WARNING - Could not analyze content of ./test_each_mode_contextual_quality.py: 'analyzed_files'
2025-05-29 12:14:00,922 - utils.folder_summarizer - WARNING - Could not analyze content of ./test_overlay_agent_mode_5_messages.py: 'analyzed_files'
2025-05-29 12:14:00,924 - utils.folder_summarizer - WARNING - Could not analyze content of ./context_aware_coordinate_detector.py: 'analyzed_files'
2025-05-29 12:14:00,926 - utils.folder_summarizer - WARNING - Could not analyze content of ./enhanced_backend_with_complex_tasks.py: 'analyzed_files'
2025-05-29 12:14:00,928 - utils.folder_summarizer - WARNING - Could not analyze content of ./BREAKTHROUGH_UI_UNDERSTANDING_SUMMARY.md: 'analyzed_files'
2025-05-29 12:14:00,931 - utils.folder_summarizer - WARNING - Could not analyze content of ./advanced_screen_intelligence.py: 'analyzed_files'
2025-05-29 12:14:00,933 - utils.folder_summarizer - WARNING - Could not analyze content of ./test_llm_speed.py: 'analyzed_files'
2025-05-29 12:14:00,935 - utils.folder_summarizer - WARNING - Could not analyze content of ./AGENT_SPEED_FIX_SUMMARY.md: 'analyzed_files'
2025-05-29 12:14:00,937 - utils.folder_summarizer - WARNING - Could not analyze content of ./patch_running_backend.py: 'analyzed_files'
2025-05-29 12:14:00,938 - utils.folder_summarizer - WARNING - Could not analyze content of ./simple_ask_mode_test.py: 'analyzed_files'
2025-05-29 12:14:00,940 - utils.folder_summarizer - WARNING - Could not analyze content of ./start_brain_router_system.sh: 'analyzed_files'
2025-05-29 12:14:00,942 - utils.folder_summarizer - WARNING - Could not analyze content of ./simple_continuous_memory_feeder.py: 'analyzed_files'
2025-05-29 12:14:00,944 - utils.folder_summarizer - WARNING - Could not analyze content of ./final_deep_memory_showcase.py: 'analyzed_files'
2025-05-29 12:14:00,945 - utils.folder_summarizer - WARNING - Could not analyze content of ./debug_context.py: 'analyzed_files'
2025-05-29 12:14:00,947 - utils.folder_summarizer - WARNING - Could not analyze content of ./test_correct_order.py: 'analyzed_files'
2025-05-29 12:14:00,948 - utils.folder_summarizer - WARNING - Could not analyze content of ./test_improved_clicking.py: 'analyzed_files'
2025-05-29 12:14:00,949 - utils.folder_summarizer - WARNING - Could not analyze content of ./fix_current_apps_memory.py: 'analyzed_files'
2025-05-29 12:14:00,952 - utils.folder_summarizer - WARNING - Could not analyze content of ./example_folder_reader_usage.py: 'analyzed_files'
2025-05-29 12:14:00,954 - utils.folder_summarizer - WARNING - Could not analyze content of ./fix_chat_interface_visual_integration.py: 'analyzed_files'
2025-05-29 12:14:00,955 - utils.folder_summarizer - WARNING - Could not analyze content of ./test_agent_final.py: 'analyzed_files'
2025-05-29 12:14:00,955 - utils.folder_summarizer - WARNING - Could not analyze content of ./memory_flow_test_results.json: 'analyzed_files'
2025-05-29 12:14:00,958 - utils.folder_summarizer - WARNING - Could not analyze content of ./test_ask_suggest_modes.py: 'analyzed_files'
2025-05-29 12:14:00,961 - utils.folder_summarizer - WARNING - Could not analyze content of ./test_enhanced_memory_system.py: 'analyzed_files'
2025-05-29 12:14:00,961 - utils.folder_summarizer - WARNING - Could not analyze content of ./pids/enhanced_enterprise_backend.pid: 'analyzed_files'
2025-05-29 12:14:00,961 - memory.enhanced_semantic_search - INFO - Added 500 items to vector index
2025-05-29 12:14:00,961 - utils.folder_summarizer - WARNING - Could not analyze content of ./pids/total_screen_analyzer.pid: 'analyzed_files'
2025-05-29 12:14:00,962 - utils.folder_summarizer - WARNING - Could not analyze content of ./pids/components.txt: 'analyzed_files'
2025-05-29 12:14:00,962 - utils.folder_summarizer - WARNING - Could not analyze content of ./pids/process_sensor.pid: 'analyzed_files'
2025-05-29 12:14:00,963 - utils.folder_summarizer - WARNING - Could not analyze content of ./pids/smart_memory_feeder.pid: 'analyzed_files'
2025-05-29 12:14:00,965 - utils.folder_summarizer - WARNING - Could not analyze content of ./ui/chat_server.py: 'analyzed_files'
2025-05-29 12:14:00,966 - utils.folder_summarizer - WARNING - Could not analyze content of ./ui/__init__.py: 'analyzed_files'
2025-05-29 12:14:00,969 - utils.folder_summarizer - WARNING - Could not analyze content of ./ui/static/css/chat.css: 'analyzed_files'
2025-05-29 12:14:00,970 - utils.folder_summarizer - WARNING - Could not analyze content of ./ui/static/css/style.css: 'analyzed_files'
2025-05-29 12:14:00,973 - utils.folder_summarizer - WARNING - Could not analyze content of ./ui/static/js/chat.js: 'analyzed_files'
2025-05-29 12:14:00,974 - utils.folder_summarizer - WARNING - Could not analyze content of ./ui/templates/chat.html: 'analyzed_files'
2025-05-29 12:14:00,977 - utils.folder_summarizer - WARNING - Could not analyze content of ./agent_workflow/enhanced_bridge.py: 'analyzed_files'
2025-05-29 12:14:00,980 - utils.folder_summarizer - WARNING - Could not analyze content of ./agent_workflow/agent_integration.py: 'analyzed_files'
2025-05-29 12:14:00,983 - utils.folder_summarizer - WARNING - Could not analyze content of ./agent_workflow/agent_system.py: 'analyzed_files'
2025-05-29 12:14:00,984 - utils.folder_summarizer - WARNING - Could not analyze content of ./agent_workflow/__init__.py: 'analyzed_files'
2025-05-29 12:14:00,987 - utils.folder_summarizer - WARNING - Could not analyze content of ./agent_workflow/input_controller.py: 'analyzed_files'
2025-05-29 12:14:00,991 - utils.folder_summarizer - WARNING - Could not analyze content of ./agent_workflow/enhanced_automation_handler.py: 'analyzed_files'
2025-05-29 12:14:00,994 - utils.folder_summarizer - WARNING - Could not analyze content of ./agent_workflow/context_aware_agent.py: 'analyzed_files'
2025-05-29 12:14:00,999 - utils.folder_summarizer - WARNING - Could not analyze content of ./sensors/screen_sensor.py: 'analyzed_files'
2025-05-29 12:14:01,005 - utils.folder_summarizer - WARNING - Could not analyze content of ./sensors/total_screen_analyzer.py.backup: 'analyzed_files'
2025-05-29 12:14:01,012 - utils.folder_summarizer - WARNING - Could not analyze content of ./sensors/total_screen_analyzer.py.bak: 'analyzed_files'
2025-05-29 12:14:01,015 - utils.folder_summarizer - WARNING - Could not analyze content of ./sensors/enhanced_fixed_screen_sensor.py.bak: 'analyzed_files'
2025-05-29 12:14:01,020 - utils.folder_summarizer - WARNING - Could not analyze content of ./sensors/total_screen_analyzer.py: 'analyzed_files'
2025-05-29 12:14:01,022 - utils.folder_summarizer - WARNING - Could not analyze content of ./sensors/minimal_screen_sensor.py: 'analyzed_files'
2025-05-29 12:14:01,023 - utils.folder_summarizer - WARNING - Could not analyze content of ./sensors/__init__.py: 'analyzed_files'
2025-05-29 12:14:01,025 - utils.folder_summarizer - WARNING - Could not analyze content of ./sensors/process_sensor.py: 'analyzed_files'
2025-05-29 12:14:01,028 - utils.folder_summarizer - WARNING - Could not analyze content of ./sensors/fixed_process_sensor.py: 'analyzed_files'
2025-05-29 12:14:01,033 - utils.folder_summarizer - WARNING - Could not analyze content of ./sensors/fixed_screen_sensor.py: 'analyzed_files'
2025-05-29 12:14:01,036 - utils.folder_summarizer - WARNING - Could not analyze content of ./sensors/enhanced_fixed_screen_sensor.py: 'analyzed_files'
2025-05-29 12:14:01,039 - utils.folder_summarizer - WARNING - Could not analyze content of ./sensors/llava_visual_processor.py: 'analyzed_files'
2025-05-29 12:14:01,042 - utils.folder_summarizer - WARNING - Could not analyze content of ./sensors/file_sensor.py: 'analyzed_files'
2025-05-29 12:14:01,044 - utils.folder_summarizer - WARNING - Could not analyze content of ./sensors/basic_screen_sensor.py: 'analyzed_files'
2025-05-29 12:14:01,046 - utils.folder_summarizer - WARNING - Could not analyze content of ./sensors/enhanced_fixed_process_sensor.py.bak: 'analyzed_files'
2025-05-29 12:14:01,048 - utils.folder_summarizer - WARNING - Could not analyze content of ./sensors/enhanced_fixed_process_sensor.py: 'analyzed_files'
2025-05-29 12:14:01,050 - utils.folder_summarizer - WARNING - Could not analyze content of ./sensors/ui_templates/README.md: 'analyzed_files'
2025-05-29 12:14:01,053 - memory.enhanced_semantic_search - WARNING - Empty text content in item, skipping indexing: ./sensors/logs/sensors/process_sensor/process_sensor.log
2025-05-29 12:14:01,053 - utils.folder_summarizer - WARNING - Could not analyze content of ./sensors/logs/sensors/process_sensor/process_sensor.log: 'analyzed_files'
2025-05-29 12:14:01,053 - memory.enhanced_semantic_search - WARNING - Empty text content in item, skipping indexing: ./sensors/logs/sensors/screen_sensor/screen_sensor.log
2025-05-29 12:14:01,053 - utils.folder_summarizer - WARNING - Could not analyze content of ./sensors/logs/sensors/screen_sensor/screen_sensor.log: 'analyzed_files'
2025-05-29 12:14:01,056 - utils.folder_summarizer - WARNING - Could not analyze content of ./llm/model.py: 'analyzed_files'
2025-05-29 12:14:01,060 - utils.folder_summarizer - WARNING - Could not analyze content of ./llm/llm_service.py: 'analyzed_files'
2025-05-29 12:14:01,063 - utils.folder_summarizer - WARNING - Could not analyze content of ./memory/task_memory_dashboard.py: 'analyzed_files'
2025-05-29 12:14:01,064 - utils.folder_summarizer - WARNING - Could not analyze content of ./memory/memory_types.py: 'analyzed_files'
2025-05-29 12:14:01,067 - utils.folder_summarizer - WARNING - Could not analyze content of ./memory/enhanced_screen_memory_processor.py: 'analyzed_files'
2025-05-29 12:14:01,070 - utils.folder_summarizer - WARNING - Could not analyze content of ./memory/minimal_memory_logger.py: 'analyzed_files'
2025-05-29 12:14:01,073 - utils.folder_summarizer - WARNING - Could not analyze content of ./memory/update_conscious.py: 'analyzed_files'
2025-05-29 12:14:01,081 - utils.folder_summarizer - WARNING - Could not analyze content of ./memory/memory_system.py: 'analyzed_files'
2025-05-29 12:14:01,081 - utils.folder_summarizer - WARNING - Could not analyze content of ./memory/conversation_history.json: 'analyzed_files'
2025-05-29 12:14:01,084 - utils.folder_summarizer - WARNING - Could not analyze content of ./memory/knowledge_base.py: 'analyzed_files'
2025-05-29 12:14:01,086 - utils.folder_summarizer - WARNING - Could not analyze content of ./memory/sensors.py: 'analyzed_files'
2025-05-29 12:14:01,088 - utils.folder_summarizer - WARNING - Could not analyze content of ./memory/memory.py: 'analyzed_files'
2025-05-29 12:14:01,091 - utils.folder_summarizer - WARNING - Could not analyze content of ./memory/enhanced_semantic_search.py: 'analyzed_files'
2025-05-29 12:14:01,093 - utils.folder_summarizer - WARNING - Could not analyze content of ./memory/memory_diagnostic_logger.py: 'analyzed_files'
2025-05-29 12:14:01,094 - utils.folder_summarizer - WARNING - Could not analyze content of ./memory/memory_logger.py: 'analyzed_files'
2025-05-29 12:14:01,094 - memory.enhanced_semantic_search - WARNING - Empty text content in item, skipping indexing: ./memory/short_term_metadata.json
2025-05-29 12:14:01,094 - utils.folder_summarizer - WARNING - Could not analyze content of ./memory/short_term_metadata.json: 'analyzed_files'
2025-05-29 12:14:01,095 - utils.folder_summarizer - WARNING - Could not analyze content of ./memory/__init__.py: 'analyzed_files'
2025-05-29 12:14:01,097 - utils.folder_summarizer - WARNING - Could not analyze content of ./memory/direct_memory_updater.py: 'analyzed_files'
2025-05-29 12:14:01,099 - utils.folder_summarizer - WARNING - Could not analyze content of ./memory/memory_flow_analysis.md: 'analyzed_files'
2025-05-29 12:14:01,101 - utils.folder_summarizer - WARNING - Could not analyze content of ./memory/conscious.json: 'analyzed_files'
2025-05-29 12:14:01,103 - utils.folder_summarizer - WARNING - Could not analyze content of ./memory/fixed_memory_connector.py: 'analyzed_files'
2025-05-29 12:14:01,105 - utils.folder_summarizer - WARNING - Could not analyze content of ./memory/task_context_awareness.py: 'analyzed_files'
2025-05-29 12:14:01,110 - utils.folder_summarizer - WARNING - Could not analyze content of ./memory/intelligent_context_memory.py: 'analyzed_files'
2025-05-29 12:14:01,110 - memory.enhanced_semantic_search - WARNING - Empty text content in item, skipping indexing: ./memory/short_term.idx
2025-05-29 12:14:01,110 - utils.folder_summarizer - WARNING - Could not analyze content of ./memory/short_term.idx: 'analyzed_files'
2025-05-29 12:14:01,111 - utils.folder_summarizer - WARNING - Could not analyze content of ./memory/README.md: 'analyzed_files'
2025-05-29 12:14:01,113 - utils.folder_summarizer - WARNING - Could not analyze content of ./memory/memory_integration_service.py: 'analyzed_files'
2025-05-29 12:14:01,113 - memory.enhanced_semantic_search - WARNING - Empty text content in item, skipping indexing: ./memory/long_term.idx
2025-05-29 12:14:01,113 - utils.folder_summarizer - WARNING - Could not analyze content of ./memory/long_term.idx: 'analyzed_files'
2025-05-29 12:14:01,114 - utils.folder_summarizer - WARNING - Could not analyze content of ./memory/last_context.json: 'analyzed_files'
2025-05-29 12:14:01,117 - utils.folder_summarizer - WARNING - Could not analyze content of ./memory/semantic_search_agent.py: 'analyzed_files'
2025-05-29 12:14:01,120 - utils.folder_summarizer - WARNING - Could not analyze content of ./memory/optimized_memory_logger.py: 'analyzed_files'
2025-05-29 12:14:01,122 - utils.folder_summarizer - WARNING - Could not analyze content of ./memory/LLM_INTEGRATION.md: 'analyzed_files'
2025-05-29 12:14:01,125 - utils.folder_summarizer - WARNING - Could not analyze content of ./memory/memory_consolidation.py: 'analyzed_files'
2025-05-29 12:14:01,128 - utils.folder_summarizer - WARNING - Could not analyze content of ./memory/memory_relationship.py: 'analyzed_files'
2025-05-29 12:14:01,130 - utils.folder_summarizer - WARNING - Could not analyze content of ./memory/memory_service.py: 'analyzed_files'
2025-05-29 12:14:01,134 - utils.folder_summarizer - WARNING - Could not analyze content of ./memory/conscious_memory.py: 'analyzed_files'
2025-05-29 12:14:01,136 - utils.folder_summarizer - WARNING - Could not analyze content of ./memory/memory_state.json.backup_20250524_224632: 'analyzed_files'
2025-05-29 12:14:01,139 - utils.folder_summarizer - WARNING - Could not analyze content of ./memory/memory_state.json: 'analyzed_files'
2025-05-29 12:14:01,141 - utils.folder_summarizer - WARNING - Could not analyze content of ./memory/enhanced_memory_connector.py: 'analyzed_files'
2025-05-29 12:14:01,142 - utils.folder_summarizer - WARNING - Could not analyze content of ./memory/safe_json.py: 'analyzed_files'
2025-05-29 12:14:01,145 - utils.folder_summarizer - WARNING - Could not analyze content of ./memory/task_memory_manager.py: 'analyzed_files'
2025-05-29 12:14:01,146 - utils.folder_summarizer - WARNING - Could not analyze content of ./memory/pids/memory_connector.pid: 'analyzed_files'
2025-05-29 12:14:01,147 - utils.folder_summarizer - WARNING - Could not analyze content of ./memory/memory/__init__.py: 'analyzed_files'
2025-05-29 12:14:01,147 - memory.enhanced_semantic_search - WARNING - Empty text content in item, skipping indexing: ./memory/memory/short_term.idx
2025-05-29 12:14:01,147 - utils.folder_summarizer - WARNING - Could not analyze content of ./memory/memory/short_term.idx: 'analyzed_files'
2025-05-29 12:14:01,147 - memory.enhanced_semantic_search - WARNING - Empty text content in item, skipping indexing: ./memory/memory/long_term.idx
2025-05-29 12:14:01,147 - utils.folder_summarizer - WARNING - Could not analyze content of ./memory/memory/long_term.idx: 'analyzed_files'
2025-05-29 12:14:01,147 - utils.folder_summarizer - WARNING - Could not analyze content of ./memory/memory/last_context.json: 'analyzed_files'
2025-05-29 12:14:01,149 - utils.folder_summarizer - WARNING - Could not analyze content of ./memory/memory/memory_state.json: 'analyzed_files'
2025-05-29 12:14:01,155 - memory.enhanced_semantic_search - WARNING - Empty text content in item, skipping indexing: ./memory/logs/aiayer.log
2025-05-29 12:14:01,155 - utils.folder_summarizer - WARNING - Could not analyze content of ./memory/logs/aiayer.log: 'analyzed_files'
2025-05-29 12:14:01,155 - utils.folder_summarizer - WARNING - Could not analyze content of ./memory/logs/memory/memory.log: 'analyzed_files'
2025-05-29 12:14:01,160 - utils.folder_summarizer - WARNING - Could not analyze content of ./memory/logs/memory/memory_connector.log: 'analyzed_files'
2025-05-29 12:14:01,160 - memory.enhanced_semantic_search - WARNING - Empty text content in item, skipping indexing: ./memory/logs/memory/conscious.log
2025-05-29 12:14:01,160 - utils.folder_summarizer - WARNING - Could not analyze content of ./memory/logs/memory/conscious.log: 'analyzed_files'
2025-05-29 12:14:01,160 - memory.enhanced_semantic_search - WARNING - Empty text content in item, skipping indexing: ./memory/logs/memory/long_term.log
2025-05-29 12:14:01,160 - utils.folder_summarizer - WARNING - Could not analyze content of ./memory/logs/memory/long_term.log: 'analyzed_files'
2025-05-29 12:14:01,160 - memory.enhanced_semantic_search - WARNING - Empty text content in item, skipping indexing: ./memory/logs/memory/context.log
2025-05-29 12:14:01,160 - utils.folder_summarizer - WARNING - Could not analyze content of ./memory/logs/memory/context.log: 'analyzed_files'
2025-05-29 12:14:01,160 - memory.enhanced_semantic_search - WARNING - Empty text content in item, skipping indexing: ./memory/logs/memory/short_term.log
2025-05-29 12:14:01,160 - utils.folder_summarizer - WARNING - Could not analyze content of ./memory/logs/memory/short_term.log: 'analyzed_files'
2025-05-29 12:14:01,162 - utils.folder_summarizer - WARNING - Could not analyze content of ./cache/process_sensor/process_cache.json: 'analyzed_files'
2025-05-29 12:14:01,164 - utils.folder_summarizer - WARNING - Could not analyze content of ./cache/file_sensor/last_file.json: 'analyzed_files'
2025-05-29 12:14:01,164 - utils.folder_summarizer - WARNING - Could not analyze content of ./cache/file_sensor/file_cache.json: 'analyzed_files'
2025-05-29 12:14:01,166 - utils.folder_summarizer - WARNING - Could not analyze content of ./cache/total_screen_analyzer/latest_total_analysis.json: 'analyzed_files'
2025-05-29 12:14:01,169 - utils.folder_summarizer - WARNING - Could not analyze content of ./config/fast_mode_config.py: 'analyzed_files'
2025-05-29 12:14:01,170 - utils.folder_summarizer - WARNING - Could not analyze content of ./config/folder_access.yaml: 'analyzed_files'
2025-05-29 12:14:01,171 - utils.folder_summarizer - WARNING - Could not analyze content of ./config/config.yaml: 'analyzed_files'
2025-05-29 12:14:01,172 - utils.folder_summarizer - WARNING - Could not analyze content of ./config/logging.conf: 'analyzed_files'
2025-05-29 12:14:01,173 - utils.folder_summarizer - WARNING - Could not analyze content of ./config/logging.conf.minimal: 'analyzed_files'
2025-05-29 12:14:01,174 - utils.folder_summarizer - WARNING - Could not analyze content of ./config/logging.conf.optimized: 'analyzed_files'
2025-05-29 12:14:01,176 - utils.folder_summarizer - WARNING - Could not analyze content of ./config/backups/config_20250519_154050.yaml: 'analyzed_files'
2025-05-29 12:14:01,177 - utils.folder_summarizer - WARNING - Could not analyze content of ./config/backups/config_20250519_183618.yaml: 'analyzed_files'
2025-05-29 12:14:01,178 - utils.folder_summarizer - WARNING - Could not analyze content of ./config/backups/config_20250519_152311.yaml: 'analyzed_files'
2025-05-29 12:14:01,180 - utils.folder_summarizer - WARNING - Could not analyze content of ./config/backups/config_20250519_154857.yaml: 'analyzed_files'
2025-05-29 12:14:01,181 - utils.folder_summarizer - WARNING - Could not analyze content of ./config/backups/config_20250519_140615.yaml: 'analyzed_files'
2025-05-29 12:14:01,182 - utils.folder_summarizer - WARNING - Could not analyze content of ./config/backups/config_20250519_155103.yaml: 'analyzed_files'
2025-05-29 12:14:01,184 - utils.folder_summarizer - WARNING - Could not analyze content of ./config/backups/config_20250519_184555.yaml: 'analyzed_files'
2025-05-29 12:14:01,186 - utils.folder_summarizer - WARNING - Could not analyze content of ./config/backups/config_20250519_181645.yaml: 'analyzed_files'
2025-05-29 12:14:01,187 - utils.folder_summarizer - WARNING - Could not analyze content of ./config/backups/config_20250519_125036.yaml: 'analyzed_files'
2025-05-29 12:14:01,189 - utils.folder_summarizer - WARNING - Could not analyze content of ./config/backups/config_20250519_175043.yaml: 'analyzed_files'
2025-05-29 12:14:01,190 - utils.folder_summarizer - WARNING - Could not analyze content of ./config/backups/config_20250519_151635.yaml: 'analyzed_files'
2025-05-29 12:14:01,191 - utils.folder_summarizer - WARNING - Could not analyze content of ./config/backups/config_20250519_162315.yaml: 'analyzed_files'
2025-05-29 12:14:01,193 - utils.folder_summarizer - WARNING - Could not analyze content of ./config/backups/config_20250519_153547.yaml: 'analyzed_files'
2025-05-29 12:14:01,194 - memory.enhanced_semantic_search - INFO - Added 600 items to vector index
2025-05-29 12:14:01,194 - utils.folder_summarizer - WARNING - Could not analyze content of ./config/backups/config_20250519_163036.yaml: 'analyzed_files'
2025-05-29 12:14:01,195 - utils.folder_summarizer - WARNING - Could not analyze content of ./config/backups/config_20250519_153357.yaml: 'analyzed_files'
2025-05-29 12:14:01,197 - utils.folder_summarizer - WARNING - Could not analyze content of ./config/backups/config_20250519_174100.yaml: 'analyzed_files'
2025-05-29 12:14:01,198 - utils.folder_summarizer - WARNING - Could not analyze content of ./config/backups/config_20250519_154125.yaml: 'analyzed_files'
2025-05-29 12:14:01,200 - utils.folder_summarizer - WARNING - Could not analyze content of ./config/backups/config_20250519_140936.yaml: 'analyzed_files'
2025-05-29 12:14:01,201 - utils.folder_summarizer - WARNING - Could not analyze content of ./config/backups/config_20250519_160528.yaml: 'analyzed_files'
2025-05-29 12:14:01,203 - utils.folder_summarizer - WARNING - Could not analyze content of ./config/backups/config_20250519_153823.yaml: 'analyzed_files'
2025-05-29 12:14:01,204 - utils.folder_summarizer - WARNING - Could not analyze content of ./config/backups/config_20250519_175747.yaml: 'analyzed_files'
2025-05-29 12:14:01,205 - utils.folder_summarizer - WARNING - Could not analyze content of ./config/backups/config_20250519_190212.yaml: 'analyzed_files'
2025-05-29 12:14:01,208 - utils.folder_summarizer - WARNING - Could not analyze content of ./config/backups/config_20250519_142843.yaml: 'analyzed_files'
2025-05-29 12:14:01,210 - utils.folder_summarizer - WARNING - Could not analyze content of ./config/backups/config_20250519_162722.yaml: 'analyzed_files'
2025-05-29 12:14:01,211 - utils.folder_summarizer - WARNING - Could not analyze content of ./config/backups/config_20250519_150612.yaml: 'analyzed_files'
2025-05-29 12:14:01,212 - utils.folder_summarizer - WARNING - Could not analyze content of ./config/backups/config_20250519_185548.yaml: 'analyzed_files'
2025-05-29 12:14:01,214 - utils.folder_summarizer - WARNING - Could not analyze content of ./config/backups/config_20250519_151756.yaml: 'analyzed_files'
2025-05-29 12:14:01,215 - utils.folder_summarizer - WARNING - Could not analyze content of ./config/backups/config_20250519_185822.yaml: 'analyzed_files'
2025-05-29 12:14:01,216 - utils.folder_summarizer - WARNING - Could not analyze content of ./config/backups/config_20250519_140312.yaml: 'analyzed_files'
2025-05-29 12:14:01,218 - utils.folder_summarizer - WARNING - Could not analyze content of ./config/backups/config_20250519_151411.yaml: 'analyzed_files'
2025-05-29 12:14:01,219 - utils.folder_summarizer - WARNING - Could not analyze content of ./config/backups/config_20250519_145413.yaml: 'analyzed_files'
2025-05-29 12:14:01,221 - utils.folder_summarizer - WARNING - Could not analyze content of ./config/backups/config_20250519_174335.yaml: 'analyzed_files'
2025-05-29 12:14:01,222 - utils.folder_summarizer - WARNING - Could not analyze content of ./config/backups/config_20250519_153142.yaml: 'analyzed_files'
2025-05-29 12:14:01,224 - utils.folder_summarizer - WARNING - Could not analyze content of ./config/backups/config_20250519_175924.yaml: 'analyzed_files'
2025-05-29 12:14:01,225 - utils.folder_summarizer - WARNING - Could not analyze content of ./config/backups/config_20250519_182559.yaml: 'analyzed_files'
2025-05-29 12:14:01,226 - utils.folder_summarizer - WARNING - Could not analyze content of ./config/backups/config_20250519_153050.yaml: 'analyzed_files'
2025-05-29 12:14:01,228 - utils.folder_summarizer - WARNING - Could not analyze content of ./config/backups/config_20250519_182216.yaml: 'analyzed_files'
2025-05-29 12:14:01,229 - utils.folder_summarizer - WARNING - Could not analyze content of ./config/backups/config_20250519_150922.yaml: 'analyzed_files'
2025-05-29 12:14:01,230 - utils.folder_summarizer - WARNING - Could not analyze content of ./config/backups/config_20250519_173956.yaml: 'analyzed_files'
2025-05-29 12:14:01,232 - utils.folder_summarizer - WARNING - Could not analyze content of ./config/backups/config_20250519_180247.yaml: 'analyzed_files'
2025-05-29 12:14:01,233 - utils.folder_summarizer - WARNING - Could not analyze content of ./config/backups/config_20250519_180713.yaml: 'analyzed_files'
2025-05-29 12:14:01,235 - utils.folder_summarizer - WARNING - Could not analyze content of ./config/backups/config_20250519_155330.yaml: 'analyzed_files'
2025-05-29 12:14:01,236 - utils.folder_summarizer - WARNING - Could not analyze content of ./config/backups/config_20250519_175840.yaml: 'analyzed_files'
2025-05-29 12:14:01,237 - utils.folder_summarizer - WARNING - Could not analyze content of ./config/backups/config_20250519_175006.yaml: 'analyzed_files'
2025-05-29 12:14:01,239 - utils.folder_summarizer - WARNING - Could not analyze content of ./config/backups/config_20250519_145828.yaml: 'analyzed_files'
2025-05-29 12:14:01,240 - utils.folder_summarizer - WARNING - Could not analyze content of ./config/backups/config_20250519_145652.yaml: 'analyzed_files'
2025-05-29 12:14:01,241 - utils.folder_summarizer - WARNING - Could not analyze content of ./config/backups/config_20250519_182923.yaml: 'analyzed_files'
2025-05-29 12:14:01,243 - utils.folder_summarizer - WARNING - Could not analyze content of ./config/backups/config_20250519_140217.yaml: 'analyzed_files'
2025-05-29 12:14:01,244 - utils.folder_summarizer - WARNING - Could not analyze content of ./config/backups/config_20250519_140420.yaml: 'analyzed_files'
2025-05-29 12:14:01,245 - utils.folder_summarizer - WARNING - Could not analyze content of ./config/backups/config_20250519_181406.yaml: 'analyzed_files'
2025-05-29 12:14:01,247 - utils.folder_summarizer - WARNING - Could not analyze content of ./config/backups/config_20250519_151155.yaml: 'analyzed_files'
2025-05-29 12:14:01,248 - utils.folder_summarizer - WARNING - Could not analyze content of ./config/backups/config_20250519_174935.yaml: 'analyzed_files'
2025-05-29 12:14:01,249 - utils.folder_summarizer - WARNING - Could not analyze content of ./config/backups/config_20250519_123944.yaml: 'analyzed_files'
2025-05-29 12:14:01,251 - utils.folder_summarizer - WARNING - Could not analyze content of ./config/backups/config_20250519_154341.yaml: 'analyzed_files'
2025-05-29 12:14:01,252 - utils.folder_summarizer - WARNING - Could not analyze content of ./config/backups/config_20250519_183358.yaml: 'analyzed_files'
2025-05-29 12:14:01,253 - utils.folder_summarizer - WARNING - Could not analyze content of ./config/backups/config_20250519_174734.yaml: 'analyzed_files'
2025-05-29 12:14:01,255 - utils.folder_summarizer - WARNING - Could not analyze content of ./config/backups/config_20250519_193436.yaml: 'analyzed_files'
2025-05-29 12:14:01,258 - utils.folder_summarizer - WARNING - Could not analyze content of ./config/backups/config_20250519_155746.yaml: 'analyzed_files'
2025-05-29 12:14:01,259 - utils.folder_summarizer - WARNING - Could not analyze content of ./config/backups/config_20250519_175333.yaml: 'analyzed_files'
2025-05-29 12:14:01,261 - utils.folder_summarizer - WARNING - Could not analyze content of ./config/backups/config_20250519_185147.yaml: 'analyzed_files'
2025-05-29 12:14:01,262 - utils.folder_summarizer - WARNING - Could not analyze content of ./config/backups/config_20250519_184812.yaml: 'analyzed_files'
2025-05-29 12:14:01,263 - utils.folder_summarizer - WARNING - Could not analyze content of ./config/backups/config_20250519_162815.yaml: 'analyzed_files'
2025-05-29 12:14:01,265 - utils.folder_summarizer - WARNING - Could not analyze content of ./target/.rustc_info.json: 'analyzed_files'
2025-05-29 12:14:01,265 - utils.folder_summarizer - WARNING - Could not analyze content of ./target/CACHEDIR.TAG: 'analyzed_files'
2025-05-29 12:14:01,269 - utils.folder_summarizer - WARNING - Could not analyze content of ./target/debug/.fingerprint/dtoa-short-06df63ac6c9ab5a0/lib-dtoa_short.json: 'analyzed_files'
2025-05-29 12:14:01,269 - utils.folder_summarizer - WARNING - Could not analyze content of ./target/debug/.fingerprint/dtoa-short-06df63ac6c9ab5a0/invoked.timestamp: 'analyzed_files'
2025-05-29 12:14:01,270 - utils.folder_summarizer - WARNING - Could not analyze content of ./target/debug/.fingerprint/regex-automata-128d1c272bcd96d1/invoked.timestamp: 'analyzed_files'
2025-05-29 12:14:01,271 - utils.folder_summarizer - WARNING - Could not analyze content of ./target/debug/.fingerprint/regex-automata-128d1c272bcd96d1/lib-regex_automata.json: 'analyzed_files'
2025-05-29 12:14:01,271 - utils.folder_summarizer - WARNING - Could not analyze content of ./target/debug/.fingerprint/libc-6541a36177318b2b/invoked.timestamp: 'analyzed_files'
2025-05-29 12:14:01,272 - utils.folder_summarizer - WARNING - Could not analyze content of ./target/debug/.fingerprint/libc-6541a36177318b2b/build-script-build-script-build.json: 'analyzed_files'
2025-05-29 12:14:01,273 - utils.folder_summarizer - WARNING - Could not analyze content of ./target/debug/.fingerprint/pathdiff-b77aeceb7affc616/lib-pathdiff.json: 'analyzed_files'
2025-05-29 12:14:01,273 - utils.folder_summarizer - WARNING - Could not analyze content of ./target/debug/.fingerprint/pathdiff-b77aeceb7affc616/invoked.timestamp: 'analyzed_files'
2025-05-29 12:14:01,274 - utils.folder_summarizer - WARNING - Could not analyze content of ./target/debug/.fingerprint/tauri-runtime-1425a1d4bb35375f/run-build-script-build-script-build.json: 'analyzed_files'
2025-05-29 12:14:01,274 - utils.folder_summarizer - WARNING - Could not analyze content of ./target/debug/.fingerprint/semver-8f5a20fe8d574bef/run-build-script-build-script-build.json: 'analyzed_files'
2025-05-29 12:14:01,275 - utils.folder_summarizer - WARNING - Could not analyze content of ./target/debug/.fingerprint/html5ever-fd9e648e3d315b15/invoked.timestamp: 'analyzed_files'
2025-05-29 12:14:01,276 - utils.folder_summarizer - WARNING - Could not analyze content of ./target/debug/.fingerprint/html5ever-fd9e648e3d315b15/lib-html5ever.json: 'analyzed_files'
2025-05-29 12:14:01,276 - utils.folder_summarizer - WARNING - Could not analyze content of ./target/debug/.fingerprint/typenum-fe368ad1549f763a/lib-typenum.json: 'analyzed_files'
2025-05-29 12:14:01,277 - utils.folder_summarizer - WARNING - Could not analyze content of ./target/debug/.fingerprint/typenum-fe368ad1549f763a/invoked.timestamp: 'analyzed_files'
2025-05-29 12:14:01,277 - utils.folder_summarizer - WARNING - Could not analyze content of ./target/debug/.fingerprint/zerovec-derive-a48ec89cc9037c2a/invoked.timestamp: 'analyzed_files'
2025-05-29 12:14:01,278 - utils.folder_summarizer - WARNING - Could not analyze content of ./target/debug/.fingerprint/zerovec-derive-a48ec89cc9037c2a/lib-zerovec_derive.json: 'analyzed_files'
2025-05-29 12:14:01,278 - utils.folder_summarizer - WARNING - Could not analyze content of ./target/debug/.fingerprint/http-fc91d7836f8fb82a/lib-http.json: 'analyzed_files'
2025-05-29 12:14:01,279 - utils.folder_summarizer - WARNING - Could not analyze content of ./target/debug/.fingerprint/http-fc91d7836f8fb82a/invoked.timestamp: 'analyzed_files'
2025-05-29 12:14:01,279 - utils.folder_summarizer - WARNING - Could not analyze content of ./target/debug/.fingerprint/rustc_version-fb0180a7b437190f/lib-rustc_version.json: 'analyzed_files'
2025-05-29 12:14:01,280 - utils.folder_summarizer - WARNING - Could not analyze content of ./target/debug/.fingerprint/rustc_version-fb0180a7b437190f/invoked.timestamp: 'analyzed_files'
2025-05-29 12:14:01,281 - utils.folder_summarizer - WARNING - Could not analyze content of ./target/debug/.fingerprint/siphasher-f1d367418dd0eb14/lib-siphasher.json: 'analyzed_files'
2025-05-29 12:14:01,281 - utils.folder_summarizer - WARNING - Could not analyze content of ./target/debug/.fingerprint/siphasher-f1d367418dd0eb14/invoked.timestamp: 'analyzed_files'
2025-05-29 12:14:01,282 - utils.folder_summarizer - WARNING - Could not analyze content of ./target/debug/.fingerprint/semver-92f8612741111a14/run-build-script-build-script-build.json: 'analyzed_files'
2025-05-29 12:14:01,282 - utils.folder_summarizer - WARNING - Could not analyze content of ./target/debug/.fingerprint/deranged-a1454c15b2aaef76/lib-deranged.json: 'analyzed_files'
2025-05-29 12:14:01,283 - utils.folder_summarizer - WARNING - Could not analyze content of ./target/debug/.fingerprint/deranged-a1454c15b2aaef76/invoked.timestamp: 'analyzed_files'
2025-05-29 12:14:01,284 - utils.folder_summarizer - WARNING - Could not analyze content of ./target/debug/.fingerprint/proc-macro-hack-163bcfaebb09ea99/run-build-script-build-script-build.json: 'analyzed_files'
2025-05-29 12:14:01,284 - utils.folder_summarizer - WARNING - Could not analyze content of ./target/debug/.fingerprint/strsim-02b1f70acc45b698/lib-strsim.json: 'analyzed_files'
2025-05-29 12:14:01,285 - utils.folder_summarizer - WARNING - Could not analyze content of ./target/debug/.fingerprint/strsim-02b1f70acc45b698/invoked.timestamp: 'analyzed_files'
2025-05-29 12:14:01,285 - utils.folder_summarizer - WARNING - Could not analyze content of ./target/debug/.fingerprint/brotli-0afe35980e3430aa/invoked.timestamp: 'analyzed_files'
2025-05-29 12:14:01,286 - utils.folder_summarizer - WARNING - Could not analyze content of ./target/debug/.fingerprint/brotli-0afe35980e3430aa/lib-brotli.json: 'analyzed_files'
2025-05-29 12:14:01,287 - utils.folder_summarizer - WARNING - Could not analyze content of ./target/debug/.fingerprint/heck-65d7a504e0bd8535/lib-heck.json: 'analyzed_files'
2025-05-29 12:14:01,287 - utils.folder_summarizer - WARNING - Could not analyze content of ./target/debug/.fingerprint/heck-65d7a504e0bd8535/invoked.timestamp: 'analyzed_files'
2025-05-29 12:14:01,288 - utils.folder_summarizer - WARNING - Could not analyze content of ./target/debug/.fingerprint/rand-d060b7fdf51cfba4/lib-rand.json: 'analyzed_files'
2025-05-29 12:14:01,289 - utils.folder_summarizer - WARNING - Could not analyze content of ./target/debug/.fingerprint/rand-d060b7fdf51cfba4/invoked.timestamp: 'analyzed_files'
2025-05-29 12:14:01,289 - utils.folder_summarizer - WARNING - Could not analyze content of ./target/debug/.fingerprint/phf_macros-fbbe8e3ff569e19e/invoked.timestamp: 'analyzed_files'
2025-05-29 12:14:01,290 - utils.folder_summarizer - WARNING - Could not analyze content of ./target/debug/.fingerprint/phf_macros-fbbe8e3ff569e19e/lib-phf_macros.json: 'analyzed_files'
2025-05-29 12:14:01,290 - utils.folder_summarizer - WARNING - Could not analyze content of ./target/debug/.fingerprint/ignore-23f20876a06dc60c/lib-ignore.json: 'analyzed_files'
2025-05-29 12:14:01,291 - utils.folder_summarizer - WARNING - Could not analyze content of ./target/debug/.fingerprint/ignore-23f20876a06dc60c/invoked.timestamp: 'analyzed_files'
2025-05-29 12:14:01,291 - utils.folder_summarizer - WARNING - Could not analyze content of ./target/debug/.fingerprint/litemap-7c3c50f978024bed/lib-litemap.json: 'analyzed_files'
2025-05-29 12:14:01,292 - utils.folder_summarizer - WARNING - Could not analyze content of ./target/debug/.fingerprint/litemap-7c3c50f978024bed/invoked.timestamp: 'analyzed_files'
2025-05-29 12:14:01,292 - utils.folder_summarizer - WARNING - Could not analyze content of ./target/debug/.fingerprint/utf-8-d55f00eae2512180/invoked.timestamp: 'analyzed_files'
2025-05-29 12:14:01,293 - utils.folder_summarizer - WARNING - Could not analyze content of ./target/debug/.fingerprint/utf-8-d55f00eae2512180/lib-utf8.json: 'analyzed_files'
2025-05-29 12:14:01,294 - utils.folder_summarizer - WARNING - Could not analyze content of ./target/debug/.fingerprint/tauri-30ae77f72743e616/lib-tauri.json: 'analyzed_files'
2025-05-29 12:14:01,295 - utils.folder_summarizer - WARNING - Could not analyze content of ./target/debug/.fingerprint/tauri-30ae77f72743e616/invoked.timestamp: 'analyzed_files'
2025-05-29 12:14:01,296 - utils.folder_summarizer - WARNING - Could not analyze content of ./target/debug/.fingerprint/tao-04f90cf40222f0d1/invoked.timestamp: 'analyzed_files'
2025-05-29 12:14:01,296 - utils.folder_summarizer - WARNING - Could not analyze content of ./target/debug/.fingerprint/tao-04f90cf40222f0d1/build-script-build-script-build.json: 'analyzed_files'
2025-05-29 12:14:01,297 - utils.folder_summarizer - WARNING - Could not analyze content of ./target/debug/.fingerprint/globset-3bff3fe4e10a22cd/invoked.timestamp: 'analyzed_files'
2025-05-29 12:14:01,297 - utils.folder_summarizer - WARNING - Could not analyze content of ./target/debug/.fingerprint/globset-3bff3fe4e10a22cd/lib-globset.json: 'analyzed_files'
2025-05-29 12:14:01,298 - utils.folder_summarizer - WARNING - Could not analyze content of ./target/debug/.fingerprint/thiserror-0b07345874135a92/lib-thiserror.json: 'analyzed_files'
2025-05-29 12:14:01,298 - memory.enhanced_semantic_search - INFO - Added 700 items to vector index
2025-05-29 12:14:01,298 - utils.folder_summarizer - WARNING - Could not analyze content of ./target/debug/.fingerprint/thiserror-0b07345874135a92/invoked.timestamp: 'analyzed_files'
2025-05-29 12:14:01,299 - utils.folder_summarizer - WARNING - Could not analyze content of ./target/debug/.fingerprint/cocoa-7ad1e2f4c2b2d69f/lib-cocoa.json: 'analyzed_files'
2025-05-29 12:14:01,300 - utils.folder_summarizer - WARNING - Could not analyze content of ./target/debug/.fingerprint/cocoa-7ad1e2f4c2b2d69f/invoked.timestamp: 'analyzed_files'
2025-05-29 12:14:01,300 - utils.folder_summarizer - WARNING - Could not analyze content of ./target/debug/.fingerprint/parking_lot_core-0a222a6f6fe6a9f0/invoked.timestamp: 'analyzed_files'
2025-05-29 12:14:01,301 - utils.folder_summarizer - WARNING - Could not analyze content of ./target/debug/.fingerprint/parking_lot_core-0a222a6f6fe6a9f0/build-script-build-script-build.json: 'analyzed_files'
2025-05-29 12:14:01,302 - utils.folder_summarizer - WARNING - Could not analyze content of ./target/debug/.fingerprint/smallvec-12d5478b43238dbc/lib-smallvec.json: 'analyzed_files'
2025-05-29 12:14:01,302 - utils.folder_summarizer - WARNING - Could not analyze content of ./target/debug/.fingerprint/smallvec-12d5478b43238dbc/invoked.timestamp: 'analyzed_files'
2025-05-29 12:14:01,303 - utils.folder_summarizer - WARNING - Could not analyze content of ./target/debug/.fingerprint/aho-corasick-ab50ee54273eb3aa/lib-aho_corasick.json: 'analyzed_files'
2025-05-29 12:14:01,303 - utils.folder_summarizer - WARNING - Could not analyze content of ./target/debug/.fingerprint/aho-corasick-ab50ee54273eb3aa/invoked.timestamp: 'analyzed_files'
2025-05-29 12:14:01,304 - utils.folder_summarizer - WARNING - Could not analyze content of ./target/debug/.fingerprint/rand-3c214f08d7b23e05/lib-rand.json: 'analyzed_files'
2025-05-29 12:14:01,305 - utils.folder_summarizer - WARNING - Could not analyze content of ./target/debug/.fingerprint/rand-3c214f08d7b23e05/invoked.timestamp: 'analyzed_files'
2025-05-29 12:14:01,305 - utils.folder_summarizer - WARNING - Could not analyze content of ./target/debug/.fingerprint/tauri-build-26f5b39e6063234e/lib-tauri_build.json: 'analyzed_files'
2025-05-29 12:14:01,307 - utils.folder_summarizer - WARNING - Could not analyze content of ./target/debug/.fingerprint/tauri-build-26f5b39e6063234e/invoked.timestamp: 'analyzed_files'
2025-05-29 12:14:01,308 - utils.folder_summarizer - WARNING - Could not analyze content of ./target/debug/.fingerprint/sha2-be5b8a9d691801fb/lib-sha2.json: 'analyzed_files'
2025-05-29 12:14:01,308 - utils.folder_summarizer - WARNING - Could not analyze content of ./target/debug/.fingerprint/sha2-be5b8a9d691801fb/invoked.timestamp: 'analyzed_files'
2025-05-29 12:14:01,309 - utils.folder_summarizer - WARNING - Could not analyze content of ./target/debug/.fingerprint/window-vibrancy-781b6af08b37ed19/lib-window_vibrancy.json: 'analyzed_files'
2025-05-29 12:14:01,309 - utils.folder_summarizer - WARNING - Could not analyze content of ./target/debug/.fingerprint/window-vibrancy-781b6af08b37ed19/invoked.timestamp: 'analyzed_files'
2025-05-29 12:14:01,310 - utils.folder_summarizer - WARNING - Could not analyze content of ./target/debug/.fingerprint/filetime-2136736876cdb8f2/lib-filetime.json: 'analyzed_files'
2025-05-29 12:14:01,310 - utils.folder_summarizer - WARNING - Could not analyze content of ./target/debug/.fingerprint/filetime-2136736876cdb8f2/invoked.timestamp: 'analyzed_files'
2025-05-29 12:14:01,311 - utils.folder_summarizer - WARNING - Could not analyze content of ./target/debug/.fingerprint/anyhow-c32014d49284980a/lib-anyhow.json: 'analyzed_files'
2025-05-29 12:14:01,312 - utils.folder_summarizer - WARNING - Could not analyze content of ./target/debug/.fingerprint/anyhow-c32014d49284980a/invoked.timestamp: 'analyzed_files'
2025-05-29 12:14:01,312 - utils.folder_summarizer - WARNING - Could not analyze content of ./target/debug/.fingerprint/version_check-82bbcefce66a40c8/lib-version_check.json: 'analyzed_files'
2025-05-29 12:14:01,312 - utils.folder_summarizer - WARNING - Could not analyze content of ./target/debug/.fingerprint/version_check-82bbcefce66a40c8/invoked.timestamp: 'analyzed_files'
2025-05-29 12:14:01,313 - utils.folder_summarizer - WARNING - Could not analyze content of ./target/debug/.fingerprint/wry-627d1ebe431032b3/invoked.timestamp: 'analyzed_files'
2025-05-29 12:14:01,313 - utils.folder_summarizer - WARNING - Could not analyze content of ./target/debug/.fingerprint/wry-627d1ebe431032b3/build-script-build-script-build.json: 'analyzed_files'
2025-05-29 12:14:01,314 - utils.folder_summarizer - WARNING - Could not analyze content of ./target/debug/.fingerprint/ai-assistant-overlay-fce9aa076f5deffb/run-build-script-build-script-build.json: 'analyzed_files'
2025-05-29 12:14:01,315 - utils.folder_summarizer - WARNING - Could not analyze content of ./target/debug/.fingerprint/icu_provider_macros-364fb1ba0617d304/lib-icu_provider_macros.json: 'analyzed_files'
2025-05-29 12:14:01,315 - utils.folder_summarizer - WARNING - Could not analyze content of ./target/debug/.fingerprint/icu_provider_macros-364fb1ba0617d304/invoked.timestamp: 'analyzed_files'
2025-05-29 12:14:01,316 - utils.folder_summarizer - WARNING - Could not analyze content of ./target/debug/.fingerprint/syn-e995e379bab61b28/lib-syn.json: 'analyzed_files'
2025-05-29 12:14:01,316 - utils.folder_summarizer - WARNING - Could not analyze content of ./target/debug/.fingerprint/syn-e995e379bab61b28/invoked.timestamp: 'analyzed_files'
2025-05-29 12:14:01,317 - utils.folder_summarizer - WARNING - Could not analyze content of ./target/debug/.fingerprint/instant-4801c8d0aabe7321/lib-instant.json: 'analyzed_files'
2025-05-29 12:14:01,318 - utils.folder_summarizer - WARNING - Could not analyze content of ./target/debug/.fingerprint/instant-4801c8d0aabe7321/invoked.timestamp: 'analyzed_files'
2025-05-29 12:14:01,319 - utils.folder_summarizer - WARNING - Could not analyze content of ./target/debug/.fingerprint/selectors-1af72d9dbe39cadc/run-build-script-build-script-build.json: 'analyzed_files'
2025-05-29 12:14:01,319 - utils.folder_summarizer - WARNING - Could not analyze content of ./target/debug/.fingerprint/dirs-sys-next-84418248099f91b3/lib-dirs_sys_next.json: 'analyzed_files'
2025-05-29 12:14:01,320 - utils.folder_summarizer - WARNING - Could not analyze content of ./target/debug/.fingerprint/dirs-sys-next-84418248099f91b3/invoked.timestamp: 'analyzed_files'
2025-05-29 12:14:01,320 - utils.folder_summarizer - WARNING - Could not analyze content of ./target/debug/.fingerprint/uuid-0b530d34dc54f8f5/lib-uuid.json: 'analyzed_files'
2025-05-29 12:14:01,321 - utils.folder_summarizer - WARNING - Could not analyze content of ./target/debug/.fingerprint/uuid-0b530d34dc54f8f5/invoked.timestamp: 'analyzed_files'
2025-05-29 12:14:01,322 - utils.folder_summarizer - WARNING - Could not analyze content of ./target/debug/.fingerprint/lock_api-50d2d9b00064b56a/run-build-script-build-script-build.json: 'analyzed_files'
2025-05-29 12:14:01,322 - utils.folder_summarizer - WARNING - Could not analyze content of ./target/debug/.fingerprint/serde_json-6e8e295b363bf477/run-build-script-build-script-build.json: 'analyzed_files'
2025-05-29 12:14:01,323 - utils.folder_summarizer - WARNING - Could not analyze content of ./target/debug/.fingerprint/autocfg-87e162dfeffeff4a/lib-autocfg.json: 'analyzed_files'
2025-05-29 12:14:01,323 - utils.folder_summarizer - WARNING - Could not analyze content of ./target/debug/.fingerprint/autocfg-87e162dfeffeff4a/invoked.timestamp: 'analyzed_files'
2025-05-29 12:14:01,324 - utils.folder_summarizer - WARNING - Could not analyze content of ./target/debug/.fingerprint/selectors-e91a4ac7b2f6f902/invoked.timestamp: 'analyzed_files'
2025-05-29 12:14:01,325 - utils.folder_summarizer - WARNING - Could not analyze content of ./target/debug/.fingerprint/selectors-e91a4ac7b2f6f902/build-script-build-script-build.json: 'analyzed_files'
2025-05-29 12:14:01,325 - utils.folder_summarizer - WARNING - Could not analyze content of ./target/debug/.fingerprint/rustix-c759acace65ff367/invoked.timestamp: 'analyzed_files'
2025-05-29 12:14:01,326 - utils.folder_summarizer - WARNING - Could not analyze content of ./target/debug/.fingerprint/rustix-c759acace65ff367/build-script-build-script-build.json: 'analyzed_files'
2025-05-29 12:14:01,326 - utils.folder_summarizer - WARNING - Could not analyze content of ./target/debug/.fingerprint/phf_generator-30a8d359b0688196/invoked.timestamp: 'analyzed_files'
2025-05-29 12:14:01,327 - utils.folder_summarizer - WARNING - Could not analyze content of ./target/debug/.fingerprint/phf_generator-30a8d359b0688196/lib-phf_generator.json: 'analyzed_files'
2025-05-29 12:14:01,327 - utils.folder_summarizer - WARNING - Could not analyze content of ./target/debug/.fingerprint/equivalent-c72f791bc7303335/lib-equivalent.json: 'analyzed_files'
2025-05-29 12:14:01,328 - utils.folder_summarizer - WARNING - Could not analyze content of ./target/debug/.fingerprint/equivalent-c72f791bc7303335/invoked.timestamp: 'analyzed_files'
2025-05-29 12:14:01,328 - utils.folder_summarizer - WARNING - Could not analyze content of ./target/debug/.fingerprint/tauri-runtime-wry-b3affb480515f091/invoked.timestamp: 'analyzed_files'
2025-05-29 12:14:01,329 - utils.folder_summarizer - WARNING - Could not analyze content of ./target/debug/.fingerprint/tauri-runtime-wry-b3affb480515f091/build-script-build-script-build.json: 'analyzed_files'
2025-05-29 12:14:01,330 - utils.folder_summarizer - WARNING - Could not analyze content of ./target/debug/.fingerprint/serde_repr-e3e396b05813838e/invoked.timestamp: 'analyzed_files'
2025-05-29 12:14:01,330 - utils.folder_summarizer - WARNING - Could not analyze content of ./target/debug/.fingerprint/serde_repr-e3e396b05813838e/lib-serde_repr.json: 'analyzed_files'
2025-05-29 12:14:01,331 - utils.folder_summarizer - WARNING - Could not analyze content of ./target/debug/.fingerprint/idna-eabe0e0d1ebdb914/lib-idna.json: 'analyzed_files'
2025-05-29 12:14:01,332 - utils.folder_summarizer - WARNING - Could not analyze content of ./target/debug/.fingerprint/idna-eabe0e0d1ebdb914/invoked.timestamp: 'analyzed_files'
2025-05-29 12:14:01,332 - utils.folder_summarizer - WARNING - Could not analyze content of ./target/debug/.fingerprint/scopeguard-32d91715e6c60f8a/lib-scopeguard.json: 'analyzed_files'
2025-05-29 12:14:01,332 - utils.folder_summarizer - WARNING - Could not analyze content of ./target/debug/.fingerprint/scopeguard-32d91715e6c60f8a/invoked.timestamp: 'analyzed_files'
2025-05-29 12:14:01,333 - utils.folder_summarizer - WARNING - Could not analyze content of ./target/debug/.fingerprint/toml_edit-07e4930d3eeb4b5f/lib-toml_edit.json: 'analyzed_files'
2025-05-29 12:14:01,334 - utils.folder_summarizer - WARNING - Could not analyze content of ./target/debug/.fingerprint/toml_edit-07e4930d3eeb4b5f/invoked.timestamp: 'analyzed_files'
2025-05-29 12:14:01,335 - utils.folder_summarizer - WARNING - Could not analyze content of ./target/debug/.fingerprint/getrandom-275804627d53e7f5/lib-getrandom.json: 'analyzed_files'
2025-05-29 12:14:01,335 - utils.folder_summarizer - WARNING - Could not analyze content of ./target/debug/.fingerprint/getrandom-275804627d53e7f5/invoked.timestamp: 'analyzed_files'
2025-05-29 12:14:01,336 - utils.folder_summarizer - WARNING - Could not analyze content of ./target/debug/.fingerprint/errno-cc3dd03d06b9ca9d/lib-errno.json: 'analyzed_files'
2025-05-29 12:14:01,336 - utils.folder_summarizer - WARNING - Could not analyze content of ./target/debug/.fingerprint/errno-cc3dd03d06b9ca9d/invoked.timestamp: 'analyzed_files'
2025-05-29 12:14:01,337 - utils.folder_summarizer - WARNING - Could not analyze content of ./target/debug/.fingerprint/adler2-bd2cc5114fc6daee/lib-adler2.json: 'analyzed_files'
2025-05-29 12:14:01,337 - utils.folder_summarizer - WARNING - Could not analyze content of ./target/debug/.fingerprint/adler2-bd2cc5114fc6daee/invoked.timestamp: 'analyzed_files'
2025-05-29 12:14:01,338 - utils.folder_summarizer - WARNING - Could not analyze content of ./target/debug/.fingerprint/phf_codegen-d02d61c759859e67/lib-phf_codegen.json: 'analyzed_files'
2025-05-29 12:14:01,338 - utils.folder_summarizer - WARNING - Could not analyze content of ./target/debug/.fingerprint/phf_codegen-d02d61c759859e67/invoked.timestamp: 'analyzed_files'
2025-05-29 12:14:01,339 - utils.folder_summarizer - WARNING - Could not analyze content of ./target/debug/.fingerprint/utf16_iter-9980532ee28a7c96/lib-utf16_iter.json: 'analyzed_files'
2025-05-29 12:14:01,339 - utils.folder_summarizer - WARNING - Could not analyze content of ./target/debug/.fingerprint/utf16_iter-9980532ee28a7c96/invoked.timestamp: 'analyzed_files'
2025-05-29 12:14:01,340 - utils.folder_summarizer - WARNING - Could not analyze content of ./target/debug/.fingerprint/crossbeam-utils-ee76f0a5891b36c7/invoked.timestamp: 'analyzed_files'
2025-05-29 12:14:01,340 - utils.folder_summarizer - WARNING - Could not analyze content of ./target/debug/.fingerprint/crossbeam-utils-ee76f0a5891b36c7/build-script-build-script-build.json: 'analyzed_files'
2025-05-29 12:14:01,341 - utils.folder_summarizer - WARNING - Could not analyze content of ./target/debug/.fingerprint/serde_spanned-e4156c091b3fb9c3/invoked.timestamp: 'analyzed_files'
2025-05-29 12:14:01,341 - utils.folder_summarizer - WARNING - Could not analyze content of ./target/debug/.fingerprint/serde_spanned-e4156c091b3fb9c3/lib-serde_spanned.json: 'analyzed_files'
2025-05-29 12:14:01,342 - utils.folder_summarizer - WARNING - Could not analyze content of ./target/debug/.fingerprint/wry-ca996e5604d96a58/lib-wry.json: 'analyzed_files'
2025-05-29 12:14:01,343 - utils.folder_summarizer - WARNING - Could not analyze content of ./target/debug/.fingerprint/wry-ca996e5604d96a58/invoked.timestamp: 'analyzed_files'
2025-05-29 12:14:01,343 - utils.folder_summarizer - WARNING - Could not analyze content of ./target/debug/.fingerprint/serialize-to-javascript-bc09df9077ca30e7/lib-serialize_to_javascript.json: 'analyzed_files'
2025-05-29 12:14:01,343 - utils.folder_summarizer - WARNING - Could not analyze content of ./target/debug/.fingerprint/serialize-to-javascript-bc09df9077ca30e7/invoked.timestamp: 'analyzed_files'
2025-05-29 12:14:01,344 - utils.folder_summarizer - WARNING - Could not analyze content of ./target/debug/.fingerprint/digest-be56c41c69317519/lib-digest.json: 'analyzed_files'
2025-05-29 12:14:01,345 - utils.folder_summarizer - WARNING - Could not analyze content of ./target/debug/.fingerprint/digest-be56c41c69317519/invoked.timestamp: 'analyzed_files'
2025-05-29 12:14:01,345 - utils.folder_summarizer - WARNING - Could not analyze content of ./target/debug/.fingerprint/anyhow-af950cf722149fcb/run-build-script-build-script-build.json: 'analyzed_files'
2025-05-29 12:14:01,346 - utils.folder_summarizer - WARNING - Could not analyze content of ./target/debug/.fingerprint/indexmap-601ecc457e2b03a0/lib-indexmap.json: 'analyzed_files'
2025-05-29 12:14:01,347 - utils.folder_summarizer - WARNING - Could not analyze content of ./target/debug/.fingerprint/indexmap-601ecc457e2b03a0/invoked.timestamp: 'analyzed_files'
2025-05-29 12:14:01,347 - utils.folder_summarizer - WARNING - Could not analyze content of ./target/debug/.fingerprint/bstr-5f713236ed7446f5/lib-bstr.json: 'analyzed_files'
2025-05-29 12:14:01,348 - utils.folder_summarizer - WARNING - Could not analyze content of ./target/debug/.fingerprint/bstr-5f713236ed7446f5/invoked.timestamp: 'analyzed_files'
2025-05-29 12:14:01,348 - utils.folder_summarizer - WARNING - Could not analyze content of ./target/debug/.fingerprint/crossbeam-epoch-d6c457755bc4d304/lib-crossbeam_epoch.json: 'analyzed_files'
2025-05-29 12:14:01,349 - utils.folder_summarizer - WARNING - Could not analyze content of ./target/debug/.fingerprint/crossbeam-epoch-d6c457755bc4d304/invoked.timestamp: 'analyzed_files'
2025-05-29 12:14:01,350 - utils.folder_summarizer - WARNING - Could not analyze content of ./target/debug/.fingerprint/ai-assistant-overlay-a7aed4321197f1f7/lib-ai_assistant_overlay.json: 'analyzed_files'
2025-05-29 12:14:01,350 - utils.folder_summarizer - WARNING - Could not analyze content of ./target/debug/.fingerprint/ai-assistant-overlay-a7aed4321197f1f7/invoked.timestamp: 'analyzed_files'
2025-05-29 12:14:01,351 - utils.folder_summarizer - WARNING - Could not analyze content of ./target/debug/.fingerprint/dispatch-5bb237902781f6d9/lib-dispatch.json: 'analyzed_files'
2025-05-29 12:14:01,352 - utils.folder_summarizer - WARNING - Could not analyze content of ./target/debug/.fingerprint/dispatch-5bb237902781f6d9/invoked.timestamp: 'analyzed_files'
2025-05-29 12:14:01,352 - utils.folder_summarizer - WARNING - Could not analyze content of ./target/debug/.fingerprint/brotli-decompressor-e708c5f0a7c55f64/invoked.timestamp: 'analyzed_files'
2025-05-29 12:14:01,353 - utils.folder_summarizer - WARNING - Could not analyze content of ./target/debug/.fingerprint/brotli-decompressor-e708c5f0a7c55f64/lib-brotli_decompressor.json: 'analyzed_files'
2025-05-29 12:14:01,353 - utils.folder_summarizer - WARNING - Could not analyze content of ./target/debug/.fingerprint/rand_chacha-e07fd911428b9148/lib-rand_chacha.json: 'analyzed_files'
2025-05-29 12:14:01,354 - utils.folder_summarizer - WARNING - Could not analyze content of ./target/debug/.fingerprint/rand_chacha-e07fd911428b9148/invoked.timestamp: 'analyzed_files'
2025-05-29 12:14:01,355 - utils.folder_summarizer - WARNING - Could not analyze content of ./target/debug/.fingerprint/generic-array-c3757a045d9fb6c0/lib-generic_array.json: 'analyzed_files'
2025-05-29 12:14:01,355 - utils.folder_summarizer - WARNING - Could not analyze content of ./target/debug/.fingerprint/generic-array-c3757a045d9fb6c0/invoked.timestamp: 'analyzed_files'
2025-05-29 12:14:01,356 - utils.folder_summarizer - WARNING - Could not analyze content of ./target/debug/.fingerprint/bitflags-0da64da3b72ed005/invoked.timestamp: 'analyzed_files'
2025-05-29 12:14:01,356 - utils.folder_summarizer - WARNING - Could not analyze content of ./target/debug/.fingerprint/bitflags-0da64da3b72ed005/lib-bitflags.json: 'analyzed_files'
2025-05-29 12:14:01,357 - utils.folder_summarizer - WARNING - Could not analyze content of ./target/debug/.fingerprint/walkdir-7f54be8a8d702370/lib-walkdir.json: 'analyzed_files'
2025-05-29 12:14:01,358 - utils.folder_summarizer - WARNING - Could not analyze content of ./target/debug/.fingerprint/walkdir-7f54be8a8d702370/invoked.timestamp: 'analyzed_files'
2025-05-29 12:14:01,358 - memory.enhanced_semantic_search - INFO - Added 800 items to vector index
2025-05-29 12:14:01,359 - utils.folder_summarizer - WARNING - Could not analyze content of ./target/debug/.fingerprint/getrandom-e269729f279eec6f/invoked.timestamp: 'analyzed_files'
2025-05-29 12:14:01,359 - utils.folder_summarizer - WARNING - Could not analyze content of ./target/debug/.fingerprint/getrandom-e269729f279eec6f/build-script-build-script-build.json: 'analyzed_files'
2025-05-29 12:14:01,360 - utils.folder_summarizer - WARNING - Could not analyze content of ./target/debug/.fingerprint/json-patch-b60dce07ec5c7310/invoked.timestamp: 'analyzed_files'
2025-05-29 12:14:01,360 - utils.folder_summarizer - WARNING - Could not analyze content of ./target/debug/.fingerprint/json-patch-b60dce07ec5c7310/lib-json_patch.json: 'analyzed_files'
2025-05-29 12:14:01,361 - utils.folder_summarizer - WARNING - Could not analyze content of ./target/debug/.fingerprint/time-64234c97cc653f28/invoked.timestamp: 'analyzed_files'
2025-05-29 12:14:01,362 - utils.folder_summarizer - WARNING - Could not analyze content of ./target/debug/.fingerprint/time-64234c97cc653f28/lib-time.json: 'analyzed_files'
2025-05-29 12:14:01,362 - utils.folder_summarizer - WARNING - Could not analyze content of ./target/debug/.fingerprint/rand_pcg-4cc1454dcc0a37c6/lib-rand_pcg.json: 'analyzed_files'
2025-05-29 12:14:01,363 - utils.folder_summarizer - WARNING - Could not analyze content of ./target/debug/.fingerprint/rand_pcg-4cc1454dcc0a37c6/invoked.timestamp: 'analyzed_files'
2025-05-29 12:14:01,364 - utils.folder_summarizer - WARNING - Could not analyze content of ./target/debug/.fingerprint/icu_locid_transform_data-8bd64d77d30881b7/lib-icu_locid_transform_data.json: 'analyzed_files'
2025-05-29 12:14:01,364 - utils.folder_summarizer - WARNING - Could not analyze content of ./target/debug/.fingerprint/icu_locid_transform_data-8bd64d77d30881b7/invoked.timestamp: 'analyzed_files'
2025-05-29 12:14:01,365 - utils.folder_summarizer - WARNING - Could not analyze content of ./target/debug/.fingerprint/proc-macro2-5e38c54391a84036/run-build-script-build-script-build.json: 'analyzed_files'
2025-05-29 12:14:01,365 - utils.folder_summarizer - WARNING - Could not analyze content of ./target/debug/.fingerprint/glob-156add1fdd2874f6/lib-glob.json: 'analyzed_files'
2025-05-29 12:14:01,366 - utils.folder_summarizer - WARNING - Could not analyze content of ./target/debug/.fingerprint/glob-156add1fdd2874f6/invoked.timestamp: 'analyzed_files'
2025-05-29 12:14:01,369 - utils.folder_summarizer - WARNING - Could not analyze content of ./target/debug/.fingerprint/tauri-4e8c59a7e74e7563/lib-tauri.json: 'analyzed_files'
2025-05-29 12:14:01,370 - utils.folder_summarizer - WARNING - Could not analyze content of ./target/debug/.fingerprint/tauri-4e8c59a7e74e7563/invoked.timestamp: 'analyzed_files'
2025-05-29 12:14:01,370 - utils.folder_summarizer - WARNING - Could not analyze content of ./target/debug/.fingerprint/getrandom-52fb02a21b8201a5/lib-getrandom.json: 'analyzed_files'
2025-05-29 12:14:01,371 - utils.folder_summarizer - WARNING - Could not analyze content of ./target/debug/.fingerprint/getrandom-52fb02a21b8201a5/invoked.timestamp: 'analyzed_files'
2025-05-29 12:14:01,372 - utils.folder_summarizer - WARNING - Could not analyze content of ./target/debug/.fingerprint/core-graphics-types-87030976b040d99c/lib-core_graphics_types.json: 'analyzed_files'
2025-05-29 12:14:01,372 - utils.folder_summarizer - WARNING - Could not analyze content of ./target/debug/.fingerprint/core-graphics-types-87030976b040d99c/invoked.timestamp: 'analyzed_files'
2025-05-29 12:14:01,373 - utils.folder_summarizer - WARNING - Could not analyze content of ./target/debug/.fingerprint/serde_json-50ee4e51e54e1a98/lib-serde_json.json: 'analyzed_files'
2025-05-29 12:14:01,374 - utils.folder_summarizer - WARNING - Could not analyze content of ./target/debug/.fingerprint/serde_json-50ee4e51e54e1a98/invoked.timestamp: 'analyzed_files'
2025-05-29 12:14:01,374 - utils.folder_summarizer - WARNING - Could not analyze content of ./target/debug/.fingerprint/cocoa-foundation-24f863702a1e496a/lib-cocoa_foundation.json: 'analyzed_files'
2025-05-29 12:14:01,375 - utils.folder_summarizer - WARNING - Could not analyze content of ./target/debug/.fingerprint/cocoa-foundation-24f863702a1e496a/invoked.timestamp: 'analyzed_files'
2025-05-29 12:14:01,375 - utils.folder_summarizer - WARNING - Could not analyze content of ./target/debug/.fingerprint/rand_core-3cd419d6ed7396fa/lib-rand_core.json: 'analyzed_files'
2025-05-29 12:14:01,376 - utils.folder_summarizer - WARNING - Could not analyze content of ./target/debug/.fingerprint/rand_core-3cd419d6ed7396fa/invoked.timestamp: 'analyzed_files'
2025-05-29 12:14:01,377 - utils.folder_summarizer - WARNING - Could not analyze content of ./target/debug/.fingerprint/rustix-b457493b2409a86e/lib-rustix.json: 'analyzed_files'
2025-05-29 12:14:01,377 - utils.folder_summarizer - WARNING - Could not analyze content of ./target/debug/.fingerprint/rustix-b457493b2409a86e/invoked.timestamp: 'analyzed_files'
2025-05-29 12:14:01,378 - utils.folder_summarizer - WARNING - Could not analyze content of ./target/debug/.fingerprint/cc-8692a4071945d0a9/lib-cc.json: 'analyzed_files'
2025-05-29 12:14:01,378 - utils.folder_summarizer - WARNING - Could not analyze content of ./target/debug/.fingerprint/cc-8692a4071945d0a9/invoked.timestamp: 'analyzed_files'
2025-05-29 12:14:01,379 - utils.folder_summarizer - WARNING - Could not analyze content of ./target/debug/.fingerprint/hashbrown-5bfa26e0cabc4994/lib-hashbrown.json: 'analyzed_files'
2025-05-29 12:14:01,380 - utils.folder_summarizer - WARNING - Could not analyze content of ./target/debug/.fingerprint/hashbrown-5bfa26e0cabc4994/invoked.timestamp: 'analyzed_files'
2025-05-29 12:14:01,380 - utils.folder_summarizer - WARNING - Could not analyze content of ./target/debug/.fingerprint/convert_case-dc08e696a973390b/lib-convert_case.json: 'analyzed_files'
2025-05-29 12:14:01,380 - utils.folder_summarizer - WARNING - Could not analyze content of ./target/debug/.fingerprint/convert_case-dc08e696a973390b/invoked.timestamp: 'analyzed_files'
2025-05-29 12:14:01,381 - utils.folder_summarizer - WARNING - Could not analyze content of ./target/debug/.fingerprint/cfb-03d74a09806131ae/lib-cfb.json: 'analyzed_files'
2025-05-29 12:14:01,381 - utils.folder_summarizer - WARNING - Could not analyze content of ./target/debug/.fingerprint/cfb-03d74a09806131ae/invoked.timestamp: 'analyzed_files'
2025-05-29 12:14:01,382 - utils.folder_summarizer - WARNING - Could not analyze content of ./target/debug/.fingerprint/new_debug_unreachable-78610b340fcf7cb7/invoked.timestamp: 'analyzed_files'
2025-05-29 12:14:01,383 - utils.folder_summarizer - WARNING - Could not analyze content of ./target/debug/.fingerprint/new_debug_unreachable-78610b340fcf7cb7/lib-debug_unreachable.json: 'analyzed_files'
2025-05-29 12:14:01,384 - utils.folder_summarizer - WARNING - Could not analyze content of ./target/debug/.fingerprint/alloc-stdlib-37fd87890e6cee4a/lib-alloc_stdlib.json: 'analyzed_files'
2025-05-29 12:14:01,384 - utils.folder_summarizer - WARNING - Could not analyze content of ./target/debug/.fingerprint/alloc-stdlib-37fd87890e6cee4a/invoked.timestamp: 'analyzed_files'
2025-05-29 12:14:01,385 - utils.folder_summarizer - WARNING - Could not analyze content of ./target/debug/.fingerprint/string_cache-331752466d1c3d1a/lib-string_cache.json: 'analyzed_files'
2025-05-29 12:14:01,386 - utils.folder_summarizer - WARNING - Could not analyze content of ./target/debug/.fingerprint/string_cache-331752466d1c3d1a/invoked.timestamp: 'analyzed_files'
2025-05-29 12:14:01,386 - utils.folder_summarizer - WARNING - Could not analyze content of ./target/debug/.fingerprint/tauri-ce11df4eccd1bd64/run-build-script-build-script-build.json: 'analyzed_files'
2025-05-29 12:14:01,387 - utils.folder_summarizer - WARNING - Could not analyze content of ./target/debug/.fingerprint/icu_normalizer-779c7e8f0f5873a6/lib-icu_normalizer.json: 'analyzed_files'
2025-05-29 12:14:01,387 - utils.folder_summarizer - WARNING - Could not analyze content of ./target/debug/.fingerprint/icu_normalizer-779c7e8f0f5873a6/invoked.timestamp: 'analyzed_files'
2025-05-29 12:14:01,388 - utils.folder_summarizer - WARNING - Could not analyze content of ./target/debug/.fingerprint/icu_normalizer_data-ed2c3113007b1e41/run-build-script-build-script-build.json: 'analyzed_files'
2025-05-29 12:14:01,388 - utils.folder_summarizer - WARNING - Could not analyze content of ./target/debug/.fingerprint/icu_properties_data-346e487c5c2f35fb/invoked.timestamp: 'analyzed_files'
2025-05-29 12:14:01,389 - utils.folder_summarizer - WARNING - Could not analyze content of ./target/debug/.fingerprint/icu_properties_data-346e487c5c2f35fb/build-script-build-script-build.json: 'analyzed_files'
2025-05-29 12:14:01,390 - utils.folder_summarizer - WARNING - Could not analyze content of ./target/debug/.fingerprint/objc_exception-4e6ffe35435c9db1/run-build-script-build-script-build.json: 'analyzed_files'
2025-05-29 12:14:01,390 - utils.folder_summarizer - WARNING - Could not analyze content of ./target/debug/.fingerprint/foreign-types-shared-5db6408e4f32f6d1/lib-foreign_types_shared.json: 'analyzed_files'
2025-05-29 12:14:01,391 - utils.folder_summarizer - WARNING - Could not analyze content of ./target/debug/.fingerprint/foreign-types-shared-5db6408e4f32f6d1/invoked.timestamp: 'analyzed_files'
2025-05-29 12:14:01,391 - utils.folder_summarizer - WARNING - Could not analyze content of ./target/debug/.fingerprint/objc_exception-f940011267658c9e/lib-objc_exception.json: 'analyzed_files'
2025-05-29 12:14:01,392 - utils.folder_summarizer - WARNING - Could not analyze content of ./target/debug/.fingerprint/objc_exception-f940011267658c9e/invoked.timestamp: 'analyzed_files'
2025-05-29 12:14:01,393 - utils.folder_summarizer - WARNING - Could not analyze content of ./target/debug/.fingerprint/tauri-runtime-c28bf144970ba214/invoked.timestamp: 'analyzed_files'
2025-05-29 12:14:01,394 - utils.folder_summarizer - WARNING - Could not analyze content of ./target/debug/.fingerprint/tauri-runtime-c28bf144970ba214/lib-tauri_runtime.json: 'analyzed_files'
2025-05-29 12:14:01,394 - utils.folder_summarizer - WARNING - Could not analyze content of ./target/debug/.fingerprint/ai-assistant-overlay-1e98dcc5c888e97f/lib-ai_assistant_overlay.json: 'analyzed_files'
2025-05-29 12:14:01,395 - utils.folder_summarizer - WARNING - Could not analyze content of ./target/debug/.fingerprint/ai-assistant-overlay-1e98dcc5c888e97f/invoked.timestamp: 'analyzed_files'
2025-05-29 12:14:01,396 - utils.folder_summarizer - WARNING - Could not analyze content of ./target/debug/.fingerprint/icu_collections-3dbeb7989e58b41a/lib-icu_collections.json: 'analyzed_files'
2025-05-29 12:14:01,396 - utils.folder_summarizer - WARNING - Could not analyze content of ./target/debug/.fingerprint/icu_collections-3dbeb7989e58b41a/invoked.timestamp: 'analyzed_files'
2025-05-29 12:14:01,397 - utils.folder_summarizer - WARNING - Could not analyze content of ./target/debug/.fingerprint/icu_normalizer_data-152255b7f9126609/invoked.timestamp: 'analyzed_files'
2025-05-29 12:14:01,398 - utils.folder_summarizer - WARNING - Could not analyze content of ./target/debug/.fingerprint/icu_normalizer_data-152255b7f9126609/build-script-build-script-build.json: 'analyzed_files'
2025-05-29 12:14:01,399 - utils.folder_summarizer - WARNING - Could not analyze content of ./target/debug/.fingerprint/tar-1f3ce2a6baef8e08/lib-tar.json: 'analyzed_files'
2025-05-29 12:14:01,400 - utils.folder_summarizer - WARNING - Could not analyze content of ./target/debug/.fingerprint/tar-1f3ce2a6baef8e08/invoked.timestamp: 'analyzed_files'
2025-05-29 12:14:01,401 - utils.folder_summarizer - WARNING - Could not analyze content of ./target/debug/.fingerprint/serde_with_macros-bd1e2c6b62d8cdc5/invoked.timestamp: 'analyzed_files'
2025-05-29 12:14:01,402 - utils.folder_summarizer - WARNING - Could not analyze content of ./target/debug/.fingerprint/serde_with_macros-bd1e2c6b62d8cdc5/lib-serde_with_macros.json: 'analyzed_files'
2025-05-29 12:14:01,403 - utils.folder_summarizer - WARNING - Could not analyze content of ./target/debug/.fingerprint/base64-dfed48a90b836f6a/lib-base64.json: 'analyzed_files'
2025-05-29 12:14:01,403 - utils.folder_summarizer - WARNING - Could not analyze content of ./target/debug/.fingerprint/base64-dfed48a90b836f6a/invoked.timestamp: 'analyzed_files'
2025-05-29 12:14:01,404 - utils.folder_summarizer - WARNING - Could not analyze content of ./target/debug/.fingerprint/icu_properties_data-53bf8c8ee5480789/run-build-script-build-script-build.json: 'analyzed_files'
2025-05-29 12:14:01,405 - utils.folder_summarizer - WARNING - Could not analyze content of ./target/debug/.fingerprint/tokio-ba71e7bbf0356e28/lib-tokio.json: 'analyzed_files'
2025-05-29 12:14:01,405 - utils.folder_summarizer - WARNING - Could not analyze content of ./target/debug/.fingerprint/tokio-ba71e7bbf0356e28/invoked.timestamp: 'analyzed_files'
2025-05-29 12:14:01,407 - utils.folder_summarizer - WARNING - Could not analyze content of ./target/debug/.fingerprint/embed_plist-9d32d3206a79b319/lib-embed_plist.json: 'analyzed_files'
2025-05-29 12:14:01,408 - utils.folder_summarizer - WARNING - Could not analyze content of ./target/debug/.fingerprint/embed_plist-9d32d3206a79b319/invoked.timestamp: 'analyzed_files'
2025-05-29 12:14:01,408 - utils.folder_summarizer - WARNING - Could not analyze content of ./target/debug/.fingerprint/pin-project-lite-87d51e31ef5d8a1e/lib-pin_project_lite.json: 'analyzed_files'
2025-05-29 12:14:01,409 - utils.folder_summarizer - WARNING - Could not analyze content of ./target/debug/.fingerprint/pin-project-lite-87d51e31ef5d8a1e/invoked.timestamp: 'analyzed_files'
2025-05-29 12:14:01,410 - utils.folder_summarizer - WARNING - Could not analyze content of ./target/debug/.fingerprint/regex-1d999dcc26e64203/lib-regex.json: 'analyzed_files'
2025-05-29 12:14:01,410 - utils.folder_summarizer - WARNING - Could not analyze content of ./target/debug/.fingerprint/regex-1d999dcc26e64203/invoked.timestamp: 'analyzed_files'
2025-05-29 12:14:01,411 - utils.folder_summarizer - WARNING - Could not analyze content of ./target/debug/.fingerprint/rand-85f2a5d2fc740672/lib-rand.json: 'analyzed_files'
2025-05-29 12:14:01,411 - utils.folder_summarizer - WARNING - Could not analyze content of ./target/debug/.fingerprint/rand-85f2a5d2fc740672/invoked.timestamp: 'analyzed_files'
2025-05-29 12:14:01,412 - utils.folder_summarizer - WARNING - Could not analyze content of ./target/debug/.fingerprint/http-range-2dc02bb1ada507c7/lib-http_range.json: 'analyzed_files'
2025-05-29 12:14:01,413 - utils.folder_summarizer - WARNING - Could not analyze content of ./target/debug/.fingerprint/http-range-2dc02bb1ada507c7/invoked.timestamp: 'analyzed_files'
2025-05-29 12:14:01,413 - utils.folder_summarizer - WARNING - Could not analyze content of ./target/debug/.fingerprint/mac-ca752fdc45a66d01/lib-mac.json: 'analyzed_files'
2025-05-29 12:14:01,414 - utils.folder_summarizer - WARNING - Could not analyze content of ./target/debug/.fingerprint/mac-ca752fdc45a66d01/invoked.timestamp: 'analyzed_files'
2025-05-29 12:14:01,414 - utils.folder_summarizer - WARNING - Could not analyze content of ./target/debug/.fingerprint/matches-c9ce3709ec2c8c10/lib-matches.json: 'analyzed_files'
2025-05-29 12:14:01,415 - utils.folder_summarizer - WARNING - Could not analyze content of ./target/debug/.fingerprint/matches-c9ce3709ec2c8c10/invoked.timestamp: 'analyzed_files'
2025-05-29 12:14:01,416 - utils.folder_summarizer - WARNING - Could not analyze content of ./target/debug/.fingerprint/phf-197790a784673685/lib-phf.json: 'analyzed_files'
2025-05-29 12:14:01,416 - utils.folder_summarizer - WARNING - Could not analyze content of ./target/debug/.fingerprint/phf-197790a784673685/invoked.timestamp: 'analyzed_files'
2025-05-29 12:14:01,418 - utils.folder_summarizer - WARNING - Could not analyze content of ./target/debug/.fingerprint/ai-assistant-overlay-6912d9b70cff2ea5/invoked.timestamp: 'analyzed_files'
2025-05-29 12:14:01,418 - utils.folder_summarizer - WARNING - Could not analyze content of ./target/debug/.fingerprint/ai-assistant-overlay-6912d9b70cff2ea5/bin-ai-assistant-overlay.json: 'analyzed_files'
2025-05-29 12:14:01,419 - utils.folder_summarizer - WARNING - Could not analyze content of ./target/debug/.fingerprint/ico-b575ef37f782484c/lib-ico.json: 'analyzed_files'
2025-05-29 12:14:01,420 - utils.folder_summarizer - WARNING - Could not analyze content of ./target/debug/.fingerprint/ico-b575ef37f782484c/invoked.timestamp: 'analyzed_files'
2025-05-29 12:14:01,420 - utils.folder_summarizer - WARNING - Could not analyze content of ./target/debug/.fingerprint/getrandom-be0b8740c7c67112/run-build-script-build-script-build.json: 'analyzed_files'
2025-05-29 12:14:01,421 - utils.folder_summarizer - WARNING - Could not analyze content of ./target/debug/.fingerprint/tauri-utils-670129cf01ccaa92/lib-tauri_utils.json: 'analyzed_files'
2025-05-29 12:14:01,422 - utils.folder_summarizer - WARNING - Could not analyze content of ./target/debug/.fingerprint/tauri-utils-670129cf01ccaa92/invoked.timestamp: 'analyzed_files'
2025-05-29 12:14:01,423 - utils.folder_summarizer - WARNING - Could not analyze content of ./target/debug/.fingerprint/base64-0b6c9ad1082f1f17/lib-base64.json: 'analyzed_files'
2025-05-29 12:14:01,423 - utils.folder_summarizer - WARNING - Could not analyze content of ./target/debug/.fingerprint/base64-0b6c9ad1082f1f17/invoked.timestamp: 'analyzed_files'
2025-05-29 12:14:01,424 - utils.folder_summarizer - WARNING - Could not analyze content of ./target/debug/.fingerprint/block-buffer-29ba854b7171b5f3/lib-block_buffer.json: 'analyzed_files'
2025-05-29 12:14:01,424 - utils.folder_summarizer - WARNING - Could not analyze content of ./target/debug/.fingerprint/block-buffer-29ba854b7171b5f3/invoked.timestamp: 'analyzed_files'
2025-05-29 12:14:01,425 - utils.folder_summarizer - WARNING - Could not analyze content of ./target/debug/.fingerprint/encoding_rs-b054a3db4706c8ae/lib-encoding_rs.json: 'analyzed_files'
2025-05-29 12:14:01,425 - utils.folder_summarizer - WARNING - Could not analyze content of ./target/debug/.fingerprint/encoding_rs-b054a3db4706c8ae/invoked.timestamp: 'analyzed_files'
2025-05-29 12:14:01,426 - utils.folder_summarizer - WARNING - Could not analyze content of ./target/debug/.fingerprint/serde-113fdbeb96e243fb/invoked.timestamp: 'analyzed_files'
2025-05-29 12:14:01,427 - utils.folder_summarizer - WARNING - Could not analyze content of ./target/debug/.fingerprint/serde-113fdbeb96e243fb/build-script-build-script-build.json: 'analyzed_files'
2025-05-29 12:14:01,427 - memory.enhanced_semantic_search - INFO - Added 900 items to vector index
2025-05-29 12:14:01,427 - utils.folder_summarizer - WARNING - Could not analyze content of ./target/debug/.fingerprint/proc-macro2-0fbf22fcf336ffaa/lib-proc_macro2.json: 'analyzed_files'
2025-05-29 12:14:01,428 - utils.folder_summarizer - WARNING - Could not analyze content of ./target/debug/.fingerprint/proc-macro2-0fbf22fcf336ffaa/invoked.timestamp: 'analyzed_files'
2025-05-29 12:14:01,428 - utils.folder_summarizer - WARNING - Could not analyze content of ./target/debug/.fingerprint/tauri-2d0e747b6a686a01/invoked.timestamp: 'analyzed_files'
2025-05-29 12:14:01,430 - utils.folder_summarizer - WARNING - Could not analyze content of ./target/debug/.fingerprint/tauri-2d0e747b6a686a01/build-script-build-script-build.json: 'analyzed_files'
2025-05-29 12:14:01,431 - utils.folder_summarizer - WARNING - Could not analyze content of ./target/debug/.fingerprint/hashbrown-fe7a886b5dc811c7/lib-hashbrown.json: 'analyzed_files'
2025-05-29 12:14:01,431 - utils.folder_summarizer - WARNING - Could not analyze content of ./target/debug/.fingerprint/hashbrown-fe7a886b5dc811c7/invoked.timestamp: 'analyzed_files'
2025-05-29 12:14:01,432 - utils.folder_summarizer - WARNING - Could not analyze content of ./target/debug/.fingerprint/itoa-c5a312a53a9b920f/lib-itoa.json: 'analyzed_files'
2025-05-29 12:14:01,433 - utils.folder_summarizer - WARNING - Could not analyze content of ./target/debug/.fingerprint/itoa-c5a312a53a9b920f/invoked.timestamp: 'analyzed_files'
2025-05-29 12:14:01,433 - utils.folder_summarizer - WARNING - Could not analyze content of ./target/debug/.fingerprint/form_urlencoded-bb1f7d4fdf8108e8/lib-form_urlencoded.json: 'analyzed_files'
2025-05-29 12:14:01,434 - utils.folder_summarizer - WARNING - Could not analyze content of ./target/debug/.fingerprint/form_urlencoded-bb1f7d4fdf8108e8/invoked.timestamp: 'analyzed_files'
2025-05-29 12:14:01,435 - utils.folder_summarizer - WARNING - Could not analyze content of ./target/debug/.fingerprint/servo_arc-976745fe40d1ef81/lib-servo_arc.json: 'analyzed_files'
2025-05-29 12:14:01,435 - utils.folder_summarizer - WARNING - Could not analyze content of ./target/debug/.fingerprint/servo_arc-976745fe40d1ef81/invoked.timestamp: 'analyzed_files'
2025-05-29 12:14:01,436 - utils.folder_summarizer - WARNING - Could not analyze content of ./target/debug/.fingerprint/plist-bf5d9d4a78a25b48/lib-plist.json: 'analyzed_files'
2025-05-29 12:14:01,436 - utils.folder_summarizer - WARNING - Could not analyze content of ./target/debug/.fingerprint/plist-bf5d9d4a78a25b48/invoked.timestamp: 'analyzed_files'
2025-05-29 12:14:01,437 - utils.folder_summarizer - WARNING - Could not analyze content of ./target/debug/.fingerprint/tauri-runtime-wry-05a8224529f4cfb3/lib-tauri_runtime_wry.json: 'analyzed_files'
2025-05-29 12:14:01,438 - utils.folder_summarizer - WARNING - Could not analyze content of ./target/debug/.fingerprint/tauri-runtime-wry-05a8224529f4cfb3/invoked.timestamp: 'analyzed_files'
2025-05-29 12:14:01,439 - utils.folder_summarizer - WARNING - Could not analyze content of ./target/debug/.fingerprint/serde_derive-3226b7cfa7a6fe4f/invoked.timestamp: 'analyzed_files'
2025-05-29 12:14:01,439 - utils.folder_summarizer - WARNING - Could not analyze content of ./target/debug/.fingerprint/serde_derive-3226b7cfa7a6fe4f/lib-serde_derive.json: 'analyzed_files'
2025-05-29 12:14:01,440 - utils.folder_summarizer - WARNING - Could not analyze content of ./target/debug/.fingerprint/cssparser-c59f323b0523ab16/run-build-script-build-script-build.json: 'analyzed_files'
2025-05-29 12:14:01,441 - utils.folder_summarizer - WARNING - Could not analyze content of ./target/debug/.fingerprint/tendril-e32743bce1b6940e/lib-tendril.json: 'analyzed_files'
2025-05-29 12:14:01,441 - utils.folder_summarizer - WARNING - Could not analyze content of ./target/debug/.fingerprint/tendril-e32743bce1b6940e/invoked.timestamp: 'analyzed_files'
2025-05-29 12:14:01,442 - utils.folder_summarizer - WARNING - Could not analyze content of ./target/debug/.fingerprint/serde_json-94a858077f86eca5/invoked.timestamp: 'analyzed_files'
2025-05-29 12:14:01,442 - utils.folder_summarizer - WARNING - Could not analyze content of ./target/debug/.fingerprint/serde_json-94a858077f86eca5/build-script-build-script-build.json: 'analyzed_files'
2025-05-29 12:14:01,443 - utils.folder_summarizer - WARNING - Could not analyze content of ./target/debug/.fingerprint/phf_generator-2db3f15997f1e4a4/invoked.timestamp: 'analyzed_files'
2025-05-29 12:14:01,444 - utils.folder_summarizer - WARNING - Could not analyze content of ./target/debug/.fingerprint/phf_generator-2db3f15997f1e4a4/lib-phf_generator.json: 'analyzed_files'
2025-05-29 12:14:01,444 - utils.folder_summarizer - WARNING - Could not analyze content of ./target/debug/.fingerprint/indexmap-3c27794a75eee4a2/lib-indexmap.json: 'analyzed_files'
2025-05-29 12:14:01,445 - utils.folder_summarizer - WARNING - Could not analyze content of ./target/debug/.fingerprint/indexmap-3c27794a75eee4a2/invoked.timestamp: 'analyzed_files'
2025-05-29 12:14:01,445 - utils.folder_summarizer - WARNING - Could not analyze content of ./target/debug/.fingerprint/selectors-efeb60807162f4da/invoked.timestamp: 'analyzed_files'
2025-05-29 12:14:01,446 - utils.folder_summarizer - WARNING - Could not analyze content of ./target/debug/.fingerprint/selectors-efeb60807162f4da/lib-selectors.json: 'analyzed_files'
2025-05-29 12:14:01,446 - utils.folder_summarizer - WARNING - Could not analyze content of ./target/debug/.fingerprint/objc_id-7bea765756bfbaee/invoked.timestamp: 'analyzed_files'
2025-05-29 12:14:01,447 - utils.folder_summarizer - WARNING - Could not analyze content of ./target/debug/.fingerprint/objc_id-7bea765756bfbaee/lib-objc_id.json: 'analyzed_files'
2025-05-29 12:14:01,447 - utils.folder_summarizer - WARNING - Could not analyze content of ./target/debug/.fingerprint/zerofrom-derive-009979682493aee5/lib-zerofrom_derive.json: 'analyzed_files'
2025-05-29 12:14:01,448 - utils.folder_summarizer - WARNING - Could not analyze content of ./target/debug/.fingerprint/zerofrom-derive-009979682493aee5/invoked.timestamp: 'analyzed_files'
2025-05-29 12:14:01,448 - utils.folder_summarizer - WARNING - Could not analyze content of ./target/debug/.fingerprint/wry-5de52a0c1c8adaf7/invoked.timestamp: 'analyzed_files'
2025-05-29 12:14:01,449 - utils.folder_summarizer - WARNING - Could not analyze content of ./target/debug/.fingerprint/wry-5de52a0c1c8adaf7/build-script-build-script-build.json: 'analyzed_files'
2025-05-29 12:14:01,450 - utils.folder_summarizer - WARNING - Could not analyze content of ./target/debug/.fingerprint/dtoa-9729d91ff7f01da9/lib-dtoa.json: 'analyzed_files'
2025-05-29 12:14:01,451 - utils.folder_summarizer - WARNING - Could not analyze content of ./target/debug/.fingerprint/dtoa-9729d91ff7f01da9/invoked.timestamp: 'analyzed_files'
2025-05-29 12:14:01,452 - utils.folder_summarizer - WARNING - Could not analyze content of ./target/debug/.fingerprint/generic-array-56fb3a76d2602165/invoked.timestamp: 'analyzed_files'
2025-05-29 12:14:01,452 - utils.folder_summarizer - WARNING - Could not analyze content of ./target/debug/.fingerprint/generic-array-56fb3a76d2602165/build-script-build-script-build.json: 'analyzed_files'
2025-05-29 12:14:01,453 - utils.folder_summarizer - WARNING - Could not analyze content of ./target/debug/.fingerprint/darling_core-9416a6f0b1245a59/lib-darling_core.json: 'analyzed_files'
2025-05-29 12:14:01,453 - utils.folder_summarizer - WARNING - Could not analyze content of ./target/debug/.fingerprint/darling_core-9416a6f0b1245a59/invoked.timestamp: 'analyzed_files'
2025-05-29 12:14:01,454 - utils.folder_summarizer - WARNING - Could not analyze content of ./target/debug/.fingerprint/serde_json-1af60bd7b22b3d76/run-build-script-build-script-build.json: 'analyzed_files'
2025-05-29 12:14:01,455 - utils.folder_summarizer - WARNING - Could not analyze content of ./target/debug/.fingerprint/pin-utils-d076bfde16a7df84/lib-pin_utils.json: 'analyzed_files'
2025-05-29 12:14:01,455 - utils.folder_summarizer - WARNING - Could not analyze content of ./target/debug/.fingerprint/pin-utils-d076bfde16a7df84/invoked.timestamp: 'analyzed_files'
2025-05-29 12:14:01,456 - utils.folder_summarizer - WARNING - Could not analyze content of ./target/debug/.fingerprint/darling_macro-502a7f6d6ae08090/invoked.timestamp: 'analyzed_files'
2025-05-29 12:14:01,456 - utils.folder_summarizer - WARNING - Could not analyze content of ./target/debug/.fingerprint/darling_macro-502a7f6d6ae08090/lib-darling_macro.json: 'analyzed_files'
2025-05-29 12:14:01,458 - utils.folder_summarizer - WARNING - Could not analyze content of ./target/debug/.fingerprint/string_cache_codegen-a15e249279f376d8/lib-string_cache_codegen.json: 'analyzed_files'
2025-05-29 12:14:01,458 - utils.folder_summarizer - WARNING - Could not analyze content of ./target/debug/.fingerprint/string_cache_codegen-a15e249279f376d8/invoked.timestamp: 'analyzed_files'
2025-05-29 12:14:01,459 - utils.folder_summarizer - WARNING - Could not analyze content of ./target/debug/.fingerprint/proc-macro-hack-98028d47bd25b91a/invoked.timestamp: 'analyzed_files'
2025-05-29 12:14:01,459 - utils.folder_summarizer - WARNING - Could not analyze content of ./target/debug/.fingerprint/proc-macro-hack-98028d47bd25b91a/build-script-build-script-build.json: 'analyzed_files'
2025-05-29 12:14:01,460 - utils.folder_summarizer - WARNING - Could not analyze content of ./target/debug/.fingerprint/cssparser-macros-05698ca52473c74f/invoked.timestamp: 'analyzed_files'
2025-05-29 12:14:01,460 - utils.folder_summarizer - WARNING - Could not analyze content of ./target/debug/.fingerprint/cssparser-macros-05698ca52473c74f/lib-cssparser_macros.json: 'analyzed_files'
2025-05-29 12:14:01,461 - utils.folder_summarizer - WARNING - Could not analyze content of ./target/debug/.fingerprint/futures-core-be5914d32650b71c/invoked.timestamp: 'analyzed_files'
2025-05-29 12:14:01,461 - utils.folder_summarizer - WARNING - Could not analyze content of ./target/debug/.fingerprint/futures-core-be5914d32650b71c/lib-futures_core.json: 'analyzed_files'
2025-05-29 12:14:01,462 - utils.folder_summarizer - WARNING - Could not analyze content of ./target/debug/.fingerprint/phf-8ddbc7d8417e2270/lib-phf.json: 'analyzed_files'
2025-05-29 12:14:01,463 - utils.folder_summarizer - WARNING - Could not analyze content of ./target/debug/.fingerprint/phf-8ddbc7d8417e2270/invoked.timestamp: 'analyzed_files'
2025-05-29 12:14:01,463 - utils.folder_summarizer - WARNING - Could not analyze content of ./target/debug/.fingerprint/fnv-0ae2402d7b2bc035/lib-fnv.json: 'analyzed_files'
2025-05-29 12:14:01,464 - utils.folder_summarizer - WARNING - Could not analyze content of ./target/debug/.fingerprint/fnv-0ae2402d7b2bc035/invoked.timestamp: 'analyzed_files'
2025-05-29 12:14:01,465 - utils.folder_summarizer - WARNING - Could not analyze content of ./target/debug/.fingerprint/scopeguard-0148418d95be1041/lib-scopeguard.json: 'analyzed_files'
2025-05-29 12:14:01,465 - utils.folder_summarizer - WARNING - Could not analyze content of ./target/debug/.fingerprint/scopeguard-0148418d95be1041/invoked.timestamp: 'analyzed_files'
2025-05-29 12:14:01,467 - utils.folder_summarizer - WARNING - Could not analyze content of ./target/debug/.fingerprint/json-patch-1ecdc1129b14a62d/invoked.timestamp: 'analyzed_files'
2025-05-29 12:14:01,468 - utils.folder_summarizer - WARNING - Could not analyze content of ./target/debug/.fingerprint/json-patch-1ecdc1129b14a62d/lib-json_patch.json: 'analyzed_files'
2025-05-29 12:14:01,469 - utils.folder_summarizer - WARNING - Could not analyze content of ./target/debug/.fingerprint/yoke-eb35ff181318bee3/lib-yoke.json: 'analyzed_files'
2025-05-29 12:14:01,469 - utils.folder_summarizer - WARNING - Could not analyze content of ./target/debug/.fingerprint/yoke-eb35ff181318bee3/invoked.timestamp: 'analyzed_files'
2025-05-29 12:14:01,470 - utils.folder_summarizer - WARNING - Could not analyze content of ./target/debug/.fingerprint/tauri-codegen-9655f0f38b40f2a4/lib-tauri_codegen.json: 'analyzed_files'
2025-05-29 12:14:01,471 - utils.folder_summarizer - WARNING - Could not analyze content of ./target/debug/.fingerprint/tauri-codegen-9655f0f38b40f2a4/invoked.timestamp: 'analyzed_files'
2025-05-29 12:14:01,472 - utils.folder_summarizer - WARNING - Could not analyze content of ./target/debug/.fingerprint/tauri-4d9f4313f1cdd354/run-build-script-build-script-build.json: 'analyzed_files'
2025-05-29 12:14:01,472 - utils.folder_summarizer - WARNING - Could not analyze content of ./target/debug/.fingerprint/alloc-no-stdlib-2ab5356e725abe6e/lib-alloc_no_stdlib.json: 'analyzed_files'
2025-05-29 12:14:01,473 - utils.folder_summarizer - WARNING - Could not analyze content of ./target/debug/.fingerprint/alloc-no-stdlib-2ab5356e725abe6e/invoked.timestamp: 'analyzed_files'
2025-05-29 12:14:01,474 - utils.folder_summarizer - WARNING - Could not analyze content of ./target/debug/.fingerprint/derive_more-ec773cd62a3f76b4/lib-derive_more.json: 'analyzed_files'
2025-05-29 12:14:01,475 - utils.folder_summarizer - WARNING - Could not analyze content of ./target/debug/.fingerprint/derive_more-ec773cd62a3f76b4/invoked.timestamp: 'analyzed_files'
2025-05-29 12:14:01,476 - utils.folder_summarizer - WARNING - Could not analyze content of ./target/debug/.fingerprint/synstructure-70717c9ee64356ed/lib-synstructure.json: 'analyzed_files'
2025-05-29 12:14:01,476 - utils.folder_summarizer - WARNING - Could not analyze content of ./target/debug/.fingerprint/synstructure-70717c9ee64356ed/invoked.timestamp: 'analyzed_files'
2025-05-29 12:14:01,477 - utils.folder_summarizer - WARNING - Could not analyze content of ./target/debug/.fingerprint/rustix-2cb54f693ee1c9d8/run-build-script-build-script-build.json: 'analyzed_files'
2025-05-29 12:14:01,478 - utils.folder_summarizer - WARNING - Could not analyze content of ./target/debug/.fingerprint/tauri-runtime-9a96008a7301324c/run-build-script-build-script-build.json: 'analyzed_files'
2025-05-29 12:14:01,479 - utils.folder_summarizer - WARNING - Could not analyze content of ./target/debug/.fingerprint/wry-58f4a4f482793ad0/lib-wry.json: 'analyzed_files'
2025-05-29 12:14:01,479 - utils.folder_summarizer - WARNING - Could not analyze content of ./target/debug/.fingerprint/wry-58f4a4f482793ad0/invoked.timestamp: 'analyzed_files'
2025-05-29 12:14:01,480 - utils.folder_summarizer - WARNING - Could not analyze content of ./target/debug/.fingerprint/phf_shared-df0e4b538bdb7422/lib-phf_shared.json: 'analyzed_files'
2025-05-29 12:14:01,480 - utils.folder_summarizer - WARNING - Could not analyze content of ./target/debug/.fingerprint/phf_shared-df0e4b538bdb7422/invoked.timestamp: 'analyzed_files'
2025-05-29 12:14:01,481 - utils.folder_summarizer - WARNING - Could not analyze content of ./target/debug/.fingerprint/tauri-runtime-wry-60ca9f230ca216eb/run-build-script-build-script-build.json: 'analyzed_files'
2025-05-29 12:14:01,482 - utils.folder_summarizer - WARNING - Could not analyze content of ./target/debug/.fingerprint/time-core-4de867e032174a82/lib-time_core.json: 'analyzed_files'
2025-05-29 12:14:01,483 - utils.folder_summarizer - WARNING - Could not analyze content of ./target/debug/.fingerprint/time-core-4de867e032174a82/invoked.timestamp: 'analyzed_files'
2025-05-29 12:14:01,485 - utils.folder_summarizer - WARNING - Could not analyze content of ./target/debug/.fingerprint/regex-a57115c37d7c4096/lib-regex.json: 'analyzed_files'
2025-05-29 12:14:01,486 - utils.folder_summarizer - WARNING - Could not analyze content of ./target/debug/.fingerprint/regex-a57115c37d7c4096/invoked.timestamp: 'analyzed_files'
2025-05-29 12:14:01,487 - utils.folder_summarizer - WARNING - Could not analyze content of ./target/debug/.fingerprint/markup5ever-26672a5bb72e7ca7/lib-markup5ever.json: 'analyzed_files'
2025-05-29 12:14:01,487 - utils.folder_summarizer - WARNING - Could not analyze content of ./target/debug/.fingerprint/markup5ever-26672a5bb72e7ca7/invoked.timestamp: 'analyzed_files'
2025-05-29 12:14:01,488 - utils.folder_summarizer - WARNING - Could not analyze content of ./target/debug/.fingerprint/fxhash-fd451d4225f494b4/lib-fxhash.json: 'analyzed_files'
2025-05-29 12:14:01,489 - utils.folder_summarizer - WARNING - Could not analyze content of ./target/debug/.fingerprint/fxhash-fd451d4225f494b4/invoked.timestamp: 'analyzed_files'
2025-05-29 12:14:01,490 - utils.folder_summarizer - WARNING - Could not analyze content of ./target/debug/.fingerprint/libc-f43d76eb0d6ba610/run-build-script-build-script-build.json: 'analyzed_files'
2025-05-29 12:14:01,490 - utils.folder_summarizer - WARNING - Could not analyze content of ./target/debug/.fingerprint/jsonptr-1a3951eba9b36812/lib-jsonptr.json: 'analyzed_files'
2025-05-29 12:14:01,491 - utils.folder_summarizer - WARNING - Could not analyze content of ./target/debug/.fingerprint/jsonptr-1a3951eba9b36812/invoked.timestamp: 'analyzed_files'
2025-05-29 12:14:01,491 - utils.folder_summarizer - WARNING - Could not analyze content of ./target/debug/.fingerprint/tauri-runtime-93053d6ade0a0f7a/invoked.timestamp: 'analyzed_files'
2025-05-29 12:14:01,492 - utils.folder_summarizer - WARNING - Could not analyze content of ./target/debug/.fingerprint/tauri-runtime-93053d6ade0a0f7a/lib-tauri_runtime.json: 'analyzed_files'
2025-05-29 12:14:01,493 - utils.folder_summarizer - WARNING - Could not analyze content of ./target/debug/.fingerprint/utf8_iter-d1a581aaeb2d50be/lib-utf8_iter.json: 'analyzed_files'
2025-05-29 12:14:01,494 - utils.folder_summarizer - WARNING - Could not analyze content of ./target/debug/.fingerprint/utf8_iter-d1a581aaeb2d50be/invoked.timestamp: 'analyzed_files'
2025-05-29 12:14:01,494 - utils.folder_summarizer - WARNING - Could not analyze content of ./target/debug/.fingerprint/tauri-runtime-wry-cb470e16a3bc49c8/invoked.timestamp: 'analyzed_files'
2025-05-29 12:14:01,495 - utils.folder_summarizer - WARNING - Could not analyze content of ./target/debug/.fingerprint/tauri-runtime-wry-cb470e16a3bc49c8/build-script-build-script-build.json: 'analyzed_files'
2025-05-29 12:14:01,496 - utils.folder_summarizer - WARNING - Could not analyze content of ./target/debug/.fingerprint/toml_edit-dbaa86467ebc60f8/lib-toml_edit.json: 'analyzed_files'
2025-05-29 12:14:01,496 - utils.folder_summarizer - WARNING - Could not analyze content of ./target/debug/.fingerprint/toml_edit-dbaa86467ebc60f8/invoked.timestamp: 'analyzed_files'
2025-05-29 12:14:01,497 - utils.folder_summarizer - WARNING - Could not analyze content of ./target/debug/.fingerprint/nodrop-f595bd7b932548ea/lib-nodrop.json: 'analyzed_files'
2025-05-29 12:14:01,498 - memory.enhanced_semantic_search - INFO - Added 1000 items to vector index
2025-05-29 12:14:01,498 - utils.folder_summarizer - WARNING - Could not analyze content of ./target/debug/.fingerprint/nodrop-f595bd7b932548ea/invoked.timestamp: 'analyzed_files'
2025-05-29 12:14:01,498 - utils.folder_summarizer - WARNING - Could not analyze content of ./target/debug/.fingerprint/icu_locid_transform_data-ca47666525e44709/invoked.timestamp: 'analyzed_files'
2025-05-29 12:14:01,499 - utils.folder_summarizer - WARNING - Could not analyze content of ./target/debug/.fingerprint/icu_locid_transform_data-ca47666525e44709/build-script-build-script-build.json: 'analyzed_files'
2025-05-29 12:14:01,500 - utils.folder_summarizer - WARNING - Could not analyze content of ./target/debug/.fingerprint/indexmap-789f7f6d93fdba0a/run-build-script-build-script-build.json: 'analyzed_files'
2025-05-29 12:14:01,501 - utils.folder_summarizer - WARNING - Could not analyze content of ./target/debug/.fingerprint/zerovec-f004dfec4d8e3e28/invoked.timestamp: 'analyzed_files'
2025-05-29 12:14:01,502 - utils.folder_summarizer - WARNING - Could not analyze content of ./target/debug/.fingerprint/zerovec-f004dfec4d8e3e28/lib-zerovec.json: 'analyzed_files'
2025-05-29 12:14:01,502 - utils.folder_summarizer - WARNING - Could not analyze content of ./target/debug/.fingerprint/fdeflate-59b5fc72fb7dfdf5/invoked.timestamp: 'analyzed_files'
2025-05-29 12:14:01,503 - utils.folder_summarizer - WARNING - Could not analyze content of ./target/debug/.fingerprint/fdeflate-59b5fc72fb7dfdf5/lib-fdeflate.json: 'analyzed_files'
2025-05-29 12:14:01,504 - utils.folder_summarizer - WARNING - Could not analyze content of ./target/debug/.fingerprint/tempfile-650ab80dbbd50255/invoked.timestamp: 'analyzed_files'
2025-05-29 12:14:01,505 - utils.folder_summarizer - WARNING - Could not analyze content of ./target/debug/.fingerprint/tempfile-650ab80dbbd50255/lib-tempfile.json: 'analyzed_files'
2025-05-29 12:14:01,505 - utils.folder_summarizer - WARNING - Could not analyze content of ./target/debug/.fingerprint/ppv-lite86-46e6946ea2d55fd2/lib-ppv_lite86.json: 'analyzed_files'
2025-05-29 12:14:01,507 - utils.folder_summarizer - WARNING - Could not analyze content of ./target/debug/.fingerprint/ppv-lite86-46e6946ea2d55fd2/invoked.timestamp: 'analyzed_files'
2025-05-29 12:14:01,508 - utils.folder_summarizer - WARNING - Could not analyze content of ./target/debug/.fingerprint/core-foundation-sys-7c3a1c5571ce24b0/lib-core_foundation_sys.json: 'analyzed_files'
2025-05-29 12:14:01,509 - utils.folder_summarizer - WARNING - Could not analyze content of ./target/debug/.fingerprint/core-foundation-sys-7c3a1c5571ce24b0/invoked.timestamp: 'analyzed_files'
2025-05-29 12:14:01,510 - utils.folder_summarizer - WARNING - Could not analyze content of ./target/debug/.fingerprint/foreign-types-43623150a556b1cd/invoked.timestamp: 'analyzed_files'
2025-05-29 12:14:01,511 - utils.folder_summarizer - WARNING - Could not analyze content of ./target/debug/.fingerprint/foreign-types-43623150a556b1cd/lib-foreign_types.json: 'analyzed_files'
2025-05-29 12:14:01,512 - utils.folder_summarizer - WARNING - Could not analyze content of ./target/debug/.fingerprint/malloc_buf-84b8d629716b6e44/lib-malloc_buf.json: 'analyzed_files'
2025-05-29 12:14:01,512 - utils.folder_summarizer - WARNING - Could not analyze content of ./target/debug/.fingerprint/malloc_buf-84b8d629716b6e44/invoked.timestamp: 'analyzed_files'
2025-05-29 12:14:01,513 - utils.folder_summarizer - WARNING - Could not analyze content of ./target/debug/.fingerprint/winnow-e54e50e1578821bb/lib-winnow.json: 'analyzed_files'
2025-05-29 12:14:01,514 - utils.folder_summarizer - WARNING - Could not analyze content of ./target/debug/.fingerprint/winnow-e54e50e1578821bb/invoked.timestamp: 'analyzed_files'
2025-05-29 12:14:01,515 - utils.folder_summarizer - WARNING - Could not analyze content of ./target/debug/.fingerprint/icu_locid_transform_data-8868222a340d8672/run-build-script-build-script-build.json: 'analyzed_files'
2025-05-29 12:14:01,516 - utils.folder_summarizer - WARNING - Could not analyze content of ./target/debug/.fingerprint/embed-resource-76520fecfe3b3518/lib-embed_resource.json: 'analyzed_files'
2025-05-29 12:14:01,517 - utils.folder_summarizer - WARNING - Could not analyze content of ./target/debug/.fingerprint/embed-resource-76520fecfe3b3518/invoked.timestamp: 'analyzed_files'
2025-05-29 12:14:01,518 - utils.folder_summarizer - WARNING - Could not analyze content of ./target/debug/.fingerprint/same-file-237c01f2b1afe8f0/lib-same_file.json: 'analyzed_files'
2025-05-29 12:14:01,519 - utils.folder_summarizer - WARNING - Could not analyze content of ./target/debug/.fingerprint/same-file-237c01f2b1afe8f0/invoked.timestamp: 'analyzed_files'
2025-05-29 12:14:01,520 - utils.folder_summarizer - WARNING - Could not analyze content of ./target/debug/.fingerprint/slab-21be53208ca9a073/run-build-script-build-script-build.json: 'analyzed_files'
2025-05-29 12:14:01,521 - utils.folder_summarizer - WARNING - Could not analyze content of ./target/debug/.fingerprint/num-conv-cf112f46dc0809b8/lib-num_conv.json: 'analyzed_files'
2025-05-29 12:14:01,521 - utils.folder_summarizer - WARNING - Could not analyze content of ./target/debug/.fingerprint/num-conv-cf112f46dc0809b8/invoked.timestamp: 'analyzed_files'
2025-05-29 12:14:01,522 - utils.folder_summarizer - WARNING - Could not analyze content of ./target/debug/.fingerprint/serde-4c2323845233394f/lib-serde.json: 'analyzed_files'
2025-05-29 12:14:01,523 - utils.folder_summarizer - WARNING - Could not analyze content of ./target/debug/.fingerprint/serde-4c2323845233394f/invoked.timestamp: 'analyzed_files'
2025-05-29 12:14:01,524 - utils.folder_summarizer - WARNING - Could not analyze content of ./target/debug/.fingerprint/crossbeam-utils-e137dcab6dd8a4f8/lib-crossbeam_utils.json: 'analyzed_files'
2025-05-29 12:14:01,524 - utils.folder_summarizer - WARNING - Could not analyze content of ./target/debug/.fingerprint/crossbeam-utils-e137dcab6dd8a4f8/invoked.timestamp: 'analyzed_files'
2025-05-29 12:14:01,525 - utils.folder_summarizer - WARNING - Could not analyze content of ./target/debug/.fingerprint/zerocopy-93c50d1016fcd247/lib-zerocopy.json: 'analyzed_files'
2025-05-29 12:14:01,526 - utils.folder_summarizer - WARNING - Could not analyze content of ./target/debug/.fingerprint/zerocopy-93c50d1016fcd247/invoked.timestamp: 'analyzed_files'
2025-05-29 12:14:01,527 - utils.folder_summarizer - WARNING - Could not analyze content of ./target/debug/.fingerprint/precomputed-hash-8c356cafe0860a32/lib-precomputed_hash.json: 'analyzed_files'
2025-05-29 12:14:01,528 - utils.folder_summarizer - WARNING - Could not analyze content of ./target/debug/.fingerprint/precomputed-hash-8c356cafe0860a32/invoked.timestamp: 'analyzed_files'
2025-05-29 12:14:01,528 - utils.folder_summarizer - WARNING - Could not analyze content of ./target/debug/.fingerprint/syn-26b944b3eb228d81/run-build-script-build-script-build.json: 'analyzed_files'
2025-05-29 12:14:01,529 - utils.folder_summarizer - WARNING - Could not analyze content of ./target/debug/.fingerprint/ctor-7d232a9eaa8e21f0/lib-ctor.json: 'analyzed_files'
2025-05-29 12:14:01,530 - utils.folder_summarizer - WARNING - Could not analyze content of ./target/debug/.fingerprint/ctor-7d232a9eaa8e21f0/invoked.timestamp: 'analyzed_files'
2025-05-29 12:14:01,531 - utils.folder_summarizer - WARNING - Could not analyze content of ./target/debug/.fingerprint/semver-81a27fb3888ba80c/invoked.timestamp: 'analyzed_files'
2025-05-29 12:14:01,531 - utils.folder_summarizer - WARNING - Could not analyze content of ./target/debug/.fingerprint/semver-81a27fb3888ba80c/build-script-build-script-build.json: 'analyzed_files'
2025-05-29 12:14:01,532 - utils.folder_summarizer - WARNING - Could not analyze content of ./target/debug/.fingerprint/bytes-3043e22cd86de11c/lib-bytes.json: 'analyzed_files'
2025-05-29 12:14:01,534 - utils.folder_summarizer - WARNING - Could not analyze content of ./target/debug/.fingerprint/bytes-3043e22cd86de11c/invoked.timestamp: 'analyzed_files'
2025-05-29 12:14:01,535 - utils.folder_summarizer - WARNING - Could not analyze content of ./target/debug/.fingerprint/powerfmt-89c5d011db549514/invoked.timestamp: 'analyzed_files'
2025-05-29 12:14:01,535 - utils.folder_summarizer - WARNING - Could not analyze content of ./target/debug/.fingerprint/powerfmt-89c5d011db549514/lib-powerfmt.json: 'analyzed_files'
2025-05-29 12:14:01,536 - utils.folder_summarizer - WARNING - Could not analyze content of ./target/debug/.fingerprint/block-03dc8fc50155651a/invoked.timestamp: 'analyzed_files'
2025-05-29 12:14:01,536 - utils.folder_summarizer - WARNING - Could not analyze content of ./target/debug/.fingerprint/block-03dc8fc50155651a/lib-block.json: 'analyzed_files'
2025-05-29 12:14:01,537 - utils.folder_summarizer - WARNING - Could not analyze content of ./target/debug/.fingerprint/slab-1bab6fe450173c04/lib-slab.json: 'analyzed_files'
2025-05-29 12:14:01,538 - utils.folder_summarizer - WARNING - Could not analyze content of ./target/debug/.fingerprint/slab-1bab6fe450173c04/invoked.timestamp: 'analyzed_files'
2025-05-29 12:14:01,539 - utils.folder_summarizer - WARNING - Could not analyze content of ./target/debug/.fingerprint/write16-2f90fb7f2aa2076c/lib-write16.json: 'analyzed_files'
2025-05-29 12:14:01,539 - utils.folder_summarizer - WARNING - Could not analyze content of ./target/debug/.fingerprint/write16-2f90fb7f2aa2076c/invoked.timestamp: 'analyzed_files'
2025-05-29 12:14:01,540 - utils.folder_summarizer - WARNING - Could not analyze content of ./target/debug/.fingerprint/flate2-947ca1832df0f578/lib-flate2.json: 'analyzed_files'
2025-05-29 12:14:01,541 - utils.folder_summarizer - WARNING - Could not analyze content of ./target/debug/.fingerprint/flate2-947ca1832df0f578/invoked.timestamp: 'analyzed_files'
2025-05-29 12:14:01,542 - utils.folder_summarizer - WARNING - Could not analyze content of ./target/debug/.fingerprint/writeable-ceba9aa6816537cd/lib-writeable.json: 'analyzed_files'
2025-05-29 12:14:01,542 - utils.folder_summarizer - WARNING - Could not analyze content of ./target/debug/.fingerprint/writeable-ceba9aa6816537cd/invoked.timestamp: 'analyzed_files'
2025-05-29 12:14:01,543 - utils.folder_summarizer - WARNING - Could not analyze content of ./target/debug/.fingerprint/tauri-runtime-d7b84328e92a6525/invoked.timestamp: 'analyzed_files'
2025-05-29 12:14:01,544 - utils.folder_summarizer - WARNING - Could not analyze content of ./target/debug/.fingerprint/tauri-runtime-d7b84328e92a6525/build-script-build-script-build.json: 'analyzed_files'
2025-05-29 12:14:01,545 - utils.folder_summarizer - WARNING - Could not analyze content of ./target/debug/.fingerprint/phf-dfcd8cf48edf8124/lib-phf.json: 'analyzed_files'
2025-05-29 12:14:01,546 - utils.folder_summarizer - WARNING - Could not analyze content of ./target/debug/.fingerprint/phf-dfcd8cf48edf8124/invoked.timestamp: 'analyzed_files'
2025-05-29 12:14:01,547 - utils.folder_summarizer - WARNING - Could not analyze content of ./target/debug/.fingerprint/core-graphics-476c82efe818a65a/lib-core_graphics.json: 'analyzed_files'
2025-05-29 12:14:01,547 - utils.folder_summarizer - WARNING - Could not analyze content of ./target/debug/.fingerprint/core-graphics-476c82efe818a65a/invoked.timestamp: 'analyzed_files'
2025-05-29 12:14:01,549 - utils.folder_summarizer - WARNING - Could not analyze content of ./target/debug/.fingerprint/dunce-c7acfc13d5d36d98/lib-dunce.json: 'analyzed_files'
2025-05-29 12:14:01,549 - utils.folder_summarizer - WARNING - Could not analyze content of ./target/debug/.fingerprint/dunce-c7acfc13d5d36d98/invoked.timestamp: 'analyzed_files'
2025-05-29 12:14:01,550 - utils.folder_summarizer - WARNING - Could not analyze content of ./target/debug/.fingerprint/phf_macros-a811d2baf65715c9/invoked.timestamp: 'analyzed_files'
2025-05-29 12:14:01,552 - utils.folder_summarizer - WARNING - Could not analyze content of ./target/debug/.fingerprint/phf_macros-a811d2baf65715c9/lib-phf_macros.json: 'analyzed_files'
2025-05-29 12:14:01,553 - utils.folder_summarizer - WARNING - Could not analyze content of ./target/debug/.fingerprint/semver-b98bf491bbc2f488/invoked.timestamp: 'analyzed_files'
2025-05-29 12:14:01,554 - utils.folder_summarizer - WARNING - Could not analyze content of ./target/debug/.fingerprint/semver-b98bf491bbc2f488/lib-semver.json: 'analyzed_files'
2025-05-29 12:14:01,555 - utils.folder_summarizer - WARNING - Could not analyze content of ./target/debug/.fingerprint/serde_json-392826479c1e3f35/invoked.timestamp: 'analyzed_files'
2025-05-29 12:14:01,556 - utils.folder_summarizer - WARNING - Could not analyze content of ./target/debug/.fingerprint/serde_json-392826479c1e3f35/build-script-build-script-build.json: 'analyzed_files'
2025-05-29 12:14:01,558 - utils.folder_summarizer - WARNING - Could not analyze content of ./target/debug/.fingerprint/typenum-f5dad33c63a908e6/run-build-script-build-script-build.json: 'analyzed_files'
2025-05-29 12:14:01,560 - utils.folder_summarizer - WARNING - Could not analyze content of ./target/debug/.fingerprint/unicode-ident-d94afd1349fe509c/lib-unicode_ident.json: 'analyzed_files'
2025-05-29 12:14:01,561 - utils.folder_summarizer - WARNING - Could not analyze content of ./target/debug/.fingerprint/unicode-ident-d94afd1349fe509c/invoked.timestamp: 'analyzed_files'
2025-05-29 12:14:01,561 - utils.folder_summarizer - WARNING - Could not analyze content of ./target/debug/.fingerprint/futures-macro-29fecdbf067014c3/invoked.timestamp: 'analyzed_files'
2025-05-29 12:14:01,562 - utils.folder_summarizer - WARNING - Could not analyze content of ./target/debug/.fingerprint/futures-macro-29fecdbf067014c3/lib-futures_macro.json: 'analyzed_files'
2025-05-29 12:14:01,565 - utils.folder_summarizer - WARNING - Could not analyze content of ./target/debug/.fingerprint/tauri-macros-ff36398ffa758bc4/invoked.timestamp: 'analyzed_files'
2025-05-29 12:14:01,566 - utils.folder_summarizer - WARNING - Could not analyze content of ./target/debug/.fingerprint/tauri-macros-ff36398ffa758bc4/lib-tauri_macros.json: 'analyzed_files'
2025-05-29 12:14:01,567 - utils.folder_summarizer - WARNING - Could not analyze content of ./target/debug/.fingerprint/thiserror-79d71b071f1b5957/invoked.timestamp: 'analyzed_files'
2025-05-29 12:14:01,568 - utils.folder_summarizer - WARNING - Could not analyze content of ./target/debug/.fingerprint/thiserror-79d71b071f1b5957/build-script-build-script-build.json: 'analyzed_files'
2025-05-29 12:14:01,569 - utils.folder_summarizer - WARNING - Could not analyze content of ./target/debug/.fingerprint/rand_core-def45c76a7422874/lib-rand_core.json: 'analyzed_files'
2025-05-29 12:14:01,570 - utils.folder_summarizer - WARNING - Could not analyze content of ./target/debug/.fingerprint/rand_core-def45c76a7422874/invoked.timestamp: 'analyzed_files'
2025-05-29 12:14:01,571 - utils.folder_summarizer - WARNING - Could not analyze content of ./target/debug/.fingerprint/icu_properties_data-a69d1944dd6cd9bc/lib-icu_properties_data.json: 'analyzed_files'
2025-05-29 12:14:01,572 - utils.folder_summarizer - WARNING - Could not analyze content of ./target/debug/.fingerprint/icu_properties_data-a69d1944dd6cd9bc/invoked.timestamp: 'analyzed_files'
2025-05-29 12:14:01,573 - utils.folder_summarizer - WARNING - Could not analyze content of ./target/debug/.fingerprint/serde_json-e96c22e3300be9ce/lib-serde_json.json: 'analyzed_files'
2025-05-29 12:14:01,573 - utils.folder_summarizer - WARNING - Could not analyze content of ./target/debug/.fingerprint/serde_json-e96c22e3300be9ce/invoked.timestamp: 'analyzed_files'
2025-05-29 12:14:01,574 - utils.folder_summarizer - WARNING - Could not analyze content of ./target/debug/.fingerprint/typenum-8ee2d4458685320e/invoked.timestamp: 'analyzed_files'
2025-05-29 12:14:01,575 - utils.folder_summarizer - WARNING - Could not analyze content of ./target/debug/.fingerprint/typenum-8ee2d4458685320e/build-script-build-script-build.json: 'analyzed_files'
2025-05-29 12:14:01,576 - utils.folder_summarizer - WARNING - Could not analyze content of ./target/debug/.fingerprint/idna_adapter-dcb46858c586585f/lib-idna_adapter.json: 'analyzed_files'
2025-05-29 12:14:01,576 - utils.folder_summarizer - WARNING - Could not analyze content of ./target/debug/.fingerprint/idna_adapter-dcb46858c586585f/invoked.timestamp: 'analyzed_files'
2025-05-29 12:14:01,577 - utils.folder_summarizer - WARNING - Could not analyze content of ./target/debug/.fingerprint/png-055871b09b932a3e/invoked.timestamp: 'analyzed_files'
2025-05-29 12:14:01,578 - utils.folder_summarizer - WARNING - Could not analyze content of ./target/debug/.fingerprint/png-055871b09b932a3e/lib-png.json: 'analyzed_files'
2025-05-29 12:14:01,579 - utils.folder_summarizer - WARNING - Could not analyze content of ./target/debug/.fingerprint/phf-8e4caa07924821b2/lib-phf.json: 'analyzed_files'
2025-05-29 12:14:01,579 - utils.folder_summarizer - WARNING - Could not analyze content of ./target/debug/.fingerprint/phf-8e4caa07924821b2/invoked.timestamp: 'analyzed_files'
2025-05-29 12:14:01,580 - utils.folder_summarizer - WARNING - Could not analyze content of ./target/debug/.fingerprint/semver-9349d985632c7e01/invoked.timestamp: 'analyzed_files'
2025-05-29 12:14:01,581 - utils.folder_summarizer - WARNING - Could not analyze content of ./target/debug/.fingerprint/semver-9349d985632c7e01/build-script-build-script-build.json: 'analyzed_files'
2025-05-29 12:14:01,581 - utils.folder_summarizer - WARNING - Could not analyze content of ./target/debug/.fingerprint/darling-1e8f0f9d3c9412b4/lib-darling.json: 'analyzed_files'
2025-05-29 12:14:01,582 - utils.folder_summarizer - WARNING - Could not analyze content of ./target/debug/.fingerprint/darling-1e8f0f9d3c9412b4/invoked.timestamp: 'analyzed_files'
2025-05-29 12:14:01,583 - utils.folder_summarizer - WARNING - Could not analyze content of ./target/debug/.fingerprint/state-facb5e85f1ee028f/invoked.timestamp: 'analyzed_files'
2025-05-29 12:14:01,584 - utils.folder_summarizer - WARNING - Could not analyze content of ./target/debug/.fingerprint/state-facb5e85f1ee028f/lib-state.json: 'analyzed_files'
2025-05-29 12:14:01,586 - utils.folder_summarizer - WARNING - Could not analyze content of ./target/debug/.fingerprint/quick-xml-c9f6ddbd8e6e94a7/lib-quick_xml.json: 'analyzed_files'
2025-05-29 12:14:01,586 - utils.folder_summarizer - WARNING - Could not analyze content of ./target/debug/.fingerprint/quick-xml-c9f6ddbd8e6e94a7/invoked.timestamp: 'analyzed_files'
2025-05-29 12:14:01,587 - memory.enhanced_semantic_search - INFO - Added 1100 items to vector index
2025-05-29 12:14:01,587 - utils.folder_summarizer - WARNING - Could not analyze content of ./target/debug/.fingerprint/cfg-if-7db07564e97b24f9/lib-cfg_if.json: 'analyzed_files'
2025-05-29 12:14:01,588 - utils.folder_summarizer - WARNING - Could not analyze content of ./target/debug/.fingerprint/cfg-if-7db07564e97b24f9/invoked.timestamp: 'analyzed_files'
2025-05-29 12:14:01,589 - utils.folder_summarizer - WARNING - Could not analyze content of ./target/debug/.fingerprint/thiserror-impl-280b50d53038f6d9/lib-thiserror_impl.json: 'analyzed_files'
2025-05-29 12:14:01,589 - utils.folder_summarizer - WARNING - Could not analyze content of ./target/debug/.fingerprint/thiserror-impl-280b50d53038f6d9/invoked.timestamp: 'analyzed_files'
2025-05-29 12:14:01,590 - utils.folder_summarizer - WARNING - Could not analyze content of ./target/debug/.fingerprint/tauri-runtime-wry-9a953e845fbf6b4c/run-build-script-build-script-build.json: 'analyzed_files'
2025-05-29 12:14:01,591 - utils.folder_summarizer - WARNING - Could not analyze content of ./target/debug/.fingerprint/shlex-198f1573989e4705/lib-shlex.json: 'analyzed_files'
2025-05-29 12:14:01,592 - utils.folder_summarizer - WARNING - Could not analyze content of ./target/debug/.fingerprint/shlex-198f1573989e4705/invoked.timestamp: 'analyzed_files'
2025-05-29 12:14:01,593 - utils.folder_summarizer - WARNING - Could not analyze content of ./target/debug/.fingerprint/syn-ed09a0f94929ce71/invoked.timestamp: 'analyzed_files'
2025-05-29 12:14:01,593 - utils.folder_summarizer - WARNING - Could not analyze content of ./target/debug/.fingerprint/syn-ed09a0f94929ce71/build-script-build-script-build.json: 'analyzed_files'
2025-05-29 12:14:01,594 - utils.folder_summarizer - WARNING - Could not analyze content of ./target/debug/.fingerprint/infer-274d6ba8064b81a7/lib-infer.json: 'analyzed_files'
2025-05-29 12:14:01,595 - utils.folder_summarizer - WARNING - Could not analyze content of ./target/debug/.fingerprint/infer-274d6ba8064b81a7/invoked.timestamp: 'analyzed_files'
2025-05-29 12:14:01,596 - utils.folder_summarizer - WARNING - Could not analyze content of ./target/debug/.fingerprint/cssparser-74d02b9adb2723d2/lib-cssparser.json: 'analyzed_files'
2025-05-29 12:14:01,597 - utils.folder_summarizer - WARNING - Could not analyze content of ./target/debug/.fingerprint/cssparser-74d02b9adb2723d2/invoked.timestamp: 'analyzed_files'
2025-05-29 12:14:01,598 - utils.folder_summarizer - WARNING - Could not analyze content of ./target/debug/.fingerprint/ai-assistant-overlay-7a8b04cce42ca427/lib-ai_assistant_overlay.json: 'analyzed_files'
2025-05-29 12:14:01,599 - utils.folder_summarizer - WARNING - Could not analyze content of ./target/debug/.fingerprint/ai-assistant-overlay-7a8b04cce42ca427/invoked.timestamp: 'analyzed_files'
2025-05-29 12:14:01,600 - utils.folder_summarizer - WARNING - Could not analyze content of ./target/debug/.fingerprint/bitflags-8ee7c90c7dd7dd04/invoked.timestamp: 'analyzed_files'
2025-05-29 12:14:01,601 - utils.folder_summarizer - WARNING - Could not analyze content of ./target/debug/.fingerprint/bitflags-8ee7c90c7dd7dd04/lib-bitflags.json: 'analyzed_files'
2025-05-29 12:14:01,602 - utils.folder_summarizer - WARNING - Could not analyze content of ./target/debug/.fingerprint/markup5ever-998de24beb7530ae/lib-markup5ever.json: 'analyzed_files'
2025-05-29 12:14:01,603 - utils.folder_summarizer - WARNING - Could not analyze content of ./target/debug/.fingerprint/markup5ever-998de24beb7530ae/invoked.timestamp: 'analyzed_files'
2025-05-29 12:14:01,604 - utils.folder_summarizer - WARNING - Could not analyze content of ./target/debug/.fingerprint/percent-encoding-539bd2782c270614/lib-percent_encoding.json: 'analyzed_files'
2025-05-29 12:14:01,605 - utils.folder_summarizer - WARNING - Could not analyze content of ./target/debug/.fingerprint/percent-encoding-539bd2782c270614/invoked.timestamp: 'analyzed_files'
2025-05-29 12:14:01,605 - utils.folder_summarizer - WARNING - Could not analyze content of ./target/debug/.fingerprint/markup5ever-0d15a9938d43912a/invoked.timestamp: 'analyzed_files'
2025-05-29 12:14:01,607 - utils.folder_summarizer - WARNING - Could not analyze content of ./target/debug/.fingerprint/markup5ever-0d15a9938d43912a/build-script-build-script-build.json: 'analyzed_files'
2025-05-29 12:14:01,608 - utils.folder_summarizer - WARNING - Could not analyze content of ./target/debug/.fingerprint/itoa-1074d175d4f34c5b/lib-itoa.json: 'analyzed_files'
2025-05-29 12:14:01,609 - utils.folder_summarizer - WARNING - Could not analyze content of ./target/debug/.fingerprint/itoa-1074d175d4f34c5b/invoked.timestamp: 'analyzed_files'
2025-05-29 12:14:01,610 - utils.folder_summarizer - WARNING - Could not analyze content of ./target/debug/.fingerprint/toml-28e9678012f24f6d/lib-toml.json: 'analyzed_files'
2025-05-29 12:14:01,610 - utils.folder_summarizer - WARNING - Could not analyze content of ./target/debug/.fingerprint/toml-28e9678012f24f6d/invoked.timestamp: 'analyzed_files'
2025-05-29 12:14:01,611 - utils.folder_summarizer - WARNING - Could not analyze content of ./target/debug/.fingerprint/phf_shared-6cb9a8a40890a927/lib-phf_shared.json: 'analyzed_files'
2025-05-29 12:14:01,612 - utils.folder_summarizer - WARNING - Could not analyze content of ./target/debug/.fingerprint/phf_shared-6cb9a8a40890a927/invoked.timestamp: 'analyzed_files'
2025-05-29 12:14:01,613 - utils.folder_summarizer - WARNING - Could not analyze content of ./target/debug/.fingerprint/string_cache-e3b932d948b7cb10/lib-string_cache.json: 'analyzed_files'
2025-05-29 12:14:01,613 - utils.folder_summarizer - WARNING - Could not analyze content of ./target/debug/.fingerprint/string_cache-e3b932d948b7cb10/invoked.timestamp: 'analyzed_files'
2025-05-29 12:14:01,614 - utils.folder_summarizer - WARNING - Could not analyze content of ./target/debug/.fingerprint/serde-03a9af586cdf11cc/run-build-script-build-script-build.json: 'analyzed_files'
2025-05-29 12:14:01,615 - utils.folder_summarizer - WARNING - Could not analyze content of ./target/debug/.fingerprint/indexmap-c8030d12a9d49564/invoked.timestamp: 'analyzed_files'
2025-05-29 12:14:01,616 - utils.folder_summarizer - WARNING - Could not analyze content of ./target/debug/.fingerprint/indexmap-c8030d12a9d49564/build-script-build-script-build.json: 'analyzed_files'
2025-05-29 12:14:01,617 - utils.folder_summarizer - WARNING - Could not analyze content of ./target/debug/.fingerprint/memchr-0de41adf3fe98730/invoked.timestamp: 'analyzed_files'
2025-05-29 12:14:01,618 - utils.folder_summarizer - WARNING - Could not analyze content of ./target/debug/.fingerprint/memchr-0de41adf3fe98730/lib-memchr.json: 'analyzed_files'
2025-05-29 12:14:01,618 - utils.folder_summarizer - WARNING - Could not analyze content of ./target/debug/.fingerprint/form_urlencoded-78901d527c5ea681/lib-form_urlencoded.json: 'analyzed_files'
2025-05-29 12:14:01,619 - utils.folder_summarizer - WARNING - Could not analyze content of ./target/debug/.fingerprint/form_urlencoded-78901d527c5ea681/invoked.timestamp: 'analyzed_files'
2025-05-29 12:14:01,620 - utils.folder_summarizer - WARNING - Could not analyze content of ./target/debug/.fingerprint/phf_shared-a4f8a395f76a86e7/lib-phf_shared.json: 'analyzed_files'
2025-05-29 12:14:01,621 - utils.folder_summarizer - WARNING - Could not analyze content of ./target/debug/.fingerprint/phf_shared-a4f8a395f76a86e7/invoked.timestamp: 'analyzed_files'
2025-05-29 12:14:01,621 - utils.folder_summarizer - WARNING - Could not analyze content of ./target/debug/.fingerprint/proc-macro2-5256492aaf8f87cd/invoked.timestamp: 'analyzed_files'
2025-05-29 12:14:01,622 - utils.folder_summarizer - WARNING - Could not analyze content of ./target/debug/.fingerprint/proc-macro2-5256492aaf8f87cd/build-script-build-script-build.json: 'analyzed_files'
2025-05-29 12:14:01,623 - utils.folder_summarizer - WARNING - Could not analyze content of ./target/debug/.fingerprint/parking_lot-a3c5db3619e509c4/lib-parking_lot.json: 'analyzed_files'
2025-05-29 12:14:01,624 - utils.folder_summarizer - WARNING - Could not analyze content of ./target/debug/.fingerprint/parking_lot-a3c5db3619e509c4/invoked.timestamp: 'analyzed_files'
2025-05-29 12:14:01,624 - utils.folder_summarizer - WARNING - Could not analyze content of ./target/debug/.fingerprint/zerocopy-663d937b307782f1/run-build-script-build-script-build.json: 'analyzed_files'
2025-05-29 12:14:01,625 - utils.folder_summarizer - WARNING - Could not analyze content of ./target/debug/.fingerprint/stable_deref_trait-6dc305aa63db6364/lib-stable_deref_trait.json: 'analyzed_files'
2025-05-29 12:14:01,626 - utils.folder_summarizer - WARNING - Could not analyze content of ./target/debug/.fingerprint/stable_deref_trait-6dc305aa63db6364/invoked.timestamp: 'analyzed_files'
2025-05-29 12:14:01,627 - utils.folder_summarizer - WARNING - Could not analyze content of ./target/debug/.fingerprint/toml_datetime-d575802884165c99/lib-toml_datetime.json: 'analyzed_files'
2025-05-29 12:14:01,627 - utils.folder_summarizer - WARNING - Could not analyze content of ./target/debug/.fingerprint/toml_datetime-d575802884165c99/invoked.timestamp: 'analyzed_files'
2025-05-29 12:14:01,628 - utils.folder_summarizer - WARNING - Could not analyze content of ./target/debug/.fingerprint/crossbeam-utils-98fd30b2159b2f5b/run-build-script-build-script-build.json: 'analyzed_files'
2025-05-29 12:14:01,629 - utils.folder_summarizer - WARNING - Could not analyze content of ./target/debug/.fingerprint/aho-corasick-e307df1dcf82002b/lib-aho_corasick.json: 'analyzed_files'
2025-05-29 12:14:01,630 - utils.folder_summarizer - WARNING - Could not analyze content of ./target/debug/.fingerprint/aho-corasick-e307df1dcf82002b/invoked.timestamp: 'analyzed_files'
2025-05-29 12:14:01,631 - utils.folder_summarizer - WARNING - Could not analyze content of ./target/debug/.fingerprint/cpufeatures-39965b3d781e70c4/lib-cpufeatures.json: 'analyzed_files'
2025-05-29 12:14:01,631 - utils.folder_summarizer - WARNING - Could not analyze content of ./target/debug/.fingerprint/cpufeatures-39965b3d781e70c4/invoked.timestamp: 'analyzed_files'
2025-05-29 12:14:01,632 - utils.folder_summarizer - WARNING - Could not analyze content of ./target/debug/.fingerprint/crossbeam-channel-7714038627e232fc/lib-crossbeam_channel.json: 'analyzed_files'
2025-05-29 12:14:01,633 - utils.folder_summarizer - WARNING - Could not analyze content of ./target/debug/.fingerprint/crossbeam-channel-7714038627e232fc/invoked.timestamp: 'analyzed_files'
2025-05-29 12:14:01,633 - utils.folder_summarizer - WARNING - Could not analyze content of ./target/debug/.fingerprint/serialize-to-javascript-impl-8992b3138c880e02/lib-serialize_to_javascript_impl.json: 'analyzed_files'
2025-05-29 12:14:01,634 - utils.folder_summarizer - WARNING - Could not analyze content of ./target/debug/.fingerprint/serialize-to-javascript-impl-8992b3138c880e02/invoked.timestamp: 'analyzed_files'
2025-05-29 12:14:01,635 - utils.folder_summarizer - WARNING - Could not analyze content of ./target/debug/.fingerprint/crc32fast-244ad7e9f34c2a46/lib-crc32fast.json: 'analyzed_files'
2025-05-29 12:14:01,636 - utils.folder_summarizer - WARNING - Could not analyze content of ./target/debug/.fingerprint/crc32fast-244ad7e9f34c2a46/invoked.timestamp: 'analyzed_files'
2025-05-29 12:14:01,637 - utils.folder_summarizer - WARNING - Could not analyze content of ./target/debug/.fingerprint/phf_codegen-d529f3ffb40cbc87/lib-phf_codegen.json: 'analyzed_files'
2025-05-29 12:14:01,637 - utils.folder_summarizer - WARNING - Could not analyze content of ./target/debug/.fingerprint/phf_codegen-d529f3ffb40cbc87/invoked.timestamp: 'analyzed_files'
2025-05-29 12:14:01,638 - utils.folder_summarizer - WARNING - Could not analyze content of ./target/debug/.fingerprint/icu_locid_transform-bcdea05062d8afa6/lib-icu_locid_transform.json: 'analyzed_files'
2025-05-29 12:14:01,639 - utils.folder_summarizer - WARNING - Could not analyze content of ./target/debug/.fingerprint/icu_locid_transform-bcdea05062d8afa6/invoked.timestamp: 'analyzed_files'
2025-05-29 12:14:01,640 - utils.folder_summarizer - WARNING - Could not analyze content of ./target/debug/.fingerprint/xattr-99e0b1f34d812091/lib-xattr.json: 'analyzed_files'
2025-05-29 12:14:01,641 - utils.folder_summarizer - WARNING - Could not analyze content of ./target/debug/.fingerprint/xattr-99e0b1f34d812091/invoked.timestamp: 'analyzed_files'
2025-05-29 12:14:01,641 - utils.folder_summarizer - WARNING - Could not analyze content of ./target/debug/.fingerprint/wry-bd4799b5389c61c5/run-build-script-build-script-build.json: 'analyzed_files'
2025-05-29 12:14:01,642 - utils.folder_summarizer - WARNING - Could not analyze content of ./target/debug/.fingerprint/miniz_oxide-def2864de315b202/lib-miniz_oxide.json: 'analyzed_files'
2025-05-29 12:14:01,643 - utils.folder_summarizer - WARNING - Could not analyze content of ./target/debug/.fingerprint/miniz_oxide-def2864de315b202/invoked.timestamp: 'analyzed_files'
2025-05-29 12:14:01,644 - utils.folder_summarizer - WARNING - Could not analyze content of ./target/debug/.fingerprint/open-63799e234e924ceb/lib-open.json: 'analyzed_files'
2025-05-29 12:14:01,644 - utils.folder_summarizer - WARNING - Could not analyze content of ./target/debug/.fingerprint/open-63799e234e924ceb/invoked.timestamp: 'analyzed_files'
2025-05-29 12:14:01,645 - utils.folder_summarizer - WARNING - Could not analyze content of ./target/debug/.fingerprint/cssparser-21923ed6fef536bc/invoked.timestamp: 'analyzed_files'
2025-05-29 12:14:01,646 - utils.folder_summarizer - WARNING - Could not analyze content of ./target/debug/.fingerprint/cssparser-21923ed6fef536bc/build-script-build-script-build.json: 'analyzed_files'
2025-05-29 12:14:01,646 - utils.folder_summarizer - WARNING - Could not analyze content of ./target/debug/.fingerprint/log-1345c29325090801/invoked.timestamp: 'analyzed_files'
2025-05-29 12:14:01,647 - utils.folder_summarizer - WARNING - Could not analyze content of ./target/debug/.fingerprint/log-1345c29325090801/lib-log.json: 'analyzed_files'
2025-05-29 12:14:01,648 - utils.folder_summarizer - WARNING - Could not analyze content of ./target/debug/.fingerprint/lock_api-0021055b75912069/invoked.timestamp: 'analyzed_files'
2025-05-29 12:14:01,648 - utils.folder_summarizer - WARNING - Could not analyze content of ./target/debug/.fingerprint/lock_api-0021055b75912069/build-script-build-script-build.json: 'analyzed_files'
2025-05-29 12:14:01,649 - utils.folder_summarizer - WARNING - Could not analyze content of ./target/debug/.fingerprint/rand_chacha-482d1d3103556009/lib-rand_chacha.json: 'analyzed_files'
2025-05-29 12:14:01,650 - utils.folder_summarizer - WARNING - Could not analyze content of ./target/debug/.fingerprint/rand_chacha-482d1d3103556009/invoked.timestamp: 'analyzed_files'
2025-05-29 12:14:01,651 - utils.folder_summarizer - WARNING - Could not analyze content of ./target/debug/.fingerprint/getrandom-c6eb031d3b0fbe1a/invoked.timestamp: 'analyzed_files'
2025-05-29 12:14:01,652 - utils.folder_summarizer - WARNING - Could not analyze content of ./target/debug/.fingerprint/getrandom-c6eb031d3b0fbe1a/build-script-build-script-build.json: 'analyzed_files'
2025-05-29 12:14:01,653 - utils.folder_summarizer - WARNING - Could not analyze content of ./target/debug/.fingerprint/tauri-utils-5595031b073fb8c1/lib-tauri_utils.json: 'analyzed_files'
2025-05-29 12:14:01,654 - utils.folder_summarizer - WARNING - Could not analyze content of ./target/debug/.fingerprint/tauri-utils-5595031b073fb8c1/invoked.timestamp: 'analyzed_files'
2025-05-29 12:14:01,655 - utils.folder_summarizer - WARNING - Could not analyze content of ./target/debug/.fingerprint/simd-adler32-00dadabfddb2a788/lib-simd_adler32.json: 'analyzed_files'
2025-05-29 12:14:01,655 - utils.folder_summarizer - WARNING - Could not analyze content of ./target/debug/.fingerprint/simd-adler32-00dadabfddb2a788/invoked.timestamp: 'analyzed_files'
2025-05-29 12:14:01,657 - utils.folder_summarizer - WARNING - Could not analyze content of ./target/debug/.fingerprint/ai-assistant-overlay-a7bf40126451ecba/invoked.timestamp: 'analyzed_files'
2025-05-29 12:14:01,658 - utils.folder_summarizer - WARNING - Could not analyze content of ./target/debug/.fingerprint/ai-assistant-overlay-a7bf40126451ecba/build-script-build-script-build.json: 'analyzed_files'
2025-05-29 12:14:01,658 - utils.folder_summarizer - WARNING - Could not analyze content of ./target/debug/.fingerprint/regex-syntax-039b399919f8526d/invoked.timestamp: 'analyzed_files'
2025-05-29 12:14:01,659 - utils.folder_summarizer - WARNING - Could not analyze content of ./target/debug/.fingerprint/regex-syntax-039b399919f8526d/lib-regex_syntax.json: 'analyzed_files'
2025-05-29 12:14:01,660 - utils.folder_summarizer - WARNING - Could not analyze content of ./target/debug/.fingerprint/phf_shared-9f836910f3eada4d/lib-phf_shared.json: 'analyzed_files'
2025-05-29 12:14:01,660 - utils.folder_summarizer - WARNING - Could not analyze content of ./target/debug/.fingerprint/phf_shared-9f836910f3eada4d/invoked.timestamp: 'analyzed_files'
2025-05-29 12:14:01,661 - utils.folder_summarizer - WARNING - Could not analyze content of ./target/debug/.fingerprint/url-de992deeba7d9182/lib-url.json: 'analyzed_files'
2025-05-29 12:14:01,662 - utils.folder_summarizer - WARNING - Could not analyze content of ./target/debug/.fingerprint/url-de992deeba7d9182/invoked.timestamp: 'analyzed_files'
2025-05-29 12:14:01,662 - utils.folder_summarizer - WARNING - Could not analyze content of ./target/debug/.fingerprint/jsonptr-0cd224777a957db6/lib-jsonptr.json: 'analyzed_files'
2025-05-29 12:14:01,663 - utils.folder_summarizer - WARNING - Could not analyze content of ./target/debug/.fingerprint/jsonptr-0cd224777a957db6/invoked.timestamp: 'analyzed_files'
2025-05-29 12:14:01,663 - utils.folder_summarizer - WARNING - Could not analyze content of ./target/debug/.fingerprint/regex-automata-eec4318f1c1cd26e/invoked.timestamp: 'analyzed_files'
2025-05-29 12:14:01,664 - utils.folder_summarizer - WARNING - Could not analyze content of ./target/debug/.fingerprint/regex-automata-eec4318f1c1cd26e/lib-regex_automata.json: 'analyzed_files'
2025-05-29 12:14:01,665 - utils.folder_summarizer - WARNING - Could not analyze content of ./target/debug/.fingerprint/serde_with-4eb0a36874cf69a4/lib-serde_with.json: 'analyzed_files'
2025-05-29 12:14:01,666 - utils.folder_summarizer - WARNING - Could not analyze content of ./target/debug/.fingerprint/serde_with-4eb0a36874cf69a4/invoked.timestamp: 'analyzed_files'
2025-05-29 12:14:01,667 - utils.folder_summarizer - WARNING - Could not analyze content of ./target/debug/.fingerprint/icu_properties-280db622c53d970a/lib-icu_properties.json: 'analyzed_files'
2025-05-29 12:14:01,667 - memory.enhanced_semantic_search - INFO - Added 1200 items to vector index
2025-05-29 12:14:01,668 - utils.folder_summarizer - WARNING - Could not analyze content of ./target/debug/.fingerprint/icu_properties-280db622c53d970a/invoked.timestamp: 'analyzed_files'
2025-05-29 12:14:01,668 - utils.folder_summarizer - WARNING - Could not analyze content of ./target/debug/.fingerprint/anyhow-2b735fd452e0615a/invoked.timestamp: 'analyzed_files'
2025-05-29 12:14:01,669 - utils.folder_summarizer - WARNING - Could not analyze content of ./target/debug/.fingerprint/anyhow-2b735fd452e0615a/build-script-build-script-build.json: 'analyzed_files'
2025-05-29 12:14:01,670 - utils.folder_summarizer - WARNING - Could not analyze content of ./target/debug/.fingerprint/objc-e19c4a1d30bdd07e/lib-objc.json: 'analyzed_files'
2025-05-29 12:14:01,670 - utils.folder_summarizer - WARNING - Could not analyze content of ./target/debug/.fingerprint/objc-e19c4a1d30bdd07e/invoked.timestamp: 'analyzed_files'
2025-05-29 12:14:01,671 - utils.folder_summarizer - WARNING - Could not analyze content of ./target/debug/.fingerprint/quote-f7e6c5902a9682fb/lib-quote.json: 'analyzed_files'
2025-05-29 12:14:01,672 - utils.folder_summarizer - WARNING - Could not analyze content of ./target/debug/.fingerprint/quote-f7e6c5902a9682fb/invoked.timestamp: 'analyzed_files'
2025-05-29 12:14:01,672 - utils.folder_summarizer - WARNING - Could not analyze content of ./target/debug/.fingerprint/html5ever-9cb5c32f29977162/invoked.timestamp: 'analyzed_files'
2025-05-29 12:14:01,673 - utils.folder_summarizer - WARNING - Could not analyze content of ./target/debug/.fingerprint/html5ever-9cb5c32f29977162/build-script-build-script-build.json: 'analyzed_files'
2025-05-29 12:14:01,674 - utils.folder_summarizer - WARNING - Could not analyze content of ./target/debug/.fingerprint/tauri-runtime-wry-4879cfa5faf95fd0/lib-tauri_runtime_wry.json: 'analyzed_files'
2025-05-29 12:14:01,674 - utils.folder_summarizer - WARNING - Could not analyze content of ./target/debug/.fingerprint/tauri-runtime-wry-4879cfa5faf95fd0/invoked.timestamp: 'analyzed_files'
2025-05-29 12:14:01,675 - utils.folder_summarizer - WARNING - Could not analyze content of ./target/debug/.fingerprint/getrandom-e318b9d7d2f1bd8d/run-build-script-build-script-build.json: 'analyzed_files'
2025-05-29 12:14:01,675 - utils.folder_summarizer - WARNING - Could not analyze content of ./target/debug/.fingerprint/icu_locid-63f806352f2d24bb/invoked.timestamp: 'analyzed_files'
2025-05-29 12:14:01,676 - utils.folder_summarizer - WARNING - Could not analyze content of ./target/debug/.fingerprint/icu_locid-63f806352f2d24bb/lib-icu_locid.json: 'analyzed_files'
2025-05-29 12:14:01,677 - utils.folder_summarizer - WARNING - Could not analyze content of ./target/debug/.fingerprint/zerocopy-93d86abaa41e2c0a/invoked.timestamp: 'analyzed_files'
2025-05-29 12:14:01,677 - utils.folder_summarizer - WARNING - Could not analyze content of ./target/debug/.fingerprint/zerocopy-93d86abaa41e2c0a/build-script-build-script-build.json: 'analyzed_files'
2025-05-29 12:14:01,678 - utils.folder_summarizer - WARNING - Could not analyze content of ./target/debug/.fingerprint/winnow-fb72fd244b40978e/lib-winnow.json: 'analyzed_files'
2025-05-29 12:14:01,679 - utils.folder_summarizer - WARNING - Could not analyze content of ./target/debug/.fingerprint/winnow-fb72fd244b40978e/invoked.timestamp: 'analyzed_files'
2025-05-29 12:14:01,679 - utils.folder_summarizer - WARNING - Could not analyze content of ./target/debug/.fingerprint/parking_lot_core-25ec3b9564e67dd3/run-build-script-build-script-build.json: 'analyzed_files'
2025-05-29 12:14:01,680 - utils.folder_summarizer - WARNING - Could not analyze content of ./target/debug/.fingerprint/getrandom-b164f91ee3461860/lib-getrandom.json: 'analyzed_files'
2025-05-29 12:14:01,681 - utils.folder_summarizer - WARNING - Could not analyze content of ./target/debug/.fingerprint/getrandom-b164f91ee3461860/invoked.timestamp: 'analyzed_files'
2025-05-29 12:14:01,682 - utils.folder_summarizer - WARNING - Could not analyze content of ./target/debug/.fingerprint/tao-2bb2c2e7ff6d46c5/run-build-script-build-script-build.json: 'analyzed_files'
2025-05-29 12:14:01,682 - utils.folder_summarizer - WARNING - Could not analyze content of ./target/debug/.fingerprint/crossbeam-deque-7dcf2910e3924bf5/invoked.timestamp: 'analyzed_files'
2025-05-29 12:14:01,683 - utils.folder_summarizer - WARNING - Could not analyze content of ./target/debug/.fingerprint/crossbeam-deque-7dcf2910e3924bf5/lib-crossbeam_deque.json: 'analyzed_files'
2025-05-29 12:14:01,684 - utils.folder_summarizer - WARNING - Could not analyze content of ./target/debug/.fingerprint/kuchikiki-1202c11239b699b5/lib-kuchikiki.json: 'analyzed_files'
2025-05-29 12:14:01,685 - utils.folder_summarizer - WARNING - Could not analyze content of ./target/debug/.fingerprint/kuchikiki-1202c11239b699b5/invoked.timestamp: 'analyzed_files'
2025-05-29 12:14:01,686 - utils.folder_summarizer - WARNING - Could not analyze content of ./target/debug/.fingerprint/zerofrom-55e305617be7afdd/lib-zerofrom.json: 'analyzed_files'
2025-05-29 12:14:01,686 - utils.folder_summarizer - WARNING - Could not analyze content of ./target/debug/.fingerprint/zerofrom-55e305617be7afdd/invoked.timestamp: 'analyzed_files'
2025-05-29 12:14:01,687 - utils.folder_summarizer - WARNING - Could not analyze content of ./target/debug/.fingerprint/tauri-ddefa2e7678814b7/invoked.timestamp: 'analyzed_files'
2025-05-29 12:14:01,689 - utils.folder_summarizer - WARNING - Could not analyze content of ./target/debug/.fingerprint/tauri-ddefa2e7678814b7/build-script-build-script-build.json: 'analyzed_files'
2025-05-29 12:14:01,690 - utils.folder_summarizer - WARNING - Could not analyze content of ./target/debug/.fingerprint/tao-7ee1c0a499ab435b/lib-tao.json: 'analyzed_files'
2025-05-29 12:14:01,690 - utils.folder_summarizer - WARNING - Could not analyze content of ./target/debug/.fingerprint/tao-7ee1c0a499ab435b/invoked.timestamp: 'analyzed_files'
2025-05-29 12:14:01,691 - utils.folder_summarizer - WARNING - Could not analyze content of ./target/debug/.fingerprint/parking_lot_core-47b6a2fc3f300e2e/lib-parking_lot_core.json: 'analyzed_files'
2025-05-29 12:14:01,692 - utils.folder_summarizer - WARNING - Could not analyze content of ./target/debug/.fingerprint/parking_lot_core-47b6a2fc3f300e2e/invoked.timestamp: 'analyzed_files'
2025-05-29 12:14:01,692 - utils.folder_summarizer - WARNING - Could not analyze content of ./target/debug/.fingerprint/tauri-winres-02203c1340a10006/invoked.timestamp: 'analyzed_files'
2025-05-29 12:14:01,693 - utils.folder_summarizer - WARNING - Could not analyze content of ./target/debug/.fingerprint/tauri-winres-02203c1340a10006/lib-tauri_winres.json: 'analyzed_files'
2025-05-29 12:14:01,694 - utils.folder_summarizer - WARNING - Could not analyze content of ./target/debug/.fingerprint/ai-assistant-overlay-0ffd737344fdbac2/invoked.timestamp: 'analyzed_files'
2025-05-29 12:14:01,695 - utils.folder_summarizer - WARNING - Could not analyze content of ./target/debug/.fingerprint/ai-assistant-overlay-0ffd737344fdbac2/bin-ai-assistant-overlay.json: 'analyzed_files'
2025-05-29 12:14:01,695 - utils.folder_summarizer - WARNING - Could not analyze content of ./target/debug/.fingerprint/raw-window-handle-6f262d0143dd09e8/invoked.timestamp: 'analyzed_files'
2025-05-29 12:14:01,696 - utils.folder_summarizer - WARNING - Could not analyze content of ./target/debug/.fingerprint/raw-window-handle-6f262d0143dd09e8/lib-raw_window_handle.json: 'analyzed_files'
2025-05-29 12:14:01,696 - utils.folder_summarizer - WARNING - Could not analyze content of ./target/debug/.fingerprint/thiserror-34e8ce185b6fa76b/run-build-script-build-script-build.json: 'analyzed_files'
2025-05-29 12:14:01,697 - utils.folder_summarizer - WARNING - Could not analyze content of ./target/debug/.fingerprint/generic-array-1e2a50dd711dd544/run-build-script-build-script-build.json: 'analyzed_files'
2025-05-29 12:14:01,698 - utils.folder_summarizer - WARNING - Could not analyze content of ./target/debug/.fingerprint/core-foundation-03e72d6117ecb1dc/invoked.timestamp: 'analyzed_files'
2025-05-29 12:14:01,698 - utils.folder_summarizer - WARNING - Could not analyze content of ./target/debug/.fingerprint/core-foundation-03e72d6117ecb1dc/lib-core_foundation.json: 'analyzed_files'
2025-05-29 12:14:01,699 - utils.folder_summarizer - WARNING - Could not analyze content of ./target/debug/.fingerprint/lock_api-449a61b8274e370f/lib-lock_api.json: 'analyzed_files'
2025-05-29 12:14:01,700 - utils.folder_summarizer - WARNING - Could not analyze content of ./target/debug/.fingerprint/lock_api-449a61b8274e370f/invoked.timestamp: 'analyzed_files'
2025-05-29 12:14:01,700 - utils.folder_summarizer - WARNING - Could not analyze content of ./target/debug/.fingerprint/wry-3341c3b49eb41789/run-build-script-build-script-build.json: 'analyzed_files'
2025-05-29 12:14:01,701 - utils.folder_summarizer - WARNING - Could not analyze content of ./target/debug/.fingerprint/toml-7db4f5c5b157ffda/lib-toml.json: 'analyzed_files'
2025-05-29 12:14:01,702 - utils.folder_summarizer - WARNING - Could not analyze content of ./target/debug/.fingerprint/toml-7db4f5c5b157ffda/invoked.timestamp: 'analyzed_files'
2025-05-29 12:14:01,702 - utils.folder_summarizer - WARNING - Could not analyze content of ./target/debug/.fingerprint/slab-d546704b7e3142d9/invoked.timestamp: 'analyzed_files'
2025-05-29 12:14:01,703 - utils.folder_summarizer - WARNING - Could not analyze content of ./target/debug/.fingerprint/slab-d546704b7e3142d9/build-script-build-script-build.json: 'analyzed_files'
2025-05-29 12:14:01,703 - utils.folder_summarizer - WARNING - Could not analyze content of ./target/debug/.fingerprint/dirs-next-5d3112adaa2cc7b4/lib-dirs_next.json: 'analyzed_files'
2025-05-29 12:14:01,704 - utils.folder_summarizer - WARNING - Could not analyze content of ./target/debug/.fingerprint/dirs-next-5d3112adaa2cc7b4/invoked.timestamp: 'analyzed_files'
2025-05-29 12:14:01,704 - utils.folder_summarizer - WARNING - Could not analyze content of ./target/debug/.fingerprint/futf-0106a3f48252d629/invoked.timestamp: 'analyzed_files'
2025-05-29 12:14:01,705 - utils.folder_summarizer - WARNING - Could not analyze content of ./target/debug/.fingerprint/futf-0106a3f48252d629/lib-futf.json: 'analyzed_files'
2025-05-29 12:14:01,707 - utils.folder_summarizer - WARNING - Could not analyze content of ./target/debug/.fingerprint/cargo_toml-1dc443030c38a4db/invoked.timestamp: 'analyzed_files'
2025-05-29 12:14:01,708 - utils.folder_summarizer - WARNING - Could not analyze content of ./target/debug/.fingerprint/cargo_toml-1dc443030c38a4db/lib-cargo_toml.json: 'analyzed_files'
2025-05-29 12:14:01,708 - utils.folder_summarizer - WARNING - Could not analyze content of ./target/debug/.fingerprint/objc_exception-0ef75960bd9ddff3/invoked.timestamp: 'analyzed_files'
2025-05-29 12:14:01,709 - utils.folder_summarizer - WARNING - Could not analyze content of ./target/debug/.fingerprint/objc_exception-0ef75960bd9ddff3/build-script-build-script-build.json: 'analyzed_files'
2025-05-29 12:14:01,710 - utils.folder_summarizer - WARNING - Could not analyze content of ./target/debug/.fingerprint/siphasher-c1fb0605a370cfeb/lib-siphasher.json: 'analyzed_files'
2025-05-29 12:14:01,710 - utils.folder_summarizer - WARNING - Could not analyze content of ./target/debug/.fingerprint/siphasher-c1fb0605a370cfeb/invoked.timestamp: 'analyzed_files'
2025-05-29 12:14:01,711 - utils.folder_summarizer - WARNING - Could not analyze content of ./target/debug/.fingerprint/icu_provider-bd25f75bb5bfb0ff/invoked.timestamp: 'analyzed_files'
2025-05-29 12:14:01,711 - utils.folder_summarizer - WARNING - Could not analyze content of ./target/debug/.fingerprint/icu_provider-bd25f75bb5bfb0ff/lib-icu_provider.json: 'analyzed_files'
2025-05-29 12:14:01,712 - utils.folder_summarizer - WARNING - Could not analyze content of ./target/debug/.fingerprint/tauri-runtime-d57bce0f883fd593/invoked.timestamp: 'analyzed_files'
2025-05-29 12:14:01,713 - utils.folder_summarizer - WARNING - Could not analyze content of ./target/debug/.fingerprint/tauri-runtime-d57bce0f883fd593/build-script-build-script-build.json: 'analyzed_files'
2025-05-29 12:14:01,713 - utils.folder_summarizer - WARNING - Could not analyze content of ./target/debug/.fingerprint/ident_case-f3ec51d238b476d0/lib-ident_case.json: 'analyzed_files'
2025-05-29 12:14:01,713 - utils.folder_summarizer - WARNING - Could not analyze content of ./target/debug/.fingerprint/ident_case-f3ec51d238b476d0/invoked.timestamp: 'analyzed_files'
2025-05-29 12:14:01,714 - utils.folder_summarizer - WARNING - Could not analyze content of ./target/debug/.fingerprint/once_cell-017f88ddf5b877df/lib-once_cell.json: 'analyzed_files'
2025-05-29 12:14:01,715 - utils.folder_summarizer - WARNING - Could not analyze content of ./target/debug/.fingerprint/once_cell-017f88ddf5b877df/invoked.timestamp: 'analyzed_files'
2025-05-29 12:14:01,715 - utils.folder_summarizer - WARNING - Could not analyze content of ./target/debug/.fingerprint/thin-slice-7a4bd11a96bfa304/lib-thin_slice.json: 'analyzed_files'
2025-05-29 12:14:01,716 - utils.folder_summarizer - WARNING - Could not analyze content of ./target/debug/.fingerprint/thin-slice-7a4bd11a96bfa304/invoked.timestamp: 'analyzed_files'
2025-05-29 12:14:01,716 - utils.folder_summarizer - WARNING - Could not analyze content of ./target/debug/.fingerprint/phf_generator-b03005ad3e2c93cc/invoked.timestamp: 'analyzed_files'
2025-05-29 12:14:01,717 - utils.folder_summarizer - WARNING - Could not analyze content of ./target/debug/.fingerprint/phf_generator-b03005ad3e2c93cc/lib-phf_generator.json: 'analyzed_files'
2025-05-29 12:14:01,718 - utils.folder_summarizer - WARNING - Could not analyze content of ./target/debug/.fingerprint/icu_normalizer_data-e65934d29d045d2e/invoked.timestamp: 'analyzed_files'
2025-05-29 12:14:01,718 - utils.folder_summarizer - WARNING - Could not analyze content of ./target/debug/.fingerprint/icu_normalizer_data-e65934d29d045d2e/lib-icu_normalizer_data.json: 'analyzed_files'
2025-05-29 12:14:01,719 - utils.folder_summarizer - WARNING - Could not analyze content of ./target/debug/.fingerprint/futures-util-a65a771c9aac59a5/lib-futures_util.json: 'analyzed_files'
2025-05-29 12:14:01,720 - utils.folder_summarizer - WARNING - Could not analyze content of ./target/debug/.fingerprint/futures-util-a65a771c9aac59a5/invoked.timestamp: 'analyzed_files'
2025-05-29 12:14:01,720 - utils.folder_summarizer - WARNING - Could not analyze content of ./target/debug/.fingerprint/libc-3acd3f86012a4b9b/invoked.timestamp: 'analyzed_files'
2025-05-29 12:14:01,721 - utils.folder_summarizer - WARNING - Could not analyze content of ./target/debug/.fingerprint/libc-3acd3f86012a4b9b/lib-libc.json: 'analyzed_files'
2025-05-29 12:14:01,722 - utils.folder_summarizer - WARNING - Could not analyze content of ./target/debug/.fingerprint/percent-encoding-161417dcc71a1ee0/lib-percent_encoding.json: 'analyzed_files'
2025-05-29 12:14:01,722 - utils.folder_summarizer - WARNING - Could not analyze content of ./target/debug/.fingerprint/percent-encoding-161417dcc71a1ee0/invoked.timestamp: 'analyzed_files'
2025-05-29 12:14:01,723 - utils.folder_summarizer - WARNING - Could not analyze content of ./target/debug/.fingerprint/tinystr-2eca4bc390725290/lib-tinystr.json: 'analyzed_files'
2025-05-29 12:14:01,724 - utils.folder_summarizer - WARNING - Could not analyze content of ./target/debug/.fingerprint/tinystr-2eca4bc390725290/invoked.timestamp: 'analyzed_files'
2025-05-29 12:14:01,724 - utils.folder_summarizer - WARNING - Could not analyze content of ./target/debug/.fingerprint/url-c5e3449f526ede93/lib-url.json: 'analyzed_files'
2025-05-29 12:14:01,725 - utils.folder_summarizer - WARNING - Could not analyze content of ./target/debug/.fingerprint/url-c5e3449f526ede93/invoked.timestamp: 'analyzed_files'
2025-05-29 12:14:01,726 - utils.folder_summarizer - WARNING - Could not analyze content of ./target/debug/.fingerprint/lock_api-b5d9e4a1e0bd3a90/lib-lock_api.json: 'analyzed_files'
2025-05-29 12:14:01,726 - utils.folder_summarizer - WARNING - Could not analyze content of ./target/debug/.fingerprint/lock_api-b5d9e4a1e0bd3a90/invoked.timestamp: 'analyzed_files'
2025-05-29 12:14:01,727 - utils.folder_summarizer - WARNING - Could not analyze content of ./target/debug/.fingerprint/byteorder-9916a494b882cc96/lib-byteorder.json: 'analyzed_files'
2025-05-29 12:14:01,728 - utils.folder_summarizer - WARNING - Could not analyze content of ./target/debug/.fingerprint/byteorder-9916a494b882cc96/invoked.timestamp: 'analyzed_files'
2025-05-29 12:14:01,728 - utils.folder_summarizer - WARNING - Could not analyze content of ./target/debug/.fingerprint/fastrand-fc32dc62c33e085d/lib-fastrand.json: 'analyzed_files'
2025-05-29 12:14:01,729 - utils.folder_summarizer - WARNING - Could not analyze content of ./target/debug/.fingerprint/fastrand-fc32dc62c33e085d/invoked.timestamp: 'analyzed_files'
2025-05-29 12:14:01,729 - utils.folder_summarizer - WARNING - Could not analyze content of ./target/debug/.fingerprint/ryu-59d5a6846910370c/lib-ryu.json: 'analyzed_files'
2025-05-29 12:14:01,730 - utils.folder_summarizer - WARNING - Could not analyze content of ./target/debug/.fingerprint/ryu-59d5a6846910370c/invoked.timestamp: 'analyzed_files'
2025-05-29 12:14:01,731 - utils.folder_summarizer - WARNING - Could not analyze content of ./target/debug/.fingerprint/kuchikiki-58b7ccbb0777abb3/lib-kuchikiki.json: 'analyzed_files'
2025-05-29 12:14:01,731 - utils.folder_summarizer - WARNING - Could not analyze content of ./target/debug/.fingerprint/kuchikiki-58b7ccbb0777abb3/invoked.timestamp: 'analyzed_files'
2025-05-29 12:14:01,732 - utils.folder_summarizer - WARNING - Could not analyze content of ./target/debug/.fingerprint/syn-5a29ae57f5af9d31/lib-syn.json: 'analyzed_files'
2025-05-29 12:14:01,733 - utils.folder_summarizer - WARNING - Could not analyze content of ./target/debug/.fingerprint/syn-5a29ae57f5af9d31/invoked.timestamp: 'analyzed_files'
2025-05-29 12:14:01,733 - utils.folder_summarizer - WARNING - Could not analyze content of ./target/debug/.fingerprint/parking_lot-eeb0d7b499d32f4f/lib-parking_lot.json: 'analyzed_files'
2025-05-29 12:14:01,734 - utils.folder_summarizer - WARNING - Could not analyze content of ./target/debug/.fingerprint/parking_lot-eeb0d7b499d32f4f/invoked.timestamp: 'analyzed_files'
2025-05-29 12:14:01,737 - utils.folder_summarizer - WARNING - Could not analyze content of ./target/debug/.fingerprint/ai-assistant-overlay-944a8a9e8bcf9b50/output-bin-ai-assistant-overlay: 'analyzed_files'
2025-05-29 12:14:01,737 - memory.enhanced_semantic_search - INFO - Added 1300 items to vector index
2025-05-29 12:14:01,738 - utils.folder_summarizer - WARNING - Could not analyze content of ./target/debug/.fingerprint/ai-assistant-overlay-944a8a9e8bcf9b50/invoked.timestamp: 'analyzed_files'
2025-05-29 12:14:01,738 - utils.folder_summarizer - WARNING - Could not analyze content of ./target/debug/.fingerprint/semver-746531affc6686fc/invoked.timestamp: 'analyzed_files'
2025-05-29 12:14:01,739 - utils.folder_summarizer - WARNING - Could not analyze content of ./target/debug/.fingerprint/semver-746531affc6686fc/lib-semver.json: 'analyzed_files'
2025-05-29 12:14:01,739 - utils.folder_summarizer - WARNING - Could not analyze content of ./target/debug/.fingerprint/crypto-common-6b5a2b29b50eda48/lib-crypto_common.json: 'analyzed_files'
2025-05-29 12:14:01,740 - utils.folder_summarizer - WARNING - Could not analyze content of ./target/debug/.fingerprint/crypto-common-6b5a2b29b50eda48/invoked.timestamp: 'analyzed_files'
2025-05-29 12:14:01,740 - utils.folder_summarizer - WARNING - Could not analyze content of ./target/debug/.fingerprint/lazy_static-c3fd024ac73df712/lib-lazy_static.json: 'analyzed_files'
2025-05-29 12:14:01,741 - utils.folder_summarizer - WARNING - Could not analyze content of ./target/debug/.fingerprint/lazy_static-c3fd024ac73df712/invoked.timestamp: 'analyzed_files'
2025-05-29 12:14:01,741 - utils.folder_summarizer - WARNING - Could not analyze content of ./target/debug/.fingerprint/proc-macro-hack-bf47ab0ccef15d3c/invoked.timestamp: 'analyzed_files'
2025-05-29 12:14:01,742 - utils.folder_summarizer - WARNING - Could not analyze content of ./target/debug/.fingerprint/proc-macro-hack-bf47ab0ccef15d3c/lib-proc_macro_hack.json: 'analyzed_files'
2025-05-29 12:14:01,743 - utils.folder_summarizer - WARNING - Could not analyze content of ./target/debug/.fingerprint/yoke-derive-944890cb52af1c9f/lib-yoke_derive.json: 'analyzed_files'
2025-05-29 12:14:01,743 - utils.folder_summarizer - WARNING - Could not analyze content of ./target/debug/.fingerprint/yoke-derive-944890cb52af1c9f/invoked.timestamp: 'analyzed_files'
2025-05-29 12:14:01,744 - utils.folder_summarizer - WARNING - Could not analyze content of ./target/debug/.fingerprint/html5ever-66337f4265512eb4/invoked.timestamp: 'analyzed_files'
2025-05-29 12:14:01,745 - utils.folder_summarizer - WARNING - Could not analyze content of ./target/debug/.fingerprint/html5ever-66337f4265512eb4/lib-html5ever.json: 'analyzed_files'
2025-05-29 12:14:01,745 - utils.folder_summarizer - WARNING - Could not analyze content of ./target/debug/.fingerprint/markup5ever-711347d6d01d4460/run-build-script-build-script-build.json: 'analyzed_files'
2025-05-29 12:14:01,746 - utils.folder_summarizer - WARNING - Could not analyze content of ./target/debug/.fingerprint/html5ever-916b047193c384d4/run-build-script-build-script-build.json: 'analyzed_files'
2025-05-29 12:14:01,746 - utils.folder_summarizer - WARNING - Could not analyze content of ./target/debug/.fingerprint/futures-task-86dfec29e20d5f2b/lib-futures_task.json: 'analyzed_files'
2025-05-29 12:14:01,747 - utils.folder_summarizer - WARNING - Could not analyze content of ./target/debug/.fingerprint/futures-task-86dfec29e20d5f2b/invoked.timestamp: 'analyzed_files'
2025-05-29 12:14:01,747 - utils.folder_summarizer - WARNING - Could not analyze content of ./target/debug/.fingerprint/displaydoc-75d2e14530e47406/lib-displaydoc.json: 'analyzed_files'
2025-05-29 12:14:01,748 - utils.folder_summarizer - WARNING - Could not analyze content of ./target/debug/.fingerprint/displaydoc-75d2e14530e47406/invoked.timestamp: 'analyzed_files'
2025-05-29 12:14:01,984 - utils.folder_summarizer - WARNING - Could not analyze content of ./target/debug/deps/phf_macros-fbbe8e3ff569e19e.d: 'analyzed_files'
2025-05-29 12:14:01,985 - utils.folder_summarizer - WARNING - Could not analyze content of ./target/debug/deps/cocoa_foundation-24f863702a1e496a.d: 'analyzed_files'
2025-05-29 12:14:01,990 - utils.folder_summarizer - WARNING - Could not analyze content of ./target/debug/deps/lock_api-449a61b8274e370f.d: 'analyzed_files'
2025-05-29 12:14:01,993 - utils.folder_summarizer - WARNING - Could not analyze content of ./target/debug/deps/plist-bf5d9d4a78a25b48.d: 'analyzed_files'
2025-05-29 12:14:01,996 - utils.folder_summarizer - WARNING - Could not analyze content of ./target/debug/deps/serde_json-e96c22e3300be9ce.d: 'analyzed_files'
2025-05-29 12:14:02,000 - utils.folder_summarizer - WARNING - Could not analyze content of ./target/debug/deps/tauri_utils-670129cf01ccaa92.d: 'analyzed_files'
2025-05-29 12:14:02,007 - utils.folder_summarizer - WARNING - Could not analyze content of ./target/debug/deps/tar-1f3ce2a6baef8e08.d: 'analyzed_files'
2025-05-29 12:14:02,009 - utils.folder_summarizer - WARNING - Could not analyze content of ./target/debug/deps/fdeflate-59b5fc72fb7dfdf5.d: 'analyzed_files'
2025-05-29 12:14:02,013 - utils.folder_summarizer - WARNING - Could not analyze content of ./target/debug/deps/convert_case-dc08e696a973390b.d: 'analyzed_files'
2025-05-29 12:14:02,015 - utils.folder_summarizer - WARNING - Could not analyze content of ./target/debug/deps/utf16_iter-9980532ee28a7c96.d: 'analyzed_files'
2025-05-29 12:14:02,016 - utils.folder_summarizer - WARNING - Could not analyze content of ./target/debug/deps/idna_adapter-dcb46858c586585f.d: 'analyzed_files'
2025-05-29 12:14:02,018 - utils.folder_summarizer - WARNING - Could not analyze content of ./target/debug/deps/pin_project_lite-87d51e31ef5d8a1e.d: 'analyzed_files'
2025-05-29 12:14:02,020 - utils.folder_summarizer - WARNING - Could not analyze content of ./target/debug/deps/phf_macros-a811d2baf65715c9.d: 'analyzed_files'
2025-05-29 12:14:02,022 - utils.folder_summarizer - WARNING - Could not analyze content of ./target/debug/deps/url-de992deeba7d9182.d: 'analyzed_files'
2025-05-29 12:14:02,026 - utils.folder_summarizer - WARNING - Could not analyze content of ./target/debug/deps/brotli-0afe35980e3430aa.d: 'analyzed_files'
2025-05-29 12:14:02,027 - utils.folder_summarizer - WARNING - Could not analyze content of ./target/debug/deps/serde_with_macros-bd1e2c6b62d8cdc5.d: 'analyzed_files'
2025-05-29 12:14:02,029 - utils.folder_summarizer - WARNING - Could not analyze content of ./target/debug/deps/phf-8ddbc7d8417e2270.d: 'analyzed_files'
2025-05-29 12:14:02,034 - utils.folder_summarizer - WARNING - Could not analyze content of ./target/debug/deps/version_check-82bbcefce66a40c8.d: 'analyzed_files'
2025-05-29 12:14:02,036 - utils.folder_summarizer - WARNING - Could not analyze content of ./target/debug/deps/powerfmt-89c5d011db549514.d: 'analyzed_files'
2025-05-29 12:14:02,038 - utils.folder_summarizer - WARNING - Could not analyze content of ./target/debug/deps/phf-8e4caa07924821b2.d: 'analyzed_files'
2025-05-29 12:14:02,041 - utils.folder_summarizer - WARNING - Could not analyze content of ./target/debug/deps/crypto_common-6b5a2b29b50eda48.d: 'analyzed_files'
2025-05-29 12:14:02,043 - utils.folder_summarizer - WARNING - Could not analyze content of ./target/debug/deps/synstructure-70717c9ee64356ed.d: 'analyzed_files'
2025-05-29 12:14:02,046 - utils.folder_summarizer - WARNING - Could not analyze content of ./target/debug/deps/miniz_oxide-def2864de315b202.d: 'analyzed_files'
2025-05-29 12:14:02,049 - utils.folder_summarizer - WARNING - Could not analyze content of ./target/debug/deps/simd_adler32-00dadabfddb2a788.d: 'analyzed_files'
2025-05-29 12:14:02,050 - utils.folder_summarizer - WARNING - Could not analyze content of ./target/debug/deps/icu_provider_macros-364fb1ba0617d304.d: 'analyzed_files'
2025-05-29 12:14:02,054 - utils.folder_summarizer - WARNING - Could not analyze content of ./target/debug/deps/markup5ever-26672a5bb72e7ca7.d: 'analyzed_files'
2025-05-29 12:14:02,055 - utils.folder_summarizer - WARNING - Could not analyze content of ./target/debug/deps/pin_utils-d076bfde16a7df84.d: 'analyzed_files'
2025-05-29 12:14:02,055 - utils.folder_summarizer - WARNING - Could not analyze content of ./target/debug/deps/malloc_buf-84b8d629716b6e44.d: 'analyzed_files'
2025-05-29 12:14:02,058 - utils.folder_summarizer - WARNING - Could not analyze content of ./target/debug/deps/string_cache_codegen-a15e249279f376d8.d: 'analyzed_files'
2025-05-29 12:14:02,061 - utils.folder_summarizer - WARNING - Could not analyze content of ./target/debug/deps/autocfg-87e162dfeffeff4a.d: 'analyzed_files'
2025-05-29 12:14:02,068 - utils.folder_summarizer - WARNING - Could not analyze content of ./target/debug/deps/quick_xml-c9f6ddbd8e6e94a7.d: 'analyzed_files'
2025-05-29 12:14:02,076 - utils.folder_summarizer - WARNING - Could not analyze content of ./target/debug/deps/regex_automata-eec4318f1c1cd26e.d: 'analyzed_files'
2025-05-29 12:14:02,082 - utils.folder_summarizer - WARNING - Could not analyze content of ./target/debug/deps/tokio-ba71e7bbf0356e28.d: 'analyzed_files'
2025-05-29 12:14:02,087 - utils.folder_summarizer - WARNING - Could not analyze content of ./target/debug/deps/byteorder-9916a494b882cc96.d: 'analyzed_files'
2025-05-29 12:14:02,091 - utils.folder_summarizer - WARNING - Could not analyze content of ./target/debug/deps/ai_assistant_overlay-6912d9b70cff2ea5.d: 'analyzed_files'
2025-05-29 12:14:02,096 - utils.folder_summarizer - WARNING - Could not analyze content of ./target/debug/deps/getrandom-275804627d53e7f5.d: 'analyzed_files'
2025-05-29 12:14:02,103 - utils.folder_summarizer - WARNING - Could not analyze content of ./target/debug/deps/rustc_version-fb0180a7b437190f.d: 'analyzed_files'
2025-05-29 12:14:02,104 - utils.folder_summarizer - WARNING - Could not analyze content of ./target/debug/deps/adler2-bd2cc5114fc6daee.d: 'analyzed_files'
2025-05-29 12:14:02,109 - utils.folder_summarizer - WARNING - Could not analyze content of ./target/debug/deps/ctor-7d232a9eaa8e21f0.d: 'analyzed_files'
2025-05-29 12:14:02,114 - utils.folder_summarizer - WARNING - Could not analyze content of ./target/debug/deps/itoa-1074d175d4f34c5b.d: 'analyzed_files'
2025-05-29 12:14:02,115 - utils.folder_summarizer - WARNING - Could not analyze content of ./target/debug/deps/fxhash-fd451d4225f494b4.d: 'analyzed_files'
2025-05-29 12:14:02,116 - utils.folder_summarizer - WARNING - Could not analyze content of ./target/debug/deps/alloc_stdlib-37fd87890e6cee4a.d: 'analyzed_files'
2025-05-29 12:14:02,121 - utils.folder_summarizer - WARNING - Could not analyze content of ./target/debug/deps/dirs_sys_next-84418248099f91b3.d: 'analyzed_files'
2025-05-29 12:14:02,125 - utils.folder_summarizer - WARNING - Could not analyze content of ./target/debug/deps/tauri_macros-ff36398ffa758bc4.d: 'analyzed_files'
2025-05-29 12:14:02,129 - utils.folder_summarizer - WARNING - Could not analyze content of ./target/debug/deps/cssparser-74d02b9adb2723d2.d: 'analyzed_files'
2025-05-29 12:14:02,131 - utils.folder_summarizer - WARNING - Could not analyze content of ./target/debug/deps/syn-5a29ae57f5af9d31.d: 'analyzed_files'
2025-05-29 12:14:02,133 - utils.folder_summarizer - WARNING - Could not analyze content of ./target/debug/deps/objc_id-7bea765756bfbaee.d: 'analyzed_files'
2025-05-29 12:14:02,138 - utils.folder_summarizer - WARNING - Could not analyze content of ./target/debug/deps/pathdiff-b77aeceb7affc616.d: 'analyzed_files'
2025-05-29 12:14:02,142 - utils.folder_summarizer - WARNING - Could not analyze content of ./target/debug/deps/litemap-7c3c50f978024bed.d: 'analyzed_files'
2025-05-29 12:14:02,143 - utils.folder_summarizer - WARNING - Could not analyze content of ./target/debug/deps/write16-2f90fb7f2aa2076c.d: 'analyzed_files'
2025-05-29 12:14:02,148 - utils.folder_summarizer - WARNING - Could not analyze content of ./target/debug/deps/percent_encoding-161417dcc71a1ee0.d: 'analyzed_files'
2025-05-29 12:14:02,152 - utils.folder_summarizer - WARNING - Could not analyze content of ./target/debug/deps/embed_resource-76520fecfe3b3518.d: 'analyzed_files'
2025-05-29 12:14:02,161 - utils.folder_summarizer - WARNING - Could not analyze content of ./target/debug/deps/nodrop-f595bd7b932548ea.d: 'analyzed_files'
2025-05-29 12:14:02,163 - utils.folder_summarizer - WARNING - Could not analyze content of ./target/debug/deps/heck-65d7a504e0bd8535.d: 'analyzed_files'
2025-05-29 12:14:02,166 - utils.folder_summarizer - WARNING - Could not analyze content of ./target/debug/deps/servo_arc-976745fe40d1ef81.d: 'analyzed_files'
2025-05-29 12:14:02,169 - utils.folder_summarizer - WARNING - Could not analyze content of ./target/debug/deps/cfb-03d74a09806131ae.d: 'analyzed_files'
2025-05-29 12:14:02,176 - utils.folder_summarizer - WARNING - Could not analyze content of ./target/debug/deps/bytes-3043e22cd86de11c.d: 'analyzed_files'
2025-05-29 12:14:02,178 - utils.folder_summarizer - WARNING - Could not analyze content of ./target/debug/deps/once_cell-017f88ddf5b877df.d: 'analyzed_files'
2025-05-29 12:14:02,181 - utils.folder_summarizer - WARNING - Could not analyze content of ./target/debug/deps/mac-ca752fdc45a66d01.d: 'analyzed_files'
2025-05-29 12:14:02,182 - utils.folder_summarizer - WARNING - Could not analyze content of ./target/debug/deps/futf-0106a3f48252d629.d: 'analyzed_files'
2025-05-29 12:14:02,184 - utils.folder_summarizer - WARNING - Could not analyze content of ./target/debug/deps/futures_core-be5914d32650b71c.d: 'analyzed_files'
2025-05-29 12:14:02,186 - utils.folder_summarizer - WARNING - Could not analyze content of ./target/debug/deps/url-c5e3449f526ede93.d: 'analyzed_files'
2025-05-29 12:14:02,189 - utils.folder_summarizer - WARNING - Could not analyze content of ./target/debug/deps/foreign_types_shared-5db6408e4f32f6d1.d: 'analyzed_files'
2025-05-29 12:14:02,192 - utils.folder_summarizer - WARNING - Could not analyze content of ./target/debug/deps/time-64234c97cc653f28.d: 'analyzed_files'
2025-05-29 12:14:02,193 - utils.folder_summarizer - WARNING - Could not analyze content of ./target/debug/deps/quote-f7e6c5902a9682fb.d: 'analyzed_files'
2025-05-29 12:14:02,195 - utils.folder_summarizer - WARNING - Could not analyze content of ./target/debug/deps/darling-1e8f0f9d3c9412b4.d: 'analyzed_files'
2025-05-29 12:14:02,196 - utils.folder_summarizer - WARNING - Could not analyze content of ./target/debug/deps/shlex-198f1573989e4705.d: 'analyzed_files'
2025-05-29 12:14:02,199 - utils.folder_summarizer - WARNING - Could not analyze content of ./target/debug/deps/winnow-e54e50e1578821bb.d: 'analyzed_files'
2025-05-29 12:14:02,200 - utils.folder_summarizer - WARNING - Could not analyze content of ./target/debug/deps/cssparser_macros-05698ca52473c74f.d: 'analyzed_files'
2025-05-29 12:14:02,204 - utils.folder_summarizer - WARNING - Could not analyze content of ./target/debug/deps/parking_lot-a3c5db3619e509c4.d: 'analyzed_files'
2025-05-29 12:14:02,209 - utils.folder_summarizer - WARNING - Could not analyze content of ./target/debug/deps/rustix-b457493b2409a86e.d: 'analyzed_files'
2025-05-29 12:14:02,212 - utils.folder_summarizer - WARNING - Could not analyze content of ./target/debug/deps/serde_derive-3226b7cfa7a6fe4f.d: 'analyzed_files'
2025-05-29 12:14:02,214 - utils.folder_summarizer - WARNING - Could not analyze content of ./target/debug/deps/memchr-0de41adf3fe98730.d: 'analyzed_files'
2025-05-29 12:14:02,222 - utils.folder_summarizer - WARNING - Could not analyze content of ./target/debug/deps/icu_properties_data-a69d1944dd6cd9bc.d: 'analyzed_files'
2025-05-29 12:14:02,228 - utils.folder_summarizer - WARNING - Could not analyze content of ./target/debug/deps/deranged-a1454c15b2aaef76.d: 'analyzed_files'
2025-05-29 12:14:02,230 - utils.folder_summarizer - WARNING - Could not analyze content of ./target/debug/deps/icu_collections-3dbeb7989e58b41a.d: 'analyzed_files'
2025-05-29 12:14:02,233 - utils.folder_summarizer - WARNING - Could not analyze content of ./target/debug/deps/thiserror_impl-280b50d53038f6d9.d: 'analyzed_files'
2025-05-29 12:14:02,239 - utils.folder_summarizer - WARNING - Could not analyze content of ./target/debug/deps/string_cache-e3b932d948b7cb10.d: 'analyzed_files'
2025-05-29 12:14:02,239 - utils.folder_summarizer - WARNING - Could not analyze content of ./target/debug/deps/dirs_next-5d3112adaa2cc7b4.d: 'analyzed_files'
2025-05-29 12:14:02,241 - utils.folder_summarizer - WARNING - Could not analyze content of ./target/debug/deps/equivalent-c72f791bc7303335.d: 'analyzed_files'
2025-05-29 12:14:02,245 - utils.folder_summarizer - WARNING - Could not analyze content of ./target/debug/deps/siphasher-f1d367418dd0eb14.d: 'analyzed_files'
2025-05-29 12:14:02,248 - memory.enhanced_semantic_search - INFO - Added 1400 items to vector index
2025-05-29 12:14:02,248 - utils.folder_summarizer - WARNING - Could not analyze content of ./target/debug/deps/displaydoc-75d2e14530e47406.d: 'analyzed_files'
2025-05-29 12:14:02,252 - utils.folder_summarizer - WARNING - Could not analyze content of ./target/debug/deps/proc_macro_hack-bf47ab0ccef15d3c.d: 'analyzed_files'
2025-05-29 12:14:02,259 - utils.folder_summarizer - WARNING - Could not analyze content of ./target/debug/deps/toml-7db4f5c5b157ffda.d: 'analyzed_files'
2025-05-29 12:14:02,263 - utils.folder_summarizer - WARNING - Could not analyze content of ./target/debug/deps/phf-dfcd8cf48edf8124.d: 'analyzed_files'
2025-05-29 12:14:02,266 - utils.folder_summarizer - WARNING - Could not analyze content of ./target/debug/deps/serde_json-50ee4e51e54e1a98.d: 'analyzed_files'
2025-05-29 12:14:02,269 - utils.folder_summarizer - WARNING - Could not analyze content of ./target/debug/deps/selectors-efeb60807162f4da.d: 'analyzed_files'
2025-05-29 12:14:02,272 - utils.folder_summarizer - WARNING - Could not analyze content of ./target/debug/deps/matches-c9ce3709ec2c8c10.d: 'analyzed_files'
2025-05-29 12:14:02,278 - utils.folder_summarizer - WARNING - Could not analyze content of ./target/debug/deps/ident_case-f3ec51d238b476d0.d: 'analyzed_files'
2025-05-29 12:14:02,280 - utils.folder_summarizer - WARNING - Could not analyze content of ./target/debug/deps/crc32fast-244ad7e9f34c2a46.d: 'analyzed_files'
2025-05-29 12:14:02,282 - utils.folder_summarizer - WARNING - Could not analyze content of ./target/debug/deps/dispatch-5bb237902781f6d9.d: 'analyzed_files'
2025-05-29 12:14:02,287 - utils.folder_summarizer - WARNING - Could not analyze content of ./target/debug/deps/derive_more-ec773cd62a3f76b4.d: 'analyzed_files'
2025-05-29 12:14:02,290 - utils.folder_summarizer - WARNING - Could not analyze content of ./target/debug/deps/regex_automata-128d1c272bcd96d1.d: 'analyzed_files'
2025-05-29 12:14:02,292 - utils.folder_summarizer - WARNING - Could not analyze content of ./target/debug/deps/phf_generator-2db3f15997f1e4a4.d: 'analyzed_files'
2025-05-29 12:14:02,294 - utils.folder_summarizer - WARNING - Could not analyze content of ./target/debug/deps/rand_core-3cd419d6ed7396fa.d: 'analyzed_files'
2025-05-29 12:14:02,296 - utils.folder_summarizer - WARNING - Could not analyze content of ./target/debug/deps/hashbrown-5bfa26e0cabc4994.d: 'analyzed_files'
2025-05-29 12:14:02,298 - utils.folder_summarizer - WARNING - Could not analyze content of ./target/debug/deps/serialize_to_javascript-bc09df9077ca30e7.d: 'analyzed_files'
2025-05-29 12:14:02,301 - utils.folder_summarizer - WARNING - Could not analyze content of ./target/debug/deps/block_buffer-29ba854b7171b5f3.d: 'analyzed_files'
2025-05-29 12:14:02,303 - utils.folder_summarizer - WARNING - Could not analyze content of ./target/debug/deps/icu_locid_transform-bcdea05062d8afa6.d: 'analyzed_files'
2025-05-29 12:14:02,304 - utils.folder_summarizer - WARNING - Could not analyze content of ./target/debug/deps/yoke_derive-944890cb52af1c9f.d: 'analyzed_files'
2025-05-29 12:14:02,305 - utils.folder_summarizer - WARNING - Could not analyze content of ./target/debug/deps/errno-cc3dd03d06b9ca9d.d: 'analyzed_files'
2025-05-29 12:14:02,312 - utils.folder_summarizer - WARNING - Could not analyze content of ./target/debug/deps/raw_window_handle-6f262d0143dd09e8.d: 'analyzed_files'
2025-05-29 12:14:02,314 - utils.folder_summarizer - WARNING - Could not analyze content of ./target/debug/deps/icu_locid_transform_data-8bd64d77d30881b7.d: 'analyzed_files'
2025-05-29 12:14:02,315 - utils.folder_summarizer - WARNING - Could not analyze content of ./target/debug/deps/wry-ca996e5604d96a58.d: 'analyzed_files'
2025-05-29 12:14:02,318 - utils.folder_summarizer - WARNING - Could not analyze content of ./target/debug/deps/rand_chacha-e07fd911428b9148.d: 'analyzed_files'
2025-05-29 12:14:02,321 - utils.folder_summarizer - WARNING - Could not analyze content of ./target/debug/deps/zerovec-f004dfec4d8e3e28.d: 'analyzed_files'
2025-05-29 12:14:02,321 - utils.folder_summarizer - WARNING - Could not analyze content of ./target/debug/deps/form_urlencoded-78901d527c5ea681.d: 'analyzed_files'
2025-05-29 12:14:02,322 - utils.folder_summarizer - WARNING - Could not analyze content of ./target/debug/deps/open-63799e234e924ceb.d: 'analyzed_files'
2025-05-29 12:14:02,324 - utils.folder_summarizer - WARNING - Could not analyze content of ./target/debug/deps/bitflags-0da64da3b72ed005.d: 'analyzed_files'
2025-05-29 12:14:02,327 - utils.folder_summarizer - WARNING - Could not analyze content of ./target/debug/deps/zerocopy-93c50d1016fcd247.d: 'analyzed_files'
2025-05-29 12:14:02,329 - utils.folder_summarizer - WARNING - Could not analyze content of ./target/debug/deps/lock_api-b5d9e4a1e0bd3a90.d: 'analyzed_files'
2025-05-29 12:14:02,331 - utils.folder_summarizer - WARNING - Could not analyze content of ./target/debug/deps/bitflags-8ee7c90c7dd7dd04.d: 'analyzed_files'
2025-05-29 12:14:02,332 - utils.folder_summarizer - WARNING - Could not analyze content of ./target/debug/deps/string_cache-331752466d1c3d1a.d: 'analyzed_files'
2025-05-29 12:14:02,335 - utils.folder_summarizer - WARNING - Could not analyze content of ./target/debug/deps/semver-b98bf491bbc2f488.d: 'analyzed_files'
2025-05-29 12:14:02,337 - utils.folder_summarizer - WARNING - Could not analyze content of ./target/debug/deps/phf_shared-df0e4b538bdb7422.d: 'analyzed_files'
2025-05-29 12:14:02,339 - utils.folder_summarizer - WARNING - Could not analyze content of ./target/debug/deps/core_graphics-476c82efe818a65a.d: 'analyzed_files'
2025-05-29 12:14:02,345 - utils.folder_summarizer - WARNING - Could not analyze content of ./target/debug/deps/tauri_runtime_wry-05a8224529f4cfb3.d: 'analyzed_files'
2025-05-29 12:14:02,348 - utils.folder_summarizer - WARNING - Could not analyze content of ./target/debug/deps/core_foundation-03e72d6117ecb1dc.d: 'analyzed_files'
2025-05-29 12:14:02,352 - utils.folder_summarizer - WARNING - Could not analyze content of ./target/debug/deps/semver-746531affc6686fc.d: 'analyzed_files'
2025-05-29 12:14:02,356 - utils.folder_summarizer - WARNING - Could not analyze content of ./target/debug/deps/precomputed_hash-8c356cafe0860a32.d: 'analyzed_files'
2025-05-29 12:14:02,360 - utils.folder_summarizer - WARNING - Could not analyze content of ./target/debug/deps/crossbeam_deque-7dcf2910e3924bf5.d: 'analyzed_files'
2025-05-29 12:14:02,361 - utils.folder_summarizer - WARNING - Could not analyze content of ./target/debug/deps/cocoa-7ad1e2f4c2b2d69f.d: 'analyzed_files'
2025-05-29 12:14:02,364 - utils.folder_summarizer - WARNING - Could not analyze content of ./target/debug/deps/crossbeam_channel-7714038627e232fc.d: 'analyzed_files'
2025-05-29 12:14:02,371 - utils.folder_summarizer - WARNING - Could not analyze content of ./target/debug/deps/kuchikiki-1202c11239b699b5.d: 'analyzed_files'
2025-05-29 12:14:02,374 - utils.folder_summarizer - WARNING - Could not analyze content of ./target/debug/deps/png-055871b09b932a3e.d: 'analyzed_files'
2025-05-29 12:14:02,376 - utils.folder_summarizer - WARNING - Could not analyze content of ./target/debug/deps/phf-197790a784673685.d: 'analyzed_files'
2025-05-29 12:14:02,378 - utils.folder_summarizer - WARNING - Could not analyze content of ./target/debug/deps/smallvec-12d5478b43238dbc.d: 'analyzed_files'
2025-05-29 12:14:02,380 - utils.folder_summarizer - WARNING - Could not analyze content of ./target/debug/deps/bstr-5f713236ed7446f5.d: 'analyzed_files'
2025-05-29 12:14:02,382 - utils.folder_summarizer - WARNING - Could not analyze content of ./target/debug/deps/uuid-0b530d34dc54f8f5.d: 'analyzed_files'
2025-05-29 12:14:02,383 - utils.folder_summarizer - WARNING - Could not analyze content of ./target/debug/deps/serialize_to_javascript_impl-8992b3138c880e02.d: 'analyzed_files'
2025-05-29 12:14:02,388 - utils.folder_summarizer - WARNING - Could not analyze content of ./target/debug/deps/dtoa_short-06df63ac6c9ab5a0.d: 'analyzed_files'
2025-05-29 12:14:02,391 - utils.folder_summarizer - WARNING - Could not analyze content of ./target/debug/deps/rand_chacha-482d1d3103556009.d: 'analyzed_files'
2025-05-29 12:14:02,396 - utils.folder_summarizer - WARNING - Could not analyze content of ./target/debug/deps/tauri_runtime_wry-4879cfa5faf95fd0.d: 'analyzed_files'
2025-05-29 12:14:02,399 - utils.folder_summarizer - WARNING - Could not analyze content of ./target/debug/deps/rand-3c214f08d7b23e05.d: 'analyzed_files'
2025-05-29 12:14:02,405 - utils.folder_summarizer - WARNING - Could not analyze content of ./target/debug/deps/thin_slice-7a4bd11a96bfa304.d: 'analyzed_files'
2025-05-29 12:14:02,410 - utils.folder_summarizer - WARNING - Could not analyze content of ./target/debug/deps/markup5ever-998de24beb7530ae.d: 'analyzed_files'
2025-05-29 12:14:02,415 - utils.folder_summarizer - WARNING - Could not analyze content of ./target/debug/deps/objc-e19c4a1d30bdd07e.d: 'analyzed_files'
2025-05-29 12:14:02,419 - utils.folder_summarizer - WARNING - Could not analyze content of ./target/debug/deps/ppv_lite86-46e6946ea2d55fd2.d: 'analyzed_files'
2025-05-29 12:14:02,421 - utils.folder_summarizer - WARNING - Could not analyze content of ./target/debug/deps/percent_encoding-539bd2782c270614.d: 'analyzed_files'
2025-05-29 12:14:02,423 - utils.folder_summarizer - WARNING - Could not analyze content of ./target/debug/deps/wry-58f4a4f482793ad0.d: 'analyzed_files'
2025-05-29 12:14:02,425 - utils.folder_summarizer - WARNING - Could not analyze content of ./target/debug/deps/alloc_no_stdlib-2ab5356e725abe6e.d: 'analyzed_files'
2025-05-29 12:14:02,427 - utils.folder_summarizer - WARNING - Could not analyze content of ./target/debug/deps/cpufeatures-39965b3d781e70c4.d: 'analyzed_files'
2025-05-29 12:14:02,432 - utils.folder_summarizer - WARNING - Could not analyze content of ./target/debug/deps/generic_array-c3757a045d9fb6c0.d: 'analyzed_files'
2025-05-29 12:14:02,440 - utils.folder_summarizer - WARNING - Could not analyze content of ./target/debug/deps/rand-85f2a5d2fc740672.d: 'analyzed_files'
2025-05-29 12:14:02,441 - utils.folder_summarizer - WARNING - Could not analyze content of ./target/debug/deps/zerovec_derive-a48ec89cc9037c2a.d: 'analyzed_files'
2025-05-29 12:14:02,444 - utils.folder_summarizer - WARNING - Could not analyze content of ./target/debug/deps/infer-274d6ba8064b81a7.d: 'analyzed_files'
2025-05-29 12:14:02,448 - utils.folder_summarizer - WARNING - Could not analyze content of ./target/debug/deps/rand_pcg-4cc1454dcc0a37c6.d: 'analyzed_files'
2025-05-29 12:14:02,450 - utils.folder_summarizer - WARNING - Could not analyze content of ./target/debug/deps/writeable-ceba9aa6816537cd.d: 'analyzed_files'
2025-05-29 12:14:02,453 - utils.folder_summarizer - WARNING - Could not analyze content of ./target/debug/deps/regex-1d999dcc26e64203.d: 'analyzed_files'
2025-05-29 12:14:02,455 - utils.folder_summarizer - WARNING - Could not analyze content of ./target/debug/deps/strsim-02b1f70acc45b698.d: 'analyzed_files'
2025-05-29 12:14:02,459 - utils.folder_summarizer - WARNING - Could not analyze content of ./target/debug/deps/sha2-be5b8a9d691801fb.d: 'analyzed_files'
2025-05-29 12:14:02,462 - utils.folder_summarizer - WARNING - Could not analyze content of ./target/debug/deps/digest-be56c41c69317519.d: 'analyzed_files'
2025-05-29 12:14:02,463 - utils.folder_summarizer - WARNING - Could not analyze content of ./target/debug/deps/itoa-c5a312a53a9b920f.d: 'analyzed_files'
2025-05-29 12:14:02,467 - utils.folder_summarizer - WARNING - Could not analyze content of ./target/debug/deps/darling_core-9416a6f0b1245a59.d: 'analyzed_files'
2025-05-29 12:14:02,470 - utils.folder_summarizer - WARNING - Could not analyze content of ./target/debug/deps/tauri-30ae77f72743e616.d: 'analyzed_files'
2025-05-29 12:14:02,472 - utils.folder_summarizer - WARNING - Could not analyze content of ./target/debug/deps/tauri_runtime-c28bf144970ba214.d: 'analyzed_files'
2025-05-29 12:14:02,480 - utils.folder_summarizer - WARNING - Could not analyze content of ./target/debug/deps/tauri_runtime-93053d6ade0a0f7a.d: 'analyzed_files'
2025-05-29 12:14:02,481 - utils.folder_summarizer - WARNING - Could not analyze content of ./target/debug/deps/serde_spanned-e4156c091b3fb9c3.d: 'analyzed_files'
2025-05-29 12:14:02,484 - utils.folder_summarizer - WARNING - Could not analyze content of ./target/debug/deps/indexmap-601ecc457e2b03a0.d: 'analyzed_files'
2025-05-29 12:14:02,486 - utils.folder_summarizer - WARNING - Could not analyze content of ./target/debug/deps/jsonptr-1a3951eba9b36812.d: 'analyzed_files'
2025-05-29 12:14:02,488 - utils.folder_summarizer - WARNING - Could not analyze content of ./target/debug/deps/kuchikiki-58b7ccbb0777abb3.d: 'analyzed_files'
2025-05-29 12:14:02,490 - utils.folder_summarizer - WARNING - Could not analyze content of ./target/debug/deps/phf_codegen-d02d61c759859e67.d: 'analyzed_files'
2025-05-29 12:14:02,493 - utils.folder_summarizer - WARNING - Could not analyze content of ./target/debug/deps/num_conv-cf112f46dc0809b8.d: 'analyzed_files'
2025-05-29 12:14:02,497 - utils.folder_summarizer - WARNING - Could not analyze content of ./target/debug/deps/crossbeam_epoch-d6c457755bc4d304.d: 'analyzed_files'
2025-05-29 12:14:02,499 - utils.folder_summarizer - WARNING - Could not analyze content of ./target/debug/deps/ai_assistant_overlay-0ffd737344fdbac2.d: 'analyzed_files'
2025-05-29 12:14:02,506 - utils.folder_summarizer - WARNING - Could not analyze content of ./target/debug/deps/encoding_rs-b054a3db4706c8ae.d: 'analyzed_files'
2025-05-29 12:14:02,511 - utils.folder_summarizer - WARNING - Could not analyze content of ./target/debug/deps/serde-4c2323845233394f.d: 'analyzed_files'
2025-05-29 12:14:02,512 - utils.folder_summarizer - WARNING - Could not analyze content of ./target/debug/deps/phf_generator-b03005ad3e2c93cc.d: 'analyzed_files'
2025-05-29 12:14:02,515 - utils.folder_summarizer - WARNING - Could not analyze content of ./target/debug/deps/same_file-237c01f2b1afe8f0.d: 'analyzed_files'
2025-05-29 12:14:02,516 - utils.folder_summarizer - WARNING - Could not analyze content of ./target/debug/deps/window_vibrancy-781b6af08b37ed19.d: 'analyzed_files'
2025-05-29 12:14:02,519 - utils.folder_summarizer - WARNING - Could not analyze content of ./target/debug/deps/cc-8692a4071945d0a9.d: 'analyzed_files'
2025-05-29 12:14:02,524 - utils.folder_summarizer - WARNING - Could not analyze content of ./target/debug/deps/toml_edit-dbaa86467ebc60f8.d: 'analyzed_files'
2025-05-29 12:14:02,529 - utils.folder_summarizer - WARNING - Could not analyze content of ./target/debug/deps/tao-7ee1c0a499ab435b.d: 'analyzed_files'
2025-05-29 12:14:02,532 - utils.folder_summarizer - WARNING - Could not analyze content of ./target/debug/deps/ai_assistant_overlay-a7aed4321197f1f7.d: 'analyzed_files'
2025-05-29 12:14:02,535 - utils.folder_summarizer - WARNING - Could not analyze content of ./target/debug/deps/tinystr-2eca4bc390725290.d: 'analyzed_files'
2025-05-29 12:14:02,538 - utils.folder_summarizer - WARNING - Could not analyze content of ./target/debug/deps/parking_lot-eeb0d7b499d32f4f.d: 'analyzed_files'
2025-05-29 12:14:02,541 - utils.folder_summarizer - WARNING - Could not analyze content of ./target/debug/deps/debug_unreachable-78610b340fcf7cb7.d: 'analyzed_files'
2025-05-29 12:14:02,549 - utils.folder_summarizer - WARNING - Could not analyze content of ./target/debug/deps/scopeguard-32d91715e6c60f8a.d: 'analyzed_files'
2025-05-29 12:14:02,552 - utils.folder_summarizer - WARNING - Could not analyze content of ./target/debug/deps/yoke-eb35ff181318bee3.d: 'analyzed_files'
2025-05-29 12:14:02,553 - utils.folder_summarizer - WARNING - Could not analyze content of ./target/debug/deps/zerofrom_derive-009979682493aee5.d: 'analyzed_files'
2025-05-29 12:14:02,554 - utils.folder_summarizer - WARNING - Could not analyze content of ./target/debug/deps/darling_macro-502a7f6d6ae08090.d: 'analyzed_files'
2025-05-29 12:14:02,557 - memory.enhanced_semantic_search - INFO - Added 1500 items to vector index
2025-05-29 12:14:02,557 - utils.folder_summarizer - WARNING - Could not analyze content of ./target/debug/deps/regex_syntax-039b399919f8526d.d: 'analyzed_files'
2025-05-29 12:14:02,561 - utils.folder_summarizer - WARNING - Could not analyze content of ./target/debug/deps/parking_lot_core-47b6a2fc3f300e2e.d: 'analyzed_files'
2025-05-29 12:14:02,562 - utils.folder_summarizer - WARNING - Could not analyze content of ./target/debug/deps/time_core-4de867e032174a82.d: 'analyzed_files'
2025-05-29 12:14:02,563 - utils.folder_summarizer - WARNING - Could not analyze content of ./target/debug/deps/foreign_types-43623150a556b1cd.d: 'analyzed_files'
2025-05-29 12:14:02,565 - utils.folder_summarizer - WARNING - Could not analyze content of ./target/debug/deps/getrandom-b164f91ee3461860.d: 'analyzed_files'
2025-05-29 12:14:02,568 - utils.folder_summarizer - WARNING - Could not analyze content of ./target/debug/deps/hashbrown-fe7a886b5dc811c7.d: 'analyzed_files'
2025-05-29 12:14:02,570 - utils.folder_summarizer - WARNING - Could not analyze content of ./target/debug/deps/crossbeam_utils-e137dcab6dd8a4f8.d: 'analyzed_files'
2025-05-29 12:14:02,574 - utils.folder_summarizer - WARNING - Could not analyze content of ./target/debug/deps/winnow-fb72fd244b40978e.d: 'analyzed_files'
2025-05-29 12:14:02,576 - utils.folder_summarizer - WARNING - Could not analyze content of ./target/debug/deps/form_urlencoded-bb1f7d4fdf8108e8.d: 'analyzed_files'
2025-05-29 12:14:02,579 - utils.folder_summarizer - WARNING - Could not analyze content of ./target/debug/deps/html5ever-66337f4265512eb4.d: 'analyzed_files'
2025-05-29 12:14:02,586 - utils.folder_summarizer - WARNING - Could not analyze content of ./target/debug/deps/walkdir-7f54be8a8d702370.d: 'analyzed_files'
2025-05-29 12:14:02,586 - utils.folder_summarizer - WARNING - Could not analyze content of ./target/debug/deps/scopeguard-0148418d95be1041.d: 'analyzed_files'
2025-05-29 12:14:02,588 - utils.folder_summarizer - WARNING - Could not analyze content of ./target/debug/deps/json_patch-1ecdc1129b14a62d.d: 'analyzed_files'
2025-05-29 12:14:02,593 - utils.folder_summarizer - WARNING - Could not analyze content of ./target/debug/deps/block-03dc8fc50155651a.d: 'analyzed_files'
2025-05-29 12:14:02,596 - utils.folder_summarizer - WARNING - Could not analyze content of ./target/debug/deps/tauri_utils-5595031b073fb8c1.d: 'analyzed_files'
2025-05-29 12:14:02,597 - utils.folder_summarizer - WARNING - Could not analyze content of ./target/debug/deps/objc_exception-f940011267658c9e.d: 'analyzed_files'
2025-05-29 12:14:02,600 - utils.folder_summarizer - WARNING - Could not analyze content of ./target/debug/deps/utf8-d55f00eae2512180.d: 'analyzed_files'
2025-05-29 12:14:02,603 - utils.folder_summarizer - WARNING - Could not analyze content of ./target/debug/deps/icu_normalizer-779c7e8f0f5873a6.d: 'analyzed_files'
2025-05-29 12:14:02,607 - utils.folder_summarizer - WARNING - Could not analyze content of ./target/debug/deps/jsonptr-0cd224777a957db6.d: 'analyzed_files'
2025-05-29 12:14:02,610 - utils.folder_summarizer - WARNING - Could not analyze content of ./target/debug/deps/aho_corasick-ab50ee54273eb3aa.d: 'analyzed_files'
2025-05-29 12:14:02,617 - utils.folder_summarizer - WARNING - Could not analyze content of ./target/debug/deps/futures_task-86dfec29e20d5f2b.d: 'analyzed_files'
2025-05-29 12:14:02,620 - utils.folder_summarizer - WARNING - Could not analyze content of ./target/debug/deps/tauri_winres-02203c1340a10006.d: 'analyzed_files'
2025-05-29 12:14:02,623 - utils.folder_summarizer - WARNING - Could not analyze content of ./target/debug/deps/core_foundation_sys-7c3a1c5571ce24b0.d: 'analyzed_files'
2025-05-29 12:14:02,627 - utils.folder_summarizer - WARNING - Could not analyze content of ./target/debug/deps/icu_provider-bd25f75bb5bfb0ff.d: 'analyzed_files'
2025-05-29 12:14:02,629 - utils.folder_summarizer - WARNING - Could not analyze content of ./target/debug/deps/cfg_if-7db07564e97b24f9.d: 'analyzed_files'
2025-05-29 12:14:02,634 - utils.folder_summarizer - WARNING - Could not analyze content of ./target/debug/deps/typenum-fe368ad1549f763a.d: 'analyzed_files'
2025-05-29 12:14:02,637 - utils.folder_summarizer - WARNING - Could not analyze content of ./target/debug/deps/tauri-4e8c59a7e74e7563.d: 'analyzed_files'
2025-05-29 12:14:02,642 - utils.folder_summarizer - WARNING - Could not analyze content of ./target/debug/deps/tempfile-650ab80dbbd50255.d: 'analyzed_files'
2025-05-29 12:14:02,643 - utils.folder_summarizer - WARNING - Could not analyze content of ./target/debug/deps/toml_datetime-d575802884165c99.d: 'analyzed_files'
2025-05-29 12:14:02,646 - utils.folder_summarizer - WARNING - Could not analyze content of ./target/debug/deps/anyhow-c32014d49284980a.d: 'analyzed_files'
2025-05-29 12:14:02,646 - utils.folder_summarizer - WARNING - Could not analyze content of ./target/debug/deps/phf_shared-6cb9a8a40890a927.d: 'analyzed_files'
2025-05-29 12:14:02,648 - utils.folder_summarizer - WARNING - Could not analyze content of ./target/debug/deps/fnv-0ae2402d7b2bc035.d: 'analyzed_files'
2025-05-29 12:14:02,650 - utils.folder_summarizer - WARNING - Could not analyze content of ./target/debug/deps/cargo_toml-1dc443030c38a4db.d: 'analyzed_files'
2025-05-29 12:14:02,653 - utils.folder_summarizer - WARNING - Could not analyze content of ./target/debug/deps/regex-a57115c37d7c4096.d: 'analyzed_files'
2025-05-29 12:14:02,655 - utils.folder_summarizer - WARNING - Could not analyze content of ./target/debug/deps/ai_assistant_overlay-7a8b04cce42ca427.d: 'analyzed_files'
2025-05-29 12:14:02,656 - utils.folder_summarizer - WARNING - Could not analyze content of ./target/debug/deps/filetime-2136736876cdb8f2.d: 'analyzed_files'
2025-05-29 12:14:02,660 - utils.folder_summarizer - WARNING - Could not analyze content of ./target/debug/deps/indexmap-3c27794a75eee4a2.d: 'analyzed_files'
2025-05-29 12:14:02,662 - utils.folder_summarizer - WARNING - Could not analyze content of ./target/debug/deps/core_graphics_types-87030976b040d99c.d: 'analyzed_files'
2025-05-29 12:14:02,669 - utils.folder_summarizer - WARNING - Could not analyze content of ./target/debug/deps/ai_assistant_overlay-1e98dcc5c888e97f.d: 'analyzed_files'
2025-05-29 12:14:02,670 - utils.folder_summarizer - WARNING - Could not analyze content of ./target/debug/deps/ai_assistant_overlay-944a8a9e8bcf9b50.d: 'analyzed_files'
2025-05-29 12:14:02,672 - utils.folder_summarizer - WARNING - Could not analyze content of ./target/debug/deps/json_patch-b60dce07ec5c7310.d: 'analyzed_files'
2025-05-29 12:14:02,679 - utils.folder_summarizer - WARNING - Could not analyze content of ./target/debug/deps/rand-d060b7fdf51cfba4.d: 'analyzed_files'
2025-05-29 12:14:02,682 - utils.folder_summarizer - WARNING - Could not analyze content of ./target/debug/deps/base64-dfed48a90b836f6a.d: 'analyzed_files'
2025-05-29 12:14:02,685 - utils.folder_summarizer - WARNING - Could not analyze content of ./target/debug/deps/globset-3bff3fe4e10a22cd.d: 'analyzed_files'
2025-05-29 12:14:02,689 - utils.folder_summarizer - WARNING - Could not analyze content of ./target/debug/deps/proc_macro2-0fbf22fcf336ffaa.d: 'analyzed_files'
2025-05-29 12:14:02,692 - utils.folder_summarizer - WARNING - Could not analyze content of ./target/debug/deps/icu_properties-280db622c53d970a.d: 'analyzed_files'
2025-05-29 12:14:02,696 - utils.folder_summarizer - WARNING - Could not analyze content of ./target/debug/deps/embed_plist-9d32d3206a79b319.d: 'analyzed_files'
2025-05-29 12:14:02,698 - utils.folder_summarizer - WARNING - Could not analyze content of ./target/debug/deps/libc-3acd3f86012a4b9b.d: 'analyzed_files'
2025-05-29 12:14:02,699 - utils.folder_summarizer - WARNING - Could not analyze content of ./target/debug/deps/dunce-c7acfc13d5d36d98.d: 'analyzed_files'
2025-05-29 12:14:02,700 - utils.folder_summarizer - WARNING - Could not analyze content of ./target/debug/deps/fastrand-fc32dc62c33e085d.d: 'analyzed_files'
2025-05-29 12:14:02,706 - utils.folder_summarizer - WARNING - Could not analyze content of ./target/debug/deps/toml_edit-07e4930d3eeb4b5f.d: 'analyzed_files'
2025-05-29 12:14:02,708 - utils.folder_summarizer - WARNING - Could not analyze content of ./target/debug/deps/http_range-2dc02bb1ada507c7.d: 'analyzed_files'
2025-05-29 12:14:02,713 - utils.folder_summarizer - WARNING - Could not analyze content of ./target/debug/deps/instant-4801c8d0aabe7321.d: 'analyzed_files'
2025-05-29 12:14:02,718 - utils.folder_summarizer - WARNING - Could not analyze content of ./target/debug/deps/tauri_codegen-9655f0f38b40f2a4.d: 'analyzed_files'
2025-05-29 12:14:02,720 - utils.folder_summarizer - WARNING - Could not analyze content of ./target/debug/deps/ignore-23f20876a06dc60c.d: 'analyzed_files'
2025-05-29 12:14:02,723 - utils.folder_summarizer - WARNING - Could not analyze content of ./target/debug/deps/tauri_build-26f5b39e6063234e.d: 'analyzed_files'
2025-05-29 12:14:02,726 - utils.folder_summarizer - WARNING - Could not analyze content of ./target/debug/deps/serde_with-4eb0a36874cf69a4.d: 'analyzed_files'
2025-05-29 12:14:02,727 - utils.folder_summarizer - WARNING - Could not analyze content of ./target/debug/deps/phf_generator-30a8d359b0688196.d: 'analyzed_files'
2025-05-29 12:14:02,735 - utils.folder_summarizer - WARNING - Could not analyze content of ./target/debug/deps/ico-b575ef37f782484c.d: 'analyzed_files'
2025-05-29 12:14:02,736 - utils.folder_summarizer - WARNING - Could not analyze content of ./target/debug/deps/tendril-e32743bce1b6940e.d: 'analyzed_files'
2025-05-29 12:14:02,738 - utils.folder_summarizer - WARNING - Could not analyze content of ./target/debug/deps/xattr-99e0b1f34d812091.d: 'analyzed_files'
2025-05-29 12:14:02,740 - utils.folder_summarizer - WARNING - Could not analyze content of ./target/debug/deps/phf_shared-9f836910f3eada4d.d: 'analyzed_files'
2025-05-29 12:14:02,744 - utils.folder_summarizer - WARNING - Could not analyze content of ./target/debug/deps/base64-0b6c9ad1082f1f17.d: 'analyzed_files'
2025-05-29 12:14:02,746 - utils.folder_summarizer - WARNING - Could not analyze content of ./target/debug/deps/rand_core-def45c76a7422874.d: 'analyzed_files'
2025-05-29 12:14:02,747 - utils.folder_summarizer - WARNING - Could not analyze content of ./target/debug/deps/utf8_iter-d1a581aaeb2d50be.d: 'analyzed_files'
2025-05-29 12:14:02,750 - utils.folder_summarizer - WARNING - Could not analyze content of ./target/debug/deps/icu_normalizer_data-e65934d29d045d2e.d: 'analyzed_files'
2025-05-29 12:14:02,762 - utils.folder_summarizer - WARNING - Could not analyze content of ./target/debug/deps/phf_codegen-d529f3ffb40cbc87.d: 'analyzed_files'
2025-05-29 12:14:02,768 - utils.folder_summarizer - WARNING - Could not analyze content of ./target/debug/deps/slab-1bab6fe450173c04.d: 'analyzed_files'
2025-05-29 12:14:02,769 - utils.folder_summarizer - WARNING - Could not analyze content of ./target/debug/deps/getrandom-52fb02a21b8201a5.d: 'analyzed_files'
2025-05-29 12:14:02,771 - utils.folder_summarizer - WARNING - Could not analyze content of ./target/debug/deps/futures_macro-29fecdbf067014c3.d: 'analyzed_files'
2025-05-29 12:14:02,773 - utils.folder_summarizer - WARNING - Could not analyze content of ./target/debug/deps/phf_shared-a4f8a395f76a86e7.d: 'analyzed_files'
2025-05-29 12:14:02,777 - utils.folder_summarizer - WARNING - Could not analyze content of ./target/debug/deps/syn-e995e379bab61b28.d: 'analyzed_files'
2025-05-29 12:14:02,782 - utils.folder_summarizer - WARNING - Could not analyze content of ./target/debug/deps/brotli_decompressor-e708c5f0a7c55f64.d: 'analyzed_files'
2025-05-29 12:14:02,786 - utils.folder_summarizer - WARNING - Could not analyze content of ./target/debug/deps/thiserror-0b07345874135a92.d: 'analyzed_files'
2025-05-29 12:14:02,794 - utils.folder_summarizer - WARNING - Could not analyze content of ./target/debug/deps/toml-28e9678012f24f6d.d: 'analyzed_files'
2025-05-29 12:14:02,796 - utils.folder_summarizer - WARNING - Could not analyze content of ./target/debug/deps/lazy_static-c3fd024ac73df712.d: 'analyzed_files'
2025-05-29 12:14:02,798 - utils.folder_summarizer - WARNING - Could not analyze content of ./target/debug/deps/log-1345c29325090801.d: 'analyzed_files'
2025-05-29 12:14:02,799 - utils.folder_summarizer - WARNING - Could not analyze content of ./target/debug/deps/glob-156add1fdd2874f6.d: 'analyzed_files'
2025-05-29 12:14:02,809 - utils.folder_summarizer - WARNING - Could not analyze content of ./target/debug/deps/futures_util-a65a771c9aac59a5.d: 'analyzed_files'
2025-05-29 12:14:02,822 - utils.folder_summarizer - WARNING - Could not analyze content of ./target/debug/deps/unicode_ident-d94afd1349fe509c.d: 'analyzed_files'
2025-05-29 12:14:02,830 - utils.folder_summarizer - WARNING - Could not analyze content of ./target/debug/deps/serde_repr-e3e396b05813838e.d: 'analyzed_files'
2025-05-29 12:14:02,852 - utils.folder_summarizer - WARNING - Could not analyze content of ./target/debug/deps/flate2-947ca1832df0f578.d: 'analyzed_files'
2025-05-29 12:14:03,043 - utils.folder_summarizer - WARNING - Could not analyze content of ./target/debug/deps/dtoa-9729d91ff7f01da9.d: 'analyzed_files'
2025-05-29 12:14:03,046 - utils.folder_summarizer - WARNING - Could not analyze content of ./target/debug/deps/zerofrom-55e305617be7afdd.d: 'analyzed_files'
2025-05-29 12:14:03,052 - utils.folder_summarizer - WARNING - Could not analyze content of ./target/debug/deps/html5ever-fd9e648e3d315b15.d: 'analyzed_files'
2025-05-29 12:14:03,056 - utils.folder_summarizer - WARNING - Could not analyze content of ./target/debug/deps/http-fc91d7836f8fb82a.d: 'analyzed_files'
2025-05-29 12:14:03,061 - utils.folder_summarizer - WARNING - Could not analyze content of ./target/debug/deps/icu_locid-63f806352f2d24bb.d: 'analyzed_files'
2025-05-29 12:14:03,064 - utils.folder_summarizer - WARNING - Could not analyze content of ./target/debug/deps/stable_deref_trait-6dc305aa63db6364.d: 'analyzed_files'
2025-05-29 12:14:03,088 - utils.folder_summarizer - WARNING - Could not analyze content of ./target/debug/deps/siphasher-c1fb0605a370cfeb.d: 'analyzed_files'
2025-05-29 12:14:03,508 - utils.folder_summarizer - WARNING - Could not analyze content of ./target/debug/deps/state-facb5e85f1ee028f.d: 'analyzed_files'
2025-05-29 12:14:03,771 - utils.folder_summarizer - WARNING - Could not analyze content of ./target/debug/deps/ryu-59d5a6846910370c.d: 'analyzed_files'
2025-05-29 12:14:03,823 - utils.folder_summarizer - WARNING - Could not analyze content of ./target/debug/deps/idna-eabe0e0d1ebdb914.d: 'analyzed_files'
2025-05-29 12:14:03,866 - utils.folder_summarizer - WARNING - Could not analyze content of ./target/debug/deps/aho_corasick-e307df1dcf82002b.d: 'analyzed_files'
2025-05-29 12:14:03,918 - utils.folder_summarizer - WARNING - Could not analyze content of ./bridge/server.py.path_fix_bak: 'analyzed_files'
2025-05-29 12:14:03,930 - utils.folder_summarizer - WARNING - Could not analyze content of ./bridge/server.py: 'analyzed_files'
2025-05-29 12:14:03,936 - utils.folder_summarizer - WARNING - Could not analyze content of ./bridge/client.py: 'analyzed_files'
2025-05-29 12:14:03,943 - utils.folder_summarizer - WARNING - Could not analyze content of ./bridge/message_bridge.py: 'analyzed_files'
2025-05-29 12:14:03,954 - utils.folder_summarizer - WARNING - Could not analyze content of ./node_modules/.package-lock.json: 'analyzed_files'
2025-05-29 12:14:03,957 - utils.folder_summarizer - WARNING - Could not analyze content of ./node_modules/queue-microtask/LICENSE: 'analyzed_files'
2025-05-29 12:14:03,958 - utils.folder_summarizer - WARNING - Could not analyze content of ./node_modules/queue-microtask/index.js: 'analyzed_files'
2025-05-29 12:14:03,971 - memory.enhanced_semantic_search - INFO - Added 1600 items to vector index
2025-05-29 12:14:03,971 - utils.folder_summarizer - WARNING - Could not analyze content of ./node_modules/queue-microtask/README.md: 'analyzed_files'
2025-05-29 12:14:04,042 - utils.folder_summarizer - WARNING - Could not analyze content of ./node_modules/queue-microtask/package.json: 'analyzed_files'
2025-05-29 12:14:04,096 - utils.folder_summarizer - WARNING - Could not analyze content of ./node_modules/queue-microtask/index.d.ts: 'analyzed_files'
2025-05-29 12:14:04,106 - utils.folder_summarizer - WARNING - Could not analyze content of ./node_modules/vitefu/LICENSE: 'analyzed_files'
2025-05-29 12:14:04,111 - utils.folder_summarizer - WARNING - Could not analyze content of ./node_modules/vitefu/README.md: 'analyzed_files'
2025-05-29 12:14:04,115 - utils.folder_summarizer - WARNING - Could not analyze content of ./node_modules/vitefu/package.json: 'analyzed_files'
2025-05-29 12:14:04,157 - utils.folder_summarizer - WARNING - Could not analyze content of ./node_modules/vitefu/index.d.ts: 'analyzed_files'
2025-05-29 12:14:04,168 - utils.folder_summarizer - WARNING - Could not analyze content of ./node_modules/vitefu/src/sync.cjs: 'analyzed_files'
2025-05-29 12:14:04,178 - utils.folder_summarizer - WARNING - Could not analyze content of ./node_modules/vitefu/src/index.js: 'analyzed_files'
2025-05-29 12:14:04,180 - utils.folder_summarizer - WARNING - Could not analyze content of ./node_modules/vitefu/src/index.cjs: 'analyzed_files'
2025-05-29 12:14:04,208 - utils.folder_summarizer - WARNING - Could not analyze content of ./node_modules/@alloc/quick-lru/license: 'analyzed_files'
2025-05-29 12:14:04,219 - utils.folder_summarizer - WARNING - Could not analyze content of ./node_modules/@alloc/quick-lru/index.js: 'analyzed_files'
2025-05-29 12:14:04,223 - utils.folder_summarizer - WARNING - Could not analyze content of ./node_modules/@alloc/quick-lru/readme.md: 'analyzed_files'
2025-05-29 12:14:04,224 - utils.folder_summarizer - WARNING - Could not analyze content of ./node_modules/@alloc/quick-lru/package.json: 'analyzed_files'
2025-05-29 12:14:04,229 - utils.folder_summarizer - WARNING - Could not analyze content of ./node_modules/@alloc/quick-lru/index.d.ts: 'analyzed_files'
2025-05-29 12:14:04,231 - utils.folder_summarizer - WARNING - Could not analyze content of ./node_modules/reusify/test.js: 'analyzed_files'
2025-05-29 12:14:04,233 - utils.folder_summarizer - WARNING - Could not analyze content of ./node_modules/reusify/LICENSE: 'analyzed_files'
2025-05-29 12:14:04,266 - utils.folder_summarizer - WARNING - Could not analyze content of ./node_modules/reusify/README.md: 'analyzed_files'
2025-05-29 12:14:04,268 - utils.folder_summarizer - WARNING - Could not analyze content of ./node_modules/reusify/package.json: 'analyzed_files'
2025-05-29 12:14:04,270 - utils.folder_summarizer - WARNING - Could not analyze content of ./node_modules/reusify/reusify.d.ts: 'analyzed_files'
2025-05-29 12:14:04,270 - utils.folder_summarizer - WARNING - Could not analyze content of ./node_modules/reusify/tsconfig.json: 'analyzed_files'
2025-05-29 12:14:04,272 - utils.folder_summarizer - WARNING - Could not analyze content of ./node_modules/reusify/reusify.js: 'analyzed_files'
2025-05-29 12:14:04,273 - utils.folder_summarizer - WARNING - Could not analyze content of ./node_modules/reusify/eslint.config.js: 'analyzed_files'
2025-05-29 12:14:04,274 - utils.folder_summarizer - WARNING - Could not analyze content of ./node_modules/reusify/SECURITY.md: 'analyzed_files'
2025-05-29 12:14:04,278 - utils.folder_summarizer - WARNING - Could not analyze content of ./node_modules/reusify/benchmarks/reuseNoCodeFunction.js: 'analyzed_files'
2025-05-29 12:14:04,280 - utils.folder_summarizer - WARNING - Could not analyze content of ./node_modules/reusify/benchmarks/fib.js: 'analyzed_files'
2025-05-29 12:14:04,284 - utils.folder_summarizer - WARNING - Could not analyze content of ./node_modules/reusify/benchmarks/createNoCodeFunction.js: 'analyzed_files'
2025-05-29 12:14:04,289 - utils.folder_summarizer - WARNING - Could not analyze content of ./node_modules/reusify/.github/dependabot.yml: 'analyzed_files'
2025-05-29 12:14:04,293 - utils.folder_summarizer - WARNING - Could not analyze content of ./node_modules/reusify/.github/workflows/ci.yml: 'analyzed_files'
2025-05-29 12:14:04,300 - utils.folder_summarizer - WARNING - Could not analyze content of ./node_modules/@pkgjs/parseargs/LICENSE: 'analyzed_files'
2025-05-29 12:14:04,307 - utils.folder_summarizer - WARNING - Could not analyze content of ./node_modules/@pkgjs/parseargs/CHANGELOG.md: 'analyzed_files'
2025-05-29 12:14:04,317 - utils.folder_summarizer - WARNING - Could not analyze content of ./node_modules/@pkgjs/parseargs/index.js: 'analyzed_files'
2025-05-29 12:14:04,319 - utils.folder_summarizer - WARNING - Could not analyze content of ./node_modules/@pkgjs/parseargs/.editorconfig: 'analyzed_files'
2025-05-29 12:14:04,326 - utils.folder_summarizer - WARNING - Could not analyze content of ./node_modules/@pkgjs/parseargs/README.md: 'analyzed_files'
2025-05-29 12:14:04,327 - utils.folder_summarizer - WARNING - Could not analyze content of ./node_modules/@pkgjs/parseargs/package.json: 'analyzed_files'
2025-05-29 12:14:04,332 - utils.folder_summarizer - WARNING - Could not analyze content of ./node_modules/@pkgjs/parseargs/utils.js: 'analyzed_files'
2025-05-29 12:14:04,335 - utils.folder_summarizer - WARNING - Could not analyze content of ./node_modules/@pkgjs/parseargs/internal/validators.js: 'analyzed_files'
2025-05-29 12:14:04,336 - utils.folder_summarizer - WARNING - Could not analyze content of ./node_modules/@pkgjs/parseargs/internal/util.js: 'analyzed_files'
2025-05-29 12:14:04,360 - utils.folder_summarizer - WARNING - Could not analyze content of ./node_modules/@pkgjs/parseargs/internal/primordials.js: 'analyzed_files'
2025-05-29 12:14:04,362 - utils.folder_summarizer - WARNING - Could not analyze content of ./node_modules/@pkgjs/parseargs/internal/errors.js: 'analyzed_files'
2025-05-29 12:14:04,364 - utils.folder_summarizer - WARNING - Could not analyze content of ./node_modules/@pkgjs/parseargs/examples/no-repeated-options.js: 'analyzed_files'
2025-05-29 12:14:04,367 - utils.folder_summarizer - WARNING - Could not analyze content of ./node_modules/@pkgjs/parseargs/examples/negate.js: 'analyzed_files'
2025-05-29 12:14:04,372 - utils.folder_summarizer - WARNING - Could not analyze content of ./node_modules/@pkgjs/parseargs/examples/is-default-value.js: 'analyzed_files'
2025-05-29 12:14:04,375 - utils.folder_summarizer - WARNING - Could not analyze content of ./node_modules/@pkgjs/parseargs/examples/ordered-options.mjs: 'analyzed_files'
2025-05-29 12:14:04,376 - utils.folder_summarizer - WARNING - Could not analyze content of ./node_modules/@pkgjs/parseargs/examples/simple-hard-coded.js: 'analyzed_files'
2025-05-29 12:14:04,378 - utils.folder_summarizer - WARNING - Could not analyze content of ./node_modules/@pkgjs/parseargs/examples/limit-long-syntax.js: 'analyzed_files'
2025-05-29 12:14:04,380 - utils.folder_summarizer - WARNING - Could not analyze content of ./node_modules/pirates/LICENSE: 'analyzed_files'
2025-05-29 12:14:04,383 - utils.folder_summarizer - WARNING - Could not analyze content of ./node_modules/pirates/README.md: 'analyzed_files'
2025-05-29 12:14:04,385 - utils.folder_summarizer - WARNING - Could not analyze content of ./node_modules/pirates/package.json: 'analyzed_files'
2025-05-29 12:14:04,388 - utils.folder_summarizer - WARNING - Could not analyze content of ./node_modules/pirates/index.d.ts: 'analyzed_files'
2025-05-29 12:14:04,391 - utils.folder_summarizer - WARNING - Could not analyze content of ./node_modules/pirates/lib/index.js: 'analyzed_files'
2025-05-29 12:14:04,394 - utils.folder_summarizer - WARNING - Could not analyze content of ./node_modules/@types/pug/LICENSE: 'analyzed_files'
2025-05-29 12:14:04,396 - utils.folder_summarizer - WARNING - Could not analyze content of ./node_modules/@types/pug/README.md: 'analyzed_files'
2025-05-29 12:14:04,399 - utils.folder_summarizer - WARNING - Could not analyze content of ./node_modules/@types/pug/package.json: 'analyzed_files'
2025-05-29 12:14:04,405 - utils.folder_summarizer - WARNING - Could not analyze content of ./node_modules/@types/pug/index.d.ts: 'analyzed_files'
2025-05-29 12:14:04,408 - utils.folder_summarizer - WARNING - Could not analyze content of ./node_modules/@types/estree/LICENSE: 'analyzed_files'
2025-05-29 12:14:04,409 - utils.folder_summarizer - WARNING - Could not analyze content of ./node_modules/@types/estree/README.md: 'analyzed_files'
2025-05-29 12:14:04,412 - utils.folder_summarizer - WARNING - Could not analyze content of ./node_modules/@types/estree/flow.d.ts: 'analyzed_files'
2025-05-29 12:14:04,413 - utils.folder_summarizer - WARNING - Could not analyze content of ./node_modules/@types/estree/package.json: 'analyzed_files'
2025-05-29 12:14:04,418 - utils.folder_summarizer - WARNING - Could not analyze content of ./node_modules/@types/estree/index.d.ts: 'analyzed_files'
2025-05-29 12:14:04,420 - utils.folder_summarizer - WARNING - Could not analyze content of ./node_modules/browserslist/error.d.ts: 'analyzed_files'
2025-05-29 12:14:04,421 - utils.folder_summarizer - WARNING - Could not analyze content of ./node_modules/browserslist/LICENSE: 'analyzed_files'
2025-05-29 12:14:04,426 - utils.folder_summarizer - WARNING - Could not analyze content of ./node_modules/browserslist/index.js: 'analyzed_files'
2025-05-29 12:14:04,428 - utils.folder_summarizer - WARNING - Could not analyze content of ./node_modules/browserslist/error.js: 'analyzed_files'
2025-05-29 12:14:04,431 - utils.folder_summarizer - WARNING - Could not analyze content of ./node_modules/browserslist/README.md: 'analyzed_files'
2025-05-29 12:14:04,439 - utils.folder_summarizer - WARNING - Could not analyze content of ./node_modules/browserslist/node.js: 'analyzed_files'
2025-05-29 12:14:04,441 - utils.folder_summarizer - WARNING - Could not analyze content of ./node_modules/browserslist/parse.js: 'analyzed_files'
2025-05-29 12:14:04,444 - utils.folder_summarizer - WARNING - Could not analyze content of ./node_modules/browserslist/package.json: 'analyzed_files'
2025-05-29 12:14:04,448 - utils.folder_summarizer - WARNING - Could not analyze content of ./node_modules/browserslist/cli.js: 'analyzed_files'
2025-05-29 12:14:04,454 - utils.folder_summarizer - WARNING - Could not analyze content of ./node_modules/browserslist/index.d.ts: 'analyzed_files'
2025-05-29 12:14:04,456 - utils.folder_summarizer - WARNING - Could not analyze content of ./node_modules/browserslist/browser.js: 'analyzed_files'
2025-05-29 12:14:04,459 - utils.folder_summarizer - WARNING - Could not analyze content of ./node_modules/shebang-regex/license: 'analyzed_files'
2025-05-29 12:14:04,463 - utils.folder_summarizer - WARNING - Could not analyze content of ./node_modules/shebang-regex/index.js: 'analyzed_files'
2025-05-29 12:14:04,467 - utils.folder_summarizer - WARNING - Could not analyze content of ./node_modules/shebang-regex/readme.md: 'analyzed_files'
2025-05-29 12:14:04,470 - utils.folder_summarizer - WARNING - Could not analyze content of ./node_modules/shebang-regex/package.json: 'analyzed_files'
2025-05-29 12:14:04,472 - utils.folder_summarizer - WARNING - Could not analyze content of ./node_modules/shebang-regex/index.d.ts: 'analyzed_files'
2025-05-29 12:14:04,475 - utils.folder_summarizer - WARNING - Could not analyze content of ./node_modules/thenify/LICENSE: 'analyzed_files'
2025-05-29 12:14:04,477 - utils.folder_summarizer - WARNING - Could not analyze content of ./node_modules/thenify/History.md: 'analyzed_files'
2025-05-29 12:14:04,479 - utils.folder_summarizer - WARNING - Could not analyze content of ./node_modules/thenify/index.js: 'analyzed_files'
2025-05-29 12:14:04,497 - utils.folder_summarizer - WARNING - Could not analyze content of ./node_modules/thenify/README.md: 'analyzed_files'
2025-05-29 12:14:04,504 - utils.folder_summarizer - WARNING - Could not analyze content of ./node_modules/thenify/package.json: 'analyzed_files'
2025-05-29 12:14:04,511 - utils.folder_summarizer - WARNING - Could not analyze content of ./node_modules/code-red/LICENSE: 'analyzed_files'
2025-05-29 12:14:04,515 - utils.folder_summarizer - WARNING - Could not analyze content of ./node_modules/code-red/README.md: 'analyzed_files'
2025-05-29 12:14:04,517 - utils.folder_summarizer - WARNING - Could not analyze content of ./node_modules/code-red/package.json: 'analyzed_files'
2025-05-29 12:14:04,520 - utils.folder_summarizer - WARNING - Could not analyze content of ./node_modules/code-red/types/index.d.ts: 'analyzed_files'
2025-05-29 12:14:04,521 - utils.folder_summarizer - WARNING - Could not analyze content of ./node_modules/code-red/types/index.d.ts.map: 'analyzed_files'
2025-05-29 12:14:04,526 - utils.folder_summarizer - WARNING - Could not analyze content of ./node_modules/code-red/src/index.js: 'analyzed_files'
2025-05-29 12:14:04,527 - utils.folder_summarizer - WARNING - Could not analyze content of ./node_modules/code-red/src/utils/id.js: 'analyzed_files'
2025-05-29 12:14:04,529 - utils.folder_summarizer - WARNING - Could not analyze content of ./node_modules/code-red/src/utils/comments.js: 'analyzed_files'
2025-05-29 12:14:04,530 - utils.folder_summarizer - WARNING - Could not analyze content of ./node_modules/code-red/src/utils/push_array.js: 'analyzed_files'
2025-05-29 12:14:04,537 - utils.folder_summarizer - WARNING - Could not analyze content of ./node_modules/code-red/src/print/handlers.js: 'analyzed_files'
2025-05-29 12:14:04,539 - utils.folder_summarizer - WARNING - Could not analyze content of ./node_modules/code-red/src/print/index.js: 'analyzed_files'
2025-05-29 12:14:04,541 - utils.folder_summarizer - WARNING - Could not analyze content of ./node_modules/path-is-absolute/license: 'analyzed_files'
2025-05-29 12:14:04,543 - utils.folder_summarizer - WARNING - Could not analyze content of ./node_modules/path-is-absolute/index.js: 'analyzed_files'
2025-05-29 12:14:04,545 - utils.folder_summarizer - WARNING - Could not analyze content of ./node_modules/path-is-absolute/readme.md: 'analyzed_files'
2025-05-29 12:14:04,546 - utils.folder_summarizer - WARNING - Could not analyze content of ./node_modules/path-is-absolute/package.json: 'analyzed_files'
2025-05-29 12:14:04,549 - utils.folder_summarizer - WARNING - Could not analyze content of ./node_modules/.bin/browserslist: 'analyzed_files'
2025-05-29 12:14:04,551 - utils.folder_summarizer - WARNING - Could not analyze content of ./node_modules/.bin/jiti: 'analyzed_files'
2025-05-29 12:14:04,553 - utils.folder_summarizer - WARNING - Could not analyze content of ./node_modules/.bin/sucrase: 'analyzed_files'
2025-05-29 12:14:04,554 - utils.folder_summarizer - WARNING - Could not analyze content of ./node_modules/.bin/autoprefixer: 'analyzed_files'
2025-05-29 12:14:04,558 - memory.enhanced_semantic_search - INFO - Added 1700 items to vector index
2025-05-29 12:14:04,560 - utils.folder_summarizer - WARNING - Could not analyze content of ./node_modules/.bin/rimraf: 'analyzed_files'
2025-05-29 12:14:04,570 - utils.folder_summarizer - WARNING - Could not analyze content of ./node_modules/.bin/resolve: 'analyzed_files'
2025-05-29 12:14:04,572 - utils.folder_summarizer - WARNING - Could not analyze content of ./node_modules/.bin/sucrase-node: 'analyzed_files'
2025-05-29 12:14:04,573 - utils.folder_summarizer - WARNING - Could not analyze content of ./node_modules/.bin/nanoid: 'analyzed_files'
2025-05-29 12:14:04,574 - utils.folder_summarizer - WARNING - Could not analyze content of ./node_modules/.bin/acorn: 'analyzed_files'
2025-05-29 12:14:04,576 - utils.folder_summarizer - WARNING - Could not analyze content of ./node_modules/.bin/node-which: 'analyzed_files'
2025-05-29 12:14:04,578 - utils.folder_summarizer - WARNING - Could not analyze content of ./node_modules/.bin/tauri: 'analyzed_files'
2025-05-29 12:14:04,579 - utils.folder_summarizer - WARNING - Could not analyze content of ./node_modules/.bin/tailwind: 'analyzed_files'
2025-05-29 12:14:04,581 - utils.folder_summarizer - WARNING - Could not analyze content of ./node_modules/.bin/vite: 'analyzed_files'
2025-05-29 12:14:04,582 - utils.folder_summarizer - WARNING - Could not analyze content of ./node_modules/.bin/sorcery: 'analyzed_files'
2025-05-29 12:14:04,591 - utils.folder_summarizer - WARNING - Could not analyze content of ./node_modules/.bin/rollup: 'analyzed_files'
2025-05-29 12:14:04,592 - utils.folder_summarizer - WARNING - Could not analyze content of ./node_modules/.bin/update-browserslist-db: 'analyzed_files'
2025-05-29 12:14:04,593 - utils.folder_summarizer - WARNING - Could not analyze content of ./node_modules/.bin/yaml: 'analyzed_files'
2025-05-29 12:14:04,597 - utils.folder_summarizer - WARNING - Could not analyze content of ./node_modules/.bin/cssesc: 'analyzed_files'
2025-05-29 12:14:04,598 - utils.folder_summarizer - WARNING - Could not analyze content of ./node_modules/.bin/tailwindcss: 'analyzed_files'
2025-05-29 12:14:04,599 - utils.folder_summarizer - WARNING - Could not analyze content of ./node_modules/.bin/mkdirp: 'analyzed_files'
2025-05-29 12:14:04,602 - utils.folder_summarizer - WARNING - Could not analyze content of ./node_modules/@sveltejs/vite-plugin-svelte-inspector/LICENSE: 'analyzed_files'
2025-05-29 12:14:04,604 - utils.folder_summarizer - WARNING - Could not analyze content of ./node_modules/@sveltejs/vite-plugin-svelte-inspector/README.md: 'analyzed_files'
2025-05-29 12:14:04,605 - utils.folder_summarizer - WARNING - Could not analyze content of ./node_modules/@sveltejs/vite-plugin-svelte-inspector/package.json: 'analyzed_files'
2025-05-29 12:14:04,607 - utils.folder_summarizer - WARNING - Could not analyze content of ./node_modules/@sveltejs/vite-plugin-svelte-inspector/src/options.js: 'analyzed_files'
2025-05-29 12:14:04,611 - utils.folder_summarizer - WARNING - Could not analyze content of ./node_modules/@sveltejs/vite-plugin-svelte-inspector/src/index.js: 'analyzed_files'
2025-05-29 12:14:04,612 - utils.folder_summarizer - WARNING - Could not analyze content of ./node_modules/@sveltejs/vite-plugin-svelte-inspector/src/utils.js: 'analyzed_files'
2025-05-29 12:14:04,614 - utils.folder_summarizer - WARNING - Could not analyze content of ./node_modules/@sveltejs/vite-plugin-svelte-inspector/src/index.d.ts: 'analyzed_files'
2025-05-29 12:14:04,615 - utils.folder_summarizer - WARNING - Could not analyze content of ./node_modules/@sveltejs/vite-plugin-svelte-inspector/src/debug.js: 'analyzed_files'
2025-05-29 12:14:04,617 - utils.folder_summarizer - WARNING - Could not analyze content of ./node_modules/@sveltejs/vite-plugin-svelte-inspector/src/runtime/load-inspector.js: 'analyzed_files'
2025-05-29 12:14:04,622 - utils.folder_summarizer - WARNING - Could not analyze content of ./node_modules/@sveltejs/vite-plugin-svelte-inspector/src/runtime/Inspector.svelte: 'analyzed_files'
2025-05-29 12:14:04,624 - utils.folder_summarizer - WARNING - Could not analyze content of ./node_modules/@sveltejs/vite-plugin-svelte/LICENSE: 'analyzed_files'
2025-05-29 12:14:04,625 - utils.folder_summarizer - WARNING - Could not analyze content of ./node_modules/@sveltejs/vite-plugin-svelte/README.md: 'analyzed_files'
2025-05-29 12:14:04,627 - utils.folder_summarizer - WARNING - Could not analyze content of ./node_modules/@sveltejs/vite-plugin-svelte/package.json: 'analyzed_files'
2025-05-29 12:14:04,630 - utils.folder_summarizer - WARNING - Could not analyze content of ./node_modules/@sveltejs/vite-plugin-svelte/src/preprocess.js: 'analyzed_files'
2025-05-29 12:14:04,633 - utils.folder_summarizer - WARNING - Could not analyze content of ./node_modules/@sveltejs/vite-plugin-svelte/src/index.js: 'analyzed_files'
2025-05-29 12:14:04,636 - utils.folder_summarizer - WARNING - Could not analyze content of ./node_modules/@sveltejs/vite-plugin-svelte/src/handle-hot-update.js: 'analyzed_files'
2025-05-29 12:14:04,640 - utils.folder_summarizer - WARNING - Could not analyze content of ./node_modules/@sveltejs/vite-plugin-svelte/src/index.d.ts: 'analyzed_files'
2025-05-29 12:14:04,641 - utils.folder_summarizer - WARNING - Could not analyze content of ./node_modules/@sveltejs/vite-plugin-svelte/src/types/vite-plugin-svelte-stats.d.ts: 'analyzed_files'
2025-05-29 12:14:04,643 - utils.folder_summarizer - WARNING - Could not analyze content of ./node_modules/@sveltejs/vite-plugin-svelte/src/types/options.d.ts: 'analyzed_files'
2025-05-29 12:14:04,644 - utils.folder_summarizer - WARNING - Could not analyze content of ./node_modules/@sveltejs/vite-plugin-svelte/src/types/plugin-api.d.ts: 'analyzed_files'
2025-05-29 12:14:04,645 - utils.folder_summarizer - WARNING - Could not analyze content of ./node_modules/@sveltejs/vite-plugin-svelte/src/types/log.d.ts: 'analyzed_files'
2025-05-29 12:14:04,647 - utils.folder_summarizer - WARNING - Could not analyze content of ./node_modules/@sveltejs/vite-plugin-svelte/src/types/id.d.ts: 'analyzed_files'
2025-05-29 12:14:04,655 - utils.folder_summarizer - WARNING - Could not analyze content of ./node_modules/@sveltejs/vite-plugin-svelte/src/types/compile.d.ts: 'analyzed_files'
2025-05-29 12:14:04,658 - utils.folder_summarizer - WARNING - Could not analyze content of ./node_modules/@sveltejs/vite-plugin-svelte/src/utils/constants.js: 'analyzed_files'
2025-05-29 12:14:04,673 - utils.folder_summarizer - WARNING - Could not analyze content of ./node_modules/@sveltejs/vite-plugin-svelte/src/utils/options.js: 'analyzed_files'
2025-05-29 12:14:04,678 - utils.folder_summarizer - WARNING - Could not analyze content of ./node_modules/@sveltejs/vite-plugin-svelte/src/utils/sourcemaps.js: 'analyzed_files'
2025-05-29 12:14:04,682 - utils.folder_summarizer - WARNING - Could not analyze content of ./node_modules/@sveltejs/vite-plugin-svelte/src/utils/preprocess.js: 'analyzed_files'
2025-05-29 12:14:04,688 - utils.folder_summarizer - WARNING - Could not analyze content of ./node_modules/@sveltejs/vite-plugin-svelte/src/utils/load-raw.js: 'analyzed_files'
2025-05-29 12:14:04,692 - utils.folder_summarizer - WARNING - Could not analyze content of ./node_modules/@sveltejs/vite-plugin-svelte/src/utils/log.js: 'analyzed_files'
2025-05-29 12:14:04,693 - utils.folder_summarizer - WARNING - Could not analyze content of ./node_modules/@sveltejs/vite-plugin-svelte/src/utils/resolve.js: 'analyzed_files'
2025-05-29 12:14:04,697 - utils.folder_summarizer - WARNING - Could not analyze content of ./node_modules/@sveltejs/vite-plugin-svelte/src/utils/id.js: 'analyzed_files'
2025-05-29 12:14:04,706 - utils.folder_summarizer - WARNING - Could not analyze content of ./node_modules/@sveltejs/vite-plugin-svelte/src/utils/error.js: 'analyzed_files'
2025-05-29 12:14:04,712 - utils.folder_summarizer - WARNING - Could not analyze content of ./node_modules/@sveltejs/vite-plugin-svelte/src/utils/esbuild.js: 'analyzed_files'
2025-05-29 12:14:04,715 - utils.folder_summarizer - WARNING - Could not analyze content of ./node_modules/@sveltejs/vite-plugin-svelte/src/utils/vite-plugin-svelte-stats.js: 'analyzed_files'
2025-05-29 12:14:04,719 - utils.folder_summarizer - WARNING - Could not analyze content of ./node_modules/@sveltejs/vite-plugin-svelte/src/utils/watch.js: 'analyzed_files'
2025-05-29 12:14:04,720 - utils.folder_summarizer - WARNING - Could not analyze content of ./node_modules/@sveltejs/vite-plugin-svelte/src/utils/dependencies.js: 'analyzed_files'
2025-05-29 12:14:04,723 - utils.folder_summarizer - WARNING - Could not analyze content of ./node_modules/@sveltejs/vite-plugin-svelte/src/utils/vite-plugin-svelte-cache.js: 'analyzed_files'
2025-05-29 12:14:04,724 - utils.folder_summarizer - WARNING - Could not analyze content of ./node_modules/@sveltejs/vite-plugin-svelte/src/utils/svelte-version.js: 'analyzed_files'
2025-05-29 12:14:04,727 - utils.folder_summarizer - WARNING - Could not analyze content of ./node_modules/@sveltejs/vite-plugin-svelte/src/utils/load-svelte-config.js: 'analyzed_files'
2025-05-29 12:14:04,729 - utils.folder_summarizer - WARNING - Could not analyze content of ./node_modules/@sveltejs/vite-plugin-svelte/src/utils/hash.js: 'analyzed_files'
2025-05-29 12:14:04,730 - utils.folder_summarizer - WARNING - Could not analyze content of ./node_modules/@sveltejs/vite-plugin-svelte/src/utils/optimizer.js: 'analyzed_files'
2025-05-29 12:14:04,733 - utils.folder_summarizer - WARNING - Could not analyze content of ./node_modules/@sveltejs/vite-plugin-svelte/src/utils/compile.js: 'analyzed_files'
2025-05-29 12:14:04,736 - utils.folder_summarizer - WARNING - Could not analyze content of ./node_modules/jiti/LICENSE: 'analyzed_files'
2025-05-29 12:14:04,737 - utils.folder_summarizer - WARNING - Could not analyze content of ./node_modules/jiti/register.js: 'analyzed_files'
2025-05-29 12:14:04,739 - utils.folder_summarizer - WARNING - Could not analyze content of ./node_modules/jiti/README.md: 'analyzed_files'
2025-05-29 12:14:04,742 - utils.folder_summarizer - WARNING - Could not analyze content of ./node_modules/jiti/package.json: 'analyzed_files'
2025-05-29 12:14:04,743 - utils.folder_summarizer - WARNING - Could not analyze content of ./node_modules/jiti/bin/jiti.js: 'analyzed_files'
2025-05-29 12:14:04,744 - utils.folder_summarizer - WARNING - Could not analyze content of ./node_modules/jiti/dist/babel.d.ts: 'analyzed_files'
2025-05-29 12:14:04,745 - utils.folder_summarizer - WARNING - Could not analyze content of ./node_modules/jiti/dist/types.d.ts: 'analyzed_files'
2025-05-29 12:14:04,763 - utils.folder_summarizer - WARNING - Could not analyze content of ./node_modules/jiti/dist/jiti.js: 'analyzed_files'
2025-05-29 12:14:04,764 - utils.folder_summarizer - WARNING - Could not analyze content of ./node_modules/jiti/dist/utils.d.ts: 'analyzed_files'
2025-05-29 12:14:04,847 - utils.folder_summarizer - WARNING - Could not analyze content of ./node_modules/jiti/dist/babel.js: 'analyzed_files'
2025-05-29 12:14:04,848 - utils.folder_summarizer - WARNING - Could not analyze content of ./node_modules/jiti/dist/jiti.d.ts: 'analyzed_files'
2025-05-29 12:14:04,848 - utils.folder_summarizer - WARNING - Could not analyze content of ./node_modules/jiti/dist/plugins/babel-plugin-transform-import-meta.d.ts: 'analyzed_files'
2025-05-29 12:14:04,849 - utils.folder_summarizer - WARNING - Could not analyze content of ./node_modules/jiti/dist/plugins/import-meta-env.d.ts: 'analyzed_files'
2025-05-29 12:14:04,850 - utils.folder_summarizer - WARNING - Could not analyze content of ./node_modules/jiti/lib/index.js: 'analyzed_files'
2025-05-29 12:14:04,851 - utils.folder_summarizer - WARNING - Could not analyze content of ./node_modules/strip-ansi/license: 'analyzed_files'
2025-05-29 12:14:04,852 - utils.folder_summarizer - WARNING - Could not analyze content of ./node_modules/strip-ansi/index.js: 'analyzed_files'
2025-05-29 12:14:04,853 - utils.folder_summarizer - WARNING - Could not analyze content of ./node_modules/strip-ansi/readme.md: 'analyzed_files'
2025-05-29 12:14:04,854 - utils.folder_summarizer - WARNING - Could not analyze content of ./node_modules/strip-ansi/package.json: 'analyzed_files'
2025-05-29 12:14:04,855 - utils.folder_summarizer - WARNING - Could not analyze content of ./node_modules/strip-ansi/index.d.ts: 'analyzed_files'
2025-05-29 12:14:04,856 - utils.folder_summarizer - WARNING - Could not analyze content of ./node_modules/sucrase/LICENSE: 'analyzed_files'
2025-05-29 12:14:04,860 - utils.folder_summarizer - WARNING - Could not analyze content of ./node_modules/sucrase/README.md: 'analyzed_files'
2025-05-29 12:14:04,862 - utils.folder_summarizer - WARNING - Could not analyze content of ./node_modules/sucrase/package.json: 'analyzed_files'
2025-05-29 12:14:04,863 - utils.folder_summarizer - WARNING - Could not analyze content of ./node_modules/sucrase/ts-node-plugin/index.js: 'analyzed_files'
2025-05-29 12:14:04,863 - utils.folder_summarizer - WARNING - Could not analyze content of ./node_modules/sucrase/bin/sucrase: 'analyzed_files'
2025-05-29 12:14:04,864 - utils.folder_summarizer - WARNING - Could not analyze content of ./node_modules/sucrase/bin/sucrase-node: 'analyzed_files'
2025-05-29 12:14:04,865 - utils.folder_summarizer - WARNING - Could not analyze content of ./node_modules/sucrase/dist/NameManager.js: 'analyzed_files'
2025-05-29 12:14:04,866 - utils.folder_summarizer - WARNING - Could not analyze content of ./node_modules/sucrase/dist/Options-gen-types.js: 'analyzed_files'
2025-05-29 12:14:04,868 - utils.folder_summarizer - WARNING - Could not analyze content of ./node_modules/sucrase/dist/TokenProcessor.js: 'analyzed_files'
2025-05-29 12:14:04,869 - utils.folder_summarizer - WARNING - Could not analyze content of ./node_modules/sucrase/dist/Options.js: 'analyzed_files'
2025-05-29 12:14:04,871 - utils.folder_summarizer - WARNING - Could not analyze content of ./node_modules/sucrase/dist/identifyShadowedGlobals.js: 'analyzed_files'
2025-05-29 12:14:04,872 - utils.folder_summarizer - WARNING - Could not analyze content of ./node_modules/sucrase/dist/computeSourceMap.js: 'analyzed_files'
2025-05-29 12:14:04,874 - utils.folder_summarizer - WARNING - Could not analyze content of ./node_modules/sucrase/dist/CJSImportProcessor.js: 'analyzed_files'
2025-05-29 12:14:04,876 - utils.folder_summarizer - WARNING - Could not analyze content of ./node_modules/sucrase/dist/index.js: 'analyzed_files'
2025-05-29 12:14:04,877 - utils.folder_summarizer - WARNING - Could not analyze content of ./node_modules/sucrase/dist/register.js: 'analyzed_files'
2025-05-29 12:14:04,879 - utils.folder_summarizer - WARNING - Could not analyze content of ./node_modules/sucrase/dist/HelperManager.js: 'analyzed_files'
2025-05-29 12:14:04,881 - utils.folder_summarizer - WARNING - Could not analyze content of ./node_modules/sucrase/dist/cli.js: 'analyzed_files'
2025-05-29 12:14:04,883 - utils.folder_summarizer - WARNING - Could not analyze content of ./node_modules/sucrase/dist/types/Options.d.ts: 'analyzed_files'
2025-05-29 12:14:04,884 - utils.folder_summarizer - WARNING - Could not analyze content of ./node_modules/sucrase/dist/types/identifyShadowedGlobals.d.ts: 'analyzed_files'
2025-05-29 12:14:04,884 - utils.folder_summarizer - WARNING - Could not analyze content of ./node_modules/sucrase/dist/types/HelperManager.d.ts: 'analyzed_files'
2025-05-29 12:14:04,885 - utils.folder_summarizer - WARNING - Could not analyze content of ./node_modules/sucrase/dist/types/cli.d.ts: 'analyzed_files'
2025-05-29 12:14:04,886 - utils.folder_summarizer - WARNING - Could not analyze content of ./node_modules/sucrase/dist/types/CJSImportProcessor.d.ts: 'analyzed_files'
2025-05-29 12:14:04,887 - utils.folder_summarizer - WARNING - Could not analyze content of ./node_modules/sucrase/dist/types/register.d.ts: 'analyzed_files'
2025-05-29 12:14:04,888 - memory.enhanced_semantic_search - INFO - Added 1800 items to vector index
2025-05-29 12:14:04,888 - utils.folder_summarizer - WARNING - Could not analyze content of ./node_modules/sucrase/dist/types/Options-gen-types.d.ts: 'analyzed_files'
2025-05-29 12:14:04,888 - utils.folder_summarizer - WARNING - Could not analyze content of ./node_modules/sucrase/dist/types/NameManager.d.ts: 'analyzed_files'
2025-05-29 12:14:04,889 - utils.folder_summarizer - WARNING - Could not analyze content of ./node_modules/sucrase/dist/types/index.d.ts: 'analyzed_files'
2025-05-29 12:14:04,891 - utils.folder_summarizer - WARNING - Could not analyze content of ./node_modules/sucrase/dist/types/TokenProcessor.d.ts: 'analyzed_files'
2025-05-29 12:14:04,891 - utils.folder_summarizer - WARNING - Could not analyze content of ./node_modules/sucrase/dist/types/computeSourceMap.d.ts: 'analyzed_files'
2025-05-29 12:14:04,892 - utils.folder_summarizer - WARNING - Could not analyze content of ./node_modules/sucrase/dist/types/util/removeMaybeImportAttributes.d.ts: 'analyzed_files'
2025-05-29 12:14:04,892 - utils.folder_summarizer - WARNING - Could not analyze content of ./node_modules/sucrase/dist/types/util/elideImportEquals.d.ts: 'analyzed_files'
2025-05-29 12:14:04,893 - utils.folder_summarizer - WARNING - Could not analyze content of ./node_modules/sucrase/dist/types/util/shouldElideDefaultExport.d.ts: 'analyzed_files'
2025-05-29 12:14:04,893 - utils.folder_summarizer - WARNING - Could not analyze content of ./node_modules/sucrase/dist/types/util/formatTokens.d.ts: 'analyzed_files'
2025-05-29 12:14:04,894 - utils.folder_summarizer - WARNING - Could not analyze content of ./node_modules/sucrase/dist/types/util/isExportFrom.d.ts: 'analyzed_files'
2025-05-29 12:14:04,894 - utils.folder_summarizer - WARNING - Could not analyze content of ./node_modules/sucrase/dist/types/util/getClassInfo.d.ts: 'analyzed_files'
2025-05-29 12:14:04,895 - utils.folder_summarizer - WARNING - Could not analyze content of ./node_modules/sucrase/dist/types/util/getNonTypeIdentifiers.d.ts: 'analyzed_files'
2025-05-29 12:14:04,895 - utils.folder_summarizer - WARNING - Could not analyze content of ./node_modules/sucrase/dist/types/util/isIdentifier.d.ts: 'analyzed_files'
2025-05-29 12:14:04,896 - utils.folder_summarizer - WARNING - Could not analyze content of ./node_modules/sucrase/dist/types/util/getTSImportedNames.d.ts: 'analyzed_files'
2025-05-29 12:14:04,896 - utils.folder_summarizer - WARNING - Could not analyze content of ./node_modules/sucrase/dist/types/util/getIdentifierNames.d.ts: 'analyzed_files'
2025-05-29 12:14:04,897 - utils.folder_summarizer - WARNING - Could not analyze content of ./node_modules/sucrase/dist/types/util/getJSXPragmaInfo.d.ts: 'analyzed_files'
2025-05-29 12:14:04,898 - utils.folder_summarizer - WARNING - Could not analyze content of ./node_modules/sucrase/dist/types/util/getDeclarationInfo.d.ts: 'analyzed_files'
2025-05-29 12:14:04,898 - utils.folder_summarizer - WARNING - Could not analyze content of ./node_modules/sucrase/dist/types/util/isAsyncOperation.d.ts: 'analyzed_files'
2025-05-29 12:14:04,899 - utils.folder_summarizer - WARNING - Could not analyze content of ./node_modules/sucrase/dist/types/util/getImportExportSpecifierInfo.d.ts: 'analyzed_files'
2025-05-29 12:14:04,900 - utils.folder_summarizer - WARNING - Could not analyze content of ./node_modules/sucrase/dist/types/parser/index.d.ts: 'analyzed_files'
2025-05-29 12:14:04,900 - utils.folder_summarizer - WARNING - Could not analyze content of ./node_modules/sucrase/dist/types/parser/util/whitespace.d.ts: 'analyzed_files'
2025-05-29 12:14:04,902 - utils.folder_summarizer - WARNING - Could not analyze content of ./node_modules/sucrase/dist/types/parser/util/charcodes.d.ts: 'analyzed_files'
2025-05-29 12:14:04,902 - utils.folder_summarizer - WARNING - Could not analyze content of ./node_modules/sucrase/dist/types/parser/util/identifier.d.ts: 'analyzed_files'
2025-05-29 12:14:04,903 - utils.folder_summarizer - WARNING - Could not analyze content of ./node_modules/sucrase/dist/types/parser/plugins/types.d.ts: 'analyzed_files'
2025-05-29 12:14:04,903 - utils.folder_summarizer - WARNING - Could not analyze content of ./node_modules/sucrase/dist/types/parser/plugins/flow.d.ts: 'analyzed_files'
2025-05-29 12:14:04,905 - utils.folder_summarizer - WARNING - Could not analyze content of ./node_modules/sucrase/dist/types/parser/plugins/typescript.d.ts: 'analyzed_files'
2025-05-29 12:14:04,905 - utils.folder_summarizer - WARNING - Could not analyze content of ./node_modules/sucrase/dist/types/parser/plugins/jsx/xhtml.d.ts: 'analyzed_files'
2025-05-29 12:14:04,905 - utils.folder_summarizer - WARNING - Could not analyze content of ./node_modules/sucrase/dist/types/parser/plugins/jsx/index.d.ts: 'analyzed_files'
2025-05-29 12:14:04,906 - utils.folder_summarizer - WARNING - Could not analyze content of ./node_modules/sucrase/dist/types/parser/traverser/expression.d.ts: 'analyzed_files'
2025-05-29 12:14:04,907 - utils.folder_summarizer - WARNING - Could not analyze content of ./node_modules/sucrase/dist/types/parser/traverser/base.d.ts: 'analyzed_files'
2025-05-29 12:14:04,908 - utils.folder_summarizer - WARNING - Could not analyze content of ./node_modules/sucrase/dist/types/parser/traverser/lval.d.ts: 'analyzed_files'
2025-05-29 12:14:04,909 - utils.folder_summarizer - WARNING - Could not analyze content of ./node_modules/sucrase/dist/types/parser/traverser/util.d.ts: 'analyzed_files'
2025-05-29 12:14:04,909 - utils.folder_summarizer - WARNING - Could not analyze content of ./node_modules/sucrase/dist/types/parser/traverser/statement.d.ts: 'analyzed_files'
2025-05-29 12:14:04,910 - utils.folder_summarizer - WARNING - Could not analyze content of ./node_modules/sucrase/dist/types/parser/traverser/index.d.ts: 'analyzed_files'
2025-05-29 12:14:04,911 - utils.folder_summarizer - WARNING - Could not analyze content of ./node_modules/sucrase/dist/types/parser/tokenizer/state.d.ts: 'analyzed_files'
2025-05-29 12:14:04,912 - utils.folder_summarizer - WARNING - Could not analyze content of ./node_modules/sucrase/dist/types/parser/tokenizer/types.d.ts: 'analyzed_files'
2025-05-29 12:14:04,912 - utils.folder_summarizer - WARNING - Could not analyze content of ./node_modules/sucrase/dist/types/parser/tokenizer/readWord.d.ts: 'analyzed_files'
2025-05-29 12:14:04,913 - utils.folder_summarizer - WARNING - Could not analyze content of ./node_modules/sucrase/dist/types/parser/tokenizer/readWordTree.d.ts: 'analyzed_files'
2025-05-29 12:14:04,914 - utils.folder_summarizer - WARNING - Could not analyze content of ./node_modules/sucrase/dist/types/parser/tokenizer/index.d.ts: 'analyzed_files'
2025-05-29 12:14:04,915 - utils.folder_summarizer - WARNING - Could not analyze content of ./node_modules/sucrase/dist/types/parser/tokenizer/keywords.d.ts: 'analyzed_files'
2025-05-29 12:14:04,917 - utils.folder_summarizer - WARNING - Could not analyze content of ./node_modules/sucrase/dist/types/transformers/FlowTransformer.d.ts: 'analyzed_files'
2025-05-29 12:14:04,918 - utils.folder_summarizer - WARNING - Could not analyze content of ./node_modules/sucrase/dist/types/transformers/NumericSeparatorTransformer.d.ts: 'analyzed_files'
2025-05-29 12:14:04,919 - utils.folder_summarizer - WARNING - Could not analyze content of ./node_modules/sucrase/dist/types/transformers/ReactDisplayNameTransformer.d.ts: 'analyzed_files'
2025-05-29 12:14:04,921 - utils.folder_summarizer - WARNING - Could not analyze content of ./node_modules/sucrase/dist/types/transformers/TypeScriptTransformer.d.ts: 'analyzed_files'
2025-05-29 12:14:04,921 - utils.folder_summarizer - WARNING - Could not analyze content of ./node_modules/sucrase/dist/types/transformers/OptionalCatchBindingTransformer.d.ts: 'analyzed_files'
2025-05-29 12:14:04,923 - utils.folder_summarizer - WARNING - Could not analyze content of ./node_modules/sucrase/dist/types/transformers/ESMImportTransformer.d.ts: 'analyzed_files'
2025-05-29 12:14:04,925 - utils.folder_summarizer - WARNING - Could not analyze content of ./node_modules/sucrase/dist/types/transformers/JSXTransformer.d.ts: 'analyzed_files'
2025-05-29 12:14:04,925 - utils.folder_summarizer - WARNING - Could not analyze content of ./node_modules/sucrase/dist/types/transformers/ReactHotLoaderTransformer.d.ts: 'analyzed_files'
2025-05-29 12:14:04,926 - utils.folder_summarizer - WARNING - Could not analyze content of ./node_modules/sucrase/dist/types/transformers/OptionalChainingNullishTransformer.d.ts: 'analyzed_files'
2025-05-29 12:14:04,926 - utils.folder_summarizer - WARNING - Could not analyze content of ./node_modules/sucrase/dist/types/transformers/Transformer.d.ts: 'analyzed_files'
2025-05-29 12:14:04,927 - utils.folder_summarizer - WARNING - Could not analyze content of ./node_modules/sucrase/dist/types/transformers/JestHoistTransformer.d.ts: 'analyzed_files'
2025-05-29 12:14:04,929 - utils.folder_summarizer - WARNING - Could not analyze content of ./node_modules/sucrase/dist/types/transformers/CJSImportTransformer.d.ts: 'analyzed_files'
2025-05-29 12:14:04,930 - utils.folder_summarizer - WARNING - Could not analyze content of ./node_modules/sucrase/dist/types/transformers/RootTransformer.d.ts: 'analyzed_files'
2025-05-29 12:14:04,931 - utils.folder_summarizer - WARNING - Could not analyze content of ./node_modules/sucrase/dist/util/isExportFrom.js: 'analyzed_files'
2025-05-29 12:14:04,931 - utils.folder_summarizer - WARNING - Could not analyze content of ./node_modules/sucrase/dist/util/getJSXPragmaInfo.js: 'analyzed_files'
2025-05-29 12:14:04,932 - utils.folder_summarizer - WARNING - Could not analyze content of ./node_modules/sucrase/dist/util/removeMaybeImportAttributes.js: 'analyzed_files'
2025-05-29 12:14:04,933 - utils.folder_summarizer - WARNING - Could not analyze content of ./node_modules/sucrase/dist/util/getImportExportSpecifierInfo.js: 'analyzed_files'
2025-05-29 12:14:04,934 - utils.folder_summarizer - WARNING - Could not analyze content of ./node_modules/sucrase/dist/util/elideImportEquals.js: 'analyzed_files'
2025-05-29 12:14:04,935 - utils.folder_summarizer - WARNING - Could not analyze content of ./node_modules/sucrase/dist/util/getNonTypeIdentifiers.js: 'analyzed_files'
2025-05-29 12:14:04,937 - utils.folder_summarizer - WARNING - Could not analyze content of ./node_modules/sucrase/dist/util/isAsyncOperation.js: 'analyzed_files'
2025-05-29 12:14:04,939 - utils.folder_summarizer - WARNING - Could not analyze content of ./node_modules/sucrase/dist/util/getClassInfo.js: 'analyzed_files'
2025-05-29 12:14:04,940 - utils.folder_summarizer - WARNING - Could not analyze content of ./node_modules/sucrase/dist/util/getDeclarationInfo.js: 'analyzed_files'
2025-05-29 12:14:04,940 - utils.folder_summarizer - WARNING - Could not analyze content of ./node_modules/sucrase/dist/util/getIdentifierNames.js: 'analyzed_files'
2025-05-29 12:14:04,941 - utils.folder_summarizer - WARNING - Could not analyze content of ./node_modules/sucrase/dist/util/getTSImportedNames.js: 'analyzed_files'
2025-05-29 12:14:04,942 - utils.folder_summarizer - WARNING - Could not analyze content of ./node_modules/sucrase/dist/util/formatTokens.js: 'analyzed_files'
2025-05-29 12:14:04,944 - utils.folder_summarizer - WARNING - Could not analyze content of ./node_modules/sucrase/dist/util/isIdentifier.js: 'analyzed_files'
2025-05-29 12:14:04,944 - utils.folder_summarizer - WARNING - Could not analyze content of ./node_modules/sucrase/dist/util/shouldElideDefaultExport.js: 'analyzed_files'
2025-05-29 12:14:04,945 - utils.folder_summarizer - WARNING - Could not analyze content of ./node_modules/sucrase/dist/esm/NameManager.js: 'analyzed_files'
2025-05-29 12:14:04,946 - utils.folder_summarizer - WARNING - Could not analyze content of ./node_modules/sucrase/dist/esm/Options-gen-types.js: 'analyzed_files'
2025-05-29 12:14:04,948 - utils.folder_summarizer - WARNING - Could not analyze content of ./node_modules/sucrase/dist/esm/TokenProcessor.js: 'analyzed_files'
2025-05-29 12:14:04,949 - utils.folder_summarizer - WARNING - Could not analyze content of ./node_modules/sucrase/dist/esm/Options.js: 'analyzed_files'
2025-05-29 12:14:04,950 - utils.folder_summarizer - WARNING - Could not analyze content of ./node_modules/sucrase/dist/esm/identifyShadowedGlobals.js: 'analyzed_files'
2025-05-29 12:14:04,951 - utils.folder_summarizer - WARNING - Could not analyze content of ./node_modules/sucrase/dist/esm/computeSourceMap.js: 'analyzed_files'
2025-05-29 12:14:04,953 - utils.folder_summarizer - WARNING - Could not analyze content of ./node_modules/sucrase/dist/esm/CJSImportProcessor.js: 'analyzed_files'
2025-05-29 12:14:04,955 - utils.folder_summarizer - WARNING - Could not analyze content of ./node_modules/sucrase/dist/esm/index.js: 'analyzed_files'
2025-05-29 12:14:04,956 - utils.folder_summarizer - WARNING - Could not analyze content of ./node_modules/sucrase/dist/esm/register.js: 'analyzed_files'
2025-05-29 12:14:04,959 - utils.folder_summarizer - WARNING - Could not analyze content of ./node_modules/sucrase/dist/esm/HelperManager.js: 'analyzed_files'
2025-05-29 12:14:04,961 - utils.folder_summarizer - WARNING - Could not analyze content of ./node_modules/sucrase/dist/esm/cli.js: 'analyzed_files'
2025-05-29 12:14:04,961 - utils.folder_summarizer - WARNING - Could not analyze content of ./node_modules/sucrase/dist/esm/util/isExportFrom.js: 'analyzed_files'
2025-05-29 12:14:04,962 - utils.folder_summarizer - WARNING - Could not analyze content of ./node_modules/sucrase/dist/esm/util/getJSXPragmaInfo.js: 'analyzed_files'
2025-05-29 12:14:04,963 - utils.folder_summarizer - WARNING - Could not analyze content of ./node_modules/sucrase/dist/esm/util/removeMaybeImportAttributes.js: 'analyzed_files'
2025-05-29 12:14:04,964 - utils.folder_summarizer - WARNING - Could not analyze content of ./node_modules/sucrase/dist/esm/util/getImportExportSpecifierInfo.js: 'analyzed_files'
2025-05-29 12:14:04,964 - utils.folder_summarizer - WARNING - Could not analyze content of ./node_modules/sucrase/dist/esm/util/elideImportEquals.js: 'analyzed_files'
2025-05-29 12:14:04,965 - utils.folder_summarizer - WARNING - Could not analyze content of ./node_modules/sucrase/dist/esm/util/getNonTypeIdentifiers.js: 'analyzed_files'
2025-05-29 12:14:04,966 - utils.folder_summarizer - WARNING - Could not analyze content of ./node_modules/sucrase/dist/esm/util/isAsyncOperation.js: 'analyzed_files'
2025-05-29 12:14:04,968 - utils.folder_summarizer - WARNING - Could not analyze content of ./node_modules/sucrase/dist/esm/util/getClassInfo.js: 'analyzed_files'
2025-05-29 12:14:04,969 - utils.folder_summarizer - WARNING - Could not analyze content of ./node_modules/sucrase/dist/esm/util/getDeclarationInfo.js: 'analyzed_files'
2025-05-29 12:14:04,970 - utils.folder_summarizer - WARNING - Could not analyze content of ./node_modules/sucrase/dist/esm/util/getIdentifierNames.js: 'analyzed_files'
2025-05-29 12:14:04,971 - utils.folder_summarizer - WARNING - Could not analyze content of ./node_modules/sucrase/dist/esm/util/getTSImportedNames.js: 'analyzed_files'
2025-05-29 12:14:04,972 - utils.folder_summarizer - WARNING - Could not analyze content of ./node_modules/sucrase/dist/esm/util/formatTokens.js: 'analyzed_files'
2025-05-29 12:14:04,973 - utils.folder_summarizer - WARNING - Could not analyze content of ./node_modules/sucrase/dist/esm/util/isIdentifier.js: 'analyzed_files'
2025-05-29 12:14:04,974 - utils.folder_summarizer - WARNING - Could not analyze content of ./node_modules/sucrase/dist/esm/util/shouldElideDefaultExport.js: 'analyzed_files'
2025-05-29 12:14:04,974 - utils.folder_summarizer - WARNING - Could not analyze content of ./node_modules/sucrase/dist/esm/parser/index.js: 'analyzed_files'
2025-05-29 12:14:04,975 - utils.folder_summarizer - WARNING - Could not analyze content of ./node_modules/sucrase/dist/esm/parser/util/identifier.js: 'analyzed_files'
2025-05-29 12:14:04,976 - utils.folder_summarizer - WARNING - Could not analyze content of ./node_modules/sucrase/dist/esm/parser/util/whitespace.js: 'analyzed_files'
2025-05-29 12:14:04,978 - utils.folder_summarizer - WARNING - Could not analyze content of ./node_modules/sucrase/dist/esm/parser/util/charcodes.js: 'analyzed_files'
2025-05-29 12:14:04,981 - utils.folder_summarizer - WARNING - Could not analyze content of ./node_modules/sucrase/dist/esm/parser/plugins/typescript.js: 'analyzed_files'
2025-05-29 12:14:04,982 - utils.folder_summarizer - WARNING - Could not analyze content of ./node_modules/sucrase/dist/esm/parser/plugins/types.js: 'analyzed_files'
2025-05-29 12:14:04,985 - utils.folder_summarizer - WARNING - Could not analyze content of ./node_modules/sucrase/dist/esm/parser/plugins/flow.js: 'analyzed_files'
2025-05-29 12:14:04,987 - utils.folder_summarizer - WARNING - Could not analyze content of ./node_modules/sucrase/dist/esm/parser/plugins/jsx/xhtml.js: 'analyzed_files'
2025-05-29 12:14:04,989 - memory.enhanced_semantic_search - INFO - Added 1900 items to vector index
2025-05-29 12:14:04,989 - utils.folder_summarizer - WARNING - Could not analyze content of ./node_modules/sucrase/dist/esm/parser/plugins/jsx/index.js: 'analyzed_files'
2025-05-29 12:14:04,991 - utils.folder_summarizer - WARNING - Could not analyze content of ./node_modules/sucrase/dist/esm/parser/traverser/lval.js: 'analyzed_files'
2025-05-29 12:14:04,993 - utils.folder_summarizer - WARNING - Could not analyze content of ./node_modules/sucrase/dist/esm/parser/traverser/statement.js: 'analyzed_files'
2025-05-29 12:14:04,995 - utils.folder_summarizer - WARNING - Could not analyze content of ./node_modules/sucrase/dist/esm/parser/traverser/util.js: 'analyzed_files'
2025-05-29 12:14:04,995 - utils.folder_summarizer - WARNING - Could not analyze content of ./node_modules/sucrase/dist/esm/parser/traverser/index.js: 'analyzed_files'
2025-05-29 12:14:04,996 - utils.folder_summarizer - WARNING - Could not analyze content of ./node_modules/sucrase/dist/esm/parser/traverser/base.js: 'analyzed_files'
2025-05-29 12:14:04,999 - utils.folder_summarizer - WARNING - Could not analyze content of ./node_modules/sucrase/dist/esm/parser/traverser/expression.js: 'analyzed_files'
2025-05-29 12:14:05,001 - utils.folder_summarizer - WARNING - Could not analyze content of ./node_modules/sucrase/dist/esm/parser/tokenizer/keywords.js: 'analyzed_files'
2025-05-29 12:14:05,003 - utils.folder_summarizer - WARNING - Could not analyze content of ./node_modules/sucrase/dist/esm/parser/tokenizer/types.js: 'analyzed_files'
2025-05-29 12:14:05,006 - utils.folder_summarizer - WARNING - Could not analyze content of ./node_modules/sucrase/dist/esm/parser/tokenizer/index.js: 'analyzed_files'
2025-05-29 12:14:05,008 - utils.folder_summarizer - WARNING - Could not analyze content of ./node_modules/sucrase/dist/esm/parser/tokenizer/state.js: 'analyzed_files'
2025-05-29 12:14:05,014 - utils.folder_summarizer - WARNING - Could not analyze content of ./node_modules/sucrase/dist/esm/parser/tokenizer/readWordTree.js: 'analyzed_files'
2025-05-29 12:14:05,015 - utils.folder_summarizer - WARNING - Could not analyze content of ./node_modules/sucrase/dist/esm/parser/tokenizer/readWord.js: 'analyzed_files'
2025-05-29 12:14:05,018 - utils.folder_summarizer - WARNING - Could not analyze content of ./node_modules/sucrase/dist/esm/transformers/JSXTransformer.js: 'analyzed_files'
2025-05-29 12:14:05,021 - utils.folder_summarizer - WARNING - Could not analyze content of ./node_modules/sucrase/dist/esm/transformers/ReactDisplayNameTransformer.js: 'analyzed_files'
2025-05-29 12:14:05,021 - utils.folder_summarizer - WARNING - Could not analyze content of ./node_modules/sucrase/dist/esm/transformers/OptionalCatchBindingTransformer.js: 'analyzed_files'
2025-05-29 12:14:05,023 - utils.folder_summarizer - WARNING - Could not analyze content of ./node_modules/sucrase/dist/esm/transformers/TypeScriptTransformer.js: 'analyzed_files'
2025-05-29 12:14:05,024 - utils.folder_summarizer - WARNING - Could not analyze content of ./node_modules/sucrase/dist/esm/transformers/ReactHotLoaderTransformer.js: 'analyzed_files'
2025-05-29 12:14:05,026 - utils.folder_summarizer - WARNING - Could not analyze content of ./node_modules/sucrase/dist/esm/transformers/OptionalChainingNullishTransformer.js: 'analyzed_files'
2025-05-29 12:14:05,028 - utils.folder_summarizer - WARNING - Could not analyze content of ./node_modules/sucrase/dist/esm/transformers/FlowTransformer.js: 'analyzed_files'
2025-05-29 12:14:05,030 - utils.folder_summarizer - WARNING - Could not analyze content of ./node_modules/sucrase/dist/esm/transformers/ESMImportTransformer.js: 'analyzed_files'
2025-05-29 12:14:05,031 - utils.folder_summarizer - WARNING - Could not analyze content of ./node_modules/sucrase/dist/esm/transformers/NumericSeparatorTransformer.js: 'analyzed_files'
2025-05-29 12:14:05,033 - utils.folder_summarizer - WARNING - Could not analyze content of ./node_modules/sucrase/dist/esm/transformers/JestHoistTransformer.js: 'analyzed_files'
2025-05-29 12:14:05,036 - utils.folder_summarizer - WARNING - Could not analyze content of ./node_modules/sucrase/dist/esm/transformers/CJSImportTransformer.js: 'analyzed_files'
2025-05-29 12:14:05,038 - utils.folder_summarizer - WARNING - Could not analyze content of ./node_modules/sucrase/dist/esm/transformers/RootTransformer.js: 'analyzed_files'
2025-05-29 12:14:05,038 - utils.folder_summarizer - WARNING - Could not analyze content of ./node_modules/sucrase/dist/esm/transformers/Transformer.js: 'analyzed_files'
2025-05-29 12:14:05,039 - utils.folder_summarizer - WARNING - Could not analyze content of ./node_modules/sucrase/dist/parser/index.js: 'analyzed_files'
2025-05-29 12:14:05,040 - utils.folder_summarizer - WARNING - Could not analyze content of ./node_modules/sucrase/dist/parser/util/identifier.js: 'analyzed_files'
2025-05-29 12:14:05,041 - utils.folder_summarizer - WARNING - Could not analyze content of ./node_modules/sucrase/dist/parser/util/whitespace.js: 'analyzed_files'
2025-05-29 12:14:05,043 - utils.folder_summarizer - WARNING - Could not analyze content of ./node_modules/sucrase/dist/parser/util/charcodes.js: 'analyzed_files'
2025-05-29 12:14:05,047 - utils.folder_summarizer - WARNING - Could not analyze content of ./node_modules/sucrase/dist/parser/plugins/typescript.js: 'analyzed_files'
2025-05-29 12:14:05,048 - utils.folder_summarizer - WARNING - Could not analyze content of ./node_modules/sucrase/dist/parser/plugins/types.js: 'analyzed_files'
2025-05-29 12:14:05,052 - utils.folder_summarizer - WARNING - Could not analyze content of ./node_modules/sucrase/dist/parser/plugins/flow.js: 'analyzed_files'
2025-05-29 12:14:05,054 - utils.folder_summarizer - WARNING - Could not analyze content of ./node_modules/sucrase/dist/parser/plugins/jsx/xhtml.js: 'analyzed_files'
2025-05-29 12:14:05,056 - utils.folder_summarizer - WARNING - Could not analyze content of ./node_modules/sucrase/dist/parser/plugins/jsx/index.js: 'analyzed_files'
2025-05-29 12:14:05,059 - utils.folder_summarizer - WARNING - Could not analyze content of ./node_modules/sucrase/dist/parser/traverser/lval.js: 'analyzed_files'
2025-05-29 12:14:05,062 - utils.folder_summarizer - WARNING - Could not analyze content of ./node_modules/sucrase/dist/parser/traverser/statement.js: 'analyzed_files'
2025-05-29 12:14:05,064 - utils.folder_summarizer - WARNING - Could not analyze content of ./node_modules/sucrase/dist/parser/traverser/util.js: 'analyzed_files'
2025-05-29 12:14:05,064 - utils.folder_summarizer - WARNING - Could not analyze content of ./node_modules/sucrase/dist/parser/traverser/index.js: 'analyzed_files'
2025-05-29 12:14:05,065 - utils.folder_summarizer - WARNING - Could not analyze content of ./node_modules/sucrase/dist/parser/traverser/base.js: 'analyzed_files'
2025-05-29 12:14:05,069 - utils.folder_summarizer - WARNING - Could not analyze content of ./node_modules/sucrase/dist/parser/traverser/expression.js: 'analyzed_files'
2025-05-29 12:14:05,070 - utils.folder_summarizer - WARNING - Could not analyze content of ./node_modules/sucrase/dist/parser/tokenizer/keywords.js: 'analyzed_files'
2025-05-29 12:14:05,073 - utils.folder_summarizer - WARNING - Could not analyze content of ./node_modules/sucrase/dist/parser/tokenizer/types.js: 'analyzed_files'
2025-05-29 12:14:05,076 - utils.folder_summarizer - WARNING - Could not analyze content of ./node_modules/sucrase/dist/parser/tokenizer/index.js: 'analyzed_files'
2025-05-29 12:14:05,077 - utils.folder_summarizer - WARNING - Could not analyze content of ./node_modules/sucrase/dist/parser/tokenizer/state.js: 'analyzed_files'
2025-05-29 12:14:05,083 - utils.folder_summarizer - WARNING - Could not analyze content of ./node_modules/sucrase/dist/parser/tokenizer/readWordTree.js: 'analyzed_files'
2025-05-29 12:14:05,085 - utils.folder_summarizer - WARNING - Could not analyze content of ./node_modules/sucrase/dist/parser/tokenizer/readWord.js: 'analyzed_files'
2025-05-29 12:14:05,087 - utils.folder_summarizer - WARNING - Could not analyze content of ./node_modules/sucrase/dist/transformers/JSXTransformer.js: 'analyzed_files'
2025-05-29 12:14:05,089 - utils.folder_summarizer - WARNING - Could not analyze content of ./node_modules/sucrase/dist/transformers/ReactDisplayNameTransformer.js: 'analyzed_files'
2025-05-29 12:14:05,090 - utils.folder_summarizer - WARNING - Could not analyze content of ./node_modules/sucrase/dist/transformers/OptionalCatchBindingTransformer.js: 'analyzed_files'
2025-05-29 12:14:05,092 - utils.folder_summarizer - WARNING - Could not analyze content of ./node_modules/sucrase/dist/transformers/TypeScriptTransformer.js: 'analyzed_files'
2025-05-29 12:14:05,093 - utils.folder_summarizer - WARNING - Could not analyze content of ./node_modules/sucrase/dist/transformers/ReactHotLoaderTransformer.js: 'analyzed_files'
2025-05-29 12:14:05,095 - utils.folder_summarizer - WARNING - Could not analyze content of ./node_modules/sucrase/dist/transformers/OptionalChainingNullishTransformer.js: 'analyzed_files'
2025-05-29 12:14:05,097 - utils.folder_summarizer - WARNING - Could not analyze content of ./node_modules/sucrase/dist/transformers/FlowTransformer.js: 'analyzed_files'
2025-05-29 12:14:05,099 - utils.folder_summarizer - WARNING - Could not analyze content of ./node_modules/sucrase/dist/transformers/ESMImportTransformer.js: 'analyzed_files'
2025-05-29 12:14:05,100 - utils.folder_summarizer - WARNING - Could not analyze content of ./node_modules/sucrase/dist/transformers/NumericSeparatorTransformer.js: 'analyzed_files'
2025-05-29 12:14:05,102 - utils.folder_summarizer - WARNING - Could not analyze content of ./node_modules/sucrase/dist/transformers/JestHoistTransformer.js: 'analyzed_files'
2025-05-29 12:14:05,105 - utils.folder_summarizer - WARNING - Could not analyze content of ./node_modules/sucrase/dist/transformers/CJSImportTransformer.js: 'analyzed_files'
2025-05-29 12:14:05,107 - utils.folder_summarizer - WARNING - Could not analyze content of ./node_modules/sucrase/dist/transformers/RootTransformer.js: 'analyzed_files'
2025-05-29 12:14:05,107 - utils.folder_summarizer - WARNING - Could not analyze content of ./node_modules/sucrase/dist/transformers/Transformer.js: 'analyzed_files'
2025-05-29 12:14:05,110 - utils.folder_summarizer - WARNING - Could not analyze content of ./node_modules/sucrase/node_modules/.bin/glob: 'analyzed_files'
2025-05-29 12:14:05,111 - utils.folder_summarizer - WARNING - Could not analyze content of ./node_modules/sucrase/node_modules/brace-expansion/LICENSE: 'analyzed_files'
2025-05-29 12:14:05,113 - utils.folder_summarizer - WARNING - Could not analyze content of ./node_modules/sucrase/node_modules/brace-expansion/index.js: 'analyzed_files'
2025-05-29 12:14:05,115 - utils.folder_summarizer - WARNING - Could not analyze content of ./node_modules/sucrase/node_modules/brace-expansion/README.md: 'analyzed_files'
2025-05-29 12:14:05,116 - utils.folder_summarizer - WARNING - Could not analyze content of ./node_modules/sucrase/node_modules/brace-expansion/package.json: 'analyzed_files'
2025-05-29 12:14:05,117 - utils.folder_summarizer - WARNING - Could not analyze content of ./node_modules/sucrase/node_modules/brace-expansion/.github/FUNDING.yml: 'analyzed_files'
2025-05-29 12:14:05,118 - utils.folder_summarizer - WARNING - Could not analyze content of ./node_modules/sucrase/node_modules/minimatch/LICENSE: 'analyzed_files'
2025-05-29 12:14:05,120 - utils.folder_summarizer - WARNING - Could not analyze content of ./node_modules/sucrase/node_modules/minimatch/README.md: 'analyzed_files'
2025-05-29 12:14:05,122 - utils.folder_summarizer - WARNING - Could not analyze content of ./node_modules/sucrase/node_modules/minimatch/package.json: 'analyzed_files'
2025-05-29 12:14:05,123 - utils.folder_summarizer - WARNING - Could not analyze content of ./node_modules/sucrase/node_modules/minimatch/dist/esm/ast.d.ts.map: 'analyzed_files'
2025-05-29 12:14:05,128 - utils.folder_summarizer - WARNING - Could not analyze content of ./node_modules/sucrase/node_modules/minimatch/dist/esm/ast.js.map: 'analyzed_files'
2025-05-29 12:14:05,130 - utils.folder_summarizer - WARNING - Could not analyze content of ./node_modules/sucrase/node_modules/minimatch/dist/esm/brace-expressions.js.map: 'analyzed_files'
2025-05-29 12:14:05,131 - utils.folder_summarizer - WARNING - Could not analyze content of ./node_modules/sucrase/node_modules/minimatch/dist/esm/escape.d.ts: 'analyzed_files'
2025-05-29 12:14:05,132 - utils.folder_summarizer - WARNING - Could not analyze content of ./node_modules/sucrase/node_modules/minimatch/dist/esm/brace-expressions.d.ts.map: 'analyzed_files'
2025-05-29 12:14:05,132 - utils.folder_summarizer - WARNING - Could not analyze content of ./node_modules/sucrase/node_modules/minimatch/dist/esm/unescape.js.map: 'analyzed_files'
2025-05-29 12:14:05,133 - utils.folder_summarizer - WARNING - Could not analyze content of ./node_modules/sucrase/node_modules/minimatch/dist/esm/escape.d.ts.map: 'analyzed_files'
2025-05-29 12:14:05,134 - utils.folder_summarizer - WARNING - Could not analyze content of ./node_modules/sucrase/node_modules/minimatch/dist/esm/escape.js: 'analyzed_files'
2025-05-29 12:14:05,134 - utils.folder_summarizer - WARNING - Could not analyze content of ./node_modules/sucrase/node_modules/minimatch/dist/esm/unescape.d.ts.map: 'analyzed_files'
2025-05-29 12:14:05,138 - utils.folder_summarizer - WARNING - Could not analyze content of ./node_modules/sucrase/node_modules/minimatch/dist/esm/index.js: 'analyzed_files'
2025-05-29 12:14:05,139 - utils.folder_summarizer - WARNING - Could not analyze content of ./node_modules/sucrase/node_modules/minimatch/dist/esm/unescape.d.ts: 'analyzed_files'
2025-05-29 12:14:05,139 - utils.folder_summarizer - WARNING - Could not analyze content of ./node_modules/sucrase/node_modules/minimatch/dist/esm/package.json: 'analyzed_files'
2025-05-29 12:14:05,141 - utils.folder_summarizer - WARNING - Could not analyze content of ./node_modules/sucrase/node_modules/minimatch/dist/esm/brace-expressions.js: 'analyzed_files'
2025-05-29 12:14:05,142 - utils.folder_summarizer - WARNING - Could not analyze content of ./node_modules/sucrase/node_modules/minimatch/dist/esm/assert-valid-pattern.d.ts.map: 'analyzed_files'
2025-05-29 12:14:05,148 - utils.folder_summarizer - WARNING - Could not analyze content of ./node_modules/sucrase/node_modules/minimatch/dist/esm/index.js.map: 'analyzed_files'
2025-05-29 12:14:05,148 - utils.folder_summarizer - WARNING - Could not analyze content of ./node_modules/sucrase/node_modules/minimatch/dist/esm/unescape.js: 'analyzed_files'
2025-05-29 12:14:05,149 - utils.folder_summarizer - WARNING - Could not analyze content of ./node_modules/sucrase/node_modules/minimatch/dist/esm/assert-valid-pattern.js.map: 'analyzed_files'
2025-05-29 12:14:05,150 - utils.folder_summarizer - WARNING - Could not analyze content of ./node_modules/sucrase/node_modules/minimatch/dist/esm/escape.js.map: 'analyzed_files'
2025-05-29 12:14:05,152 - utils.folder_summarizer - WARNING - Could not analyze content of ./node_modules/sucrase/node_modules/minimatch/dist/esm/index.d.ts: 'analyzed_files'
2025-05-29 12:14:05,152 - utils.folder_summarizer - WARNING - Could not analyze content of ./node_modules/sucrase/node_modules/minimatch/dist/esm/brace-expressions.d.ts: 'analyzed_files'
2025-05-29 12:14:05,153 - utils.folder_summarizer - WARNING - Could not analyze content of ./node_modules/sucrase/node_modules/minimatch/dist/esm/assert-valid-pattern.js: 'analyzed_files'
2025-05-29 12:14:05,154 - utils.folder_summarizer - WARNING - Could not analyze content of ./node_modules/sucrase/node_modules/minimatch/dist/esm/ast.d.ts: 'analyzed_files'
2025-05-29 12:14:05,154 - utils.folder_summarizer - WARNING - Could not analyze content of ./node_modules/sucrase/node_modules/minimatch/dist/esm/assert-valid-pattern.d.ts: 'analyzed_files'
2025-05-29 12:14:05,157 - utils.folder_summarizer - WARNING - Could not analyze content of ./node_modules/sucrase/node_modules/minimatch/dist/esm/ast.js: 'analyzed_files'
2025-05-29 12:14:05,159 - utils.folder_summarizer - WARNING - Could not analyze content of ./node_modules/sucrase/node_modules/minimatch/dist/esm/index.d.ts.map: 'analyzed_files'
2025-05-29 12:14:05,160 - utils.folder_summarizer - WARNING - Could not analyze content of ./node_modules/sucrase/node_modules/minimatch/dist/commonjs/ast.d.ts.map: 'analyzed_files'
2025-05-29 12:14:05,164 - utils.folder_summarizer - WARNING - Could not analyze content of ./node_modules/sucrase/node_modules/minimatch/dist/commonjs/ast.js.map: 'analyzed_files'
2025-05-29 12:14:05,167 - utils.folder_summarizer - WARNING - Could not analyze content of ./node_modules/sucrase/node_modules/minimatch/dist/commonjs/brace-expressions.js.map: 'analyzed_files'
2025-05-29 12:14:05,168 - utils.folder_summarizer - WARNING - Could not analyze content of ./node_modules/sucrase/node_modules/minimatch/dist/commonjs/escape.d.ts: 'analyzed_files'
2025-05-29 12:14:05,168 - utils.folder_summarizer - WARNING - Could not analyze content of ./node_modules/sucrase/node_modules/minimatch/dist/commonjs/brace-expressions.d.ts.map: 'analyzed_files'
2025-05-29 12:14:05,169 - utils.folder_summarizer - WARNING - Could not analyze content of ./node_modules/sucrase/node_modules/minimatch/dist/commonjs/unescape.js.map: 'analyzed_files'
2025-05-29 12:14:05,170 - memory.enhanced_semantic_search - INFO - Added 2000 items to vector index
2025-05-29 12:14:05,170 - utils.folder_summarizer - WARNING - Could not analyze content of ./node_modules/sucrase/node_modules/minimatch/dist/commonjs/escape.d.ts.map: 'analyzed_files'
2025-05-29 12:14:05,171 - utils.folder_summarizer - WARNING - Could not analyze content of ./node_modules/sucrase/node_modules/minimatch/dist/commonjs/escape.js: 'analyzed_files'
2025-05-29 12:14:05,171 - utils.folder_summarizer - WARNING - Could not analyze content of ./node_modules/sucrase/node_modules/minimatch/dist/commonjs/unescape.d.ts.map: 'analyzed_files'
2025-05-29 12:14:05,175 - utils.folder_summarizer - WARNING - Could not analyze content of ./node_modules/sucrase/node_modules/minimatch/dist/commonjs/index.js: 'analyzed_files'
2025-05-29 12:14:05,176 - utils.folder_summarizer - WARNING - Could not analyze content of ./node_modules/sucrase/node_modules/minimatch/dist/commonjs/unescape.d.ts: 'analyzed_files'
2025-05-29 12:14:05,176 - utils.folder_summarizer - WARNING - Could not analyze content of ./node_modules/sucrase/node_modules/minimatch/dist/commonjs/package.json: 'analyzed_files'
2025-05-29 12:14:05,178 - utils.folder_summarizer - WARNING - Could not analyze content of ./node_modules/sucrase/node_modules/minimatch/dist/commonjs/brace-expressions.js: 'analyzed_files'
2025-05-29 12:14:05,179 - utils.folder_summarizer - WARNING - Could not analyze content of ./node_modules/sucrase/node_modules/minimatch/dist/commonjs/assert-valid-pattern.d.ts.map: 'analyzed_files'
2025-05-29 12:14:05,185 - utils.folder_summarizer - WARNING - Could not analyze content of ./node_modules/sucrase/node_modules/minimatch/dist/commonjs/index.js.map: 'analyzed_files'
2025-05-29 12:14:05,185 - utils.folder_summarizer - WARNING - Could not analyze content of ./node_modules/sucrase/node_modules/minimatch/dist/commonjs/unescape.js: 'analyzed_files'
2025-05-29 12:14:05,186 - utils.folder_summarizer - WARNING - Could not analyze content of ./node_modules/sucrase/node_modules/minimatch/dist/commonjs/assert-valid-pattern.js.map: 'analyzed_files'
2025-05-29 12:14:05,187 - utils.folder_summarizer - WARNING - Could not analyze content of ./node_modules/sucrase/node_modules/minimatch/dist/commonjs/escape.js.map: 'analyzed_files'
2025-05-29 12:14:05,189 - utils.folder_summarizer - WARNING - Could not analyze content of ./node_modules/sucrase/node_modules/minimatch/dist/commonjs/index.d.ts: 'analyzed_files'
2025-05-29 12:14:05,189 - utils.folder_summarizer - WARNING - Could not analyze content of ./node_modules/sucrase/node_modules/minimatch/dist/commonjs/brace-expressions.d.ts: 'analyzed_files'
2025-05-29 12:14:05,190 - utils.folder_summarizer - WARNING - Could not analyze content of ./node_modules/sucrase/node_modules/minimatch/dist/commonjs/assert-valid-pattern.js: 'analyzed_files'
2025-05-29 12:14:05,190 - utils.folder_summarizer - WARNING - Could not analyze content of ./node_modules/sucrase/node_modules/minimatch/dist/commonjs/ast.d.ts: 'analyzed_files'
2025-05-29 12:14:05,191 - utils.folder_summarizer - WARNING - Could not analyze content of ./node_modules/sucrase/node_modules/minimatch/dist/commonjs/assert-valid-pattern.d.ts: 'analyzed_files'
2025-05-29 12:14:05,194 - utils.folder_summarizer - WARNING - Could not analyze content of ./node_modules/sucrase/node_modules/minimatch/dist/commonjs/ast.js: 'analyzed_files'
2025-05-29 12:14:05,195 - utils.folder_summarizer - WARNING - Could not analyze content of ./node_modules/sucrase/node_modules/minimatch/dist/commonjs/index.d.ts.map: 'analyzed_files'
2025-05-29 12:14:05,196 - utils.folder_summarizer - WARNING - Could not analyze content of ./node_modules/sucrase/node_modules/glob/LICENSE: 'analyzed_files'
2025-05-29 12:14:05,201 - utils.folder_summarizer - WARNING - Could not analyze content of ./node_modules/sucrase/node_modules/glob/README.md: 'analyzed_files'
2025-05-29 12:14:05,202 - utils.folder_summarizer - WARNING - Could not analyze content of ./node_modules/sucrase/node_modules/glob/package.json: 'analyzed_files'
2025-05-29 12:14:05,203 - utils.folder_summarizer - WARNING - Could not analyze content of ./node_modules/sucrase/node_modules/glob/dist/esm/bin.d.mts: 'analyzed_files'
2025-05-29 12:14:05,205 - utils.folder_summarizer - WARNING - Could not analyze content of ./node_modules/sucrase/node_modules/glob/dist/esm/walker.js: 'analyzed_files'
2025-05-29 12:14:05,208 - utils.folder_summarizer - WARNING - Could not analyze content of ./node_modules/sucrase/node_modules/glob/dist/esm/pattern.d.ts.map: 'analyzed_files'
2025-05-29 12:14:05,210 - utils.folder_summarizer - WARNING - Could not analyze content of ./node_modules/sucrase/node_modules/glob/dist/esm/ignore.js.map: 'analyzed_files'
2025-05-29 12:14:05,212 - utils.folder_summarizer - WARNING - Could not analyze content of ./node_modules/sucrase/node_modules/glob/dist/esm/bin.mjs: 'analyzed_files'
2025-05-29 12:14:05,213 - utils.folder_summarizer - WARNING - Could not analyze content of ./node_modules/sucrase/node_modules/glob/dist/esm/has-magic.d.ts.map: 'analyzed_files'
2025-05-29 12:14:05,215 - utils.folder_summarizer - WARNING - Could not analyze content of ./node_modules/sucrase/node_modules/glob/dist/esm/glob.d.ts.map: 'analyzed_files'
2025-05-29 12:14:05,218 - utils.folder_summarizer - WARNING - Could not analyze content of ./node_modules/sucrase/node_modules/glob/dist/esm/pattern.js: 'analyzed_files'
2025-05-29 12:14:05,220 - utils.folder_summarizer - WARNING - Could not analyze content of ./node_modules/sucrase/node_modules/glob/dist/esm/processor.js: 'analyzed_files'
2025-05-29 12:14:05,221 - utils.folder_summarizer - WARNING - Could not analyze content of ./node_modules/sucrase/node_modules/glob/dist/esm/ignore.d.ts.map: 'analyzed_files'
2025-05-29 12:14:05,222 - utils.folder_summarizer - WARNING - Could not analyze content of ./node_modules/sucrase/node_modules/glob/dist/esm/processor.d.ts: 'analyzed_files'
2025-05-29 12:14:05,223 - utils.folder_summarizer - WARNING - Could not analyze content of ./node_modules/sucrase/node_modules/glob/dist/esm/index.js: 'analyzed_files'
2025-05-29 12:14:05,224 - utils.folder_summarizer - WARNING - Could not analyze content of ./node_modules/sucrase/node_modules/glob/dist/esm/has-magic.js: 'analyzed_files'
2025-05-29 12:14:05,225 - utils.folder_summarizer - WARNING - Could not analyze content of ./node_modules/sucrase/node_modules/glob/dist/esm/has-magic.js.map: 'analyzed_files'
2025-05-29 12:14:05,228 - utils.folder_summarizer - WARNING - Could not analyze content of ./node_modules/sucrase/node_modules/glob/dist/esm/pattern.js.map: 'analyzed_files'
2025-05-29 12:14:05,232 - utils.folder_summarizer - WARNING - Could not analyze content of ./node_modules/sucrase/node_modules/glob/dist/esm/glob.js.map: 'analyzed_files'
2025-05-29 12:14:05,232 - utils.folder_summarizer - WARNING - Could not analyze content of ./node_modules/sucrase/node_modules/glob/dist/esm/package.json: 'analyzed_files'
2025-05-29 12:14:05,236 - utils.folder_summarizer - WARNING - Could not analyze content of ./node_modules/sucrase/node_modules/glob/dist/esm/bin.mjs.map: 'analyzed_files'
2025-05-29 12:14:05,238 - utils.folder_summarizer - WARNING - Could not analyze content of ./node_modules/sucrase/node_modules/glob/dist/esm/walker.d.ts.map: 'analyzed_files'
2025-05-29 12:14:05,239 - utils.folder_summarizer - WARNING - Could not analyze content of ./node_modules/sucrase/node_modules/glob/dist/esm/ignore.d.ts: 'analyzed_files'
2025-05-29 12:14:05,240 - utils.folder_summarizer - WARNING - Could not analyze content of ./node_modules/sucrase/node_modules/glob/dist/esm/pattern.d.ts: 'analyzed_files'
2025-05-29 12:14:05,243 - utils.folder_summarizer - WARNING - Could not analyze content of ./node_modules/sucrase/node_modules/glob/dist/esm/index.js.map: 'analyzed_files'
2025-05-29 12:14:05,245 - utils.folder_summarizer - WARNING - Could not analyze content of ./node_modules/sucrase/node_modules/glob/dist/esm/glob.d.ts: 'analyzed_files'
2025-05-29 12:14:05,247 - utils.folder_summarizer - WARNING - Could not analyze content of ./node_modules/sucrase/node_modules/glob/dist/esm/ignore.js: 'analyzed_files'
2025-05-29 12:14:05,249 - utils.folder_summarizer - WARNING - Could not analyze content of ./node_modules/sucrase/node_modules/glob/dist/esm/walker.d.ts: 'analyzed_files'
2025-05-29 12:14:05,253 - utils.folder_summarizer - WARNING - Could not analyze content of ./node_modules/sucrase/node_modules/glob/dist/esm/walker.js.map: 'analyzed_files'
2025-05-29 12:14:05,255 - utils.folder_summarizer - WARNING - Could not analyze content of ./node_modules/sucrase/node_modules/glob/dist/esm/index.d.ts: 'analyzed_files'
2025-05-29 12:14:05,257 - utils.folder_summarizer - WARNING - Could not analyze content of ./node_modules/sucrase/node_modules/glob/dist/esm/glob.js: 'analyzed_files'
2025-05-29 12:14:05,260 - utils.folder_summarizer - WARNING - Could not analyze content of ./node_modules/sucrase/node_modules/glob/dist/esm/processor.js.map: 'analyzed_files'
2025-05-29 12:14:05,261 - utils.folder_summarizer - WARNING - Could not analyze content of ./node_modules/sucrase/node_modules/glob/dist/esm/has-magic.d.ts: 'analyzed_files'
2025-05-29 12:14:05,263 - utils.folder_summarizer - WARNING - Could not analyze content of ./node_modules/sucrase/node_modules/glob/dist/esm/index.d.ts.map: 'analyzed_files'
2025-05-29 12:14:05,264 - utils.folder_summarizer - WARNING - Could not analyze content of ./node_modules/sucrase/node_modules/glob/dist/esm/processor.d.ts.map: 'analyzed_files'
2025-05-29 12:14:05,265 - utils.folder_summarizer - WARNING - Could not analyze content of ./node_modules/sucrase/node_modules/glob/dist/esm/bin.d.mts.map: 'analyzed_files'
2025-05-29 12:14:05,268 - utils.folder_summarizer - WARNING - Could not analyze content of ./node_modules/sucrase/node_modules/glob/dist/commonjs/walker.js: 'analyzed_files'
2025-05-29 12:14:05,269 - utils.folder_summarizer - WARNING - Could not analyze content of ./node_modules/sucrase/node_modules/glob/dist/commonjs/pattern.d.ts.map: 'analyzed_files'
2025-05-29 12:14:05,271 - utils.folder_summarizer - WARNING - Could not analyze content of ./node_modules/sucrase/node_modules/glob/dist/commonjs/ignore.js.map: 'analyzed_files'
2025-05-29 12:14:05,272 - utils.folder_summarizer - WARNING - Could not analyze content of ./node_modules/sucrase/node_modules/glob/dist/commonjs/has-magic.d.ts.map: 'analyzed_files'
2025-05-29 12:14:05,274 - utils.folder_summarizer - WARNING - Could not analyze content of ./node_modules/sucrase/node_modules/glob/dist/commonjs/glob.d.ts.map: 'analyzed_files'
2025-05-29 12:14:05,276 - utils.folder_summarizer - WARNING - Could not analyze content of ./node_modules/sucrase/node_modules/glob/dist/commonjs/pattern.js: 'analyzed_files'
2025-05-29 12:14:05,278 - utils.folder_summarizer - WARNING - Could not analyze content of ./node_modules/sucrase/node_modules/glob/dist/commonjs/processor.js: 'analyzed_files'
2025-05-29 12:14:05,279 - utils.folder_summarizer - WARNING - Could not analyze content of ./node_modules/sucrase/node_modules/glob/dist/commonjs/ignore.d.ts.map: 'analyzed_files'
2025-05-29 12:14:05,280 - utils.folder_summarizer - WARNING - Could not analyze content of ./node_modules/sucrase/node_modules/glob/dist/commonjs/processor.d.ts: 'analyzed_files'
2025-05-29 12:14:05,281 - utils.folder_summarizer - WARNING - Could not analyze content of ./node_modules/sucrase/node_modules/glob/dist/commonjs/index.js: 'analyzed_files'
2025-05-29 12:14:05,282 - utils.folder_summarizer - WARNING - Could not analyze content of ./node_modules/sucrase/node_modules/glob/dist/commonjs/has-magic.js: 'analyzed_files'
2025-05-29 12:14:05,284 - utils.folder_summarizer - WARNING - Could not analyze content of ./node_modules/sucrase/node_modules/glob/dist/commonjs/has-magic.js.map: 'analyzed_files'
2025-05-29 12:14:05,287 - utils.folder_summarizer - WARNING - Could not analyze content of ./node_modules/sucrase/node_modules/glob/dist/commonjs/pattern.js.map: 'analyzed_files'
2025-05-29 12:14:05,291 - utils.folder_summarizer - WARNING - Could not analyze content of ./node_modules/sucrase/node_modules/glob/dist/commonjs/glob.js.map: 'analyzed_files'
2025-05-29 12:14:05,291 - utils.folder_summarizer - WARNING - Could not analyze content of ./node_modules/sucrase/node_modules/glob/dist/commonjs/package.json: 'analyzed_files'
2025-05-29 12:14:05,293 - utils.folder_summarizer - WARNING - Could not analyze content of ./node_modules/sucrase/node_modules/glob/dist/commonjs/walker.d.ts.map: 'analyzed_files'
2025-05-29 12:14:05,294 - utils.folder_summarizer - WARNING - Could not analyze content of ./node_modules/sucrase/node_modules/glob/dist/commonjs/ignore.d.ts: 'analyzed_files'
2025-05-29 12:14:05,295 - utils.folder_summarizer - WARNING - Could not analyze content of ./node_modules/sucrase/node_modules/glob/dist/commonjs/pattern.d.ts: 'analyzed_files'
2025-05-29 12:14:05,298 - utils.folder_summarizer - WARNING - Could not analyze content of ./node_modules/sucrase/node_modules/glob/dist/commonjs/index.js.map: 'analyzed_files'
2025-05-29 12:14:05,301 - utils.folder_summarizer - WARNING - Could not analyze content of ./node_modules/sucrase/node_modules/glob/dist/commonjs/glob.d.ts: 'analyzed_files'
2025-05-29 12:14:05,303 - utils.folder_summarizer - WARNING - Could not analyze content of ./node_modules/sucrase/node_modules/glob/dist/commonjs/ignore.js: 'analyzed_files'
2025-05-29 12:14:05,304 - utils.folder_summarizer - WARNING - Could not analyze content of ./node_modules/sucrase/node_modules/glob/dist/commonjs/walker.d.ts: 'analyzed_files'
2025-05-29 12:14:05,308 - utils.folder_summarizer - WARNING - Could not analyze content of ./node_modules/sucrase/node_modules/glob/dist/commonjs/walker.js.map: 'analyzed_files'
2025-05-29 12:14:05,310 - utils.folder_summarizer - WARNING - Could not analyze content of ./node_modules/sucrase/node_modules/glob/dist/commonjs/index.d.ts: 'analyzed_files'
2025-05-29 12:14:05,312 - utils.folder_summarizer - WARNING - Could not analyze content of ./node_modules/sucrase/node_modules/glob/dist/commonjs/glob.js: 'analyzed_files'
2025-05-29 12:14:05,315 - utils.folder_summarizer - WARNING - Could not analyze content of ./node_modules/sucrase/node_modules/glob/dist/commonjs/processor.js.map: 'analyzed_files'
2025-05-29 12:14:05,316 - utils.folder_summarizer - WARNING - Could not analyze content of ./node_modules/sucrase/node_modules/glob/dist/commonjs/has-magic.d.ts: 'analyzed_files'
2025-05-29 12:14:05,318 - utils.folder_summarizer - WARNING - Could not analyze content of ./node_modules/sucrase/node_modules/glob/dist/commonjs/index.d.ts.map: 'analyzed_files'
2025-05-29 12:14:05,319 - utils.folder_summarizer - WARNING - Could not analyze content of ./node_modules/sucrase/node_modules/glob/dist/commonjs/processor.d.ts.map: 'analyzed_files'
2025-05-29 12:14:05,320 - utils.folder_summarizer - WARNING - Could not analyze content of ./node_modules/sucrase/register/tsx-legacy-module-interop.js: 'analyzed_files'
2025-05-29 12:14:05,321 - utils.folder_summarizer - WARNING - Could not analyze content of ./node_modules/sucrase/register/js.js: 'analyzed_files'
2025-05-29 12:14:05,321 - utils.folder_summarizer - WARNING - Could not analyze content of ./node_modules/sucrase/register/jsx.js: 'analyzed_files'
2025-05-29 12:14:05,322 - utils.folder_summarizer - WARNING - Could not analyze content of ./node_modules/sucrase/register/tsx.js: 'analyzed_files'
2025-05-29 12:14:05,322 - utils.folder_summarizer - WARNING - Could not analyze content of ./node_modules/sucrase/register/index.js: 'analyzed_files'
2025-05-29 12:14:05,322 - utils.folder_summarizer - WARNING - Could not analyze content of ./node_modules/sucrase/register/ts.js: 'analyzed_files'
2025-05-29 12:14:05,323 - utils.folder_summarizer - WARNING - Could not analyze content of ./node_modules/sucrase/register/ts-legacy-module-interop.js: 'analyzed_files'
2025-05-29 12:14:05,324 - utils.folder_summarizer - WARNING - Could not analyze content of ./node_modules/ms/license.md: 'analyzed_files'
2025-05-29 12:14:05,325 - utils.folder_summarizer - WARNING - Could not analyze content of ./node_modules/ms/index.js: 'analyzed_files'
2025-05-29 12:14:05,327 - utils.folder_summarizer - WARNING - Could not analyze content of ./node_modules/ms/readme.md: 'analyzed_files'
2025-05-29 12:14:05,327 - utils.folder_summarizer - WARNING - Could not analyze content of ./node_modules/ms/package.json: 'analyzed_files'
2025-05-29 12:14:05,328 - utils.folder_summarizer - WARNING - Could not analyze content of ./node_modules/svelte/LICENSE.md: 'analyzed_files'
2025-05-29 12:14:05,330 - utils.folder_summarizer - WARNING - Could not analyze content of ./node_modules/svelte/svelte-html.d.ts: 'analyzed_files'
2025-05-29 12:14:05,392 - utils.folder_summarizer - WARNING - Could not analyze content of ./node_modules/svelte/compiler.cjs: 'analyzed_files'
2025-05-29 12:14:05,399 - utils.folder_summarizer - WARNING - Could not analyze content of ./node_modules/svelte/elements.d.ts: 'analyzed_files'
2025-05-29 12:14:05,401 - utils.folder_summarizer - WARNING - Could not analyze content of ./node_modules/svelte/README.md: 'analyzed_files'
2025-05-29 12:14:05,403 - memory.enhanced_semantic_search - INFO - Added 2100 items to vector index
2025-05-29 12:14:05,403 - utils.folder_summarizer - WARNING - Could not analyze content of ./node_modules/svelte/package.json: 'analyzed_files'
2025-05-29 12:14:05,408 - utils.folder_summarizer - WARNING - Could not analyze content of ./node_modules/svelte/types/index.d.ts: 'analyzed_files'
2025-05-29 12:14:05,409 - utils.folder_summarizer - WARNING - Could not analyze content of ./node_modules/svelte/types/index.d.ts.map: 'analyzed_files'
2025-05-29 12:14:05,410 - utils.folder_summarizer - WARNING - Could not analyze content of ./node_modules/svelte/types/compiler/interfaces.d.ts: 'analyzed_files'
2025-05-29 12:14:05,411 - utils.folder_summarizer - WARNING - Could not analyze content of ./node_modules/svelte/types/compiler/preprocess.d.ts: 'analyzed_files'
2025-05-29 12:14:05,411 - utils.folder_summarizer - WARNING - Could not analyze content of ./node_modules/svelte/src/.eslintrc.json: 'analyzed_files'
2025-05-29 12:14:05,412 - utils.folder_summarizer - WARNING - Could not analyze content of ./node_modules/svelte/src/runtime/ssr.js: 'analyzed_files'
2025-05-29 12:14:05,412 - utils.folder_summarizer - WARNING - Could not analyze content of ./node_modules/svelte/src/runtime/index.js: 'analyzed_files'
2025-05-29 12:14:05,413 - utils.folder_summarizer - WARNING - Could not analyze content of ./node_modules/svelte/src/runtime/ambient.d.ts: 'analyzed_files'
2025-05-29 12:14:05,413 - utils.folder_summarizer - WARNING - Could not analyze content of ./node_modules/svelte/src/runtime/public.d.ts: 'analyzed_files'
2025-05-29 12:14:05,416 - utils.folder_summarizer - WARNING - Could not analyze content of ./node_modules/svelte/src/runtime/transition/index.js: 'analyzed_files'
2025-05-29 12:14:05,416 - utils.folder_summarizer - WARNING - Could not analyze content of ./node_modules/svelte/src/runtime/transition/public.d.ts: 'analyzed_files'
2025-05-29 12:14:05,420 - utils.folder_summarizer - WARNING - Could not analyze content of ./node_modules/svelte/src/runtime/easing/index.js: 'analyzed_files'
2025-05-29 12:14:05,421 - utils.folder_summarizer - WARNING - Could not analyze content of ./node_modules/svelte/src/runtime/animate/index.js: 'analyzed_files'
2025-05-29 12:14:05,421 - utils.folder_summarizer - WARNING - Could not analyze content of ./node_modules/svelte/src/runtime/animate/public.d.ts: 'analyzed_files'
2025-05-29 12:14:05,422 - utils.folder_summarizer - WARNING - Could not analyze content of ./node_modules/svelte/src/runtime/internal/globals.js: 'analyzed_files'
2025-05-29 12:14:05,423 - utils.folder_summarizer - WARNING - Could not analyze content of ./node_modules/svelte/src/runtime/internal/private.d.ts: 'analyzed_files'
2025-05-29 12:14:05,425 - utils.folder_summarizer - WARNING - Could not analyze content of ./node_modules/svelte/src/runtime/internal/ssr.js: 'analyzed_files'
2025-05-29 12:14:05,427 - utils.folder_summarizer - WARNING - Could not analyze content of ./node_modules/svelte/src/runtime/internal/animations.js: 'analyzed_files'
2025-05-29 12:14:05,428 - utils.folder_summarizer - WARNING - Could not analyze content of ./node_modules/svelte/src/runtime/internal/each.js: 'analyzed_files'
2025-05-29 12:14:05,429 - utils.folder_summarizer - WARNING - Could not analyze content of ./node_modules/svelte/src/runtime/internal/index.js: 'analyzed_files'
2025-05-29 12:14:05,431 - utils.folder_summarizer - WARNING - Could not analyze content of ./node_modules/svelte/src/runtime/internal/Component.js: 'analyzed_files'
2025-05-29 12:14:05,432 - utils.folder_summarizer - WARNING - Could not analyze content of ./node_modules/svelte/src/runtime/internal/dev.js: 'analyzed_files'
2025-05-29 12:14:05,434 - utils.folder_summarizer - WARNING - Could not analyze content of ./node_modules/svelte/src/runtime/internal/scheduler.js: 'analyzed_files'
2025-05-29 12:14:05,435 - utils.folder_summarizer - WARNING - Could not analyze content of ./node_modules/svelte/src/runtime/internal/await_block.js: 'analyzed_files'
2025-05-29 12:14:05,436 - utils.folder_summarizer - WARNING - Could not analyze content of ./node_modules/svelte/src/runtime/internal/ResizeObserverSingleton.js: 'analyzed_files'
2025-05-29 12:14:05,437 - utils.folder_summarizer - WARNING - Could not analyze content of ./node_modules/svelte/src/runtime/internal/public.d.ts: 'analyzed_files'
2025-05-29 12:14:05,439 - utils.folder_summarizer - WARNING - Could not analyze content of ./node_modules/svelte/src/runtime/internal/style_manager.js: 'analyzed_files'
2025-05-29 12:14:05,442 - utils.folder_summarizer - WARNING - Could not analyze content of ./node_modules/svelte/src/runtime/internal/dom.js: 'analyzed_files'
2025-05-29 12:14:05,444 - utils.folder_summarizer - WARNING - Could not analyze content of ./node_modules/svelte/src/runtime/internal/transitions.js: 'analyzed_files'
2025-05-29 12:14:05,446 - utils.folder_summarizer - WARNING - Could not analyze content of ./node_modules/svelte/src/runtime/internal/utils.js: 'analyzed_files'
2025-05-29 12:14:05,447 - utils.folder_summarizer - WARNING - Could not analyze content of ./node_modules/svelte/src/runtime/internal/loop.js: 'analyzed_files'
2025-05-29 12:14:05,447 - utils.folder_summarizer - WARNING - Could not analyze content of ./node_modules/svelte/src/runtime/internal/spread.js: 'analyzed_files'
2025-05-29 12:14:05,448 - utils.folder_summarizer - WARNING - Could not analyze content of ./node_modules/svelte/src/runtime/internal/environment.js: 'analyzed_files'
2025-05-29 12:14:05,450 - utils.folder_summarizer - WARNING - Could not analyze content of ./node_modules/svelte/src/runtime/internal/lifecycle.js: 'analyzed_files'
2025-05-29 12:14:05,451 - utils.folder_summarizer - WARNING - Could not analyze content of ./node_modules/svelte/src/runtime/internal/disclose-version/index.js: 'analyzed_files'
2025-05-29 12:14:05,451 - utils.folder_summarizer - WARNING - Could not analyze content of ./node_modules/svelte/src/runtime/motion/private.d.ts: 'analyzed_files'
2025-05-29 12:14:05,452 - utils.folder_summarizer - WARNING - Could not analyze content of ./node_modules/svelte/src/runtime/motion/index.js: 'analyzed_files'
2025-05-29 12:14:05,452 - utils.folder_summarizer - WARNING - Could not analyze content of ./node_modules/svelte/src/runtime/motion/public.d.ts: 'analyzed_files'
2025-05-29 12:14:05,453 - utils.folder_summarizer - WARNING - Could not analyze content of ./node_modules/svelte/src/runtime/motion/tweened.js: 'analyzed_files'
2025-05-29 12:14:05,454 - utils.folder_summarizer - WARNING - Could not analyze content of ./node_modules/svelte/src/runtime/motion/utils.js: 'analyzed_files'
2025-05-29 12:14:05,455 - utils.folder_summarizer - WARNING - Could not analyze content of ./node_modules/svelte/src/runtime/motion/spring.js: 'analyzed_files'
2025-05-29 12:14:05,457 - utils.folder_summarizer - WARNING - Could not analyze content of ./node_modules/svelte/src/runtime/action/public.d.ts: 'analyzed_files'
2025-05-29 12:14:05,457 - utils.folder_summarizer - WARNING - Could not analyze content of ./node_modules/svelte/src/runtime/store/private.d.ts: 'analyzed_files'
2025-05-29 12:14:05,459 - utils.folder_summarizer - WARNING - Could not analyze content of ./node_modules/svelte/src/runtime/store/index.js: 'analyzed_files'
2025-05-29 12:14:05,460 - utils.folder_summarizer - WARNING - Could not analyze content of ./node_modules/svelte/src/runtime/store/public.d.ts: 'analyzed_files'
2025-05-29 12:14:05,460 - utils.folder_summarizer - WARNING - Could not analyze content of ./node_modules/svelte/src/shared/version.js: 'analyzed_files'
2025-05-29 12:14:05,461 - utils.folder_summarizer - WARNING - Could not analyze content of ./node_modules/svelte/src/shared/boolean_attributes.js: 'analyzed_files'
2025-05-29 12:14:05,461 - utils.folder_summarizer - WARNING - Could not analyze content of ./node_modules/svelte/src/shared/utils/escape.js: 'analyzed_files'
2025-05-29 12:14:05,463 - utils.folder_summarizer - WARNING - Could not analyze content of ./node_modules/svelte/src/shared/utils/names.js: 'analyzed_files'
2025-05-29 12:14:05,463 - utils.folder_summarizer - WARNING - Could not analyze content of ./node_modules/svelte/src/compiler/index.js: 'analyzed_files'
2025-05-29 12:14:05,463 - utils.folder_summarizer - WARNING - Could not analyze content of ./node_modules/svelte/src/compiler/public.d.ts: 'analyzed_files'
2025-05-29 12:14:05,465 - utils.folder_summarizer - WARNING - Could not analyze content of ./node_modules/svelte/src/compiler/interfaces.d.ts: 'analyzed_files'
2025-05-29 12:14:05,466 - utils.folder_summarizer - WARNING - Could not analyze content of ./node_modules/svelte/src/compiler/Stats.js: 'analyzed_files'
2025-05-29 12:14:05,468 - utils.folder_summarizer - WARNING - Could not analyze content of ./node_modules/svelte/src/compiler/parse/index.js: 'analyzed_files'
2025-05-29 12:14:05,469 - utils.folder_summarizer - WARNING - Could not analyze content of ./node_modules/svelte/src/compiler/parse/acorn.js: 'analyzed_files'
2025-05-29 12:14:05,469 - utils.folder_summarizer - WARNING - Could not analyze content of ./node_modules/svelte/src/compiler/parse/acorn-types.d.ts: 'analyzed_files'
2025-05-29 12:14:05,471 - utils.folder_summarizer - WARNING - Could not analyze content of ./node_modules/svelte/src/compiler/parse/errors.js: 'analyzed_files'
2025-05-29 12:14:05,472 - utils.folder_summarizer - WARNING - Could not analyze content of ./node_modules/svelte/src/compiler/parse/read/style.js: 'analyzed_files'
2025-05-29 12:14:05,473 - utils.folder_summarizer - WARNING - Could not analyze content of ./node_modules/svelte/src/compiler/parse/read/script.js: 'analyzed_files'
2025-05-29 12:14:05,473 - utils.folder_summarizer - WARNING - Could not analyze content of ./node_modules/svelte/src/compiler/parse/read/expression.js: 'analyzed_files'
2025-05-29 12:14:05,474 - utils.folder_summarizer - WARNING - Could not analyze content of ./node_modules/svelte/src/compiler/parse/read/context.js: 'analyzed_files'
2025-05-29 12:14:05,475 - utils.folder_summarizer - WARNING - Could not analyze content of ./node_modules/svelte/src/compiler/parse/read/css-tree-cq/css_tree_parse.js: 'analyzed_files'
2025-05-29 12:14:05,476 - utils.folder_summarizer - WARNING - Could not analyze content of ./node_modules/svelte/src/compiler/parse/read/css-tree-cq/node/query_css_function.js: 'analyzed_files'
2025-05-29 12:14:05,477 - utils.folder_summarizer - WARNING - Could not analyze content of ./node_modules/svelte/src/compiler/parse/read/css-tree-cq/node/lookahead_is_range.js: 'analyzed_files'
2025-05-29 12:14:05,477 - utils.folder_summarizer - WARNING - Could not analyze content of ./node_modules/svelte/src/compiler/parse/read/css-tree-cq/node/index.js: 'analyzed_files'
2025-05-29 12:14:05,478 - utils.folder_summarizer - WARNING - Could not analyze content of ./node_modules/svelte/src/compiler/parse/read/css-tree-cq/node/container_feature_style.js: 'analyzed_files'
2025-05-29 12:14:05,478 - utils.folder_summarizer - WARNING - Could not analyze content of ./node_modules/svelte/src/compiler/parse/read/css-tree-cq/node/query_feature.js: 'analyzed_files'
2025-05-29 12:14:05,479 - utils.folder_summarizer - WARNING - Could not analyze content of ./node_modules/svelte/src/compiler/parse/read/css-tree-cq/node/media_query.js: 'analyzed_files'
2025-05-29 12:14:05,480 - utils.folder_summarizer - WARNING - Could not analyze content of ./node_modules/svelte/src/compiler/parse/read/css-tree-cq/node/query_feature_range.js: 'analyzed_files'
2025-05-29 12:14:05,481 - utils.folder_summarizer - WARNING - Could not analyze content of ./node_modules/svelte/src/compiler/parse/read/css-tree-cq/node/comparison.js: 'analyzed_files'
2025-05-29 12:14:05,481 - utils.folder_summarizer - WARNING - Could not analyze content of ./node_modules/svelte/src/compiler/parse/read/css-tree-cq/node/container_query.js: 'analyzed_files'
2025-05-29 12:14:05,483 - utils.folder_summarizer - WARNING - Could not analyze content of ./node_modules/svelte/src/compiler/parse/utils/html.js: 'analyzed_files'
2025-05-29 12:14:05,486 - utils.folder_summarizer - WARNING - Could not analyze content of ./node_modules/svelte/src/compiler/parse/utils/entities.js: 'analyzed_files'
2025-05-29 12:14:05,487 - utils.folder_summarizer - WARNING - Could not analyze content of ./node_modules/svelte/src/compiler/parse/utils/node.js: 'analyzed_files'
2025-05-29 12:14:05,487 - utils.folder_summarizer - WARNING - Could not analyze content of ./node_modules/svelte/src/compiler/parse/utils/bracket.js: 'analyzed_files'
2025-05-29 12:14:05,489 - utils.folder_summarizer - WARNING - Could not analyze content of ./node_modules/svelte/src/compiler/parse/state/tag.js: 'analyzed_files'
2025-05-29 12:14:05,490 - utils.folder_summarizer - WARNING - Could not analyze content of ./node_modules/svelte/src/compiler/parse/state/fragment.js: 'analyzed_files'
2025-05-29 12:14:05,492 - utils.folder_summarizer - WARNING - Could not analyze content of ./node_modules/svelte/src/compiler/parse/state/mustache.js: 'analyzed_files'
2025-05-29 12:14:05,492 - utils.folder_summarizer - WARNING - Could not analyze content of ./node_modules/svelte/src/compiler/parse/state/text.js: 'analyzed_files'
2025-05-29 12:14:05,493 - utils.folder_summarizer - WARNING - Could not analyze content of ./node_modules/svelte/src/compiler/preprocess/replace_in_code.js: 'analyzed_files'
2025-05-29 12:14:05,494 - utils.folder_summarizer - WARNING - Could not analyze content of ./node_modules/svelte/src/compiler/preprocess/private.d.ts: 'analyzed_files'
2025-05-29 12:14:05,495 - utils.folder_summarizer - WARNING - Could not analyze content of ./node_modules/svelte/src/compiler/preprocess/index.js: 'analyzed_files'
2025-05-29 12:14:05,496 - utils.folder_summarizer - WARNING - Could not analyze content of ./node_modules/svelte/src/compiler/preprocess/public.d.ts: 'analyzed_files'
2025-05-29 12:14:05,498 - utils.folder_summarizer - WARNING - Could not analyze content of ./node_modules/svelte/src/compiler/preprocess/decode_sourcemap.js: 'analyzed_files'
2025-05-29 12:14:05,499 - utils.folder_summarizer - WARNING - Could not analyze content of ./node_modules/svelte/src/compiler/utils/globals.js: 'analyzed_files'
2025-05-29 12:14:05,501 - utils.folder_summarizer - WARNING - Could not analyze content of ./node_modules/svelte/src/compiler/utils/mapped_code.js: 'analyzed_files'
2025-05-29 12:14:05,502 - utils.folder_summarizer - WARNING - Could not analyze content of ./node_modules/svelte/src/compiler/utils/trim.js: 'analyzed_files'
2025-05-29 12:14:05,502 - utils.folder_summarizer - WARNING - Could not analyze content of ./node_modules/svelte/src/compiler/utils/link.js: 'analyzed_files'
2025-05-29 12:14:05,503 - utils.folder_summarizer - WARNING - Could not analyze content of ./node_modules/svelte/src/compiler/utils/extract_svelte_ignore.js: 'analyzed_files'
2025-05-29 12:14:05,505 - utils.folder_summarizer - WARNING - Could not analyze content of ./node_modules/svelte/src/compiler/utils/fuzzymatch.js: 'analyzed_files'
2025-05-29 12:14:05,506 - utils.folder_summarizer - WARNING - Could not analyze content of ./node_modules/svelte/src/compiler/utils/patterns.js: 'analyzed_files'
2025-05-29 12:14:05,507 - utils.folder_summarizer - WARNING - Could not analyze content of ./node_modules/svelte/src/compiler/utils/flatten.js: 'analyzed_files'
2025-05-29 12:14:05,507 - utils.folder_summarizer - WARNING - Could not analyze content of ./node_modules/svelte/src/compiler/utils/error.js: 'analyzed_files'
2025-05-29 12:14:05,508 - utils.folder_summarizer - WARNING - Could not analyze content of ./node_modules/svelte/src/compiler/utils/list.js: 'analyzed_files'
2025-05-29 12:14:05,508 - utils.folder_summarizer - WARNING - Could not analyze content of ./node_modules/svelte/src/compiler/utils/full_char_code_at.js: 'analyzed_files'
2025-05-29 12:14:05,509 - utils.folder_summarizer - WARNING - Could not analyze content of ./node_modules/svelte/src/compiler/utils/clone.js: 'analyzed_files'
2025-05-29 12:14:05,510 - utils.folder_summarizer - WARNING - Could not analyze content of ./node_modules/svelte/src/compiler/utils/namespaces.js: 'analyzed_files'
2025-05-29 12:14:05,510 - utils.folder_summarizer - WARNING - Could not analyze content of ./node_modules/svelte/src/compiler/utils/get_code_frame.js: 'analyzed_files'
2025-05-29 12:14:05,511 - utils.folder_summarizer - WARNING - Could not analyze content of ./node_modules/svelte/src/compiler/utils/nodes_match.js: 'analyzed_files'
2025-05-29 12:14:05,512 - memory.enhanced_semantic_search - INFO - Added 2200 items to vector index
2025-05-29 12:14:05,512 - utils.folder_summarizer - WARNING - Could not analyze content of ./node_modules/svelte/src/compiler/utils/names.js: 'analyzed_files'
2025-05-29 12:14:05,513 - utils.folder_summarizer - WARNING - Could not analyze content of ./node_modules/svelte/src/compiler/utils/push_array.js: 'analyzed_files'
2025-05-29 12:14:05,515 - utils.folder_summarizer - WARNING - Could not analyze content of ./node_modules/svelte/src/compiler/compile/compiler_warnings.js: 'analyzed_files'
2025-05-29 12:14:05,517 - utils.folder_summarizer - WARNING - Could not analyze content of ./node_modules/svelte/src/compiler/compile/internal_exports.js: 'analyzed_files'
2025-05-29 12:14:05,518 - utils.folder_summarizer - WARNING - Could not analyze content of ./node_modules/svelte/src/compiler/compile/create_module.js: 'analyzed_files'
2025-05-29 12:14:05,520 - utils.folder_summarizer - WARNING - Could not analyze content of ./node_modules/svelte/src/compiler/compile/index.js: 'analyzed_files'
2025-05-29 12:14:05,524 - utils.folder_summarizer - WARNING - Could not analyze content of ./node_modules/svelte/src/compiler/compile/Component.js: 'analyzed_files'
2025-05-29 12:14:05,526 - utils.folder_summarizer - WARNING - Could not analyze content of ./node_modules/svelte/src/compiler/compile/compiler_errors.js: 'analyzed_files'
2025-05-29 12:14:05,529 - utils.folder_summarizer - WARNING - Could not analyze content of ./node_modules/svelte/src/compiler/compile/css/Selector.js: 'analyzed_files'
2025-05-29 12:14:05,530 - utils.folder_summarizer - WARNING - Could not analyze content of ./node_modules/svelte/src/compiler/compile/css/private.d.ts: 'analyzed_files'
2025-05-29 12:14:05,532 - utils.folder_summarizer - WARNING - Could not analyze content of ./node_modules/svelte/src/compiler/compile/css/Stylesheet.js: 'analyzed_files'
2025-05-29 12:14:05,532 - utils.folder_summarizer - WARNING - Could not analyze content of ./node_modules/svelte/src/compiler/compile/css/gather_possible_values.js: 'analyzed_files'
2025-05-29 12:14:05,534 - utils.folder_summarizer - WARNING - Could not analyze content of ./node_modules/svelte/src/compiler/compile/nodes/Transition.js: 'analyzed_files'
2025-05-29 12:14:05,534 - utils.folder_summarizer - WARNING - Could not analyze content of ./node_modules/svelte/src/compiler/compile/nodes/DebugTag.js: 'analyzed_files'
2025-05-29 12:14:05,535 - utils.folder_summarizer - WARNING - Could not analyze content of ./node_modules/svelte/src/compiler/compile/nodes/MustacheTag.js: 'analyzed_files'
2025-05-29 12:14:05,536 - utils.folder_summarizer - WARNING - Could not analyze content of ./node_modules/svelte/src/compiler/compile/nodes/ConstTag.js: 'analyzed_files'
2025-05-29 12:14:05,537 - utils.folder_summarizer - WARNING - Could not analyze content of ./node_modules/svelte/src/compiler/compile/nodes/StyleDirective.js: 'analyzed_files'
2025-05-29 12:14:05,538 - utils.folder_summarizer - WARNING - Could not analyze content of ./node_modules/svelte/src/compiler/compile/nodes/SlotTemplate.js: 'analyzed_files'
2025-05-29 12:14:05,542 - utils.folder_summarizer - WARNING - Could not analyze content of ./node_modules/svelte/src/compiler/compile/nodes/Element.js: 'analyzed_files'
2025-05-29 12:14:05,543 - utils.folder_summarizer - WARNING - Could not analyze content of ./node_modules/svelte/src/compiler/compile/nodes/Action.js: 'analyzed_files'
2025-05-29 12:14:05,543 - utils.folder_summarizer - WARNING - Could not analyze content of ./node_modules/svelte/src/compiler/compile/nodes/Slot.js: 'analyzed_files'
2025-05-29 12:14:05,544 - utils.folder_summarizer - WARNING - Could not analyze content of ./node_modules/svelte/src/compiler/compile/nodes/CatchBlock.js: 'analyzed_files'
2025-05-29 12:14:05,545 - utils.folder_summarizer - WARNING - Could not analyze content of ./node_modules/svelte/src/compiler/compile/nodes/Options.js: 'analyzed_files'
2025-05-29 12:14:05,546 - utils.folder_summarizer - WARNING - Could not analyze content of ./node_modules/svelte/src/compiler/compile/nodes/EachBlock.js: 'analyzed_files'
2025-05-29 12:14:05,547 - utils.folder_summarizer - WARNING - Could not analyze content of ./node_modules/svelte/src/compiler/compile/nodes/EventHandler.js: 'analyzed_files'
2025-05-29 12:14:05,549 - utils.folder_summarizer - WARNING - Could not analyze content of ./node_modules/svelte/src/compiler/compile/nodes/Window.js: 'analyzed_files'
2025-05-29 12:14:05,549 - utils.folder_summarizer - WARNING - Could not analyze content of ./node_modules/svelte/src/compiler/compile/nodes/ElseBlock.js: 'analyzed_files'
2025-05-29 12:14:05,550 - utils.folder_summarizer - WARNING - Could not analyze content of ./node_modules/svelte/src/compiler/compile/nodes/Body.js: 'analyzed_files'
2025-05-29 12:14:05,551 - utils.folder_summarizer - WARNING - Could not analyze content of ./node_modules/svelte/src/compiler/compile/nodes/RawMustacheTag.js: 'analyzed_files'
2025-05-29 12:14:05,551 - utils.folder_summarizer - WARNING - Could not analyze content of ./node_modules/svelte/src/compiler/compile/nodes/ThenBlock.js: 'analyzed_files'
2025-05-29 12:14:05,552 - utils.folder_summarizer - WARNING - Could not analyze content of ./node_modules/svelte/src/compiler/compile/nodes/KeyBlock.js: 'analyzed_files'
2025-05-29 12:14:05,553 - utils.folder_summarizer - WARNING - Could not analyze content of ./node_modules/svelte/src/compiler/compile/nodes/Comment.js: 'analyzed_files'
2025-05-29 12:14:05,554 - utils.folder_summarizer - WARNING - Could not analyze content of ./node_modules/svelte/src/compiler/compile/nodes/Attribute.js: 'analyzed_files'
2025-05-29 12:14:05,555 - utils.folder_summarizer - WARNING - Could not analyze content of ./node_modules/svelte/src/compiler/compile/nodes/Binding.js: 'analyzed_files'
2025-05-29 12:14:05,557 - utils.folder_summarizer - WARNING - Could not analyze content of ./node_modules/svelte/src/compiler/compile/nodes/PendingBlock.js: 'analyzed_files'
2025-05-29 12:14:05,559 - utils.folder_summarizer - WARNING - Could not analyze content of ./node_modules/svelte/src/compiler/compile/nodes/InlineComponent.js: 'analyzed_files'
2025-05-29 12:14:05,560 - utils.folder_summarizer - WARNING - Could not analyze content of ./node_modules/svelte/src/compiler/compile/nodes/Title.js: 'analyzed_files'
2025-05-29 12:14:05,560 - utils.folder_summarizer - WARNING - Could not analyze content of ./node_modules/svelte/src/compiler/compile/nodes/AwaitBlock.js: 'analyzed_files'
2025-05-29 12:14:05,561 - utils.folder_summarizer - WARNING - Could not analyze content of ./node_modules/svelte/src/compiler/compile/nodes/interfaces.d.ts: 'analyzed_files'
2025-05-29 12:14:05,562 - utils.folder_summarizer - WARNING - Could not analyze content of ./node_modules/svelte/src/compiler/compile/nodes/IfBlock.js: 'analyzed_files'
2025-05-29 12:14:05,563 - utils.folder_summarizer - WARNING - Could not analyze content of ./node_modules/svelte/src/compiler/compile/nodes/Fragment.js: 'analyzed_files'
2025-05-29 12:14:05,564 - utils.folder_summarizer - WARNING - Could not analyze content of ./node_modules/svelte/src/compiler/compile/nodes/Let.js: 'analyzed_files'
2025-05-29 12:14:05,564 - utils.folder_summarizer - WARNING - Could not analyze content of ./node_modules/svelte/src/compiler/compile/nodes/Animation.js: 'analyzed_files'
2025-05-29 12:14:05,565 - utils.folder_summarizer - WARNING - Could not analyze content of ./node_modules/svelte/src/compiler/compile/nodes/Text.js: 'analyzed_files'
2025-05-29 12:14:05,566 - utils.folder_summarizer - WARNING - Could not analyze content of ./node_modules/svelte/src/compiler/compile/nodes/Class.js: 'analyzed_files'
2025-05-29 12:14:05,566 - utils.folder_summarizer - WARNING - Could not analyze content of ./node_modules/svelte/src/compiler/compile/nodes/Head.js: 'analyzed_files'
2025-05-29 12:14:05,567 - utils.folder_summarizer - WARNING - Could not analyze content of ./node_modules/svelte/src/compiler/compile/nodes/Document.js: 'analyzed_files'
2025-05-29 12:14:05,568 - utils.folder_summarizer - WARNING - Could not analyze content of ./node_modules/svelte/src/compiler/compile/nodes/shared/AbstractBlock.js: 'analyzed_files'
2025-05-29 12:14:05,569 - utils.folder_summarizer - WARNING - Could not analyze content of ./node_modules/svelte/src/compiler/compile/nodes/shared/is_contextual.js: 'analyzed_files'
2025-05-29 12:14:05,569 - utils.folder_summarizer - WARNING - Could not analyze content of ./node_modules/svelte/src/compiler/compile/nodes/shared/TemplateScope.js: 'analyzed_files'
2025-05-29 12:14:05,570 - utils.folder_summarizer - WARNING - Could not analyze content of ./node_modules/svelte/src/compiler/compile/nodes/shared/Node.js: 'analyzed_files'
2025-05-29 12:14:05,571 - utils.folder_summarizer - WARNING - Could not analyze content of ./node_modules/svelte/src/compiler/compile/nodes/shared/get_const_tags.js: 'analyzed_files'
2025-05-29 12:14:05,572 - utils.folder_summarizer - WARNING - Could not analyze content of ./node_modules/svelte/src/compiler/compile/nodes/shared/Tag.js: 'analyzed_files'
2025-05-29 12:14:05,574 - utils.folder_summarizer - WARNING - Could not analyze content of ./node_modules/svelte/src/compiler/compile/nodes/shared/Expression.js: 'analyzed_files'
2025-05-29 12:14:05,576 - utils.folder_summarizer - WARNING - Could not analyze content of ./node_modules/svelte/src/compiler/compile/nodes/shared/Context.js: 'analyzed_files'
2025-05-29 12:14:05,577 - utils.folder_summarizer - WARNING - Could not analyze content of ./node_modules/svelte/src/compiler/compile/nodes/shared/map_children.js: 'analyzed_files'
2025-05-29 12:14:05,577 - utils.folder_summarizer - WARNING - Could not analyze content of ./node_modules/svelte/src/compiler/compile/utils/check_enable_sourcemap.js: 'analyzed_files'
2025-05-29 12:14:05,578 - utils.folder_summarizer - WARNING - Could not analyze content of ./node_modules/svelte/src/compiler/compile/utils/stringify.js: 'analyzed_files'
2025-05-29 12:14:05,579 - utils.folder_summarizer - WARNING - Could not analyze content of ./node_modules/svelte/src/compiler/compile/utils/nodes_to_template_literal.js: 'analyzed_files'
2025-05-29 12:14:05,579 - utils.folder_summarizer - WARNING - Could not analyze content of ./node_modules/svelte/src/compiler/compile/utils/check_graph_for_cycles.js: 'analyzed_files'
2025-05-29 12:14:05,580 - utils.folder_summarizer - WARNING - Could not analyze content of ./node_modules/svelte/src/compiler/compile/utils/replace_object.js: 'analyzed_files'
2025-05-29 12:14:05,581 - utils.folder_summarizer - WARNING - Could not analyze content of ./node_modules/svelte/src/compiler/compile/utils/get_slot_data.js: 'analyzed_files'
2025-05-29 12:14:05,581 - utils.folder_summarizer - WARNING - Could not analyze content of ./node_modules/svelte/src/compiler/compile/utils/collapse_template_literal.js: 'analyzed_files'
2025-05-29 12:14:05,582 - utils.folder_summarizer - WARNING - Could not analyze content of ./node_modules/svelte/src/compiler/compile/utils/flatten_reference.js: 'analyzed_files'
2025-05-29 12:14:05,584 - utils.folder_summarizer - WARNING - Could not analyze content of ./node_modules/svelte/src/compiler/compile/utils/a11y.js: 'analyzed_files'
2025-05-29 12:14:05,585 - utils.folder_summarizer - WARNING - Could not analyze content of ./node_modules/svelte/src/compiler/compile/utils/contenteditable.js: 'analyzed_files'
2025-05-29 12:14:05,586 - utils.folder_summarizer - WARNING - Could not analyze content of ./node_modules/svelte/src/compiler/compile/utils/get_object.js: 'analyzed_files'
2025-05-29 12:14:05,586 - utils.folder_summarizer - WARNING - Could not analyze content of ./node_modules/svelte/src/compiler/compile/utils/add_to_set.js: 'analyzed_files'
2025-05-29 12:14:05,586 - utils.folder_summarizer - WARNING - Could not analyze content of ./node_modules/svelte/src/compiler/compile/utils/scope.js: 'analyzed_files'
2025-05-29 12:14:05,587 - utils.folder_summarizer - WARNING - Could not analyze content of ./node_modules/svelte/src/compiler/compile/utils/string_to_member_expression.js: 'analyzed_files'
2025-05-29 12:14:05,587 - utils.folder_summarizer - WARNING - Could not analyze content of ./node_modules/svelte/src/compiler/compile/utils/compare_node.js: 'analyzed_files'
2025-05-29 12:14:05,588 - utils.folder_summarizer - WARNING - Could not analyze content of ./node_modules/svelte/src/compiler/compile/utils/is_used_as_reference.js: 'analyzed_files'
2025-05-29 12:14:05,588 - utils.folder_summarizer - WARNING - Could not analyze content of ./node_modules/svelte/src/compiler/compile/utils/reserved_keywords.js: 'analyzed_files'
2025-05-29 12:14:05,589 - utils.folder_summarizer - WARNING - Could not analyze content of ./node_modules/svelte/src/compiler/compile/utils/hash.js: 'analyzed_files'
2025-05-29 12:14:05,590 - utils.folder_summarizer - WARNING - Could not analyze content of ./node_modules/svelte/src/compiler/compile/utils/get_name_from_filename.js: 'analyzed_files'
2025-05-29 12:14:05,591 - utils.folder_summarizer - WARNING - Could not analyze content of ./node_modules/svelte/src/compiler/compile/render_ssr/Renderer.js: 'analyzed_files'
2025-05-29 12:14:05,591 - utils.folder_summarizer - WARNING - Could not analyze content of ./node_modules/svelte/src/compiler/compile/render_ssr/private.d.ts: 'analyzed_files'
2025-05-29 12:14:05,593 - utils.folder_summarizer - WARNING - Could not analyze content of ./node_modules/svelte/src/compiler/compile/render_ssr/index.js: 'analyzed_files'
2025-05-29 12:14:05,593 - utils.folder_summarizer - WARNING - Could not analyze content of ./node_modules/svelte/src/compiler/compile/render_ssr/handlers/DebugTag.js: 'analyzed_files'
2025-05-29 12:14:05,594 - utils.folder_summarizer - WARNING - Could not analyze content of ./node_modules/svelte/src/compiler/compile/render_ssr/handlers/SlotTemplate.js: 'analyzed_files'
2025-05-29 12:14:05,596 - utils.folder_summarizer - WARNING - Could not analyze content of ./node_modules/svelte/src/compiler/compile/render_ssr/handlers/Element.js: 'analyzed_files'
2025-05-29 12:14:05,597 - utils.folder_summarizer - WARNING - Could not analyze content of ./node_modules/svelte/src/compiler/compile/render_ssr/handlers/Slot.js: 'analyzed_files'
2025-05-29 12:14:05,597 - utils.folder_summarizer - WARNING - Could not analyze content of ./node_modules/svelte/src/compiler/compile/render_ssr/handlers/EachBlock.js: 'analyzed_files'
2025-05-29 12:14:05,598 - utils.folder_summarizer - WARNING - Could not analyze content of ./node_modules/svelte/src/compiler/compile/render_ssr/handlers/KeyBlock.js: 'analyzed_files'
2025-05-29 12:14:05,598 - utils.folder_summarizer - WARNING - Could not analyze content of ./node_modules/svelte/src/compiler/compile/render_ssr/handlers/Comment.js: 'analyzed_files'
2025-05-29 12:14:05,599 - utils.folder_summarizer - WARNING - Could not analyze content of ./node_modules/svelte/src/compiler/compile/render_ssr/handlers/InlineComponent.js: 'analyzed_files'
2025-05-29 12:14:05,600 - utils.folder_summarizer - WARNING - Could not analyze content of ./node_modules/svelte/src/compiler/compile/render_ssr/handlers/Title.js: 'analyzed_files'
2025-05-29 12:14:05,601 - utils.folder_summarizer - WARNING - Could not analyze content of ./node_modules/svelte/src/compiler/compile/render_ssr/handlers/AwaitBlock.js: 'analyzed_files'
2025-05-29 12:14:05,601 - utils.folder_summarizer - WARNING - Could not analyze content of ./node_modules/svelte/src/compiler/compile/render_ssr/handlers/Tag.js: 'analyzed_files'
2025-05-29 12:14:05,602 - utils.folder_summarizer - WARNING - Could not analyze content of ./node_modules/svelte/src/compiler/compile/render_ssr/handlers/HtmlTag.js: 'analyzed_files'
2025-05-29 12:14:05,602 - utils.folder_summarizer - WARNING - Could not analyze content of ./node_modules/svelte/src/compiler/compile/render_ssr/handlers/IfBlock.js: 'analyzed_files'
2025-05-29 12:14:05,603 - utils.folder_summarizer - WARNING - Could not analyze content of ./node_modules/svelte/src/compiler/compile/render_ssr/handlers/Text.js: 'analyzed_files'
2025-05-29 12:14:05,604 - utils.folder_summarizer - WARNING - Could not analyze content of ./node_modules/svelte/src/compiler/compile/render_ssr/handlers/Head.js: 'analyzed_files'
2025-05-29 12:14:05,605 - utils.folder_summarizer - WARNING - Could not analyze content of ./node_modules/svelte/src/compiler/compile/render_ssr/handlers/utils/remove_whitespace_children.js: 'analyzed_files'
2025-05-29 12:14:05,606 - utils.folder_summarizer - WARNING - Could not analyze content of ./node_modules/svelte/src/compiler/compile/render_ssr/handlers/shared/get_attribute_value.js: 'analyzed_files'
2025-05-29 12:14:05,607 - utils.folder_summarizer - WARNING - Could not analyze content of ./node_modules/svelte/src/compiler/compile/render_ssr/handlers/shared/get_slot_scope.js: 'analyzed_files'
2025-05-29 12:14:05,607 - utils.folder_summarizer - WARNING - Could not analyze content of ./node_modules/svelte/src/compiler/compile/render_ssr/handlers/shared/get_const_tags.js: 'analyzed_files'
2025-05-29 12:14:05,609 - utils.folder_summarizer - WARNING - Could not analyze content of ./node_modules/svelte/src/compiler/compile/render_dom/invalidate.js: 'analyzed_files'
2025-05-29 12:14:05,611 - utils.folder_summarizer - WARNING - Could not analyze content of ./node_modules/svelte/src/compiler/compile/render_dom/Renderer.js: 'analyzed_files'
2025-05-29 12:14:05,614 - utils.folder_summarizer - WARNING - Could not analyze content of ./node_modules/svelte/src/compiler/compile/render_dom/index.js: 'analyzed_files'
2025-05-29 12:14:05,616 - memory.enhanced_semantic_search - INFO - Added 2300 items to vector index
2025-05-29 12:14:05,616 - utils.folder_summarizer - WARNING - Could not analyze content of ./node_modules/svelte/src/compiler/compile/render_dom/Block.js: 'analyzed_files'
2025-05-29 12:14:05,618 - utils.folder_summarizer - WARNING - Could not analyze content of ./node_modules/svelte/src/compiler/compile/render_dom/wrappers/DebugTag.js: 'analyzed_files'
2025-05-29 12:14:05,619 - utils.folder_summarizer - WARNING - Could not analyze content of ./node_modules/svelte/src/compiler/compile/render_dom/wrappers/MustacheTag.js: 'analyzed_files'
2025-05-29 12:14:05,620 - utils.folder_summarizer - WARNING - Could not analyze content of ./node_modules/svelte/src/compiler/compile/render_dom/wrappers/SlotTemplate.js: 'analyzed_files'
2025-05-29 12:14:05,622 - utils.folder_summarizer - WARNING - Could not analyze content of ./node_modules/svelte/src/compiler/compile/render_dom/wrappers/Slot.js: 'analyzed_files'
2025-05-29 12:14:05,625 - utils.folder_summarizer - WARNING - Could not analyze content of ./node_modules/svelte/src/compiler/compile/render_dom/wrappers/EachBlock.js: 'analyzed_files'
2025-05-29 12:14:05,626 - utils.folder_summarizer - WARNING - Could not analyze content of ./node_modules/svelte/src/compiler/compile/render_dom/wrappers/Window.js: 'analyzed_files'
2025-05-29 12:14:05,627 - utils.folder_summarizer - WARNING - Could not analyze content of ./node_modules/svelte/src/compiler/compile/render_dom/wrappers/Body.js: 'analyzed_files'
2025-05-29 12:14:05,628 - utils.folder_summarizer - WARNING - Could not analyze content of ./node_modules/svelte/src/compiler/compile/render_dom/wrappers/RawMustacheTag.js: 'analyzed_files'
2025-05-29 12:14:05,630 - utils.folder_summarizer - WARNING - Could not analyze content of ./node_modules/svelte/src/compiler/compile/render_dom/wrappers/KeyBlock.js: 'analyzed_files'
2025-05-29 12:14:05,631 - utils.folder_summarizer - WARNING - Could not analyze content of ./node_modules/svelte/src/compiler/compile/render_dom/wrappers/Comment.js: 'analyzed_files'
2025-05-29 12:14:05,633 - utils.folder_summarizer - WARNING - Could not analyze content of ./node_modules/svelte/src/compiler/compile/render_dom/wrappers/Title.js: 'analyzed_files'
2025-05-29 12:14:05,635 - utils.folder_summarizer - WARNING - Could not analyze content of ./node_modules/svelte/src/compiler/compile/render_dom/wrappers/AwaitBlock.js: 'analyzed_files'
2025-05-29 12:14:05,638 - utils.folder_summarizer - WARNING - Could not analyze content of ./node_modules/svelte/src/compiler/compile/render_dom/wrappers/IfBlock.js: 'analyzed_files'
2025-05-29 12:14:05,640 - utils.folder_summarizer - WARNING - Could not analyze content of ./node_modules/svelte/src/compiler/compile/render_dom/wrappers/Fragment.js: 'analyzed_files'
2025-05-29 12:14:05,641 - utils.folder_summarizer - WARNING - Could not analyze content of ./node_modules/svelte/src/compiler/compile/render_dom/wrappers/Text.js: 'analyzed_files'
2025-05-29 12:14:05,642 - utils.folder_summarizer - WARNING - Could not analyze content of ./node_modules/svelte/src/compiler/compile/render_dom/wrappers/Head.js: 'analyzed_files'
2025-05-29 12:14:05,643 - utils.folder_summarizer - WARNING - Could not analyze content of ./node_modules/svelte/src/compiler/compile/render_dom/wrappers/Document.js: 'analyzed_files'
2025-05-29 12:14:05,645 - utils.folder_summarizer - WARNING - Could not analyze content of ./node_modules/svelte/src/compiler/compile/render_dom/wrappers/Element/fix_attribute_casing.js: 'analyzed_files'
2025-05-29 12:14:05,647 - utils.folder_summarizer - WARNING - Could not analyze content of ./node_modules/svelte/src/compiler/compile/render_dom/wrappers/Element/EventHandler.js: 'analyzed_files'
2025-05-29 12:14:05,651 - utils.folder_summarizer - WARNING - Could not analyze content of ./node_modules/svelte/src/compiler/compile/render_dom/wrappers/Element/index.js: 'analyzed_files'
2025-05-29 12:14:05,654 - utils.folder_summarizer - WARNING - Could not analyze content of ./node_modules/svelte/src/compiler/compile/render_dom/wrappers/Element/Attribute.js: 'analyzed_files'
2025-05-29 12:14:05,654 - utils.folder_summarizer - WARNING - Could not analyze content of ./node_modules/svelte/src/compiler/compile/render_dom/wrappers/Element/SpreadAttribute.js: 'analyzed_files'
2025-05-29 12:14:05,657 - utils.folder_summarizer - WARNING - Could not analyze content of ./node_modules/svelte/src/compiler/compile/render_dom/wrappers/Element/Binding.js: 'analyzed_files'
2025-05-29 12:14:05,659 - utils.folder_summarizer - WARNING - Could not analyze content of ./node_modules/svelte/src/compiler/compile/render_dom/wrappers/Element/StyleAttribute.js: 'analyzed_files'
2025-05-29 12:14:05,660 - utils.folder_summarizer - WARNING - Could not analyze content of ./node_modules/svelte/src/compiler/compile/render_dom/wrappers/Element/handle_select_value_binding.js: 'analyzed_files'
2025-05-29 12:14:05,662 - utils.folder_summarizer - WARNING - Could not analyze content of ./node_modules/svelte/src/compiler/compile/render_dom/wrappers/InlineComponent/index.js: 'analyzed_files'
2025-05-29 12:14:05,664 - utils.folder_summarizer - WARNING - Could not analyze content of ./node_modules/svelte/src/compiler/compile/render_dom/wrappers/shared/add_const_tags.js: 'analyzed_files'
2025-05-29 12:14:05,665 - utils.folder_summarizer - WARNING - Could not analyze content of ./node_modules/svelte/src/compiler/compile/render_dom/wrappers/shared/mark_each_block_bindings.js: 'analyzed_files'
2025-05-29 12:14:05,667 - utils.folder_summarizer - WARNING - Could not analyze content of ./node_modules/svelte/src/compiler/compile/render_dom/wrappers/shared/bind_this.js: 'analyzed_files'
2025-05-29 12:14:05,668 - utils.folder_summarizer - WARNING - Could not analyze content of ./node_modules/svelte/src/compiler/compile/render_dom/wrappers/shared/Wrapper.js: 'analyzed_files'
2025-05-29 12:14:05,669 - utils.folder_summarizer - WARNING - Could not analyze content of ./node_modules/svelte/src/compiler/compile/render_dom/wrappers/shared/is_head.js: 'analyzed_files'
2025-05-29 12:14:05,670 - utils.folder_summarizer - WARNING - Could not analyze content of ./node_modules/svelte/src/compiler/compile/render_dom/wrappers/shared/add_event_handlers.js: 'analyzed_files'
2025-05-29 12:14:05,671 - utils.folder_summarizer - WARNING - Could not analyze content of ./node_modules/svelte/src/compiler/compile/render_dom/wrappers/shared/Tag.js: 'analyzed_files'
2025-05-29 12:14:05,672 - utils.folder_summarizer - WARNING - Could not analyze content of ./node_modules/svelte/src/compiler/compile/render_dom/wrappers/shared/create_debugging_comment.js: 'analyzed_files'
2025-05-29 12:14:05,673 - utils.folder_summarizer - WARNING - Could not analyze content of ./node_modules/svelte/src/compiler/compile/render_dom/wrappers/shared/get_slot_definition.js: 'analyzed_files'
2025-05-29 12:14:05,674 - utils.folder_summarizer - WARNING - Could not analyze content of ./node_modules/svelte/src/compiler/compile/render_dom/wrappers/shared/add_actions.js: 'analyzed_files'
2025-05-29 12:14:05,675 - utils.folder_summarizer - WARNING - Could not analyze content of ./node_modules/svelte/src/compiler/compile/render_dom/wrappers/shared/is_dynamic.js: 'analyzed_files'
2025-05-29 12:14:05,677 - utils.folder_summarizer - WARNING - Could not analyze content of ./node_modules/locate-character/README.md: 'analyzed_files'
2025-05-29 12:14:05,677 - utils.folder_summarizer - WARNING - Could not analyze content of ./node_modules/locate-character/package.json: 'analyzed_files'
2025-05-29 12:14:05,678 - utils.folder_summarizer - WARNING - Could not analyze content of ./node_modules/locate-character/types/index.d.ts: 'analyzed_files'
2025-05-29 12:14:05,679 - utils.folder_summarizer - WARNING - Could not analyze content of ./node_modules/locate-character/types/index.d.ts.map: 'analyzed_files'
2025-05-29 12:14:05,679 - utils.folder_summarizer - WARNING - Could not analyze content of ./node_modules/locate-character/src/types.d.ts: 'analyzed_files'
2025-05-29 12:14:05,680 - utils.folder_summarizer - WARNING - Could not analyze content of ./node_modules/locate-character/src/index.js: 'analyzed_files'
2025-05-29 12:14:05,682 - utils.folder_summarizer - WARNING - Could not analyze content of ./node_modules/min-indent/license: 'analyzed_files'
2025-05-29 12:14:05,682 - utils.folder_summarizer - WARNING - Could not analyze content of ./node_modules/min-indent/index.js: 'analyzed_files'
2025-05-29 12:14:05,683 - utils.folder_summarizer - WARNING - Could not analyze content of ./node_modules/min-indent/readme.md: 'analyzed_files'
2025-05-29 12:14:05,684 - utils.folder_summarizer - WARNING - Could not analyze content of ./node_modules/min-indent/package.json: 'analyzed_files'
2025-05-29 12:14:05,685 - utils.folder_summarizer - WARNING - Could not analyze content of ./node_modules/node-releases/LICENSE: 'analyzed_files'
2025-05-29 12:14:05,686 - utils.folder_summarizer - WARNING - Could not analyze content of ./node_modules/node-releases/README.md: 'analyzed_files'
2025-05-29 12:14:05,687 - utils.folder_summarizer - WARNING - Could not analyze content of ./node_modules/node-releases/package.json: 'analyzed_files'
2025-05-29 12:14:05,691 - utils.folder_summarizer - WARNING - Could not analyze content of ./node_modules/node-releases/data/processed/envs.json: 'analyzed_files'
2025-05-29 12:14:05,693 - utils.folder_summarizer - WARNING - Could not analyze content of ./node_modules/node-releases/data/release-schedule/release-schedule.json: 'analyzed_files'
2025-05-29 12:14:05,694 - utils.folder_summarizer - WARNING - Could not analyze content of ./node_modules/mz/child_process.js: 'analyzed_files'
2025-05-29 12:14:05,695 - utils.folder_summarizer - WARNING - Could not analyze content of ./node_modules/mz/LICENSE: 'analyzed_files'
2025-05-29 12:14:05,696 - utils.folder_summarizer - WARNING - Could not analyze content of ./node_modules/mz/readline.js: 'analyzed_files'
2025-05-29 12:14:05,697 - utils.folder_summarizer - WARNING - Could not analyze content of ./node_modules/mz/HISTORY.md: 'analyzed_files'
2025-05-29 12:14:05,698 - utils.folder_summarizer - WARNING - Could not analyze content of ./node_modules/mz/index.js: 'analyzed_files'
2025-05-29 12:14:05,698 - utils.folder_summarizer - WARNING - Could not analyze content of ./node_modules/mz/dns.js: 'analyzed_files'
2025-05-29 12:14:05,700 - utils.folder_summarizer - WARNING - Could not analyze content of ./node_modules/mz/README.md: 'analyzed_files'
2025-05-29 12:14:05,701 - utils.folder_summarizer - WARNING - Could not analyze content of ./node_modules/mz/package.json: 'analyzed_files'
2025-05-29 12:14:05,702 - utils.folder_summarizer - WARNING - Could not analyze content of ./node_modules/mz/crypto.js: 'analyzed_files'
2025-05-29 12:14:05,702 - utils.folder_summarizer - WARNING - Could not analyze content of ./node_modules/mz/zlib.js: 'analyzed_files'
2025-05-29 12:14:05,703 - utils.folder_summarizer - WARNING - Could not analyze content of ./node_modules/mz/fs.js: 'analyzed_files'
2025-05-29 12:14:05,704 - utils.folder_summarizer - WARNING - Could not analyze content of ./node_modules/lru-cache/LICENSE: 'analyzed_files'
2025-05-29 12:14:05,707 - utils.folder_summarizer - WARNING - Could not analyze content of ./node_modules/lru-cache/README.md: 'analyzed_files'
2025-05-29 12:14:05,709 - utils.folder_summarizer - WARNING - Could not analyze content of ./node_modules/lru-cache/package.json: 'analyzed_files'
2025-05-29 12:14:05,718 - utils.folder_summarizer - WARNING - Could not analyze content of ./node_modules/lru-cache/dist/esm/index.min.js.map: 'analyzed_files'
2025-05-29 12:14:05,722 - utils.folder_summarizer - WARNING - Could not analyze content of ./node_modules/lru-cache/dist/esm/index.js: 'analyzed_files'
2025-05-29 12:14:05,723 - utils.folder_summarizer - WARNING - Could not analyze content of ./node_modules/lru-cache/dist/esm/package.json: 'analyzed_files'
2025-05-29 12:14:05,731 - utils.folder_summarizer - WARNING - Could not analyze content of ./node_modules/lru-cache/dist/esm/index.js.map: 'analyzed_files'
2025-05-29 12:14:05,737 - utils.folder_summarizer - WARNING - Could not analyze content of ./node_modules/lru-cache/dist/esm/index.d.ts: 'analyzed_files'
2025-05-29 12:14:05,740 - utils.folder_summarizer - WARNING - Could not analyze content of ./node_modules/lru-cache/dist/esm/index.min.js: 'analyzed_files'
2025-05-29 12:14:05,743 - utils.folder_summarizer - WARNING - Could not analyze content of ./node_modules/lru-cache/dist/esm/index.d.ts.map: 'analyzed_files'
2025-05-29 12:14:05,752 - utils.folder_summarizer - WARNING - Could not analyze content of ./node_modules/lru-cache/dist/commonjs/index.min.js.map: 'analyzed_files'
2025-05-29 12:14:05,756 - utils.folder_summarizer - WARNING - Could not analyze content of ./node_modules/lru-cache/dist/commonjs/index.js: 'analyzed_files'
2025-05-29 12:14:05,757 - utils.folder_summarizer - WARNING - Could not analyze content of ./node_modules/lru-cache/dist/commonjs/package.json: 'analyzed_files'
2025-05-29 12:14:05,765 - utils.folder_summarizer - WARNING - Could not analyze content of ./node_modules/lru-cache/dist/commonjs/index.js.map: 'analyzed_files'
2025-05-29 12:14:05,771 - utils.folder_summarizer - WARNING - Could not analyze content of ./node_modules/lru-cache/dist/commonjs/index.d.ts: 'analyzed_files'
2025-05-29 12:14:05,774 - utils.folder_summarizer - WARNING - Could not analyze content of ./node_modules/lru-cache/dist/commonjs/index.min.js: 'analyzed_files'
2025-05-29 12:14:05,778 - utils.folder_summarizer - WARNING - Could not analyze content of ./node_modules/lru-cache/dist/commonjs/index.d.ts.map: 'analyzed_files'
2025-05-29 12:14:05,779 - utils.folder_summarizer - WARNING - Could not analyze content of ./node_modules/commander/LICENSE: 'analyzed_files'
2025-05-29 12:14:05,782 - utils.folder_summarizer - WARNING - Could not analyze content of ./node_modules/commander/CHANGELOG.md: 'analyzed_files'
2025-05-29 12:14:05,786 - utils.folder_summarizer - WARNING - Could not analyze content of ./node_modules/commander/index.js: 'analyzed_files'
2025-05-29 12:14:05,791 - utils.folder_summarizer - WARNING - Could not analyze content of ./node_modules/commander/Readme.md: 'analyzed_files'
2025-05-29 12:14:05,793 - utils.folder_summarizer - WARNING - Could not analyze content of ./node_modules/commander/package.json: 'analyzed_files'
2025-05-29 12:14:05,795 - utils.folder_summarizer - WARNING - Could not analyze content of ./node_modules/commander/typings/index.d.ts: 'analyzed_files'
2025-05-29 12:14:05,797 - utils.folder_summarizer - WARNING - Could not analyze content of ./node_modules/estree-walker/LICENSE: 'analyzed_files'
2025-05-29 12:14:05,798 - utils.folder_summarizer - WARNING - Could not analyze content of ./node_modules/estree-walker/README.md: 'analyzed_files'
2025-05-29 12:14:05,799 - utils.folder_summarizer - WARNING - Could not analyze content of ./node_modules/estree-walker/package.json: 'analyzed_files'
2025-05-29 12:14:05,801 - utils.folder_summarizer - WARNING - Could not analyze content of ./node_modules/estree-walker/types/sync.d.ts: 'analyzed_files'
2025-05-29 12:14:05,802 - utils.folder_summarizer - WARNING - Could not analyze content of ./node_modules/estree-walker/types/walker.d.ts: 'analyzed_files'
2025-05-29 12:14:05,803 - utils.folder_summarizer - WARNING - Could not analyze content of ./node_modules/estree-walker/types/index.d.ts: 'analyzed_files'
2025-05-29 12:14:05,805 - utils.folder_summarizer - WARNING - Could not analyze content of ./node_modules/estree-walker/types/async.d.ts: 'analyzed_files'
2025-05-29 12:14:05,806 - utils.folder_summarizer - WARNING - Could not analyze content of ./node_modules/estree-walker/src/walker.js: 'analyzed_files'
2025-05-29 12:14:05,807 - utils.folder_summarizer - WARNING - Could not analyze content of ./node_modules/estree-walker/src/sync.js: 'analyzed_files'
2025-05-29 12:14:05,808 - utils.folder_summarizer - WARNING - Could not analyze content of ./node_modules/estree-walker/src/index.js: 'analyzed_files'
2025-05-29 12:14:05,810 - utils.folder_summarizer - WARNING - Could not analyze content of ./node_modules/estree-walker/src/async.js: 'analyzed_files'
2025-05-29 12:14:05,811 - utils.folder_summarizer - WARNING - Could not analyze content of ./node_modules/autoprefixer/LICENSE: 'analyzed_files'
2025-05-29 12:14:05,813 - utils.folder_summarizer - WARNING - Could not analyze content of ./node_modules/autoprefixer/README.md: 'analyzed_files'
2025-05-29 12:14:05,813 - memory.enhanced_semantic_search - INFO - Added 2400 items to vector index
2025-05-29 12:14:05,814 - utils.folder_summarizer - WARNING - Could not analyze content of ./node_modules/autoprefixer/package.json: 'analyzed_files'
2025-05-29 12:14:05,814 - utils.folder_summarizer - WARNING - Could not analyze content of ./node_modules/autoprefixer/bin/autoprefixer: 'analyzed_files'
2025-05-29 12:14:05,817 - utils.folder_summarizer - WARNING - Could not analyze content of ./node_modules/autoprefixer/lib/transition.js: 'analyzed_files'
2025-05-29 12:14:05,819 - utils.folder_summarizer - WARNING - Could not analyze content of ./node_modules/autoprefixer/lib/selector.js: 'analyzed_files'
2025-05-29 12:14:05,822 - utils.folder_summarizer - WARNING - Could not analyze content of ./node_modules/autoprefixer/lib/supports.js: 'analyzed_files'
2025-05-29 12:14:05,823 - utils.folder_summarizer - WARNING - Could not analyze content of ./node_modules/autoprefixer/lib/brackets.js: 'analyzed_files'
2025-05-29 12:14:05,824 - utils.folder_summarizer - WARNING - Could not analyze content of ./node_modules/autoprefixer/lib/at-rule.js: 'analyzed_files'
2025-05-29 12:14:05,826 - utils.folder_summarizer - WARNING - Could not analyze content of ./node_modules/autoprefixer/lib/declaration.js: 'analyzed_files'
2025-05-29 12:14:05,828 - utils.folder_summarizer - WARNING - Could not analyze content of ./node_modules/autoprefixer/lib/old-selector.js: 'analyzed_files'
2025-05-29 12:14:05,831 - utils.folder_summarizer - WARNING - Could not analyze content of ./node_modules/autoprefixer/lib/processor.js: 'analyzed_files'
2025-05-29 12:14:05,844 - utils.folder_summarizer - WARNING - Could not analyze content of ./node_modules/autoprefixer/lib/old-value.js: 'analyzed_files'
2025-05-29 12:14:05,845 - utils.folder_summarizer - WARNING - Could not analyze content of ./node_modules/autoprefixer/lib/vendor.js: 'analyzed_files'
2025-05-29 12:14:05,847 - utils.folder_summarizer - WARNING - Could not analyze content of ./node_modules/autoprefixer/lib/autoprefixer.d.ts: 'analyzed_files'
2025-05-29 12:14:05,857 - utils.folder_summarizer - WARNING - Could not analyze content of ./node_modules/autoprefixer/lib/resolution.js: 'analyzed_files'
2025-05-29 12:14:05,873 - utils.folder_summarizer - WARNING - Could not analyze content of ./node_modules/autoprefixer/lib/info.js: 'analyzed_files'
2025-05-29 12:14:05,876 - utils.folder_summarizer - WARNING - Could not analyze content of ./node_modules/autoprefixer/lib/value.js: 'analyzed_files'
2025-05-29 12:14:05,878 - utils.folder_summarizer - WARNING - Could not analyze content of ./node_modules/autoprefixer/lib/autoprefixer.js: 'analyzed_files'
2025-05-29 12:14:05,883 - utils.folder_summarizer - WARNING - Could not analyze content of ./node_modules/autoprefixer/lib/prefixes.js: 'analyzed_files'
2025-05-29 12:14:05,895 - utils.folder_summarizer - WARNING - Could not analyze content of ./node_modules/autoprefixer/lib/utils.js: 'analyzed_files'
2025-05-29 12:14:05,896 - utils.folder_summarizer - WARNING - Could not analyze content of ./node_modules/autoprefixer/lib/browsers.js: 'analyzed_files'
2025-05-29 12:14:05,899 - utils.folder_summarizer - WARNING - Could not analyze content of ./node_modules/autoprefixer/lib/prefixer.js: 'analyzed_files'
2025-05-29 12:14:05,903 - utils.folder_summarizer - WARNING - Could not analyze content of ./node_modules/autoprefixer/lib/hacks/order.js: 'analyzed_files'
2025-05-29 12:14:05,905 - utils.folder_summarizer - WARNING - Could not analyze content of ./node_modules/autoprefixer/lib/hacks/user-select.js: 'analyzed_files'
2025-05-29 12:14:05,907 - utils.folder_summarizer - WARNING - Could not analyze content of ./node_modules/autoprefixer/lib/hacks/file-selector-button.js: 'analyzed_files'
2025-05-29 12:14:05,912 - utils.folder_summarizer - WARNING - Could not analyze content of ./node_modules/autoprefixer/lib/hacks/gradient.js: 'analyzed_files'
2025-05-29 12:14:05,913 - utils.folder_summarizer - WARNING - Could not analyze content of ./node_modules/autoprefixer/lib/hacks/background-size.js: 'analyzed_files'
2025-05-29 12:14:05,918 - utils.folder_summarizer - WARNING - Could not analyze content of ./node_modules/autoprefixer/lib/hacks/grid-utils.js: 'analyzed_files'
2025-05-29 12:14:05,919 - utils.folder_summarizer - WARNING - Could not analyze content of ./node_modules/autoprefixer/lib/hacks/flex-spec.js: 'analyzed_files'
2025-05-29 12:14:05,920 - utils.folder_summarizer - WARNING - Could not analyze content of ./node_modules/autoprefixer/lib/hacks/flex-flow.js: 'analyzed_files'
2025-05-29 12:14:05,921 - utils.folder_summarizer - WARNING - Could not analyze content of ./node_modules/autoprefixer/lib/hacks/autofill.js: 'analyzed_files'
2025-05-29 12:14:05,923 - utils.folder_summarizer - WARNING - Could not analyze content of ./node_modules/autoprefixer/lib/hacks/grid-rows-columns.js: 'analyzed_files'
2025-05-29 12:14:05,924 - utils.folder_summarizer - WARNING - Could not analyze content of ./node_modules/autoprefixer/lib/hacks/print-color-adjust.js: 'analyzed_files'
2025-05-29 12:14:05,926 - utils.folder_summarizer - WARNING - Could not analyze content of ./node_modules/autoprefixer/lib/hacks/flex-grow.js: 'analyzed_files'
2025-05-29 12:14:05,927 - utils.folder_summarizer - WARNING - Could not analyze content of ./node_modules/autoprefixer/lib/hacks/grid-row-column.js: 'analyzed_files'
2025-05-29 12:14:05,929 - utils.folder_summarizer - WARNING - Could not analyze content of ./node_modules/autoprefixer/lib/hacks/display-flex.js: 'analyzed_files'
2025-05-29 12:14:05,930 - utils.folder_summarizer - WARNING - Could not analyze content of ./node_modules/autoprefixer/lib/hacks/pixelated.js: 'analyzed_files'
2025-05-29 12:14:05,931 - utils.folder_summarizer - WARNING - Could not analyze content of ./node_modules/autoprefixer/lib/hacks/grid-row-align.js: 'analyzed_files'
2025-05-29 12:14:05,935 - utils.folder_summarizer - WARNING - Could not analyze content of ./node_modules/autoprefixer/lib/hacks/placeholder.js: 'analyzed_files'
2025-05-29 12:14:05,938 - utils.folder_summarizer - WARNING - Could not analyze content of ./node_modules/autoprefixer/lib/hacks/mask-composite.js: 'analyzed_files'
2025-05-29 12:14:05,940 - utils.folder_summarizer - WARNING - Could not analyze content of ./node_modules/autoprefixer/lib/hacks/place-self.js: 'analyzed_files'
2025-05-29 12:14:05,941 - utils.folder_summarizer - WARNING - Could not analyze content of ./node_modules/autoprefixer/lib/hacks/cross-fade.js: 'analyzed_files'
2025-05-29 12:14:05,943 - utils.folder_summarizer - WARNING - Could not analyze content of ./node_modules/autoprefixer/lib/hacks/grid-area.js: 'analyzed_files'
2025-05-29 12:14:05,944 - utils.folder_summarizer - WARNING - Could not analyze content of ./node_modules/autoprefixer/lib/hacks/intrinsic.js: 'analyzed_files'
2025-05-29 12:14:05,947 - utils.folder_summarizer - WARNING - Could not analyze content of ./node_modules/autoprefixer/lib/hacks/flex-direction.js: 'analyzed_files'
2025-05-29 12:14:05,948 - utils.folder_summarizer - WARNING - Could not analyze content of ./node_modules/autoprefixer/lib/hacks/grid-template-areas.js: 'analyzed_files'
2025-05-29 12:14:05,949 - utils.folder_summarizer - WARNING - Could not analyze content of ./node_modules/autoprefixer/lib/hacks/image-set.js: 'analyzed_files'
2025-05-29 12:14:05,952 - utils.folder_summarizer - WARNING - Could not analyze content of ./node_modules/autoprefixer/lib/hacks/inline-logical.js: 'analyzed_files'
2025-05-29 12:14:05,954 - utils.folder_summarizer - WARNING - Could not analyze content of ./node_modules/autoprefixer/lib/hacks/flex.js: 'analyzed_files'
2025-05-29 12:14:05,955 - utils.folder_summarizer - WARNING - Could not analyze content of ./node_modules/autoprefixer/lib/hacks/placeholder-shown.js: 'analyzed_files'
2025-05-29 12:14:05,958 - utils.folder_summarizer - WARNING - Could not analyze content of ./node_modules/autoprefixer/lib/hacks/display-grid.js: 'analyzed_files'
2025-05-29 12:14:05,960 - utils.folder_summarizer - WARNING - Could not analyze content of ./node_modules/autoprefixer/lib/hacks/appearance.js: 'analyzed_files'
2025-05-29 12:14:05,962 - utils.folder_summarizer - WARNING - Could not analyze content of ./node_modules/autoprefixer/lib/hacks/justify-content.js: 'analyzed_files'
2025-05-29 12:14:05,963 - utils.folder_summarizer - WARNING - Could not analyze content of ./node_modules/autoprefixer/lib/hacks/transform-decl.js: 'analyzed_files'
2025-05-29 12:14:05,965 - utils.folder_summarizer - WARNING - Could not analyze content of ./node_modules/autoprefixer/lib/hacks/break-props.js: 'analyzed_files'
2025-05-29 12:14:05,966 - utils.folder_summarizer - WARNING - Could not analyze content of ./node_modules/autoprefixer/lib/hacks/text-emphasis-position.js: 'analyzed_files'
2025-05-29 12:14:05,970 - utils.folder_summarizer - WARNING - Could not analyze content of ./node_modules/autoprefixer/lib/hacks/flex-wrap.js: 'analyzed_files'
2025-05-29 12:14:05,972 - utils.folder_summarizer - WARNING - Could not analyze content of ./node_modules/autoprefixer/lib/hacks/grid-end.js: 'analyzed_files'
2025-05-29 12:14:05,973 - utils.folder_summarizer - WARNING - Could not analyze content of ./node_modules/autoprefixer/lib/hacks/text-decoration.js: 'analyzed_files'
2025-05-29 12:14:05,975 - utils.folder_summarizer - WARNING - Could not analyze content of ./node_modules/autoprefixer/lib/hacks/align-items.js: 'analyzed_files'
2025-05-29 12:14:05,977 - utils.folder_summarizer - WARNING - Could not analyze content of ./node_modules/autoprefixer/lib/hacks/filter-value.js: 'analyzed_files'
2025-05-29 12:14:05,979 - utils.folder_summarizer - WARNING - Could not analyze content of ./node_modules/autoprefixer/lib/hacks/block-logical.js: 'analyzed_files'
2025-05-29 12:14:05,980 - utils.folder_summarizer - WARNING - Could not analyze content of ./node_modules/autoprefixer/lib/hacks/background-clip.js: 'analyzed_files'
2025-05-29 12:14:05,981 - utils.folder_summarizer - WARNING - Could not analyze content of ./node_modules/autoprefixer/lib/hacks/align-content.js: 'analyzed_files'
2025-05-29 12:14:05,985 - utils.folder_summarizer - WARNING - Could not analyze content of ./node_modules/autoprefixer/lib/hacks/grid-template.js: 'analyzed_files'
2025-05-29 12:14:05,986 - utils.folder_summarizer - WARNING - Could not analyze content of ./node_modules/autoprefixer/lib/hacks/image-rendering.js: 'analyzed_files'
2025-05-29 12:14:05,988 - utils.folder_summarizer - WARNING - Could not analyze content of ./node_modules/autoprefixer/lib/hacks/flex-shrink.js: 'analyzed_files'
2025-05-29 12:14:05,989 - utils.folder_summarizer - WARNING - Could not analyze content of ./node_modules/autoprefixer/lib/hacks/mask-border.js: 'analyzed_files'
2025-05-29 12:14:05,990 - utils.folder_summarizer - WARNING - Could not analyze content of ./node_modules/autoprefixer/lib/hacks/animation.js: 'analyzed_files'
2025-05-29 12:14:05,993 - utils.folder_summarizer - WARNING - Could not analyze content of ./node_modules/autoprefixer/lib/hacks/align-self.js: 'analyzed_files'
2025-05-29 12:14:05,995 - utils.folder_summarizer - WARNING - Could not analyze content of ./node_modules/autoprefixer/lib/hacks/grid-column-align.js: 'analyzed_files'
2025-05-29 12:14:05,997 - utils.folder_summarizer - WARNING - Could not analyze content of ./node_modules/autoprefixer/lib/hacks/writing-mode.js: 'analyzed_files'
2025-05-29 12:14:05,998 - utils.folder_summarizer - WARNING - Could not analyze content of ./node_modules/autoprefixer/lib/hacks/filter.js: 'analyzed_files'
2025-05-29 12:14:06,002 - utils.folder_summarizer - WARNING - Could not analyze content of ./node_modules/autoprefixer/lib/hacks/flex-basis.js: 'analyzed_files'
2025-05-29 12:14:06,004 - utils.folder_summarizer - WARNING - Could not analyze content of ./node_modules/autoprefixer/lib/hacks/border-radius.js: 'analyzed_files'
2025-05-29 12:14:06,005 - utils.folder_summarizer - WARNING - Could not analyze content of ./node_modules/autoprefixer/lib/hacks/overscroll-behavior.js: 'analyzed_files'
2025-05-29 12:14:06,008 - utils.folder_summarizer - WARNING - Could not analyze content of ./node_modules/autoprefixer/lib/hacks/backdrop-filter.js: 'analyzed_files'
2025-05-29 12:14:06,011 - utils.folder_summarizer - WARNING - Could not analyze content of ./node_modules/autoprefixer/lib/hacks/fullscreen.js: 'analyzed_files'
2025-05-29 12:14:06,013 - utils.folder_summarizer - WARNING - Could not analyze content of ./node_modules/autoprefixer/lib/hacks/grid-start.js: 'analyzed_files'
2025-05-29 12:14:06,014 - utils.folder_summarizer - WARNING - Could not analyze content of ./node_modules/autoprefixer/lib/hacks/border-image.js: 'analyzed_files'
2025-05-29 12:14:06,016 - utils.folder_summarizer - WARNING - Could not analyze content of ./node_modules/autoprefixer/lib/hacks/text-decoration-skip-ink.js: 'analyzed_files'
2025-05-29 12:14:06,024 - utils.folder_summarizer - WARNING - Could not analyze content of ./node_modules/autoprefixer/data/prefixes.js: 'analyzed_files'
2025-05-29 12:14:06,026 - utils.folder_summarizer - WARNING - Could not analyze content of ./node_modules/rimraf/LICENSE: 'analyzed_files'
2025-05-29 12:14:06,029 - utils.folder_summarizer - WARNING - Could not analyze content of ./node_modules/rimraf/bin.js: 'analyzed_files'
2025-05-29 12:14:06,035 - utils.folder_summarizer - WARNING - Could not analyze content of ./node_modules/rimraf/rimraf.js: 'analyzed_files'
2025-05-29 12:14:06,040 - utils.folder_summarizer - WARNING - Could not analyze content of ./node_modules/rimraf/README.md: 'analyzed_files'
2025-05-29 12:14:06,045 - utils.folder_summarizer - WARNING - Could not analyze content of ./node_modules/rimraf/package.json: 'analyzed_files'
2025-05-29 12:14:06,048 - utils.folder_summarizer - WARNING - Could not analyze content of ./node_modules/escalade/license: 'analyzed_files'
2025-05-29 12:14:06,049 - utils.folder_summarizer - WARNING - Could not analyze content of ./node_modules/escalade/index.d.mts: 'analyzed_files'
2025-05-29 12:14:06,055 - utils.folder_summarizer - WARNING - Could not analyze content of ./node_modules/escalade/readme.md: 'analyzed_files'
2025-05-29 12:14:06,060 - utils.folder_summarizer - WARNING - Could not analyze content of ./node_modules/escalade/package.json: 'analyzed_files'
2025-05-29 12:14:06,062 - utils.folder_summarizer - WARNING - Could not analyze content of ./node_modules/escalade/index.d.ts: 'analyzed_files'
2025-05-29 12:14:06,064 - utils.folder_summarizer - WARNING - Could not analyze content of ./node_modules/escalade/dist/index.js: 'analyzed_files'
2025-05-29 12:14:06,069 - utils.folder_summarizer - WARNING - Could not analyze content of ./node_modules/escalade/dist/index.mjs: 'analyzed_files'
2025-05-29 12:14:06,071 - utils.folder_summarizer - WARNING - Could not analyze content of ./node_modules/escalade/sync/index.d.mts: 'analyzed_files'
2025-05-29 12:14:06,072 - utils.folder_summarizer - WARNING - Could not analyze content of ./node_modules/escalade/sync/index.js: 'analyzed_files'
2025-05-29 12:14:06,073 - utils.folder_summarizer - WARNING - Could not analyze content of ./node_modules/escalade/sync/index.mjs: 'analyzed_files'
2025-05-29 12:14:06,076 - utils.folder_summarizer - WARNING - Could not analyze content of ./node_modules/escalade/sync/index.d.ts: 'analyzed_files'
2025-05-29 12:14:06,078 - utils.folder_summarizer - WARNING - Could not analyze content of ./node_modules/postcss-load-config/LICENSE: 'analyzed_files'
2025-05-29 12:14:06,082 - utils.folder_summarizer - WARNING - Could not analyze content of ./node_modules/postcss-load-config/README.md: 'analyzed_files'
2025-05-29 12:14:06,085 - utils.folder_summarizer - WARNING - Could not analyze content of ./node_modules/postcss-load-config/package.json: 'analyzed_files'
2025-05-29 12:14:06,087 - memory.enhanced_semantic_search - INFO - Added 2500 items to vector index
2025-05-29 12:14:06,087 - utils.folder_summarizer - WARNING - Could not analyze content of ./node_modules/postcss-load-config/src/plugins.js: 'analyzed_files'
2025-05-29 12:14:06,088 - utils.folder_summarizer - WARNING - Could not analyze content of ./node_modules/postcss-load-config/src/options.js: 'analyzed_files'
2025-05-29 12:14:06,091 - utils.folder_summarizer - WARNING - Could not analyze content of ./node_modules/postcss-load-config/src/index.js: 'analyzed_files'
2025-05-29 12:14:06,093 - utils.folder_summarizer - WARNING - Could not analyze content of ./node_modules/postcss-load-config/src/req.js: 'analyzed_files'
2025-05-29 12:14:06,094 - utils.folder_summarizer - WARNING - Could not analyze content of ./node_modules/postcss-load-config/src/index.d.ts: 'analyzed_files'
2025-05-29 12:14:06,096 - utils.folder_summarizer - WARNING - Could not analyze content of ./node_modules/balanced-match/LICENSE.md: 'analyzed_files'
2025-05-29 12:14:06,098 - utils.folder_summarizer - WARNING - Could not analyze content of ./node_modules/balanced-match/index.js: 'analyzed_files'
2025-05-29 12:14:06,102 - utils.folder_summarizer - WARNING - Could not analyze content of ./node_modules/balanced-match/README.md: 'analyzed_files'
2025-05-29 12:14:06,104 - utils.folder_summarizer - WARNING - Could not analyze content of ./node_modules/balanced-match/package.json: 'analyzed_files'
2025-05-29 12:14:06,105 - utils.folder_summarizer - WARNING - Could not analyze content of ./node_modules/balanced-match/.github/FUNDING.yml: 'analyzed_files'
2025-05-29 12:14:06,110 - utils.folder_summarizer - WARNING - Could not analyze content of ./node_modules/resolve/LICENSE: 'analyzed_files'
2025-05-29 12:14:06,111 - utils.folder_summarizer - WARNING - Could not analyze content of ./node_modules/resolve/sync.js: 'analyzed_files'
2025-05-29 12:14:06,113 - utils.folder_summarizer - WARNING - Could not analyze content of ./node_modules/resolve/.eslintrc: 'analyzed_files'
2025-05-29 12:14:06,113 - utils.folder_summarizer - WARNING - Could not analyze content of ./node_modules/resolve/index.js: 'analyzed_files'
2025-05-29 12:14:06,114 - utils.folder_summarizer - WARNING - Could not analyze content of ./node_modules/resolve/.editorconfig: 'analyzed_files'
2025-05-29 12:14:06,119 - utils.folder_summarizer - WARNING - Could not analyze content of ./node_modules/resolve/readme.markdown: 'analyzed_files'
2025-05-29 12:14:06,120 - utils.folder_summarizer - WARNING - Could not analyze content of ./node_modules/resolve/async.js: 'analyzed_files'
2025-05-29 12:14:06,122 - utils.folder_summarizer - WARNING - Could not analyze content of ./node_modules/resolve/package.json: 'analyzed_files'
2025-05-29 12:14:06,123 - utils.folder_summarizer - WARNING - Could not analyze content of ./node_modules/resolve/SECURITY.md: 'analyzed_files'
2025-05-29 12:14:06,125 - utils.folder_summarizer - WARNING - Could not analyze content of ./node_modules/resolve/test/shadowed_core.js: 'analyzed_files'
2025-05-29 12:14:06,127 - utils.folder_summarizer - WARNING - Could not analyze content of ./node_modules/resolve/test/dotdot.js: 'analyzed_files'
2025-05-29 12:14:06,129 - utils.folder_summarizer - WARNING - Could not analyze content of ./node_modules/resolve/test/home_paths.js: 'analyzed_files'
2025-05-29 12:14:06,132 - utils.folder_summarizer - WARNING - Could not analyze content of ./node_modules/resolve/test/core.js: 'analyzed_files'
2025-05-29 12:14:06,134 - utils.folder_summarizer - WARNING - Could not analyze content of ./node_modules/resolve/test/filter_sync.js: 'analyzed_files'
2025-05-29 12:14:06,135 - utils.folder_summarizer - WARNING - Could not analyze content of ./node_modules/resolve/test/subdirs.js: 'analyzed_files'
2025-05-29 12:14:06,137 - utils.folder_summarizer - WARNING - Could not analyze content of ./node_modules/resolve/test/node_path.js: 'analyzed_files'
2025-05-29 12:14:06,139 - utils.folder_summarizer - WARNING - Could not analyze content of ./node_modules/resolve/test/module_dir.js: 'analyzed_files'
2025-05-29 12:14:06,142 - utils.folder_summarizer - WARNING - Could not analyze content of ./node_modules/resolve/test/symlinks.js: 'analyzed_files'
2025-05-29 12:14:06,143 - utils.folder_summarizer - WARNING - Could not analyze content of ./node_modules/resolve/test/faulty_basedir.js: 'analyzed_files'
2025-05-29 12:14:06,147 - utils.folder_summarizer - WARNING - Could not analyze content of ./node_modules/resolve/test/resolver_sync.js: 'analyzed_files'
2025-05-29 12:14:06,150 - utils.folder_summarizer - WARNING - Could not analyze content of ./node_modules/resolve/test/mock.js: 'analyzed_files'
2025-05-29 12:14:06,151 - utils.folder_summarizer - WARNING - Could not analyze content of ./node_modules/resolve/test/precedence.js: 'analyzed_files'
2025-05-29 12:14:06,154 - utils.folder_summarizer - WARNING - Could not analyze content of ./node_modules/resolve/test/home_paths_sync.js: 'analyzed_files'
2025-05-29 12:14:06,154 - utils.folder_summarizer - WARNING - Could not analyze content of ./node_modules/resolve/test/nonstring.js: 'analyzed_files'
2025-05-29 12:14:06,157 - utils.folder_summarizer - WARNING - Could not analyze content of ./node_modules/resolve/test/mock_sync.js: 'analyzed_files'
2025-05-29 12:14:06,158 - utils.folder_summarizer - WARNING - Could not analyze content of ./node_modules/resolve/test/filter.js: 'analyzed_files'
2025-05-29 12:14:06,162 - utils.folder_summarizer - WARNING - Could not analyze content of ./node_modules/resolve/test/resolver.js: 'analyzed_files'
2025-05-29 12:14:06,165 - utils.folder_summarizer - WARNING - Could not analyze content of ./node_modules/resolve/test/node-modules-paths.js: 'analyzed_files'
2025-05-29 12:14:06,167 - utils.folder_summarizer - WARNING - Could not analyze content of ./node_modules/resolve/test/pathfilter.js: 'analyzed_files'
2025-05-29 12:14:06,168 - memory.enhanced_semantic_search - WARNING - Empty text content in item, skipping indexing: ./node_modules/resolve/test/pathfilter/deep_ref/main.js
2025-05-29 12:14:06,168 - utils.folder_summarizer - WARNING - Could not analyze content of ./node_modules/resolve/test/pathfilter/deep_ref/main.js: 'analyzed_files'
2025-05-29 12:14:06,169 - utils.folder_summarizer - WARNING - Could not analyze content of ./node_modules/resolve/test/node_path/x/ccc/index.js: 'analyzed_files'
2025-05-29 12:14:06,170 - utils.folder_summarizer - WARNING - Could not analyze content of ./node_modules/resolve/test/node_path/x/aaa/index.js: 'analyzed_files'
2025-05-29 12:14:06,170 - utils.folder_summarizer - WARNING - Could not analyze content of ./node_modules/resolve/test/node_path/y/bbb/index.js: 'analyzed_files'
2025-05-29 12:14:06,171 - utils.folder_summarizer - WARNING - Could not analyze content of ./node_modules/resolve/test/node_path/y/ccc/index.js: 'analyzed_files'
2025-05-29 12:14:06,172 - utils.folder_summarizer - WARNING - Could not analyze content of ./node_modules/resolve/test/dotdot/index.js: 'analyzed_files'
2025-05-29 12:14:06,172 - utils.folder_summarizer - WARNING - Could not analyze content of ./node_modules/resolve/test/dotdot/abc/index.js: 'analyzed_files'
2025-05-29 12:14:06,173 - utils.folder_summarizer - WARNING - Could not analyze content of ./node_modules/resolve/test/module_dir/ymodules/aaa/index.js: 'analyzed_files'
2025-05-29 12:14:06,174 - utils.folder_summarizer - WARNING - Could not analyze content of ./node_modules/resolve/test/module_dir/xmodules/aaa/index.js: 'analyzed_files'
2025-05-29 12:14:06,175 - utils.folder_summarizer - WARNING - Could not analyze content of ./node_modules/resolve/test/module_dir/zmodules/bbb/main.js: 'analyzed_files'
2025-05-29 12:14:06,175 - utils.folder_summarizer - WARNING - Could not analyze content of ./node_modules/resolve/test/module_dir/zmodules/bbb/package.json: 'analyzed_files'
2025-05-29 12:14:06,176 - utils.folder_summarizer - WARNING - Could not analyze content of ./node_modules/resolve/test/precedence/bbb.js: 'analyzed_files'
2025-05-29 12:14:06,176 - utils.folder_summarizer - WARNING - Could not analyze content of ./node_modules/resolve/test/precedence/aaa.js: 'analyzed_files'
2025-05-29 12:14:06,177 - utils.folder_summarizer - WARNING - Could not analyze content of ./node_modules/resolve/test/precedence/bbb/main.js: 'analyzed_files'
2025-05-29 12:14:06,178 - utils.folder_summarizer - WARNING - Could not analyze content of ./node_modules/resolve/test/precedence/aaa/index.js: 'analyzed_files'
2025-05-29 12:14:06,178 - utils.folder_summarizer - WARNING - Could not analyze content of ./node_modules/resolve/test/precedence/aaa/main.js: 'analyzed_files'
2025-05-29 12:14:06,179 - memory.enhanced_semantic_search - WARNING - Empty text content in item, skipping indexing: ./node_modules/resolve/test/shadowed_core/node_modules/util/index.js
2025-05-29 12:14:06,179 - utils.folder_summarizer - WARNING - Could not analyze content of ./node_modules/resolve/test/shadowed_core/node_modules/util/index.js: 'analyzed_files'
2025-05-29 12:14:06,179 - memory.enhanced_semantic_search - WARNING - Empty text content in item, skipping indexing: ./node_modules/resolve/test/resolver/mug.coffee
2025-05-29 12:14:06,179 - utils.folder_summarizer - WARNING - Could not analyze content of ./node_modules/resolve/test/resolver/mug.coffee: 'analyzed_files'
2025-05-29 12:14:06,180 - utils.folder_summarizer - WARNING - Could not analyze content of ./node_modules/resolve/test/resolver/cup.coffee: 'analyzed_files'
2025-05-29 12:14:06,180 - memory.enhanced_semantic_search - WARNING - Empty text content in item, skipping indexing: ./node_modules/resolve/test/resolver/mug.js
2025-05-29 12:14:06,180 - utils.folder_summarizer - WARNING - Could not analyze content of ./node_modules/resolve/test/resolver/mug.js: 'analyzed_files'
2025-05-29 12:14:06,181 - utils.folder_summarizer - WARNING - Could not analyze content of ./node_modules/resolve/test/resolver/foo.js: 'analyzed_files'
2025-05-29 12:14:06,182 - utils.folder_summarizer - WARNING - Could not analyze content of ./node_modules/resolve/test/resolver/same_names/foo.js: 'analyzed_files'
2025-05-29 12:14:06,182 - utils.folder_summarizer - WARNING - Could not analyze content of ./node_modules/resolve/test/resolver/same_names/foo/index.js: 'analyzed_files'
2025-05-29 12:14:06,183 - memory.enhanced_semantic_search - WARNING - Empty text content in item, skipping indexing: ./node_modules/resolve/test/resolver/symlinked/_/node_modules/foo.js
2025-05-29 12:14:06,183 - utils.folder_summarizer - WARNING - Could not analyze content of ./node_modules/resolve/test/resolver/symlinked/_/node_modules/foo.js: 'analyzed_files'
2025-05-29 12:14:06,184 - memory.enhanced_semantic_search - WARNING - Empty text content in item, skipping indexing: ./node_modules/resolve/test/resolver/symlinked/_/symlink_target/.gitkeep
2025-05-29 12:14:06,184 - utils.folder_summarizer - WARNING - Could not analyze content of ./node_modules/resolve/test/resolver/symlinked/_/symlink_target/.gitkeep: 'analyzed_files'
2025-05-29 12:14:06,185 - utils.folder_summarizer - WARNING - Could not analyze content of ./node_modules/resolve/test/resolver/symlinked/package/package.json: 'analyzed_files'
2025-05-29 12:14:06,185 - utils.folder_summarizer - WARNING - Could not analyze content of ./node_modules/resolve/test/resolver/symlinked/package/bar.js: 'analyzed_files'
2025-05-29 12:14:06,186 - utils.folder_summarizer - WARNING - Could not analyze content of ./node_modules/resolve/test/resolver/without_basedir/main.js: 'analyzed_files'
2025-05-29 12:14:06,187 - utils.folder_summarizer - WARNING - Could not analyze content of ./node_modules/resolve/test/resolver/dot_main/index.js: 'analyzed_files'
2025-05-29 12:14:06,187 - utils.folder_summarizer - WARNING - Could not analyze content of ./node_modules/resolve/test/resolver/dot_main/package.json: 'analyzed_files'
2025-05-29 12:14:06,188 - utils.folder_summarizer - WARNING - Could not analyze content of ./node_modules/resolve/test/resolver/invalid_main/package.json: 'analyzed_files'
2025-05-29 12:14:06,189 - utils.folder_summarizer - WARNING - Could not analyze content of ./node_modules/resolve/test/resolver/multirepo/package.json: 'analyzed_files'
2025-05-29 12:14:06,190 - utils.folder_summarizer - WARNING - Could not analyze content of ./node_modules/resolve/test/resolver/multirepo/lerna.json: 'analyzed_files'
2025-05-29 12:14:06,190 - memory.enhanced_semantic_search - WARNING - Empty text content in item, skipping indexing: ./node_modules/resolve/test/resolver/multirepo/packages/package-b/index.js
2025-05-29 12:14:06,190 - utils.folder_summarizer - WARNING - Could not analyze content of ./node_modules/resolve/test/resolver/multirepo/packages/package-b/index.js: 'analyzed_files'
2025-05-29 12:14:06,191 - utils.folder_summarizer - WARNING - Could not analyze content of ./node_modules/resolve/test/resolver/multirepo/packages/package-b/package.json: 'analyzed_files'
2025-05-29 12:14:06,192 - utils.folder_summarizer - WARNING - Could not analyze content of ./node_modules/resolve/test/resolver/multirepo/packages/package-a/index.js: 'analyzed_files'
2025-05-29 12:14:06,193 - utils.folder_summarizer - WARNING - Could not analyze content of ./node_modules/resolve/test/resolver/multirepo/packages/package-a/package.json: 'analyzed_files'
2025-05-29 12:14:06,193 - utils.folder_summarizer - WARNING - Could not analyze content of ./node_modules/resolve/test/resolver/dot_slash_main/index.js: 'analyzed_files'
2025-05-29 12:14:06,194 - utils.folder_summarizer - WARNING - Could not analyze content of ./node_modules/resolve/test/resolver/dot_slash_main/package.json: 'analyzed_files'
2025-05-29 12:14:06,194 - utils.folder_summarizer - WARNING - Could not analyze content of ./node_modules/resolve/test/resolver/quux/foo/index.js: 'analyzed_files'
2025-05-29 12:14:06,195 - memory.enhanced_semantic_search - WARNING - Empty text content in item, skipping indexing: ./node_modules/resolve/test/resolver/baz/doom.js
2025-05-29 12:14:06,195 - utils.folder_summarizer - WARNING - Could not analyze content of ./node_modules/resolve/test/resolver/baz/doom.js: 'analyzed_files'
2025-05-29 12:14:06,195 - utils.folder_summarizer - WARNING - Could not analyze content of ./node_modules/resolve/test/resolver/baz/quux.js: 'analyzed_files'
2025-05-29 12:14:06,196 - utils.folder_summarizer - WARNING - Could not analyze content of ./node_modules/resolve/test/resolver/baz/package.json: 'analyzed_files'
2025-05-29 12:14:06,196 - memory.enhanced_semantic_search - WARNING - Empty text content in item, skipping indexing: ./node_modules/resolve/test/resolver/browser_field/a.js
2025-05-29 12:14:06,196 - utils.folder_summarizer - WARNING - Could not analyze content of ./node_modules/resolve/test/resolver/browser_field/a.js: 'analyzed_files'
2025-05-29 12:14:06,197 - utils.folder_summarizer - WARNING - Could not analyze content of ./node_modules/resolve/test/resolver/browser_field/package.json: 'analyzed_files'
2025-05-29 12:14:06,197 - memory.enhanced_semantic_search - WARNING - Empty text content in item, skipping indexing: ./node_modules/resolve/test/resolver/browser_field/b.js
2025-05-29 12:14:06,197 - utils.folder_summarizer - WARNING - Could not analyze content of ./node_modules/resolve/test/resolver/browser_field/b.js: 'analyzed_files'
2025-05-29 12:14:06,198 - utils.folder_summarizer - WARNING - Could not analyze content of ./node_modules/resolve/test/resolver/nested_symlinks/mylib/sync.js: 'analyzed_files'
2025-05-29 12:14:06,199 - utils.folder_summarizer - WARNING - Could not analyze content of ./node_modules/resolve/test/resolver/nested_symlinks/mylib/async.js: 'analyzed_files'
2025-05-29 12:14:06,200 - utils.folder_summarizer - WARNING - Could not analyze content of ./node_modules/resolve/test/resolver/nested_symlinks/mylib/package.json: 'analyzed_files'
2025-05-29 12:14:06,201 - utils.folder_summarizer - WARNING - Could not analyze content of ./node_modules/resolve/test/resolver/incorrect_main/index.js: 'analyzed_files'
2025-05-29 12:14:06,201 - utils.folder_summarizer - WARNING - Could not analyze content of ./node_modules/resolve/test/resolver/incorrect_main/package.json: 'analyzed_files'
2025-05-29 12:14:06,202 - memory.enhanced_semantic_search - WARNING - Empty text content in item, skipping indexing: ./node_modules/resolve/test/resolver/false_main/index.js
2025-05-29 12:14:06,202 - utils.folder_summarizer - WARNING - Could not analyze content of ./node_modules/resolve/test/resolver/false_main/index.js: 'analyzed_files'
2025-05-29 12:14:06,202 - utils.folder_summarizer - WARNING - Could not analyze content of ./node_modules/resolve/test/resolver/false_main/package.json: 'analyzed_files'
2025-05-29 12:14:06,203 - memory.enhanced_semantic_search - WARNING - Empty text content in item, skipping indexing: ./node_modules/resolve/test/resolver/other_path/root.js
2025-05-29 12:14:06,203 - utils.folder_summarizer - WARNING - Could not analyze content of ./node_modules/resolve/test/resolver/other_path/root.js: 'analyzed_files'
2025-05-29 12:14:06,203 - memory.enhanced_semantic_search - WARNING - Empty text content in item, skipping indexing: ./node_modules/resolve/test/resolver/other_path/lib/other-lib.js
2025-05-29 12:14:06,203 - utils.folder_summarizer - WARNING - Could not analyze content of ./node_modules/resolve/test/resolver/other_path/lib/other-lib.js: 'analyzed_files'
2025-05-29 12:14:06,204 - utils.folder_summarizer - WARNING - Could not analyze content of ./node_modules/resolve/bin/resolve: 'analyzed_files'
2025-05-29 12:14:06,205 - utils.folder_summarizer - WARNING - Could not analyze content of ./node_modules/resolve/example/sync.js: 'analyzed_files'
2025-05-29 12:14:06,205 - utils.folder_summarizer - WARNING - Could not analyze content of ./node_modules/resolve/example/async.js: 'analyzed_files'
2025-05-29 12:14:06,206 - utils.folder_summarizer - WARNING - Could not analyze content of ./node_modules/resolve/.github/FUNDING.yml: 'analyzed_files'
2025-05-29 12:14:06,207 - utils.folder_summarizer - WARNING - Could not analyze content of ./node_modules/resolve/lib/core.js: 'analyzed_files'
2025-05-29 12:14:06,208 - utils.folder_summarizer - WARNING - Could not analyze content of ./node_modules/resolve/lib/caller.js: 'analyzed_files'
2025-05-29 12:14:06,210 - utils.folder_summarizer - WARNING - Could not analyze content of ./node_modules/resolve/lib/sync.js: 'analyzed_files'
2025-05-29 12:14:06,211 - utils.folder_summarizer - WARNING - Could not analyze content of ./node_modules/resolve/lib/normalize-options.js: 'analyzed_files'
2025-05-29 12:14:06,211 - utils.folder_summarizer - WARNING - Could not analyze content of ./node_modules/resolve/lib/homedir.js: 'analyzed_files'
2025-05-29 12:14:06,214 - utils.folder_summarizer - WARNING - Could not analyze content of ./node_modules/resolve/lib/core.json: 'analyzed_files'
2025-05-29 12:14:06,217 - utils.folder_summarizer - WARNING - Could not analyze content of ./node_modules/resolve/lib/async.js: 'analyzed_files'
2025-05-29 12:14:06,218 - utils.folder_summarizer - WARNING - Could not analyze content of ./node_modules/resolve/lib/is-core.js: 'analyzed_files'
2025-05-29 12:14:06,219 - utils.folder_summarizer - WARNING - Could not analyze content of ./node_modules/resolve/lib/node-modules-paths.js: 'analyzed_files'
2025-05-29 12:14:06,220 - utils.folder_summarizer - WARNING - Could not analyze content of ./node_modules/css-tree/LICENSE: 'analyzed_files'
2025-05-29 12:14:06,223 - utils.folder_summarizer - WARNING - Could not analyze content of ./node_modules/css-tree/README.md: 'analyzed_files'
2025-05-29 12:14:06,225 - utils.folder_summarizer - WARNING - Could not analyze content of ./node_modules/css-tree/package.json: 'analyzed_files'
2025-05-29 12:14:06,226 - utils.folder_summarizer - WARNING - Could not analyze content of ./node_modules/css-tree/dist/version.cjs: 'analyzed_files'
2025-05-29 12:14:06,233 - utils.folder_summarizer - WARNING - Could not analyze content of ./node_modules/css-tree/dist/data.cjs: 'analyzed_files'
2025-05-29 12:14:06,233 - utils.folder_summarizer - WARNING - Could not analyze content of ./node_modules/css-tree/dist/version.js: 'analyzed_files'
2025-05-29 12:14:06,250 - memory.enhanced_semantic_search - INFO - Added 2600 items to vector index
2025-05-29 12:14:06,251 - utils.folder_summarizer - WARNING - Could not analyze content of ./node_modules/css-tree/dist/csstree.js: 'analyzed_files'
2025-05-29 12:14:06,256 - utils.folder_summarizer - WARNING - Could not analyze content of ./node_modules/css-tree/dist/data.js: 'analyzed_files'
2025-05-29 12:14:06,269 - utils.folder_summarizer - WARNING - Could not analyze content of ./node_modules/css-tree/dist/csstree.esm.js: 'analyzed_files'
2025-05-29 12:14:06,270 - utils.folder_summarizer - WARNING - Could not analyze content of ./node_modules/css-tree/lib/index.js: 'analyzed_files'
2025-05-29 12:14:06,271 - utils.folder_summarizer - WARNING - Could not analyze content of ./node_modules/css-tree/lib/version.js: 'analyzed_files'
2025-05-29 12:14:06,272 - utils.folder_summarizer - WARNING - Could not analyze content of ./node_modules/css-tree/lib/data.js: 'analyzed_files'
2025-05-29 12:14:06,273 - utils.folder_summarizer - WARNING - Could not analyze content of ./node_modules/css-tree/lib/data-patch.js: 'analyzed_files'
2025-05-29 12:14:06,274 - utils.folder_summarizer - WARNING - Could not analyze content of ./node_modules/css-tree/lib/convertor/index.js: 'analyzed_files'
2025-05-29 12:14:06,274 - utils.folder_summarizer - WARNING - Could not analyze content of ./node_modules/css-tree/lib/convertor/create.js: 'analyzed_files'
2025-05-29 12:14:06,277 - utils.folder_summarizer - WARNING - Could not analyze content of ./node_modules/css-tree/lib/lexer/generic.js: 'analyzed_files'
2025-05-29 12:14:06,278 - utils.folder_summarizer - WARNING - Could not analyze content of ./node_modules/css-tree/lib/lexer/trace.js: 'analyzed_files'
2025-05-29 12:14:06,279 - utils.folder_summarizer - WARNING - Could not analyze content of ./node_modules/css-tree/lib/lexer/index.js: 'analyzed_files'
2025-05-29 12:14:06,280 - utils.folder_summarizer - WARNING - Could not analyze content of ./node_modules/css-tree/lib/lexer/units.js: 'analyzed_files'
2025-05-29 12:14:06,281 - utils.folder_summarizer - WARNING - Could not analyze content of ./node_modules/css-tree/lib/lexer/error.js: 'analyzed_files'
2025-05-29 12:14:06,282 - utils.folder_summarizer - WARNING - Could not analyze content of ./node_modules/css-tree/lib/lexer/generic-const.js: 'analyzed_files'
2025-05-29 12:14:06,285 - utils.folder_summarizer - WARNING - Could not analyze content of ./node_modules/css-tree/lib/lexer/match.js: 'analyzed_files'
2025-05-29 12:14:06,287 - utils.folder_summarizer - WARNING - Could not analyze content of ./node_modules/css-tree/lib/lexer/generic-an-plus-b.js: 'analyzed_files'
2025-05-29 12:14:06,288 - utils.folder_summarizer - WARNING - Could not analyze content of ./node_modules/css-tree/lib/lexer/prepare-tokens.js: 'analyzed_files'
2025-05-29 12:14:06,288 - utils.folder_summarizer - WARNING - Could not analyze content of ./node_modules/css-tree/lib/lexer/search.js: 'analyzed_files'
2025-05-29 12:14:06,290 - utils.folder_summarizer - WARNING - Could not analyze content of ./node_modules/css-tree/lib/lexer/match-graph.js: 'analyzed_files'
2025-05-29 12:14:06,292 - utils.folder_summarizer - WARNING - Could not analyze content of ./node_modules/css-tree/lib/lexer/structure.js: 'analyzed_files'
2025-05-29 12:14:06,294 - utils.folder_summarizer - WARNING - Could not analyze content of ./node_modules/css-tree/lib/lexer/Lexer.js: 'analyzed_files'
2025-05-29 12:14:06,296 - utils.folder_summarizer - WARNING - Could not analyze content of ./node_modules/css-tree/lib/lexer/generic-urange.js: 'analyzed_files'
2025-05-29 12:14:06,298 - utils.folder_summarizer - WARNING - Could not analyze content of ./node_modules/css-tree/lib/tokenizer/TokenStream.js: 'analyzed_files'
2025-05-29 12:14:06,299 - utils.folder_summarizer - WARNING - Could not analyze content of ./node_modules/css-tree/lib/tokenizer/OffsetToLocation.js: 'analyzed_files'
2025-05-29 12:14:06,301 - utils.folder_summarizer - WARNING - Could not analyze content of ./node_modules/css-tree/lib/tokenizer/types.js: 'analyzed_files'
2025-05-29 12:14:06,301 - utils.folder_summarizer - WARNING - Could not analyze content of ./node_modules/css-tree/lib/tokenizer/adopt-buffer.js: 'analyzed_files'
2025-05-29 12:14:06,304 - utils.folder_summarizer - WARNING - Could not analyze content of ./node_modules/css-tree/lib/tokenizer/index.js: 'analyzed_files'
2025-05-29 12:14:06,306 - utils.folder_summarizer - WARNING - Could not analyze content of ./node_modules/css-tree/lib/tokenizer/utils.js: 'analyzed_files'
2025-05-29 12:14:06,307 - utils.folder_summarizer - WARNING - Could not analyze content of ./node_modules/css-tree/lib/tokenizer/names.js: 'analyzed_files'
2025-05-29 12:14:06,310 - utils.folder_summarizer - WARNING - Could not analyze content of ./node_modules/css-tree/lib/tokenizer/char-code-definitions.js: 'analyzed_files'
2025-05-29 12:14:06,311 - utils.folder_summarizer - WARNING - Could not analyze content of ./node_modules/css-tree/lib/utils/create-custom-error.js: 'analyzed_files'
2025-05-29 12:14:06,311 - utils.folder_summarizer - WARNING - Could not analyze content of ./node_modules/css-tree/lib/utils/index.js: 'analyzed_files'
2025-05-29 12:14:06,313 - utils.folder_summarizer - WARNING - Could not analyze content of ./node_modules/css-tree/lib/utils/List.js: 'analyzed_files'
2025-05-29 12:14:06,315 - utils.folder_summarizer - WARNING - Could not analyze content of ./node_modules/css-tree/lib/utils/string.js: 'analyzed_files'
2025-05-29 12:14:06,316 - utils.folder_summarizer - WARNING - Could not analyze content of ./node_modules/css-tree/lib/utils/clone.js: 'analyzed_files'
2025-05-29 12:14:06,318 - utils.folder_summarizer - WARNING - Could not analyze content of ./node_modules/css-tree/lib/utils/ident.js: 'analyzed_files'
2025-05-29 12:14:06,319 - utils.folder_summarizer - WARNING - Could not analyze content of ./node_modules/css-tree/lib/utils/names.js: 'analyzed_files'
2025-05-29 12:14:06,321 - utils.folder_summarizer - WARNING - Could not analyze content of ./node_modules/css-tree/lib/utils/url.js: 'analyzed_files'
2025-05-29 12:14:06,321 - utils.folder_summarizer - WARNING - Could not analyze content of ./node_modules/css-tree/lib/parser/sequence.js: 'analyzed_files'
2025-05-29 12:14:06,322 - utils.folder_summarizer - WARNING - Could not analyze content of ./node_modules/css-tree/lib/parser/SyntaxError.js: 'analyzed_files'
2025-05-29 12:14:06,323 - utils.folder_summarizer - WARNING - Could not analyze content of ./node_modules/css-tree/lib/parser/index.js: 'analyzed_files'
2025-05-29 12:14:06,325 - utils.folder_summarizer - WARNING - Could not analyze content of ./node_modules/css-tree/lib/parser/create.js: 'analyzed_files'
2025-05-29 12:14:06,325 - utils.folder_summarizer - WARNING - Could not analyze content of ./node_modules/css-tree/lib/parser/parse-selector.js: 'analyzed_files'
2025-05-29 12:14:06,327 - utils.folder_summarizer - WARNING - Could not analyze content of ./node_modules/css-tree/lib/generator/token-before.js: 'analyzed_files'
2025-05-29 12:14:06,327 - utils.folder_summarizer - WARNING - Could not analyze content of ./node_modules/css-tree/lib/generator/index.js: 'analyzed_files'
2025-05-29 12:14:06,329 - utils.folder_summarizer - WARNING - Could not analyze content of ./node_modules/css-tree/lib/generator/create.js: 'analyzed_files'
2025-05-29 12:14:06,330 - utils.folder_summarizer - WARNING - Could not analyze content of ./node_modules/css-tree/lib/generator/sourceMap.js: 'analyzed_files'
2025-05-29 12:14:06,331 - utils.folder_summarizer - WARNING - Could not analyze content of ./node_modules/css-tree/lib/definition-syntax/SyntaxError.js: 'analyzed_files'
2025-05-29 12:14:06,332 - utils.folder_summarizer - WARNING - Could not analyze content of ./node_modules/css-tree/lib/definition-syntax/generate.js: 'analyzed_files'
2025-05-29 12:14:06,332 - utils.folder_summarizer - WARNING - Could not analyze content of ./node_modules/css-tree/lib/definition-syntax/index.js: 'analyzed_files'
2025-05-29 12:14:06,335 - utils.folder_summarizer - WARNING - Could not analyze content of ./node_modules/css-tree/lib/definition-syntax/parse.js: 'analyzed_files'
2025-05-29 12:14:06,336 - utils.folder_summarizer - WARNING - Could not analyze content of ./node_modules/css-tree/lib/definition-syntax/walk.js: 'analyzed_files'
2025-05-29 12:14:06,337 - utils.folder_summarizer - WARNING - Could not analyze content of ./node_modules/css-tree/lib/definition-syntax/tokenizer.js: 'analyzed_files'
2025-05-29 12:14:06,337 - utils.folder_summarizer - WARNING - Could not analyze content of ./node_modules/css-tree/lib/syntax/index.js: 'analyzed_files'
2025-05-29 12:14:06,338 - utils.folder_summarizer - WARNING - Could not analyze content of ./node_modules/css-tree/lib/syntax/create.js: 'analyzed_files'
2025-05-29 12:14:06,339 - utils.folder_summarizer - WARNING - Could not analyze content of ./node_modules/css-tree/lib/syntax/config/walker.js: 'analyzed_files'
2025-05-29 12:14:06,340 - utils.folder_summarizer - WARNING - Could not analyze content of ./node_modules/css-tree/lib/syntax/config/mix.js: 'analyzed_files'
2025-05-29 12:14:06,341 - utils.folder_summarizer - WARNING - Could not analyze content of ./node_modules/css-tree/lib/syntax/config/parser-selector.js: 'analyzed_files'
2025-05-29 12:14:06,341 - utils.folder_summarizer - WARNING - Could not analyze content of ./node_modules/css-tree/lib/syntax/config/generator.js: 'analyzed_files'
2025-05-29 12:14:06,342 - utils.folder_summarizer - WARNING - Could not analyze content of ./node_modules/css-tree/lib/syntax/config/parser.js: 'analyzed_files'
2025-05-29 12:14:06,342 - utils.folder_summarizer - WARNING - Could not analyze content of ./node_modules/css-tree/lib/syntax/config/lexer.js: 'analyzed_files'
2025-05-29 12:14:06,343 - utils.folder_summarizer - WARNING - Could not analyze content of ./node_modules/css-tree/lib/syntax/pseudo/index.js: 'analyzed_files'
2025-05-29 12:14:06,345 - utils.folder_summarizer - WARNING - Could not analyze content of ./node_modules/css-tree/lib/syntax/scope/selector.js: 'analyzed_files'
2025-05-29 12:14:06,345 - utils.folder_summarizer - WARNING - Could not analyze content of ./node_modules/css-tree/lib/syntax/scope/index.js: 'analyzed_files'
2025-05-29 12:14:06,346 - utils.folder_summarizer - WARNING - Could not analyze content of ./node_modules/css-tree/lib/syntax/scope/value.js: 'analyzed_files'
2025-05-29 12:14:06,347 - utils.folder_summarizer - WARNING - Could not analyze content of ./node_modules/css-tree/lib/syntax/scope/default.js: 'analyzed_files'
2025-05-29 12:14:06,348 - utils.folder_summarizer - WARNING - Could not analyze content of ./node_modules/css-tree/lib/syntax/scope/atrulePrelude.js: 'analyzed_files'
2025-05-29 12:14:06,348 - utils.folder_summarizer - WARNING - Could not analyze content of ./node_modules/css-tree/lib/syntax/function/expression.js: 'analyzed_files'
2025-05-29 12:14:06,350 - utils.folder_summarizer - WARNING - Could not analyze content of ./node_modules/css-tree/lib/syntax/function/var.js: 'analyzed_files'
2025-05-29 12:14:06,350 - utils.folder_summarizer - WARNING - Could not analyze content of ./node_modules/css-tree/lib/syntax/node/Selector.js: 'analyzed_files'
2025-05-29 12:14:06,351 - utils.folder_summarizer - WARNING - Could not analyze content of ./node_modules/css-tree/lib/syntax/node/Number.js: 'analyzed_files'
2025-05-29 12:14:06,352 - utils.folder_summarizer - WARNING - Could not analyze content of ./node_modules/css-tree/lib/syntax/node/NestingSelector.js: 'analyzed_files'
2025-05-29 12:14:06,353 - utils.folder_summarizer - WARNING - Could not analyze content of ./node_modules/css-tree/lib/syntax/node/MediaFeature.js: 'analyzed_files'
2025-05-29 12:14:06,354 - utils.folder_summarizer - WARNING - Could not analyze content of ./node_modules/css-tree/lib/syntax/node/MediaQuery.js: 'analyzed_files'
2025-05-29 12:14:06,354 - utils.folder_summarizer - WARNING - Could not analyze content of ./node_modules/css-tree/lib/syntax/node/Brackets.js: 'analyzed_files'
2025-05-29 12:14:06,356 - utils.folder_summarizer - WARNING - Could not analyze content of ./node_modules/css-tree/lib/syntax/node/Declaration.js: 'analyzed_files'
2025-05-29 12:14:06,358 - utils.folder_summarizer - WARNING - Could not analyze content of ./node_modules/css-tree/lib/syntax/node/PseudoClassSelector.js: 'analyzed_files'
2025-05-29 12:14:06,359 - utils.folder_summarizer - WARNING - Could not analyze content of ./node_modules/css-tree/lib/syntax/node/DeclarationList.js: 'analyzed_files'
2025-05-29 12:14:06,360 - utils.folder_summarizer - WARNING - Could not analyze content of ./node_modules/css-tree/lib/syntax/node/Operator.js: 'analyzed_files'
2025-05-29 12:14:06,360 - utils.folder_summarizer - WARNING - Could not analyze content of ./node_modules/css-tree/lib/syntax/node/Nth.js: 'analyzed_files'
2025-05-29 12:14:06,361 - utils.folder_summarizer - WARNING - Could not analyze content of ./node_modules/css-tree/lib/syntax/node/index-parse-selector.js: 'analyzed_files'
2025-05-29 12:14:06,362 - utils.folder_summarizer - WARNING - Could not analyze content of ./node_modules/css-tree/lib/syntax/node/Ratio.js: 'analyzed_files'
2025-05-29 12:14:06,363 - utils.folder_summarizer - WARNING - Could not analyze content of ./node_modules/css-tree/lib/syntax/node/CDC.js: 'analyzed_files'
2025-05-29 12:14:06,364 - utils.folder_summarizer - WARNING - Could not analyze content of ./node_modules/css-tree/lib/syntax/node/Parentheses.js: 'analyzed_files'
2025-05-29 12:14:06,365 - utils.folder_summarizer - WARNING - Could not analyze content of ./node_modules/css-tree/lib/syntax/node/index-generate.js: 'analyzed_files'
2025-05-29 12:14:06,366 - utils.folder_summarizer - WARNING - Could not analyze content of ./node_modules/css-tree/lib/syntax/node/Raw.js: 'analyzed_files'
2025-05-29 12:14:06,367 - utils.folder_summarizer - WARNING - Could not analyze content of ./node_modules/css-tree/lib/syntax/node/Combinator.js: 'analyzed_files'
2025-05-29 12:14:06,369 - utils.folder_summarizer - WARNING - Could not analyze content of ./node_modules/css-tree/lib/syntax/node/UnicodeRange.js: 'analyzed_files'
2025-05-29 12:14:06,371 - utils.folder_summarizer - WARNING - Could not analyze content of ./node_modules/css-tree/lib/syntax/node/index.js: 'analyzed_files'
2025-05-29 12:14:06,373 - utils.folder_summarizer - WARNING - Could not analyze content of ./node_modules/css-tree/lib/syntax/node/AnPlusB.js: 'analyzed_files'
2025-05-29 12:14:06,374 - utils.folder_summarizer - WARNING - Could not analyze content of ./node_modules/css-tree/lib/syntax/node/Atrule.js: 'analyzed_files'
2025-05-29 12:14:06,375 - utils.folder_summarizer - WARNING - Could not analyze content of ./node_modules/css-tree/lib/syntax/node/Comment.js: 'analyzed_files'
2025-05-29 12:14:06,376 - utils.folder_summarizer - WARNING - Could not analyze content of ./node_modules/css-tree/lib/syntax/node/Identifier.js: 'analyzed_files'
2025-05-29 12:14:06,377 - utils.folder_summarizer - WARNING - Could not analyze content of ./node_modules/css-tree/lib/syntax/node/StyleSheet.js: 'analyzed_files'
2025-05-29 12:14:06,377 - utils.folder_summarizer - WARNING - Could not analyze content of ./node_modules/css-tree/lib/syntax/node/String.js: 'analyzed_files'
2025-05-29 12:14:06,379 - utils.folder_summarizer - WARNING - Could not analyze content of ./node_modules/css-tree/lib/syntax/node/Block.js: 'analyzed_files'
2025-05-29 12:14:06,380 - utils.folder_summarizer - WARNING - Could not analyze content of ./node_modules/css-tree/lib/syntax/node/PseudoElementSelector.js: 'analyzed_files'
2025-05-29 12:14:06,381 - utils.folder_summarizer - WARNING - Could not analyze content of ./node_modules/css-tree/lib/syntax/node/Value.js: 'analyzed_files'
2025-05-29 12:14:06,381 - utils.folder_summarizer - WARNING - Could not analyze content of ./node_modules/css-tree/lib/syntax/node/SelectorList.js: 'analyzed_files'
2025-05-29 12:14:06,382 - memory.enhanced_semantic_search - INFO - Added 2700 items to vector index
2025-05-29 12:14:06,382 - utils.folder_summarizer - WARNING - Could not analyze content of ./node_modules/css-tree/lib/syntax/node/MediaQueryList.js: 'analyzed_files'
2025-05-29 12:14:06,383 - utils.folder_summarizer - WARNING - Could not analyze content of ./node_modules/css-tree/lib/syntax/node/WhiteSpace.js: 'analyzed_files'
2025-05-29 12:14:06,384 - utils.folder_summarizer - WARNING - Could not analyze content of ./node_modules/css-tree/lib/syntax/node/Function.js: 'analyzed_files'
2025-05-29 12:14:06,385 - utils.folder_summarizer - WARNING - Could not analyze content of ./node_modules/css-tree/lib/syntax/node/Dimension.js: 'analyzed_files'
2025-05-29 12:14:06,385 - utils.folder_summarizer - WARNING - Could not analyze content of ./node_modules/css-tree/lib/syntax/node/IdSelector.js: 'analyzed_files'
2025-05-29 12:14:06,386 - utils.folder_summarizer - WARNING - Could not analyze content of ./node_modules/css-tree/lib/syntax/node/TypeSelector.js: 'analyzed_files'
2025-05-29 12:14:06,387 - utils.folder_summarizer - WARNING - Could not analyze content of ./node_modules/css-tree/lib/syntax/node/Rule.js: 'analyzed_files'
2025-05-29 12:14:06,388 - utils.folder_summarizer - WARNING - Could not analyze content of ./node_modules/css-tree/lib/syntax/node/index-parse.js: 'analyzed_files'
2025-05-29 12:14:06,389 - utils.folder_summarizer - WARNING - Could not analyze content of ./node_modules/css-tree/lib/syntax/node/ClassSelector.js: 'analyzed_files'
2025-05-29 12:14:06,390 - utils.folder_summarizer - WARNING - Could not analyze content of ./node_modules/css-tree/lib/syntax/node/CDO.js: 'analyzed_files'
2025-05-29 12:14:06,391 - utils.folder_summarizer - WARNING - Could not analyze content of ./node_modules/css-tree/lib/syntax/node/AttributeSelector.js: 'analyzed_files'
2025-05-29 12:14:06,393 - utils.folder_summarizer - WARNING - Could not analyze content of ./node_modules/css-tree/lib/syntax/node/Url.js: 'analyzed_files'
2025-05-29 12:14:06,393 - utils.folder_summarizer - WARNING - Could not analyze content of ./node_modules/css-tree/lib/syntax/node/Hash.js: 'analyzed_files'
2025-05-29 12:14:06,394 - utils.folder_summarizer - WARNING - Could not analyze content of ./node_modules/css-tree/lib/syntax/node/AtrulePrelude.js: 'analyzed_files'
2025-05-29 12:14:06,394 - utils.folder_summarizer - WARNING - Could not analyze content of ./node_modules/css-tree/lib/syntax/node/Percentage.js: 'analyzed_files'
2025-05-29 12:14:06,396 - utils.folder_summarizer - WARNING - Could not analyze content of ./node_modules/css-tree/lib/syntax/atrule/supports.js: 'analyzed_files'
2025-05-29 12:14:06,396 - utils.folder_summarizer - WARNING - Could not analyze content of ./node_modules/css-tree/lib/syntax/atrule/page.js: 'analyzed_files'
2025-05-29 12:14:06,397 - utils.folder_summarizer - WARNING - Could not analyze content of ./node_modules/css-tree/lib/syntax/atrule/media.js: 'analyzed_files'
2025-05-29 12:14:06,397 - utils.folder_summarizer - WARNING - Could not analyze content of ./node_modules/css-tree/lib/syntax/atrule/import.js: 'analyzed_files'
2025-05-29 12:14:06,398 - utils.folder_summarizer - WARNING - Could not analyze content of ./node_modules/css-tree/lib/syntax/atrule/index.js: 'analyzed_files'
2025-05-29 12:14:06,399 - utils.folder_summarizer - WARNING - Could not analyze content of ./node_modules/css-tree/lib/syntax/atrule/nest.js: 'analyzed_files'
2025-05-29 12:14:06,399 - utils.folder_summarizer - WARNING - Could not analyze content of ./node_modules/css-tree/lib/syntax/atrule/font-face.js: 'analyzed_files'
2025-05-29 12:14:06,400 - utils.folder_summarizer - WARNING - Could not analyze content of ./node_modules/css-tree/lib/walker/index.js: 'analyzed_files'
2025-05-29 12:14:06,402 - utils.folder_summarizer - WARNING - Could not analyze content of ./node_modules/css-tree/lib/walker/create.js: 'analyzed_files'
2025-05-29 12:14:06,406 - utils.folder_summarizer - WARNING - Could not analyze content of ./node_modules/css-tree/data/patch.json: 'analyzed_files'
2025-05-29 12:14:06,407 - utils.folder_summarizer - WARNING - Could not analyze content of ./node_modules/css-tree/cjs/version.cjs: 'analyzed_files'
2025-05-29 12:14:06,409 - utils.folder_summarizer - WARNING - Could not analyze content of ./node_modules/css-tree/cjs/data.cjs: 'analyzed_files'
2025-05-29 12:14:06,410 - utils.folder_summarizer - WARNING - Could not analyze content of ./node_modules/css-tree/cjs/index.cjs: 'analyzed_files'
2025-05-29 12:14:06,411 - utils.folder_summarizer - WARNING - Could not analyze content of ./node_modules/css-tree/cjs/data-patch.cjs: 'analyzed_files'
2025-05-29 12:14:06,412 - utils.folder_summarizer - WARNING - Could not analyze content of ./node_modules/css-tree/cjs/convertor/index.cjs: 'analyzed_files'
2025-05-29 12:14:06,412 - utils.folder_summarizer - WARNING - Could not analyze content of ./node_modules/css-tree/cjs/convertor/create.cjs: 'analyzed_files'
2025-05-29 12:14:06,414 - utils.folder_summarizer - WARNING - Could not analyze content of ./node_modules/css-tree/cjs/lexer/generic-urange.cjs: 'analyzed_files'
2025-05-29 12:14:06,415 - utils.folder_summarizer - WARNING - Could not analyze content of ./node_modules/css-tree/cjs/lexer/trace.cjs: 'analyzed_files'
2025-05-29 12:14:06,416 - utils.folder_summarizer - WARNING - Could not analyze content of ./node_modules/css-tree/cjs/lexer/prepare-tokens.cjs: 'analyzed_files'
2025-05-29 12:14:06,419 - utils.folder_summarizer - WARNING - Could not analyze content of ./node_modules/css-tree/cjs/lexer/structure.cjs: 'analyzed_files'
2025-05-29 12:14:06,421 - utils.folder_summarizer - WARNING - Could not analyze content of ./node_modules/css-tree/cjs/lexer/error.cjs: 'analyzed_files'
2025-05-29 12:14:06,425 - utils.folder_summarizer - WARNING - Could not analyze content of ./node_modules/css-tree/cjs/lexer/generic.cjs: 'analyzed_files'
2025-05-29 12:14:06,428 - utils.folder_summarizer - WARNING - Could not analyze content of ./node_modules/css-tree/cjs/lexer/Lexer.cjs: 'analyzed_files'
2025-05-29 12:14:06,430 - utils.folder_summarizer - WARNING - Could not analyze content of ./node_modules/css-tree/cjs/lexer/match.cjs: 'analyzed_files'
2025-05-29 12:14:06,431 - utils.folder_summarizer - WARNING - Could not analyze content of ./node_modules/css-tree/cjs/lexer/units.cjs: 'analyzed_files'
2025-05-29 12:14:06,432 - utils.folder_summarizer - WARNING - Could not analyze content of ./node_modules/css-tree/cjs/lexer/generic-const.cjs: 'analyzed_files'
2025-05-29 12:14:06,434 - utils.folder_summarizer - WARNING - Could not analyze content of ./node_modules/css-tree/cjs/lexer/generic-an-plus-b.cjs: 'analyzed_files'
2025-05-29 12:14:06,435 - utils.folder_summarizer - WARNING - Could not analyze content of ./node_modules/css-tree/cjs/lexer/index.cjs: 'analyzed_files'
2025-05-29 12:14:06,437 - utils.folder_summarizer - WARNING - Could not analyze content of ./node_modules/css-tree/cjs/lexer/match-graph.cjs: 'analyzed_files'
2025-05-29 12:14:06,438 - utils.folder_summarizer - WARNING - Could not analyze content of ./node_modules/css-tree/cjs/lexer/search.cjs: 'analyzed_files'
2025-05-29 12:14:06,440 - utils.folder_summarizer - WARNING - Could not analyze content of ./node_modules/css-tree/cjs/tokenizer/utils.cjs: 'analyzed_files'
2025-05-29 12:14:06,441 - utils.folder_summarizer - WARNING - Could not analyze content of ./node_modules/css-tree/cjs/tokenizer/types.cjs: 'analyzed_files'
2025-05-29 12:14:06,443 - utils.folder_summarizer - WARNING - Could not analyze content of ./node_modules/css-tree/cjs/tokenizer/TokenStream.cjs: 'analyzed_files'
2025-05-29 12:14:06,444 - utils.folder_summarizer - WARNING - Could not analyze content of ./node_modules/css-tree/cjs/tokenizer/adopt-buffer.cjs: 'analyzed_files'
2025-05-29 12:14:06,446 - utils.folder_summarizer - WARNING - Could not analyze content of ./node_modules/css-tree/cjs/tokenizer/char-code-definitions.cjs: 'analyzed_files'
2025-05-29 12:14:06,449 - utils.folder_summarizer - WARNING - Could not analyze content of ./node_modules/css-tree/cjs/tokenizer/index.cjs: 'analyzed_files'
2025-05-29 12:14:06,450 - utils.folder_summarizer - WARNING - Could not analyze content of ./node_modules/css-tree/cjs/tokenizer/names.cjs: 'analyzed_files'
2025-05-29 12:14:06,451 - utils.folder_summarizer - WARNING - Could not analyze content of ./node_modules/css-tree/cjs/tokenizer/OffsetToLocation.cjs: 'analyzed_files'
2025-05-29 12:14:06,453 - utils.folder_summarizer - WARNING - Could not analyze content of ./node_modules/css-tree/cjs/utils/url.cjs: 'analyzed_files'
2025-05-29 12:14:06,455 - utils.folder_summarizer - WARNING - Could not analyze content of ./node_modules/css-tree/cjs/utils/ident.cjs: 'analyzed_files'
2025-05-29 12:14:06,457 - utils.folder_summarizer - WARNING - Could not analyze content of ./node_modules/css-tree/cjs/utils/string.cjs: 'analyzed_files'
2025-05-29 12:14:06,458 - utils.folder_summarizer - WARNING - Could not analyze content of ./node_modules/css-tree/cjs/utils/create-custom-error.cjs: 'analyzed_files'
2025-05-29 12:14:06,458 - utils.folder_summarizer - WARNING - Could not analyze content of ./node_modules/css-tree/cjs/utils/index.cjs: 'analyzed_files'
2025-05-29 12:14:06,460 - utils.folder_summarizer - WARNING - Could not analyze content of ./node_modules/css-tree/cjs/utils/names.cjs: 'analyzed_files'
2025-05-29 12:14:06,462 - utils.folder_summarizer - WARNING - Could not analyze content of ./node_modules/css-tree/cjs/utils/List.cjs: 'analyzed_files'
2025-05-29 12:14:06,463 - utils.folder_summarizer - WARNING - Could not analyze content of ./node_modules/css-tree/cjs/utils/clone.cjs: 'analyzed_files'
2025-05-29 12:14:06,464 - utils.folder_summarizer - WARNING - Could not analyze content of ./node_modules/css-tree/cjs/parser/parse-selector.cjs: 'analyzed_files'
2025-05-29 12:14:06,465 - utils.folder_summarizer - WARNING - Could not analyze content of ./node_modules/css-tree/cjs/parser/SyntaxError.cjs: 'analyzed_files'
2025-05-29 12:14:06,466 - utils.folder_summarizer - WARNING - Could not analyze content of ./node_modules/css-tree/cjs/parser/index.cjs: 'analyzed_files'
2025-05-29 12:14:06,467 - utils.folder_summarizer - WARNING - Could not analyze content of ./node_modules/css-tree/cjs/parser/sequence.cjs: 'analyzed_files'
2025-05-29 12:14:06,469 - utils.folder_summarizer - WARNING - Could not analyze content of ./node_modules/css-tree/cjs/parser/create.cjs: 'analyzed_files'
2025-05-29 12:14:06,472 - utils.folder_summarizer - WARNING - Could not analyze content of ./node_modules/css-tree/cjs/generator/token-before.cjs: 'analyzed_files'
2025-05-29 12:14:06,472 - utils.folder_summarizer - WARNING - Could not analyze content of ./node_modules/css-tree/cjs/generator/index.cjs: 'analyzed_files'
2025-05-29 12:14:06,474 - utils.folder_summarizer - WARNING - Could not analyze content of ./node_modules/css-tree/cjs/generator/sourceMap.cjs: 'analyzed_files'
2025-05-29 12:14:06,475 - utils.folder_summarizer - WARNING - Could not analyze content of ./node_modules/css-tree/cjs/generator/create.cjs: 'analyzed_files'
2025-05-29 12:14:06,476 - utils.folder_summarizer - WARNING - Could not analyze content of ./node_modules/css-tree/cjs/definition-syntax/walk.cjs: 'analyzed_files'
2025-05-29 12:14:06,477 - utils.folder_summarizer - WARNING - Could not analyze content of ./node_modules/css-tree/cjs/definition-syntax/tokenizer.cjs: 'analyzed_files'
2025-05-29 12:14:06,477 - utils.folder_summarizer - WARNING - Could not analyze content of ./node_modules/css-tree/cjs/definition-syntax/SyntaxError.cjs: 'analyzed_files'
2025-05-29 12:14:06,480 - utils.folder_summarizer - WARNING - Could not analyze content of ./node_modules/css-tree/cjs/definition-syntax/parse.cjs: 'analyzed_files'
2025-05-29 12:14:06,481 - utils.folder_summarizer - WARNING - Could not analyze content of ./node_modules/css-tree/cjs/definition-syntax/generate.cjs: 'analyzed_files'
2025-05-29 12:14:06,481 - utils.folder_summarizer - WARNING - Could not analyze content of ./node_modules/css-tree/cjs/definition-syntax/index.cjs: 'analyzed_files'
2025-05-29 12:14:06,482 - utils.folder_summarizer - WARNING - Could not analyze content of ./node_modules/css-tree/cjs/syntax/index.cjs: 'analyzed_files'
2025-05-29 12:14:06,483 - utils.folder_summarizer - WARNING - Could not analyze content of ./node_modules/css-tree/cjs/syntax/create.cjs: 'analyzed_files'
2025-05-29 12:14:06,484 - utils.folder_summarizer - WARNING - Could not analyze content of ./node_modules/css-tree/cjs/syntax/config/lexer.cjs: 'analyzed_files'
2025-05-29 12:14:06,485 - utils.folder_summarizer - WARNING - Could not analyze content of ./node_modules/css-tree/cjs/syntax/config/generator.cjs: 'analyzed_files'
2025-05-29 12:14:06,486 - utils.folder_summarizer - WARNING - Could not analyze content of ./node_modules/css-tree/cjs/syntax/config/mix.cjs: 'analyzed_files'
2025-05-29 12:14:06,487 - utils.folder_summarizer - WARNING - Could not analyze content of ./node_modules/css-tree/cjs/syntax/config/parser.cjs: 'analyzed_files'
2025-05-29 12:14:06,487 - utils.folder_summarizer - WARNING - Could not analyze content of ./node_modules/css-tree/cjs/syntax/config/walker.cjs: 'analyzed_files'
2025-05-29 12:14:06,488 - utils.folder_summarizer - WARNING - Could not analyze content of ./node_modules/css-tree/cjs/syntax/config/parser-selector.cjs: 'analyzed_files'
2025-05-29 12:14:06,489 - utils.folder_summarizer - WARNING - Could not analyze content of ./node_modules/css-tree/cjs/syntax/pseudo/index.cjs: 'analyzed_files'
2025-05-29 12:14:06,490 - utils.folder_summarizer - WARNING - Could not analyze content of ./node_modules/css-tree/cjs/syntax/scope/atrulePrelude.cjs: 'analyzed_files'
2025-05-29 12:14:06,491 - utils.folder_summarizer - WARNING - Could not analyze content of ./node_modules/css-tree/cjs/syntax/scope/default.cjs: 'analyzed_files'
2025-05-29 12:14:06,492 - utils.folder_summarizer - WARNING - Could not analyze content of ./node_modules/css-tree/cjs/syntax/scope/index.cjs: 'analyzed_files'
2025-05-29 12:14:06,493 - utils.folder_summarizer - WARNING - Could not analyze content of ./node_modules/css-tree/cjs/syntax/scope/selector.cjs: 'analyzed_files'
2025-05-29 12:14:06,494 - utils.folder_summarizer - WARNING - Could not analyze content of ./node_modules/css-tree/cjs/syntax/scope/value.cjs: 'analyzed_files'
2025-05-29 12:14:06,495 - utils.folder_summarizer - WARNING - Could not analyze content of ./node_modules/css-tree/cjs/syntax/function/expression.cjs: 'analyzed_files'
2025-05-29 12:14:06,496 - utils.folder_summarizer - WARNING - Could not analyze content of ./node_modules/css-tree/cjs/syntax/function/var.cjs: 'analyzed_files'
2025-05-29 12:14:06,497 - utils.folder_summarizer - WARNING - Could not analyze content of ./node_modules/css-tree/cjs/syntax/node/FeatureRange.cjs: 'analyzed_files'
2025-05-29 12:14:06,498 - utils.folder_summarizer - WARNING - Could not analyze content of ./node_modules/css-tree/cjs/syntax/node/Url.cjs: 'analyzed_files'
2025-05-29 12:14:06,500 - utils.folder_summarizer - WARNING - Could not analyze content of ./node_modules/css-tree/cjs/syntax/node/Block.cjs: 'analyzed_files'
2025-05-29 12:14:06,501 - utils.folder_summarizer - WARNING - Could not analyze content of ./node_modules/css-tree/cjs/syntax/node/Operator.cjs: 'analyzed_files'
2025-05-29 12:14:06,502 - utils.folder_summarizer - WARNING - Could not analyze content of ./node_modules/css-tree/cjs/syntax/node/Ratio.cjs: 'analyzed_files'
2025-05-29 12:14:06,504 - utils.folder_summarizer - WARNING - Could not analyze content of ./node_modules/css-tree/cjs/syntax/node/UnicodeRange.cjs: 'analyzed_files'
2025-05-29 12:14:06,506 - utils.folder_summarizer - WARNING - Could not analyze content of ./node_modules/css-tree/cjs/syntax/node/AnPlusB.cjs: 'analyzed_files'
2025-05-29 12:14:06,509 - utils.folder_summarizer - WARNING - Could not analyze content of ./node_modules/css-tree/cjs/syntax/node/Declaration.cjs: 'analyzed_files'
2025-05-29 12:14:06,510 - memory.enhanced_semantic_search - INFO - Added 2800 items to vector index
2025-05-29 12:14:06,510 - utils.folder_summarizer - WARNING - Could not analyze content of ./node_modules/css-tree/cjs/syntax/node/AttributeSelector.cjs: 'analyzed_files'
2025-05-29 12:14:06,511 - utils.folder_summarizer - WARNING - Could not analyze content of ./node_modules/css-tree/cjs/syntax/node/Comment.cjs: 'analyzed_files'
2025-05-29 12:14:06,512 - utils.folder_summarizer - WARNING - Could not analyze content of ./node_modules/css-tree/cjs/syntax/node/String.cjs: 'analyzed_files'
2025-05-29 12:14:06,513 - utils.folder_summarizer - WARNING - Could not analyze content of ./node_modules/css-tree/cjs/syntax/node/index-parse.cjs: 'analyzed_files'
2025-05-29 12:14:06,514 - utils.folder_summarizer - WARNING - Could not analyze content of ./node_modules/css-tree/cjs/syntax/node/CDO.cjs: 'analyzed_files'
2025-05-29 12:14:06,514 - utils.folder_summarizer - WARNING - Could not analyze content of ./node_modules/css-tree/cjs/syntax/node/WhiteSpace.cjs: 'analyzed_files'
2025-05-29 12:14:06,515 - utils.folder_summarizer - WARNING - Could not analyze content of ./node_modules/css-tree/cjs/syntax/node/AtrulePrelude.cjs: 'analyzed_files'
2025-05-29 12:14:06,516 - utils.folder_summarizer - WARNING - Could not analyze content of ./node_modules/css-tree/cjs/syntax/node/ClassSelector.cjs: 'analyzed_files'
2025-05-29 12:14:06,517 - utils.folder_summarizer - WARNING - Could not analyze content of ./node_modules/css-tree/cjs/syntax/node/StyleSheet.cjs: 'analyzed_files'
2025-05-29 12:14:06,518 - utils.folder_summarizer - WARNING - Could not analyze content of ./node_modules/css-tree/cjs/syntax/node/index-parse-selector.cjs: 'analyzed_files'
2025-05-29 12:14:06,520 - utils.folder_summarizer - WARNING - Could not analyze content of ./node_modules/css-tree/cjs/syntax/node/Condition.cjs: 'analyzed_files'
2025-05-29 12:14:06,521 - utils.folder_summarizer - WARNING - Could not analyze content of ./node_modules/css-tree/cjs/syntax/node/Nth.cjs: 'analyzed_files'
2025-05-29 12:14:06,521 - utils.folder_summarizer - WARNING - Could not analyze content of ./node_modules/css-tree/cjs/syntax/node/DeclarationList.cjs: 'analyzed_files'
2025-05-29 12:14:06,522 - utils.folder_summarizer - WARNING - Could not analyze content of ./node_modules/css-tree/cjs/syntax/node/NestingSelector.cjs: 'analyzed_files'
2025-05-29 12:14:06,523 - utils.folder_summarizer - WARNING - Could not analyze content of ./node_modules/css-tree/cjs/syntax/node/MediaFeature.cjs: 'analyzed_files'
2025-05-29 12:14:06,524 - utils.folder_summarizer - WARNING - Could not analyze content of ./node_modules/css-tree/cjs/syntax/node/Hash.cjs: 'analyzed_files'
2025-05-29 12:14:06,524 - utils.folder_summarizer - WARNING - Could not analyze content of ./node_modules/css-tree/cjs/syntax/node/Identifier.cjs: 'analyzed_files'
2025-05-29 12:14:06,525 - utils.folder_summarizer - WARNING - Could not analyze content of ./node_modules/css-tree/cjs/syntax/node/Parentheses.cjs: 'analyzed_files'
2025-05-29 12:14:06,526 - utils.folder_summarizer - WARNING - Could not analyze content of ./node_modules/css-tree/cjs/syntax/node/IdSelector.cjs: 'analyzed_files'
2025-05-29 12:14:06,527 - utils.folder_summarizer - WARNING - Could not analyze content of ./node_modules/css-tree/cjs/syntax/node/index.cjs: 'analyzed_files'
2025-05-29 12:14:06,528 - utils.folder_summarizer - WARNING - Could not analyze content of ./node_modules/css-tree/cjs/syntax/node/MediaCondition.cjs: 'analyzed_files'
2025-05-29 12:14:06,528 - utils.folder_summarizer - WARNING - Could not analyze content of ./node_modules/css-tree/cjs/syntax/node/Number.cjs: 'analyzed_files'
2025-05-29 12:14:06,529 - utils.folder_summarizer - WARNING - Could not analyze content of ./node_modules/css-tree/cjs/syntax/node/Percentage.cjs: 'analyzed_files'
2025-05-29 12:14:06,530 - utils.folder_summarizer - WARNING - Could not analyze content of ./node_modules/css-tree/cjs/syntax/node/MediaQueryList.cjs: 'analyzed_files'
2025-05-29 12:14:06,531 - utils.folder_summarizer - WARNING - Could not analyze content of ./node_modules/css-tree/cjs/syntax/node/Rule.cjs: 'analyzed_files'
2025-05-29 12:14:06,532 - utils.folder_summarizer - WARNING - Could not analyze content of ./node_modules/css-tree/cjs/syntax/node/Selector.cjs: 'analyzed_files'
2025-05-29 12:14:06,533 - utils.folder_summarizer - WARNING - Could not analyze content of ./node_modules/css-tree/cjs/syntax/node/Feature.cjs: 'analyzed_files'
2025-05-29 12:14:06,533 - utils.folder_summarizer - WARNING - Could not analyze content of ./node_modules/css-tree/cjs/syntax/node/SelectorList.cjs: 'analyzed_files'
2025-05-29 12:14:06,534 - utils.folder_summarizer - WARNING - Could not analyze content of ./node_modules/css-tree/cjs/syntax/node/CDC.cjs: 'analyzed_files'
2025-05-29 12:14:06,535 - utils.folder_summarizer - WARNING - Could not analyze content of ./node_modules/css-tree/cjs/syntax/node/TypeSelector.cjs: 'analyzed_files'
2025-05-29 12:14:06,536 - utils.folder_summarizer - WARNING - Could not analyze content of ./node_modules/css-tree/cjs/syntax/node/PseudoElementSelector.cjs: 'analyzed_files'
2025-05-29 12:14:06,537 - utils.folder_summarizer - WARNING - Could not analyze content of ./node_modules/css-tree/cjs/syntax/node/PseudoClassSelector.cjs: 'analyzed_files'
2025-05-29 12:14:06,538 - utils.folder_summarizer - WARNING - Could not analyze content of ./node_modules/css-tree/cjs/syntax/node/MediaFeatureRange.cjs: 'analyzed_files'
2025-05-29 12:14:06,538 - utils.folder_summarizer - WARNING - Could not analyze content of ./node_modules/css-tree/cjs/syntax/node/Brackets.cjs: 'analyzed_files'
2025-05-29 12:14:06,540 - utils.folder_summarizer - WARNING - Could not analyze content of ./node_modules/css-tree/cjs/syntax/node/Atrule.cjs: 'analyzed_files'
2025-05-29 12:14:06,541 - utils.folder_summarizer - WARNING - Could not analyze content of ./node_modules/css-tree/cjs/syntax/node/Raw.cjs: 'analyzed_files'
2025-05-29 12:14:06,541 - utils.folder_summarizer - WARNING - Could not analyze content of ./node_modules/css-tree/cjs/syntax/node/Function.cjs: 'analyzed_files'
2025-05-29 12:14:06,542 - utils.folder_summarizer - WARNING - Could not analyze content of ./node_modules/css-tree/cjs/syntax/node/GeneralEnclosed.cjs: 'analyzed_files'
2025-05-29 12:14:06,543 - utils.folder_summarizer - WARNING - Could not analyze content of ./node_modules/css-tree/cjs/syntax/node/Dimension.cjs: 'analyzed_files'
2025-05-29 12:14:06,545 - utils.folder_summarizer - WARNING - Could not analyze content of ./node_modules/css-tree/cjs/syntax/node/index-generate.cjs: 'analyzed_files'
2025-05-29 12:14:06,546 - utils.folder_summarizer - WARNING - Could not analyze content of ./node_modules/css-tree/cjs/syntax/node/MediaQuery.cjs: 'analyzed_files'
2025-05-29 12:14:06,547 - utils.folder_summarizer - WARNING - Could not analyze content of ./node_modules/css-tree/cjs/syntax/node/Value.cjs: 'analyzed_files'
2025-05-29 12:14:06,548 - utils.folder_summarizer - WARNING - Could not analyze content of ./node_modules/css-tree/cjs/syntax/node/Combinator.cjs: 'analyzed_files'
2025-05-29 12:14:06,549 - utils.folder_summarizer - WARNING - Could not analyze content of ./node_modules/css-tree/cjs/syntax/node/common/feature.cjs: 'analyzed_files'
2025-05-29 12:14:06,551 - utils.folder_summarizer - WARNING - Could not analyze content of ./node_modules/css-tree/cjs/syntax/node/common/feature-range.cjs: 'analyzed_files'
2025-05-29 12:14:06,552 - utils.folder_summarizer - WARNING - Could not analyze content of ./node_modules/css-tree/cjs/syntax/atrule/supports.cjs: 'analyzed_files'
2025-05-29 12:14:06,553 - utils.folder_summarizer - WARNING - Could not analyze content of ./node_modules/css-tree/cjs/syntax/atrule/nest.cjs: 'analyzed_files'
2025-05-29 12:14:06,554 - utils.folder_summarizer - WARNING - Could not analyze content of ./node_modules/css-tree/cjs/syntax/atrule/page.cjs: 'analyzed_files'
2025-05-29 12:14:06,554 - utils.folder_summarizer - WARNING - Could not analyze content of ./node_modules/css-tree/cjs/syntax/atrule/media.cjs: 'analyzed_files'
2025-05-29 12:14:06,555 - utils.folder_summarizer - WARNING - Could not analyze content of ./node_modules/css-tree/cjs/syntax/atrule/import.cjs: 'analyzed_files'
2025-05-29 12:14:06,556 - utils.folder_summarizer - WARNING - Could not analyze content of ./node_modules/css-tree/cjs/syntax/atrule/index.cjs: 'analyzed_files'
2025-05-29 12:14:06,558 - utils.folder_summarizer - WARNING - Could not analyze content of ./node_modules/css-tree/cjs/syntax/atrule/font-face.cjs: 'analyzed_files'
2025-05-29 12:14:06,559 - utils.folder_summarizer - WARNING - Could not analyze content of ./node_modules/css-tree/cjs/walker/index.cjs: 'analyzed_files'
2025-05-29 12:14:06,561 - utils.folder_summarizer - WARNING - Could not analyze content of ./node_modules/css-tree/cjs/walker/create.cjs: 'analyzed_files'
2025-05-29 12:14:06,562 - utils.folder_summarizer - WARNING - Could not analyze content of ./node_modules/object-hash/LICENSE: 'analyzed_files'
2025-05-29 12:14:06,565 - utils.folder_summarizer - WARNING - Could not analyze content of ./node_modules/object-hash/index.js: 'analyzed_files'
2025-05-29 12:14:06,568 - utils.folder_summarizer - WARNING - Could not analyze content of ./node_modules/object-hash/readme.markdown: 'analyzed_files'
2025-05-29 12:14:06,570 - utils.folder_summarizer - WARNING - Could not analyze content of ./node_modules/object-hash/package.json: 'analyzed_files'
2025-05-29 12:14:06,575 - utils.folder_summarizer - WARNING - Could not analyze content of ./node_modules/object-hash/dist/object_hash.js: 'analyzed_files'
2025-05-29 12:14:06,576 - utils.folder_summarizer - WARNING - Could not analyze content of ./node_modules/svelte-hmr/LICENSE: 'analyzed_files'
2025-05-29 12:14:06,577 - utils.folder_summarizer - WARNING - Could not analyze content of ./node_modules/svelte-hmr/index.js: 'analyzed_files'
2025-05-29 12:14:06,581 - utils.folder_summarizer - WARNING - Could not analyze content of ./node_modules/svelte-hmr/README.md: 'analyzed_files'
2025-05-29 12:14:06,582 - utils.folder_summarizer - WARNING - Could not analyze content of ./node_modules/svelte-hmr/package.json: 'analyzed_files'
2025-05-29 12:14:06,585 - utils.folder_summarizer - WARNING - Could not analyze content of ./node_modules/svelte-hmr/runtime/proxy.js: 'analyzed_files'
2025-05-29 12:14:06,587 - utils.folder_summarizer - WARNING - Could not analyze content of ./node_modules/svelte-hmr/runtime/overlay.js: 'analyzed_files'
2025-05-29 12:14:06,588 - utils.folder_summarizer - WARNING - Could not analyze content of ./node_modules/svelte-hmr/runtime/hot-api-esm.js: 'analyzed_files'
2025-05-29 12:14:06,589 - utils.folder_summarizer - WARNING - Could not analyze content of ./node_modules/svelte-hmr/runtime/index.js: 'analyzed_files'
2025-05-29 12:14:06,591 - utils.folder_summarizer - WARNING - Could not analyze content of ./node_modules/svelte-hmr/runtime/svelte-hooks.js: 'analyzed_files'
2025-05-29 12:14:06,594 - utils.folder_summarizer - WARNING - Could not analyze content of ./node_modules/svelte-hmr/runtime/hot-api.js: 'analyzed_files'
2025-05-29 12:14:06,596 - utils.folder_summarizer - WARNING - Could not analyze content of ./node_modules/svelte-hmr/runtime/proxy-adapter-dom.js: 'analyzed_files'
2025-05-29 12:14:06,599 - utils.folder_summarizer - WARNING - Could not analyze content of ./node_modules/svelte-hmr/runtime/svelte-native/proxy-adapter-native.js: 'analyzed_files'
2025-05-29 12:14:06,602 - utils.folder_summarizer - WARNING - Could not analyze content of ./node_modules/svelte-hmr/runtime/svelte-native/patch-page-show-modal.js: 'analyzed_files'
2025-05-29 12:14:06,603 - utils.folder_summarizer - WARNING - Could not analyze content of ./node_modules/svelte-hmr/lib/css-only.js: 'analyzed_files'
2025-05-29 12:14:06,606 - utils.folder_summarizer - WARNING - Could not analyze content of ./node_modules/svelte-hmr/lib/make-hot.js: 'analyzed_files'
2025-05-29 12:14:06,610 - utils.folder_summarizer - WARNING - Could not analyze content of ./node_modules/aria-query/LICENSE: 'analyzed_files'
2025-05-29 12:14:06,613 - utils.folder_summarizer - WARNING - Could not analyze content of ./node_modules/aria-query/README.md: 'analyzed_files'
2025-05-29 12:14:06,615 - utils.folder_summarizer - WARNING - Could not analyze content of ./node_modules/aria-query/package.json: 'analyzed_files'
2025-05-29 12:14:06,618 - utils.folder_summarizer - WARNING - Could not analyze content of ./node_modules/aria-query/lib/ariaPropsMap.js: 'analyzed_files'
2025-05-29 12:14:06,619 - utils.folder_summarizer - WARNING - Could not analyze content of ./node_modules/aria-query/lib/index.js: 'analyzed_files'
2025-05-29 12:14:06,622 - utils.folder_summarizer - WARNING - Could not analyze content of ./node_modules/aria-query/lib/domMap.js: 'analyzed_files'
2025-05-29 12:14:06,624 - utils.folder_summarizer - WARNING - Could not analyze content of ./node_modules/aria-query/lib/roleElementMap.js: 'analyzed_files'
2025-05-29 12:14:06,626 - utils.folder_summarizer - WARNING - Could not analyze content of ./node_modules/aria-query/lib/elementRoleMap.js: 'analyzed_files'
2025-05-29 12:14:06,629 - utils.folder_summarizer - WARNING - Could not analyze content of ./node_modules/aria-query/lib/rolesMap.js: 'analyzed_files'
2025-05-29 12:14:06,630 - utils.folder_summarizer - WARNING - Could not analyze content of ./node_modules/aria-query/lib/util/iterationDecorator.js: 'analyzed_files'
2025-05-29 12:14:06,630 - utils.folder_summarizer - WARNING - Could not analyze content of ./node_modules/aria-query/lib/util/iteratorProxy.js: 'analyzed_files'
2025-05-29 12:14:06,631 - utils.folder_summarizer - WARNING - Could not analyze content of ./node_modules/aria-query/lib/etc/roles/ariaGraphicsRoles.js: 'analyzed_files'
2025-05-29 12:14:06,634 - utils.folder_summarizer - WARNING - Could not analyze content of ./node_modules/aria-query/lib/etc/roles/ariaLiteralRoles.js: 'analyzed_files'
2025-05-29 12:14:06,636 - utils.folder_summarizer - WARNING - Could not analyze content of ./node_modules/aria-query/lib/etc/roles/ariaDpubRoles.js: 'analyzed_files'
2025-05-29 12:14:06,637 - utils.folder_summarizer - WARNING - Could not analyze content of ./node_modules/aria-query/lib/etc/roles/ariaAbstractRoles.js: 'analyzed_files'
2025-05-29 12:14:06,638 - utils.folder_summarizer - WARNING - Could not analyze content of ./node_modules/aria-query/lib/etc/roles/abstract/rangeRole.js: 'analyzed_files'
2025-05-29 12:14:06,639 - utils.folder_summarizer - WARNING - Could not analyze content of ./node_modules/aria-query/lib/etc/roles/abstract/commandRole.js: 'analyzed_files'
2025-05-29 12:14:06,640 - utils.folder_summarizer - WARNING - Could not analyze content of ./node_modules/aria-query/lib/etc/roles/abstract/roletypeRole.js: 'analyzed_files'
2025-05-29 12:14:06,641 - utils.folder_summarizer - WARNING - Could not analyze content of ./node_modules/aria-query/lib/etc/roles/abstract/landmarkRole.js: 'analyzed_files'
2025-05-29 12:14:06,641 - utils.folder_summarizer - WARNING - Could not analyze content of ./node_modules/aria-query/lib/etc/roles/abstract/compositeRole.js: 'analyzed_files'
2025-05-29 12:14:06,642 - utils.folder_summarizer - WARNING - Could not analyze content of ./node_modules/aria-query/lib/etc/roles/abstract/structureRole.js: 'analyzed_files'
2025-05-29 12:14:06,643 - utils.folder_summarizer - WARNING - Could not analyze content of ./node_modules/aria-query/lib/etc/roles/abstract/selectRole.js: 'analyzed_files'
2025-05-29 12:14:06,644 - utils.folder_summarizer - WARNING - Could not analyze content of ./node_modules/aria-query/lib/etc/roles/abstract/sectionRole.js: 'analyzed_files'
2025-05-29 12:14:06,645 - utils.folder_summarizer - WARNING - Could not analyze content of ./node_modules/aria-query/lib/etc/roles/abstract/windowRole.js: 'analyzed_files'
2025-05-29 12:14:06,645 - utils.folder_summarizer - WARNING - Could not analyze content of ./node_modules/aria-query/lib/etc/roles/abstract/widgetRole.js: 'analyzed_files'
2025-05-29 12:14:06,646 - utils.folder_summarizer - WARNING - Could not analyze content of ./node_modules/aria-query/lib/etc/roles/abstract/sectionheadRole.js: 'analyzed_files'
2025-05-29 12:14:06,647 - memory.enhanced_semantic_search - INFO - Added 2900 items to vector index
2025-05-29 12:14:06,647 - utils.folder_summarizer - WARNING - Could not analyze content of ./node_modules/aria-query/lib/etc/roles/abstract/inputRole.js: 'analyzed_files'
2025-05-29 12:14:06,648 - utils.folder_summarizer - WARNING - Could not analyze content of ./node_modules/aria-query/lib/etc/roles/literal/termRole.js: 'analyzed_files'
2025-05-29 12:14:06,649 - utils.folder_summarizer - WARNING - Could not analyze content of ./node_modules/aria-query/lib/etc/roles/literal/strongRole.js: 'analyzed_files'
2025-05-29 12:14:06,650 - utils.folder_summarizer - WARNING - Could not analyze content of ./node_modules/aria-query/lib/etc/roles/literal/searchboxRole.js: 'analyzed_files'
2025-05-29 12:14:06,651 - utils.folder_summarizer - WARNING - Could not analyze content of ./node_modules/aria-query/lib/etc/roles/literal/tabRole.js: 'analyzed_files'
2025-05-29 12:14:06,652 - utils.folder_summarizer - WARNING - Could not analyze content of ./node_modules/aria-query/lib/etc/roles/literal/menubarRole.js: 'analyzed_files'
2025-05-29 12:14:06,653 - utils.folder_summarizer - WARNING - Could not analyze content of ./node_modules/aria-query/lib/etc/roles/literal/superscriptRole.js: 'analyzed_files'
2025-05-29 12:14:06,655 - utils.folder_summarizer - WARNING - Could not analyze content of ./node_modules/aria-query/lib/etc/roles/literal/comboboxRole.js: 'analyzed_files'
2025-05-29 12:14:06,656 - utils.folder_summarizer - WARNING - Could not analyze content of ./node_modules/aria-query/lib/etc/roles/literal/spinbuttonRole.js: 'analyzed_files'
2025-05-29 12:14:06,658 - utils.folder_summarizer - WARNING - Could not analyze content of ./node_modules/aria-query/lib/etc/roles/literal/linkRole.js: 'analyzed_files'
2025-05-29 12:14:06,658 - utils.folder_summarizer - WARNING - Could not analyze content of ./node_modules/aria-query/lib/etc/roles/literal/navigationRole.js: 'analyzed_files'
2025-05-29 12:14:06,659 - utils.folder_summarizer - WARNING - Could not analyze content of ./node_modules/aria-query/lib/etc/roles/literal/meterRole.js: 'analyzed_files'
2025-05-29 12:14:06,660 - utils.folder_summarizer - WARNING - Could not analyze content of ./node_modules/aria-query/lib/etc/roles/literal/logRole.js: 'analyzed_files'
2025-05-29 12:14:06,661 - utils.folder_summarizer - WARNING - Could not analyze content of ./node_modules/aria-query/lib/etc/roles/literal/contentinfoRole.js: 'analyzed_files'
2025-05-29 12:14:06,662 - utils.folder_summarizer - WARNING - Could not analyze content of ./node_modules/aria-query/lib/etc/roles/literal/tooltipRole.js: 'analyzed_files'
2025-05-29 12:14:06,663 - utils.folder_summarizer - WARNING - Could not analyze content of ./node_modules/aria-query/lib/etc/roles/literal/treegridRole.js: 'analyzed_files'
2025-05-29 12:14:06,664 - utils.folder_summarizer - WARNING - Could not analyze content of ./node_modules/aria-query/lib/etc/roles/literal/menuitemradioRole.js: 'analyzed_files'
2025-05-29 12:14:06,665 - utils.folder_summarizer - WARNING - Could not analyze content of ./node_modules/aria-query/lib/etc/roles/literal/headingRole.js: 'analyzed_files'
2025-05-29 12:14:06,665 - utils.folder_summarizer - WARNING - Could not analyze content of ./node_modules/aria-query/lib/etc/roles/literal/noteRole.js: 'analyzed_files'
2025-05-29 12:14:06,667 - utils.folder_summarizer - WARNING - Could not analyze content of ./node_modules/aria-query/lib/etc/roles/literal/menuRole.js: 'analyzed_files'
2025-05-29 12:14:06,668 - utils.folder_summarizer - WARNING - Could not analyze content of ./node_modules/aria-query/lib/etc/roles/literal/insertionRole.js: 'analyzed_files'
2025-05-29 12:14:06,669 - utils.folder_summarizer - WARNING - Could not analyze content of ./node_modules/aria-query/lib/etc/roles/literal/statusRole.js: 'analyzed_files'
2025-05-29 12:14:06,670 - utils.folder_summarizer - WARNING - Could not analyze content of ./node_modules/aria-query/lib/etc/roles/literal/buttonRole.js: 'analyzed_files'
2025-05-29 12:14:06,671 - utils.folder_summarizer - WARNING - Could not analyze content of ./node_modules/aria-query/lib/etc/roles/literal/subscriptRole.js: 'analyzed_files'
2025-05-29 12:14:06,672 - utils.folder_summarizer - WARNING - Could not analyze content of ./node_modules/aria-query/lib/etc/roles/literal/figureRole.js: 'analyzed_files'
2025-05-29 12:14:06,673 - utils.folder_summarizer - WARNING - Could not analyze content of ./node_modules/aria-query/lib/etc/roles/literal/regionRole.js: 'analyzed_files'
2025-05-29 12:14:06,674 - utils.folder_summarizer - WARNING - Could not analyze content of ./node_modules/aria-query/lib/etc/roles/literal/rowgroupRole.js: 'analyzed_files'
2025-05-29 12:14:06,674 - utils.folder_summarizer - WARNING - Could not analyze content of ./node_modules/aria-query/lib/etc/roles/literal/definitionRole.js: 'analyzed_files'
2025-05-29 12:14:06,675 - utils.folder_summarizer - WARNING - Could not analyze content of ./node_modules/aria-query/lib/etc/roles/literal/timeRole.js: 'analyzed_files'
2025-05-29 12:14:06,676 - utils.folder_summarizer - WARNING - Could not analyze content of ./node_modules/aria-query/lib/etc/roles/literal/timerRole.js: 'analyzed_files'
2025-05-29 12:14:06,677 - utils.folder_summarizer - WARNING - Could not analyze content of ./node_modules/aria-query/lib/etc/roles/literal/listitemRole.js: 'analyzed_files'
2025-05-29 12:14:06,678 - utils.folder_summarizer - WARNING - Could not analyze content of ./node_modules/aria-query/lib/etc/roles/literal/tabpanelRole.js: 'analyzed_files'
2025-05-29 12:14:06,679 - utils.folder_summarizer - WARNING - Could not analyze content of ./node_modules/aria-query/lib/etc/roles/literal/optionRole.js: 'analyzed_files'
2025-05-29 12:14:06,680 - utils.folder_summarizer - WARNING - Could not analyze content of ./node_modules/aria-query/lib/etc/roles/literal/deletionRole.js: 'analyzed_files'
2025-05-29 12:14:06,681 - utils.folder_summarizer - WARNING - Could not analyze content of ./node_modules/aria-query/lib/etc/roles/literal/cellRole.js: 'analyzed_files'
2025-05-29 12:14:06,682 - utils.folder_summarizer - WARNING - Could not analyze content of ./node_modules/aria-query/lib/etc/roles/literal/listboxRole.js: 'analyzed_files'
2025-05-29 12:14:06,684 - utils.folder_summarizer - WARNING - Could not analyze content of ./node_modules/aria-query/lib/etc/roles/literal/formRole.js: 'analyzed_files'
2025-05-29 12:14:06,685 - utils.folder_summarizer - WARNING - Could not analyze content of ./node_modules/aria-query/lib/etc/roles/literal/graphicsObjectRole.js: 'analyzed_files'
2025-05-29 12:14:06,686 - utils.folder_summarizer - WARNING - Could not analyze content of ./node_modules/aria-query/lib/etc/roles/literal/graphicsDocumentRole.js: 'analyzed_files'
2025-05-29 12:14:06,687 - utils.folder_summarizer - WARNING - Could not analyze content of ./node_modules/aria-query/lib/etc/roles/literal/rowRole.js: 'analyzed_files'
2025-05-29 12:14:06,688 - utils.folder_summarizer - WARNING - Could not analyze content of ./node_modules/aria-query/lib/etc/roles/literal/bannerRole.js: 'analyzed_files'
2025-05-29 12:14:06,689 - utils.folder_summarizer - WARNING - Could not analyze content of ./node_modules/aria-query/lib/etc/roles/literal/scrollbarRole.js: 'analyzed_files'
2025-05-29 12:14:06,690 - utils.folder_summarizer - WARNING - Could not analyze content of ./node_modules/aria-query/lib/etc/roles/literal/searchRole.js: 'analyzed_files'
2025-05-29 12:14:06,691 - utils.folder_summarizer - WARNING - Could not analyze content of ./node_modules/aria-query/lib/etc/roles/literal/menuitemRole.js: 'analyzed_files'
2025-05-29 12:14:06,692 - utils.folder_summarizer - WARNING - Could not analyze content of ./node_modules/aria-query/lib/etc/roles/literal/marqueeRole.js: 'analyzed_files'
2025-05-29 12:14:06,693 - utils.folder_summarizer - WARNING - Could not analyze content of ./node_modules/aria-query/lib/etc/roles/literal/directoryRole.js: 'analyzed_files'
2025-05-29 12:14:06,693 - utils.folder_summarizer - WARNING - Could not analyze content of ./node_modules/aria-query/lib/etc/roles/literal/blockquoteRole.js: 'analyzed_files'
2025-05-29 12:14:06,694 - utils.folder_summarizer - WARNING - Could not analyze content of ./node_modules/aria-query/lib/etc/roles/literal/columnheaderRole.js: 'analyzed_files'
2025-05-29 12:14:06,696 - utils.folder_summarizer - WARNING - Could not analyze content of ./node_modules/aria-query/lib/etc/roles/literal/textboxRole.js: 'analyzed_files'
2025-05-29 12:14:06,697 - utils.folder_summarizer - WARNING - Could not analyze content of ./node_modules/aria-query/lib/etc/roles/literal/treeitemRole.js: 'analyzed_files'
2025-05-29 12:14:06,698 - utils.folder_summarizer - WARNING - Could not analyze content of ./node_modules/aria-query/lib/etc/roles/literal/treeRole.js: 'analyzed_files'
2025-05-29 12:14:06,699 - utils.folder_summarizer - WARNING - Could not analyze content of ./node_modules/aria-query/lib/etc/roles/literal/radiogroupRole.js: 'analyzed_files'
2025-05-29 12:14:06,700 - utils.folder_summarizer - WARNING - Could not analyze content of ./node_modules/aria-query/lib/etc/roles/literal/applicationRole.js: 'analyzed_files'
2025-05-29 12:14:06,702 - utils.folder_summarizer - WARNING - Could not analyze content of ./node_modules/aria-query/lib/etc/roles/literal/alertdialogRole.js: 'analyzed_files'
2025-05-29 12:14:06,703 - utils.folder_summarizer - WARNING - Could not analyze content of ./node_modules/aria-query/lib/etc/roles/literal/tablistRole.js: 'analyzed_files'
2025-05-29 12:14:06,704 - utils.folder_summarizer - WARNING - Could not analyze content of ./node_modules/aria-query/lib/etc/roles/literal/documentRole.js: 'analyzed_files'
2025-05-29 12:14:06,705 - utils.folder_summarizer - WARNING - Could not analyze content of ./node_modules/aria-query/lib/etc/roles/literal/captionRole.js: 'analyzed_files'
2025-05-29 12:14:06,706 - utils.folder_summarizer - WARNING - Could not analyze content of ./node_modules/aria-query/lib/etc/roles/literal/imgRole.js: 'analyzed_files'
2025-05-29 12:14:06,708 - utils.folder_summarizer - WARNING - Could not analyze content of ./node_modules/aria-query/lib/etc/roles/literal/genericRole.js: 'analyzed_files'
2025-05-29 12:14:06,709 - utils.folder_summarizer - WARNING - Could not analyze content of ./node_modules/aria-query/lib/etc/roles/literal/separatorRole.js: 'analyzed_files'
2025-05-29 12:14:06,710 - utils.folder_summarizer - WARNING - Could not analyze content of ./node_modules/aria-query/lib/etc/roles/literal/switchRole.js: 'analyzed_files'
2025-05-29 12:14:06,711 - utils.folder_summarizer - WARNING - Could not analyze content of ./node_modules/aria-query/lib/etc/roles/literal/codeRole.js: 'analyzed_files'
2025-05-29 12:14:06,712 - utils.folder_summarizer - WARNING - Could not analyze content of ./node_modules/aria-query/lib/etc/roles/literal/mainRole.js: 'analyzed_files'
2025-05-29 12:14:06,713 - utils.folder_summarizer - WARNING - Could not analyze content of ./node_modules/aria-query/lib/etc/roles/literal/paragraphRole.js: 'analyzed_files'
2025-05-29 12:14:06,714 - utils.folder_summarizer - WARNING - Could not analyze content of ./node_modules/aria-query/lib/etc/roles/literal/progressbarRole.js: 'analyzed_files'
2025-05-29 12:14:06,714 - utils.folder_summarizer - WARNING - Could not analyze content of ./node_modules/aria-query/lib/etc/roles/literal/toolbarRole.js: 'analyzed_files'
2025-05-29 12:14:06,716 - utils.folder_summarizer - WARNING - Could not analyze content of ./node_modules/aria-query/lib/etc/roles/literal/presentationRole.js: 'analyzed_files'
2025-05-29 12:14:06,717 - utils.folder_summarizer - WARNING - Could not analyze content of ./node_modules/aria-query/lib/etc/roles/literal/checkboxRole.js: 'analyzed_files'
2025-05-29 12:14:06,718 - utils.folder_summarizer - WARNING - Could not analyze content of ./node_modules/aria-query/lib/etc/roles/literal/articleRole.js: 'analyzed_files'
2025-05-29 12:14:06,719 - utils.folder_summarizer - WARNING - Could not analyze content of ./node_modules/aria-query/lib/etc/roles/literal/rowheaderRole.js: 'analyzed_files'
2025-05-29 12:14:06,720 - utils.folder_summarizer - WARNING - Could not analyze content of ./node_modules/aria-query/lib/etc/roles/literal/gridRole.js: 'analyzed_files'
2025-05-29 12:14:06,721 - utils.folder_summarizer - WARNING - Could not analyze content of ./node_modules/aria-query/lib/etc/roles/literal/radioRole.js: 'analyzed_files'
2025-05-29 12:14:06,722 - utils.folder_summarizer - WARNING - Could not analyze content of ./node_modules/aria-query/lib/etc/roles/literal/listRole.js: 'analyzed_files'
2025-05-29 12:14:06,723 - utils.folder_summarizer - WARNING - Could not analyze content of ./node_modules/aria-query/lib/etc/roles/literal/emphasisRole.js: 'analyzed_files'
2025-05-29 12:14:06,724 - utils.folder_summarizer - WARNING - Could not analyze content of ./node_modules/aria-query/lib/etc/roles/literal/mathRole.js: 'analyzed_files'
2025-05-29 12:14:06,724 - utils.folder_summarizer - WARNING - Could not analyze content of ./node_modules/aria-query/lib/etc/roles/literal/graphicsSymbolRole.js: 'analyzed_files'
2025-05-29 12:14:06,725 - utils.folder_summarizer - WARNING - Could not analyze content of ./node_modules/aria-query/lib/etc/roles/literal/markRole.js: 'analyzed_files'
2025-05-29 12:14:06,726 - utils.folder_summarizer - WARNING - Could not analyze content of ./node_modules/aria-query/lib/etc/roles/literal/gridcellRole.js: 'analyzed_files'
2025-05-29 12:14:06,727 - utils.folder_summarizer - WARNING - Could not analyze content of ./node_modules/aria-query/lib/etc/roles/literal/tableRole.js: 'analyzed_files'
2025-05-29 12:14:06,729 - utils.folder_summarizer - WARNING - Could not analyze content of ./node_modules/aria-query/lib/etc/roles/literal/complementaryRole.js: 'analyzed_files'
2025-05-29 12:14:06,730 - utils.folder_summarizer - WARNING - Could not analyze content of ./node_modules/aria-query/lib/etc/roles/literal/alertRole.js: 'analyzed_files'
2025-05-29 12:14:06,730 - utils.folder_summarizer - WARNING - Could not analyze content of ./node_modules/aria-query/lib/etc/roles/literal/menuitemcheckboxRole.js: 'analyzed_files'
2025-05-29 12:14:06,731 - utils.folder_summarizer - WARNING - Could not analyze content of ./node_modules/aria-query/lib/etc/roles/literal/dialogRole.js: 'analyzed_files'
2025-05-29 12:14:06,732 - utils.folder_summarizer - WARNING - Could not analyze content of ./node_modules/aria-query/lib/etc/roles/literal/groupRole.js: 'analyzed_files'
2025-05-29 12:14:06,733 - utils.folder_summarizer - WARNING - Could not analyze content of ./node_modules/aria-query/lib/etc/roles/literal/feedRole.js: 'analyzed_files'
2025-05-29 12:14:06,735 - utils.folder_summarizer - WARNING - Could not analyze content of ./node_modules/aria-query/lib/etc/roles/literal/sliderRole.js: 'analyzed_files'
2025-05-29 12:14:06,736 - utils.folder_summarizer - WARNING - Could not analyze content of ./node_modules/aria-query/lib/etc/roles/literal/noneRole.js: 'analyzed_files'
2025-05-29 12:14:06,737 - utils.folder_summarizer - WARNING - Could not analyze content of ./node_modules/aria-query/lib/etc/roles/dpub/docPagelistRole.js: 'analyzed_files'
2025-05-29 12:14:06,738 - utils.folder_summarizer - WARNING - Could not analyze content of ./node_modules/aria-query/lib/etc/roles/dpub/docForewordRole.js: 'analyzed_files'
2025-05-29 12:14:06,739 - utils.folder_summarizer - WARNING - Could not analyze content of ./node_modules/aria-query/lib/etc/roles/dpub/docAcknowledgmentsRole.js: 'analyzed_files'
2025-05-29 12:14:06,740 - utils.folder_summarizer - WARNING - Could not analyze content of ./node_modules/aria-query/lib/etc/roles/dpub/docPageheaderRole.js: 'analyzed_files'
2025-05-29 12:14:06,741 - utils.folder_summarizer - WARNING - Could not analyze content of ./node_modules/aria-query/lib/etc/roles/dpub/docPagebreakRole.js: 'analyzed_files'
2025-05-29 12:14:06,742 - utils.folder_summarizer - WARNING - Could not analyze content of ./node_modules/aria-query/lib/etc/roles/dpub/docBiblioentryRole.js: 'analyzed_files'
2025-05-29 12:14:06,742 - utils.folder_summarizer - WARNING - Could not analyze content of ./node_modules/aria-query/lib/etc/roles/dpub/docAbstractRole.js: 'analyzed_files'
2025-05-29 12:14:06,743 - utils.folder_summarizer - WARNING - Could not analyze content of ./node_modules/aria-query/lib/etc/roles/dpub/docEndnoteRole.js: 'analyzed_files'
2025-05-29 12:14:06,744 - utils.folder_summarizer - WARNING - Could not analyze content of ./node_modules/aria-query/lib/etc/roles/dpub/docBibliographyRole.js: 'analyzed_files'
2025-05-29 12:14:06,745 - utils.folder_summarizer - WARNING - Could not analyze content of ./node_modules/aria-query/lib/etc/roles/dpub/docExampleRole.js: 'analyzed_files'
2025-05-29 12:14:06,746 - utils.folder_summarizer - WARNING - Could not analyze content of ./node_modules/aria-query/lib/etc/roles/dpub/docPrologueRole.js: 'analyzed_files'
2025-05-29 12:14:06,747 - utils.folder_summarizer - WARNING - Could not analyze content of ./node_modules/aria-query/lib/etc/roles/dpub/docCreditRole.js: 'analyzed_files'
2025-05-29 12:14:06,748 - utils.folder_summarizer - WARNING - Could not analyze content of ./node_modules/aria-query/lib/etc/roles/dpub/docGlossaryRole.js: 'analyzed_files'
2025-05-29 12:14:06,749 - memory.enhanced_semantic_search - INFO - Added 3000 items to vector index
2025-05-29 12:14:06,749 - utils.folder_summarizer - WARNING - Could not analyze content of ./node_modules/aria-query/lib/etc/roles/dpub/docBibliorefRole.js: 'analyzed_files'
2025-05-29 12:14:06,750 - utils.folder_summarizer - WARNING - Could not analyze content of ./node_modules/aria-query/lib/etc/roles/dpub/docNoticeRole.js: 'analyzed_files'
2025-05-29 12:14:06,751 - utils.folder_summarizer - WARNING - Could not analyze content of ./node_modules/aria-query/lib/etc/roles/dpub/docAppendixRole.js: 'analyzed_files'
2025-05-29 12:14:06,752 - utils.folder_summarizer - WARNING - Could not analyze content of ./node_modules/aria-query/lib/etc/roles/dpub/docColophonRole.js: 'analyzed_files'
2025-05-29 12:14:06,753 - utils.folder_summarizer - WARNING - Could not analyze content of ./node_modules/aria-query/lib/etc/roles/dpub/docQnaRole.js: 'analyzed_files'
2025-05-29 12:14:06,754 - utils.folder_summarizer - WARNING - Could not analyze content of ./node_modules/aria-query/lib/etc/roles/dpub/docCoverRole.js: 'analyzed_files'
2025-05-29 12:14:06,755 - utils.folder_summarizer - WARNING - Could not analyze content of ./node_modules/aria-query/lib/etc/roles/dpub/docIndexRole.js: 'analyzed_files'
2025-05-29 12:14:06,757 - utils.folder_summarizer - WARNING - Could not analyze content of ./node_modules/aria-query/lib/etc/roles/dpub/docIntroductionRole.js: 'analyzed_files'
2025-05-29 12:14:06,758 - utils.folder_summarizer - WARNING - Could not analyze content of ./node_modules/aria-query/lib/etc/roles/dpub/docDedicationRole.js: 'analyzed_files'
2025-05-29 12:14:06,760 - utils.folder_summarizer - WARNING - Could not analyze content of ./node_modules/aria-query/lib/etc/roles/dpub/docConclusionRole.js: 'analyzed_files'
2025-05-29 12:14:06,761 - utils.folder_summarizer - WARNING - Could not analyze content of ./node_modules/aria-query/lib/etc/roles/dpub/docPartRole.js: 'analyzed_files'
2025-05-29 12:14:06,762 - utils.folder_summarizer - WARNING - Could not analyze content of ./node_modules/aria-query/lib/etc/roles/dpub/docEpilogueRole.js: 'analyzed_files'
2025-05-29 12:14:06,763 - utils.folder_summarizer - WARNING - Could not analyze content of ./node_modules/aria-query/lib/etc/roles/dpub/docPagefooterRole.js: 'analyzed_files'
2025-05-29 12:14:06,764 - utils.folder_summarizer - WARNING - Could not analyze content of ./node_modules/aria-query/lib/etc/roles/dpub/docTocRole.js: 'analyzed_files'
2025-05-29 12:14:06,764 - utils.folder_summarizer - WARNING - Could not analyze content of ./node_modules/aria-query/lib/etc/roles/dpub/docGlossrefRole.js: 'analyzed_files'
2025-05-29 12:14:06,766 - utils.folder_summarizer - WARNING - Could not analyze content of ./node_modules/aria-query/lib/etc/roles/dpub/docBacklinkRole.js: 'analyzed_files'
2025-05-29 12:14:06,766 - utils.folder_summarizer - WARNING - Could not analyze content of ./node_modules/aria-query/lib/etc/roles/dpub/docEpigraphRole.js: 'analyzed_files'
2025-05-29 12:14:06,768 - utils.folder_summarizer - WARNING - Could not analyze content of ./node_modules/aria-query/lib/etc/roles/dpub/docPullquoteRole.js: 'analyzed_files'
2025-05-29 12:14:06,769 - utils.folder_summarizer - WARNING - Could not analyze content of ./node_modules/aria-query/lib/etc/roles/dpub/docSubtitleRole.js: 'analyzed_files'
2025-05-29 12:14:06,770 - utils.folder_summarizer - WARNING - Could not analyze content of ./node_modules/aria-query/lib/etc/roles/dpub/docAfterwordRole.js: 'analyzed_files'
2025-05-29 12:14:06,775 - utils.folder_summarizer - WARNING - Could not analyze content of ./node_modules/aria-query/lib/etc/roles/dpub/docPrefaceRole.js: 'analyzed_files'
2025-05-29 12:14:06,776 - utils.folder_summarizer - WARNING - Could not analyze content of ./node_modules/aria-query/lib/etc/roles/dpub/docChapterRole.js: 'analyzed_files'
2025-05-29 12:14:06,777 - utils.folder_summarizer - WARNING - Could not analyze content of ./node_modules/aria-query/lib/etc/roles/dpub/docErrataRole.js: 'analyzed_files'
2025-05-29 12:14:06,778 - utils.folder_summarizer - WARNING - Could not analyze content of ./node_modules/aria-query/lib/etc/roles/dpub/docCreditsRole.js: 'analyzed_files'
2025-05-29 12:14:06,778 - utils.folder_summarizer - WARNING - Could not analyze content of ./node_modules/aria-query/lib/etc/roles/dpub/docFootnoteRole.js: 'analyzed_files'
2025-05-29 12:14:06,779 - utils.folder_summarizer - WARNING - Could not analyze content of ./node_modules/aria-query/lib/etc/roles/dpub/docTipRole.js: 'analyzed_files'
2025-05-29 12:14:06,780 - utils.folder_summarizer - WARNING - Could not analyze content of ./node_modules/aria-query/lib/etc/roles/dpub/docEndnotesRole.js: 'analyzed_files'
2025-05-29 12:14:06,781 - utils.folder_summarizer - WARNING - Could not analyze content of ./node_modules/aria-query/lib/etc/roles/dpub/docNoterefRole.js: 'analyzed_files'
2025-05-29 12:14:06,782 - utils.folder_summarizer - WARNING - Could not analyze content of ./node_modules/aria-query/lib/etc/roles/graphics/graphicsObjectRole.js: 'analyzed_files'
2025-05-29 12:14:06,783 - utils.folder_summarizer - WARNING - Could not analyze content of ./node_modules/aria-query/lib/etc/roles/graphics/graphicsDocumentRole.js: 'analyzed_files'
2025-05-29 12:14:06,784 - utils.folder_summarizer - WARNING - Could not analyze content of ./node_modules/aria-query/lib/etc/roles/graphics/graphicsSymbolRole.js: 'analyzed_files'
2025-05-29 12:14:06,785 - utils.folder_summarizer - WARNING - Could not analyze content of ./node_modules/nanoid/LICENSE: 'analyzed_files'
2025-05-29 12:14:06,787 - utils.folder_summarizer - WARNING - Could not analyze content of ./node_modules/nanoid/index.d.cts: 'analyzed_files'
2025-05-29 12:14:06,788 - utils.folder_summarizer - WARNING - Could not analyze content of ./node_modules/nanoid/index.browser.js: 'analyzed_files'
2025-05-29 12:14:06,790 - utils.folder_summarizer - WARNING - Could not analyze content of ./node_modules/nanoid/index.js: 'analyzed_files'
2025-05-29 12:14:06,791 - utils.folder_summarizer - WARNING - Could not analyze content of ./node_modules/nanoid/README.md: 'analyzed_files'
2025-05-29 12:14:06,793 - utils.folder_summarizer - WARNING - Could not analyze content of ./node_modules/nanoid/package.json: 'analyzed_files'
2025-05-29 12:14:06,795 - utils.folder_summarizer - WARNING - Could not analyze content of ./node_modules/nanoid/index.browser.cjs: 'analyzed_files'
2025-05-29 12:14:06,797 - utils.folder_summarizer - WARNING - Could not analyze content of ./node_modules/nanoid/index.cjs: 'analyzed_files'
2025-05-29 12:14:06,798 - utils.folder_summarizer - WARNING - Could not analyze content of ./node_modules/nanoid/nanoid.js: 'analyzed_files'
2025-05-29 12:14:06,801 - utils.folder_summarizer - WARNING - Could not analyze content of ./node_modules/nanoid/index.d.ts: 'analyzed_files'
2025-05-29 12:14:06,802 - utils.folder_summarizer - WARNING - Could not analyze content of ./node_modules/nanoid/bin/nanoid.cjs: 'analyzed_files'
2025-05-29 12:14:06,803 - utils.folder_summarizer - WARNING - Could not analyze content of ./node_modules/nanoid/async/index.browser.js: 'analyzed_files'
2025-05-29 12:14:06,804 - utils.folder_summarizer - WARNING - Could not analyze content of ./node_modules/nanoid/async/index.js: 'analyzed_files'
2025-05-29 12:14:06,805 - utils.folder_summarizer - WARNING - Could not analyze content of ./node_modules/nanoid/async/package.json: 'analyzed_files'
2025-05-29 12:14:06,809 - utils.folder_summarizer - WARNING - Could not analyze content of ./node_modules/nanoid/async/index.browser.cjs: 'analyzed_files'
2025-05-29 12:14:06,811 - utils.folder_summarizer - WARNING - Could not analyze content of ./node_modules/nanoid/async/index.cjs: 'analyzed_files'
2025-05-29 12:14:06,812 - utils.folder_summarizer - WARNING - Could not analyze content of ./node_modules/nanoid/async/index.native.js: 'analyzed_files'
2025-05-29 12:14:06,814 - utils.folder_summarizer - WARNING - Could not analyze content of ./node_modules/nanoid/async/index.d.ts: 'analyzed_files'
2025-05-29 12:14:06,815 - utils.folder_summarizer - WARNING - Could not analyze content of ./node_modules/nanoid/non-secure/index.js: 'analyzed_files'
2025-05-29 12:14:06,816 - utils.folder_summarizer - WARNING - Could not analyze content of ./node_modules/nanoid/non-secure/package.json: 'analyzed_files'
2025-05-29 12:14:06,818 - utils.folder_summarizer - WARNING - Could not analyze content of ./node_modules/nanoid/non-secure/index.cjs: 'analyzed_files'
2025-05-29 12:14:06,820 - utils.folder_summarizer - WARNING - Could not analyze content of ./node_modules/nanoid/non-secure/index.d.ts: 'analyzed_files'
2025-05-29 12:14:06,820 - utils.folder_summarizer - WARNING - Could not analyze content of ./node_modules/nanoid/url-alphabet/index.js: 'analyzed_files'
2025-05-29 12:14:06,821 - utils.folder_summarizer - WARNING - Could not analyze content of ./node_modules/nanoid/url-alphabet/package.json: 'analyzed_files'
2025-05-29 12:14:06,822 - utils.folder_summarizer - WARNING - Could not analyze content of ./node_modules/nanoid/url-alphabet/index.cjs: 'analyzed_files'
2025-05-29 12:14:06,823 - utils.folder_summarizer - WARNING - Could not analyze content of ./node_modules/buffer-crc32/LICENSE: 'analyzed_files'
2025-05-29 12:14:06,825 - utils.folder_summarizer - WARNING - Could not analyze content of ./node_modules/buffer-crc32/README.md: 'analyzed_files'
2025-05-29 12:14:06,826 - utils.folder_summarizer - WARNING - Could not analyze content of ./node_modules/buffer-crc32/package.json: 'analyzed_files'
2025-05-29 12:14:06,827 - utils.folder_summarizer - WARNING - Could not analyze content of ./node_modules/buffer-crc32/index.d.ts: 'analyzed_files'
2025-05-29 12:14:06,828 - utils.folder_summarizer - WARNING - Could not analyze content of ./node_modules/buffer-crc32/dist/index.d.mts: 'analyzed_files'
2025-05-29 12:14:06,829 - utils.folder_summarizer - WARNING - Could not analyze content of ./node_modules/buffer-crc32/dist/index.d.cts: 'analyzed_files'
2025-05-29 12:14:06,832 - utils.folder_summarizer - WARNING - Could not analyze content of ./node_modules/buffer-crc32/dist/index.cjs: 'analyzed_files'
2025-05-29 12:14:06,835 - utils.folder_summarizer - WARNING - Could not analyze content of ./node_modules/buffer-crc32/dist/index.mjs: 'analyzed_files'
2025-05-29 12:14:06,836 - utils.folder_summarizer - WARNING - Could not analyze content of ./node_modules/acorn/LICENSE: 'analyzed_files'
2025-05-29 12:14:06,841 - utils.folder_summarizer - WARNING - Could not analyze content of ./node_modules/acorn/CHANGELOG.md: 'analyzed_files'
2025-05-29 12:14:06,844 - utils.folder_summarizer - WARNING - Could not analyze content of ./node_modules/acorn/README.md: 'analyzed_files'
2025-05-29 12:14:06,845 - utils.folder_summarizer - WARNING - Could not analyze content of ./node_modules/acorn/package.json: 'analyzed_files'
2025-05-29 12:14:06,846 - utils.folder_summarizer - WARNING - Could not analyze content of ./node_modules/acorn/bin/acorn: 'analyzed_files'
2025-05-29 12:14:06,848 - utils.folder_summarizer - WARNING - Could not analyze content of ./node_modules/acorn/dist/bin.js: 'analyzed_files'
2025-05-29 12:14:06,863 - utils.folder_summarizer - WARNING - Could not analyze content of ./node_modules/acorn/dist/acorn.mjs: 'analyzed_files'
2025-05-29 12:14:06,866 - utils.folder_summarizer - WARNING - Could not analyze content of ./node_modules/acorn/dist/acorn.d.ts: 'analyzed_files'
2025-05-29 12:14:06,881 - utils.folder_summarizer - WARNING - Could not analyze content of ./node_modules/acorn/dist/acorn.js: 'analyzed_files'
2025-05-29 12:14:06,885 - utils.folder_summarizer - WARNING - Could not analyze content of ./node_modules/acorn/dist/acorn.d.mts: 'analyzed_files'
2025-05-29 12:14:06,888 - utils.folder_summarizer - WARNING - Could not analyze content of ./node_modules/ts-interface-checker/LICENSE: 'analyzed_files'
2025-05-29 12:14:06,891 - utils.folder_summarizer - WARNING - Could not analyze content of ./node_modules/ts-interface-checker/README.md: 'analyzed_files'
2025-05-29 12:14:06,892 - utils.folder_summarizer - WARNING - Could not analyze content of ./node_modules/ts-interface-checker/package.json: 'analyzed_files'
2025-05-29 12:14:06,894 - utils.folder_summarizer - WARNING - Could not analyze content of ./node_modules/ts-interface-checker/dist/util.js: 'analyzed_files'
2025-05-29 12:14:06,897 - utils.folder_summarizer - WARNING - Could not analyze content of ./node_modules/ts-interface-checker/dist/types.js: 'analyzed_files'
2025-05-29 12:14:06,900 - utils.folder_summarizer - WARNING - Could not analyze content of ./node_modules/ts-interface-checker/dist/types.d.ts: 'analyzed_files'
2025-05-29 12:14:06,903 - utils.folder_summarizer - WARNING - Could not analyze content of ./node_modules/ts-interface-checker/dist/index.js: 'analyzed_files'
2025-05-29 12:14:06,904 - utils.folder_summarizer - WARNING - Could not analyze content of ./node_modules/ts-interface-checker/dist/util.d.ts: 'analyzed_files'
2025-05-29 12:14:06,907 - utils.folder_summarizer - WARNING - Could not analyze content of ./node_modules/ts-interface-checker/dist/index.d.ts: 'analyzed_files'
2025-05-29 12:14:06,908 - utils.folder_summarizer - WARNING - Could not analyze content of ./node_modules/@nodelib/fs.walk/LICENSE: 'analyzed_files'
2025-05-29 12:14:06,911 - utils.folder_summarizer - WARNING - Could not analyze content of ./node_modules/@nodelib/fs.walk/README.md: 'analyzed_files'
2025-05-29 12:14:06,912 - utils.folder_summarizer - WARNING - Could not analyze content of ./node_modules/@nodelib/fs.walk/package.json: 'analyzed_files'
2025-05-29 12:14:06,913 - utils.folder_summarizer - WARNING - Could not analyze content of ./node_modules/@nodelib/fs.walk/out/settings.d.ts: 'analyzed_files'
2025-05-29 12:14:06,914 - utils.folder_summarizer - WARNING - Could not analyze content of ./node_modules/@nodelib/fs.walk/out/index.js: 'analyzed_files'
2025-05-29 12:14:06,915 - utils.folder_summarizer - WARNING - Could not analyze content of ./node_modules/@nodelib/fs.walk/out/index.d.ts: 'analyzed_files'
2025-05-29 12:14:06,916 - utils.folder_summarizer - WARNING - Could not analyze content of ./node_modules/@nodelib/fs.walk/out/settings.js: 'analyzed_files'
2025-05-29 12:14:06,916 - utils.folder_summarizer - WARNING - Could not analyze content of ./node_modules/@nodelib/fs.walk/out/types/index.js: 'analyzed_files'
2025-05-29 12:14:06,917 - utils.folder_summarizer - WARNING - Could not analyze content of ./node_modules/@nodelib/fs.walk/out/types/index.d.ts: 'analyzed_files'
2025-05-29 12:14:06,918 - utils.folder_summarizer - WARNING - Could not analyze content of ./node_modules/@nodelib/fs.walk/out/providers/stream.js: 'analyzed_files'
2025-05-29 12:14:06,919 - utils.folder_summarizer - WARNING - Could not analyze content of ./node_modules/@nodelib/fs.walk/out/providers/sync.js: 'analyzed_files'
2025-05-29 12:14:06,920 - utils.folder_summarizer - WARNING - Could not analyze content of ./node_modules/@nodelib/fs.walk/out/providers/index.js: 'analyzed_files'
2025-05-29 12:14:06,920 - utils.folder_summarizer - WARNING - Could not analyze content of ./node_modules/@nodelib/fs.walk/out/providers/sync.d.ts: 'analyzed_files'
2025-05-29 12:14:06,921 - utils.folder_summarizer - WARNING - Could not analyze content of ./node_modules/@nodelib/fs.walk/out/providers/stream.d.ts: 'analyzed_files'
2025-05-29 12:14:06,922 - utils.folder_summarizer - WARNING - Could not analyze content of ./node_modules/@nodelib/fs.walk/out/providers/async.js: 'analyzed_files'
2025-05-29 12:14:06,922 - utils.folder_summarizer - WARNING - Could not analyze content of ./node_modules/@nodelib/fs.walk/out/providers/index.d.ts: 'analyzed_files'
2025-05-29 12:14:06,923 - utils.folder_summarizer - WARNING - Could not analyze content of ./node_modules/@nodelib/fs.walk/out/providers/async.d.ts: 'analyzed_files'
2025-05-29 12:14:06,924 - memory.enhanced_semantic_search - INFO - Added 3100 items to vector index
2025-05-29 12:14:06,924 - utils.folder_summarizer - WARNING - Could not analyze content of ./node_modules/@nodelib/fs.walk/out/readers/common.d.ts: 'analyzed_files'
2025-05-29 12:14:06,925 - utils.folder_summarizer - WARNING - Could not analyze content of ./node_modules/@nodelib/fs.walk/out/readers/sync.js: 'analyzed_files'
2025-05-29 12:14:06,926 - utils.folder_summarizer - WARNING - Could not analyze content of ./node_modules/@nodelib/fs.walk/out/readers/sync.d.ts: 'analyzed_files'
2025-05-29 12:14:06,926 - utils.folder_summarizer - WARNING - Could not analyze content of ./node_modules/@nodelib/fs.walk/out/readers/reader.d.ts: 'analyzed_files'
2025-05-29 12:14:06,928 - utils.folder_summarizer - WARNING - Could not analyze content of ./node_modules/@nodelib/fs.walk/out/readers/async.js: 'analyzed_files'
2025-05-29 12:14:06,929 - utils.folder_summarizer - WARNING - Could not analyze content of ./node_modules/@nodelib/fs.walk/out/readers/common.js: 'analyzed_files'
2025-05-29 12:14:06,929 - utils.folder_summarizer - WARNING - Could not analyze content of ./node_modules/@nodelib/fs.walk/out/readers/reader.js: 'analyzed_files'
2025-05-29 12:14:06,930 - utils.folder_summarizer - WARNING - Could not analyze content of ./node_modules/@nodelib/fs.walk/out/readers/async.d.ts: 'analyzed_files'
2025-05-29 12:14:06,931 - utils.folder_summarizer - WARNING - Could not analyze content of ./node_modules/@nodelib/fs.stat/LICENSE: 'analyzed_files'
2025-05-29 12:14:06,933 - utils.folder_summarizer - WARNING - Could not analyze content of ./node_modules/@nodelib/fs.stat/README.md: 'analyzed_files'
2025-05-29 12:14:06,934 - utils.folder_summarizer - WARNING - Could not analyze content of ./node_modules/@nodelib/fs.stat/package.json: 'analyzed_files'
2025-05-29 12:14:06,935 - utils.folder_summarizer - WARNING - Could not analyze content of ./node_modules/@nodelib/fs.stat/out/settings.d.ts: 'analyzed_files'
2025-05-29 12:14:06,936 - utils.folder_summarizer - WARNING - Could not analyze content of ./node_modules/@nodelib/fs.stat/out/index.js: 'analyzed_files'
2025-05-29 12:14:06,937 - utils.folder_summarizer - WARNING - Could not analyze content of ./node_modules/@nodelib/fs.stat/out/index.d.ts: 'analyzed_files'
2025-05-29 12:14:06,937 - utils.folder_summarizer - WARNING - Could not analyze content of ./node_modules/@nodelib/fs.stat/out/settings.js: 'analyzed_files'
2025-05-29 12:14:06,938 - utils.folder_summarizer - WARNING - Could not analyze content of ./node_modules/@nodelib/fs.stat/out/types/index.js: 'analyzed_files'
2025-05-29 12:14:06,938 - utils.folder_summarizer - WARNING - Could not analyze content of ./node_modules/@nodelib/fs.stat/out/types/index.d.ts: 'analyzed_files'
2025-05-29 12:14:06,939 - utils.folder_summarizer - WARNING - Could not analyze content of ./node_modules/@nodelib/fs.stat/out/providers/sync.js: 'analyzed_files'
2025-05-29 12:14:06,939 - utils.folder_summarizer - WARNING - Could not analyze content of ./node_modules/@nodelib/fs.stat/out/providers/sync.d.ts: 'analyzed_files'
2025-05-29 12:14:06,940 - utils.folder_summarizer - WARNING - Could not analyze content of ./node_modules/@nodelib/fs.stat/out/providers/async.js: 'analyzed_files'
2025-05-29 12:14:06,941 - utils.folder_summarizer - WARNING - Could not analyze content of ./node_modules/@nodelib/fs.stat/out/providers/async.d.ts: 'analyzed_files'
2025-05-29 12:14:06,941 - utils.folder_summarizer - WARNING - Could not analyze content of ./node_modules/@nodelib/fs.stat/out/adapters/fs.d.ts: 'analyzed_files'
2025-05-29 12:14:06,942 - utils.folder_summarizer - WARNING - Could not analyze content of ./node_modules/@nodelib/fs.stat/out/adapters/fs.js: 'analyzed_files'
2025-05-29 12:14:06,943 - utils.folder_summarizer - WARNING - Could not analyze content of ./node_modules/@nodelib/fs.scandir/LICENSE: 'analyzed_files'
2025-05-29 12:14:06,946 - utils.folder_summarizer - WARNING - Could not analyze content of ./node_modules/@nodelib/fs.scandir/README.md: 'analyzed_files'
2025-05-29 12:14:06,946 - utils.folder_summarizer - WARNING - Could not analyze content of ./node_modules/@nodelib/fs.scandir/package.json: 'analyzed_files'
2025-05-29 12:14:06,947 - utils.folder_summarizer - WARNING - Could not analyze content of ./node_modules/@nodelib/fs.scandir/out/constants.js: 'analyzed_files'
2025-05-29 12:14:06,948 - utils.folder_summarizer - WARNING - Could not analyze content of ./node_modules/@nodelib/fs.scandir/out/constants.d.ts: 'analyzed_files'
2025-05-29 12:14:06,948 - utils.folder_summarizer - WARNING - Could not analyze content of ./node_modules/@nodelib/fs.scandir/out/settings.d.ts: 'analyzed_files'
2025-05-29 12:14:06,949 - utils.folder_summarizer - WARNING - Could not analyze content of ./node_modules/@nodelib/fs.scandir/out/index.js: 'analyzed_files'
2025-05-29 12:14:06,950 - utils.folder_summarizer - WARNING - Could not analyze content of ./node_modules/@nodelib/fs.scandir/out/index.d.ts: 'analyzed_files'
2025-05-29 12:14:06,951 - utils.folder_summarizer - WARNING - Could not analyze content of ./node_modules/@nodelib/fs.scandir/out/settings.js: 'analyzed_files'
2025-05-29 12:14:06,952 - utils.folder_summarizer - WARNING - Could not analyze content of ./node_modules/@nodelib/fs.scandir/out/types/index.js: 'analyzed_files'
2025-05-29 12:14:06,952 - utils.folder_summarizer - WARNING - Could not analyze content of ./node_modules/@nodelib/fs.scandir/out/types/index.d.ts: 'analyzed_files'
2025-05-29 12:14:06,953 - utils.folder_summarizer - WARNING - Could not analyze content of ./node_modules/@nodelib/fs.scandir/out/providers/common.d.ts: 'analyzed_files'
2025-05-29 12:14:06,954 - utils.folder_summarizer - WARNING - Could not analyze content of ./node_modules/@nodelib/fs.scandir/out/providers/sync.js: 'analyzed_files'
2025-05-29 12:14:06,955 - utils.folder_summarizer - WARNING - Could not analyze content of ./node_modules/@nodelib/fs.scandir/out/providers/sync.d.ts: 'analyzed_files'
2025-05-29 12:14:06,956 - utils.folder_summarizer - WARNING - Could not analyze content of ./node_modules/@nodelib/fs.scandir/out/providers/async.js: 'analyzed_files'
2025-05-29 12:14:06,957 - utils.folder_summarizer - WARNING - Could not analyze content of ./node_modules/@nodelib/fs.scandir/out/providers/common.js: 'analyzed_files'
2025-05-29 12:14:06,957 - utils.folder_summarizer - WARNING - Could not analyze content of ./node_modules/@nodelib/fs.scandir/out/providers/async.d.ts: 'analyzed_files'
2025-05-29 12:14:06,958 - utils.folder_summarizer - WARNING - Could not analyze content of ./node_modules/@nodelib/fs.scandir/out/utils/index.js: 'analyzed_files'
2025-05-29 12:14:06,958 - utils.folder_summarizer - WARNING - Could not analyze content of ./node_modules/@nodelib/fs.scandir/out/utils/fs.d.ts: 'analyzed_files'
2025-05-29 12:14:06,959 - utils.folder_summarizer - WARNING - Could not analyze content of ./node_modules/@nodelib/fs.scandir/out/utils/index.d.ts: 'analyzed_files'
2025-05-29 12:14:06,960 - utils.folder_summarizer - WARNING - Could not analyze content of ./node_modules/@nodelib/fs.scandir/out/utils/fs.js: 'analyzed_files'
2025-05-29 12:14:06,960 - utils.folder_summarizer - WARNING - Could not analyze content of ./node_modules/@nodelib/fs.scandir/out/adapters/fs.d.ts: 'analyzed_files'
2025-05-29 12:14:06,961 - utils.folder_summarizer - WARNING - Could not analyze content of ./node_modules/@nodelib/fs.scandir/out/adapters/fs.js: 'analyzed_files'
2025-05-29 12:14:06,963 - utils.folder_summarizer - WARNING - Could not analyze content of ./node_modules/signal-exit/README.md: 'analyzed_files'
2025-05-29 12:14:06,964 - utils.folder_summarizer - WARNING - Could not analyze content of ./node_modules/signal-exit/package.json: 'analyzed_files'
2025-05-29 12:14:06,965 - utils.folder_summarizer - WARNING - Could not analyze content of ./node_modules/signal-exit/LICENSE.txt: 'analyzed_files'
2025-05-29 12:14:06,968 - utils.folder_summarizer - WARNING - Could not analyze content of ./node_modules/signal-exit/dist/mjs/signals.js.map: 'analyzed_files'
2025-05-29 12:14:06,969 - utils.folder_summarizer - WARNING - Could not analyze content of ./node_modules/signal-exit/dist/mjs/signals.js: 'analyzed_files'
2025-05-29 12:14:06,972 - utils.folder_summarizer - WARNING - Could not analyze content of ./node_modules/signal-exit/dist/mjs/index.js: 'analyzed_files'
2025-05-29 12:14:06,972 - utils.folder_summarizer - WARNING - Could not analyze content of ./node_modules/signal-exit/dist/mjs/browser.d.ts.map: 'analyzed_files'
2025-05-29 12:14:06,973 - utils.folder_summarizer - WARNING - Could not analyze content of ./node_modules/signal-exit/dist/mjs/package.json: 'analyzed_files'
2025-05-29 12:14:06,973 - utils.folder_summarizer - WARNING - Could not analyze content of ./node_modules/signal-exit/dist/mjs/browser.js.map: 'analyzed_files'
2025-05-29 12:14:06,974 - utils.folder_summarizer - WARNING - Could not analyze content of ./node_modules/signal-exit/dist/mjs/signals.d.ts.map: 'analyzed_files'
2025-05-29 12:14:06,978 - utils.folder_summarizer - WARNING - Could not analyze content of ./node_modules/signal-exit/dist/mjs/index.js.map: 'analyzed_files'
2025-05-29 12:14:06,979 - utils.folder_summarizer - WARNING - Could not analyze content of ./node_modules/signal-exit/dist/mjs/index.d.ts: 'analyzed_files'
2025-05-29 12:14:06,980 - utils.folder_summarizer - WARNING - Could not analyze content of ./node_modules/signal-exit/dist/mjs/signals.d.ts: 'analyzed_files'
2025-05-29 12:14:06,980 - utils.folder_summarizer - WARNING - Could not analyze content of ./node_modules/signal-exit/dist/mjs/browser.js: 'analyzed_files'
2025-05-29 12:14:06,981 - utils.folder_summarizer - WARNING - Could not analyze content of ./node_modules/signal-exit/dist/mjs/browser.d.ts: 'analyzed_files'
2025-05-29 12:14:06,982 - utils.folder_summarizer - WARNING - Could not analyze content of ./node_modules/signal-exit/dist/mjs/index.d.ts.map: 'analyzed_files'
2025-05-29 12:14:06,983 - utils.folder_summarizer - WARNING - Could not analyze content of ./node_modules/signal-exit/dist/cjs/signals.js.map: 'analyzed_files'
2025-05-29 12:14:06,985 - utils.folder_summarizer - WARNING - Could not analyze content of ./node_modules/signal-exit/dist/cjs/signals.js: 'analyzed_files'
2025-05-29 12:14:06,987 - utils.folder_summarizer - WARNING - Could not analyze content of ./node_modules/signal-exit/dist/cjs/index.js: 'analyzed_files'
2025-05-29 12:14:06,988 - utils.folder_summarizer - WARNING - Could not analyze content of ./node_modules/signal-exit/dist/cjs/browser.d.ts.map: 'analyzed_files'
2025-05-29 12:14:06,989 - utils.folder_summarizer - WARNING - Could not analyze content of ./node_modules/signal-exit/dist/cjs/package.json: 'analyzed_files'
2025-05-29 12:14:06,989 - utils.folder_summarizer - WARNING - Could not analyze content of ./node_modules/signal-exit/dist/cjs/browser.js.map: 'analyzed_files'
2025-05-29 12:14:06,990 - utils.folder_summarizer - WARNING - Could not analyze content of ./node_modules/signal-exit/dist/cjs/signals.d.ts.map: 'analyzed_files'
2025-05-29 12:14:06,994 - utils.folder_summarizer - WARNING - Could not analyze content of ./node_modules/signal-exit/dist/cjs/index.js.map: 'analyzed_files'
2025-05-29 12:14:06,995 - utils.folder_summarizer - WARNING - Could not analyze content of ./node_modules/signal-exit/dist/cjs/index.d.ts: 'analyzed_files'
2025-05-29 12:14:06,996 - utils.folder_summarizer - WARNING - Could not analyze content of ./node_modules/signal-exit/dist/cjs/signals.d.ts: 'analyzed_files'
2025-05-29 12:14:06,996 - utils.folder_summarizer - WARNING - Could not analyze content of ./node_modules/signal-exit/dist/cjs/browser.js: 'analyzed_files'
2025-05-29 12:14:06,997 - utils.folder_summarizer - WARNING - Could not analyze content of ./node_modules/signal-exit/dist/cjs/browser.d.ts: 'analyzed_files'
2025-05-29 12:14:06,998 - utils.folder_summarizer - WARNING - Could not analyze content of ./node_modules/signal-exit/dist/cjs/index.d.ts.map: 'analyzed_files'
2025-05-29 12:14:06,999 - utils.folder_summarizer - WARNING - Could not analyze content of ./node_modules/postcss-js/LICENSE: 'analyzed_files'
2025-05-29 12:14:07,000 - utils.folder_summarizer - WARNING - Could not analyze content of ./node_modules/postcss-js/sync.js: 'analyzed_files'
2025-05-29 12:14:07,001 - utils.folder_summarizer - WARNING - Could not analyze content of ./node_modules/postcss-js/index.js: 'analyzed_files'
2025-05-29 12:14:07,002 - utils.folder_summarizer - WARNING - Could not analyze content of ./node_modules/postcss-js/README.md: 'analyzed_files'
2025-05-29 12:14:07,003 - utils.folder_summarizer - WARNING - Could not analyze content of ./node_modules/postcss-js/objectifier.js: 'analyzed_files'
2025-05-29 12:14:07,004 - utils.folder_summarizer - WARNING - Could not analyze content of ./node_modules/postcss-js/async.js: 'analyzed_files'
2025-05-29 12:14:07,004 - utils.folder_summarizer - WARNING - Could not analyze content of ./node_modules/postcss-js/process-result.js: 'analyzed_files'
2025-05-29 12:14:07,005 - utils.folder_summarizer - WARNING - Could not analyze content of ./node_modules/postcss-js/package.json: 'analyzed_files'
2025-05-29 12:14:07,006 - utils.folder_summarizer - WARNING - Could not analyze content of ./node_modules/postcss-js/index.mjs: 'analyzed_files'
2025-05-29 12:14:07,007 - utils.folder_summarizer - WARNING - Could not analyze content of ./node_modules/postcss-js/parser.js: 'analyzed_files'
2025-05-29 12:14:07,008 - utils.folder_summarizer - WARNING - Could not analyze content of ./node_modules/wrap-ansi/license: 'analyzed_files'
2025-05-29 12:14:07,011 - utils.folder_summarizer - WARNING - Could not analyze content of ./node_modules/wrap-ansi/index.js: 'analyzed_files'
2025-05-29 12:14:07,012 - utils.folder_summarizer - WARNING - Could not analyze content of ./node_modules/wrap-ansi/readme.md: 'analyzed_files'
2025-05-29 12:14:07,013 - utils.folder_summarizer - WARNING - Could not analyze content of ./node_modules/wrap-ansi/package.json: 'analyzed_files'
2025-05-29 12:14:07,015 - utils.folder_summarizer - WARNING - Could not analyze content of ./node_modules/wrap-ansi/index.d.ts: 'analyzed_files'
2025-05-29 12:14:07,015 - utils.folder_summarizer - WARNING - Could not analyze content of ./node_modules/once/LICENSE: 'analyzed_files'
2025-05-29 12:14:07,017 - utils.folder_summarizer - WARNING - Could not analyze content of ./node_modules/once/README.md: 'analyzed_files'
2025-05-29 12:14:07,018 - utils.folder_summarizer - WARNING - Could not analyze content of ./node_modules/once/package.json: 'analyzed_files'
2025-05-29 12:14:07,019 - utils.folder_summarizer - WARNING - Could not analyze content of ./node_modules/once/once.js: 'analyzed_files'
2025-05-29 12:14:07,020 - utils.folder_summarizer - WARNING - Could not analyze content of ./node_modules/magic-string/LICENSE: 'analyzed_files'
2025-05-29 12:14:07,023 - utils.folder_summarizer - WARNING - Could not analyze content of ./node_modules/magic-string/README.md: 'analyzed_files'
2025-05-29 12:14:07,024 - utils.folder_summarizer - WARNING - Could not analyze content of ./node_modules/magic-string/package.json: 'analyzed_files'
2025-05-29 12:14:07,029 - utils.folder_summarizer - WARNING - Could not analyze content of ./node_modules/magic-string/dist/magic-string.es.mjs: 'analyzed_files'
2025-05-29 12:14:07,033 - utils.folder_summarizer - WARNING - Could not analyze content of ./node_modules/magic-string/dist/magic-string.cjs.js: 'analyzed_files'
2025-05-29 12:14:07,043 - utils.folder_summarizer - WARNING - Could not analyze content of ./node_modules/magic-string/dist/magic-string.umd.js.map: 'analyzed_files'
2025-05-29 12:14:07,047 - memory.enhanced_semantic_search - INFO - Added 3200 items to vector index
2025-05-29 12:14:07,047 - utils.folder_summarizer - WARNING - Could not analyze content of ./node_modules/magic-string/dist/magic-string.umd.js: 'analyzed_files'
2025-05-29 12:14:07,050 - utils.folder_summarizer - WARNING - Could not analyze content of ./node_modules/magic-string/dist/magic-string.cjs.d.ts: 'analyzed_files'
2025-05-29 12:14:07,059 - utils.folder_summarizer - WARNING - Could not analyze content of ./node_modules/magic-string/dist/magic-string.cjs.js.map: 'analyzed_files'
2025-05-29 12:14:07,061 - utils.folder_summarizer - WARNING - Could not analyze content of ./node_modules/magic-string/dist/magic-string.es.d.mts: 'analyzed_files'
2025-05-29 12:14:07,070 - utils.folder_summarizer - WARNING - Could not analyze content of ./node_modules/magic-string/dist/magic-string.es.mjs.map: 'analyzed_files'
2025-05-29 12:14:07,071 - utils.folder_summarizer - WARNING - Could not analyze content of ./node_modules/picomatch/LICENSE: 'analyzed_files'
2025-05-29 12:14:07,074 - utils.folder_summarizer - WARNING - Could not analyze content of ./node_modules/picomatch/CHANGELOG.md: 'analyzed_files'
2025-05-29 12:14:07,075 - utils.folder_summarizer - WARNING - Could not analyze content of ./node_modules/picomatch/index.js: 'analyzed_files'
2025-05-29 12:14:07,078 - utils.folder_summarizer - WARNING - Could not analyze content of ./node_modules/picomatch/README.md: 'analyzed_files'
2025-05-29 12:14:07,080 - utils.folder_summarizer - WARNING - Could not analyze content of ./node_modules/picomatch/package.json: 'analyzed_files'
2025-05-29 12:14:07,082 - utils.folder_summarizer - WARNING - Could not analyze content of ./node_modules/picomatch/lib/constants.js: 'analyzed_files'
2025-05-29 12:14:07,085 - utils.folder_summarizer - WARNING - Could not analyze content of ./node_modules/picomatch/lib/parse.js: 'analyzed_files'
2025-05-29 12:14:07,089 - utils.folder_summarizer - WARNING - Could not analyze content of ./node_modules/picomatch/lib/picomatch.js: 'analyzed_files'
2025-05-29 12:14:07,090 - utils.folder_summarizer - WARNING - Could not analyze content of ./node_modules/picomatch/lib/utils.js: 'analyzed_files'
2025-05-29 12:14:07,092 - utils.folder_summarizer - WARNING - Could not analyze content of ./node_modules/picomatch/lib/scan.js: 'analyzed_files'
2025-05-29 12:14:07,093 - utils.folder_summarizer - WARNING - Could not analyze content of ./node_modules/function-bind/LICENSE: 'analyzed_files'
2025-05-29 12:14:07,096 - utils.folder_summarizer - WARNING - Could not analyze content of ./node_modules/function-bind/CHANGELOG.md: 'analyzed_files'
2025-05-29 12:14:07,097 - utils.folder_summarizer - WARNING - Could not analyze content of ./node_modules/function-bind/.eslintrc: 'analyzed_files'
2025-05-29 12:14:07,097 - utils.folder_summarizer - WARNING - Could not analyze content of ./node_modules/function-bind/index.js: 'analyzed_files'
2025-05-29 12:14:07,099 - utils.folder_summarizer - WARNING - Could not analyze content of ./node_modules/function-bind/README.md: 'analyzed_files'
2025-05-29 12:14:07,100 - utils.folder_summarizer - WARNING - Could not analyze content of ./node_modules/function-bind/package.json: 'analyzed_files'
2025-05-29 12:14:07,101 - utils.folder_summarizer - WARNING - Could not analyze content of ./node_modules/function-bind/.nycrc: 'analyzed_files'
2025-05-29 12:14:07,102 - utils.folder_summarizer - WARNING - Could not analyze content of ./node_modules/function-bind/implementation.js: 'analyzed_files'
2025-05-29 12:14:07,103 - utils.folder_summarizer - WARNING - Could not analyze content of ./node_modules/function-bind/test/.eslintrc: 'analyzed_files'
2025-05-29 12:14:07,106 - utils.folder_summarizer - WARNING - Could not analyze content of ./node_modules/function-bind/test/index.js: 'analyzed_files'
2025-05-29 12:14:07,108 - utils.folder_summarizer - WARNING - Could not analyze content of ./node_modules/function-bind/.github/FUNDING.yml: 'analyzed_files'
2025-05-29 12:14:07,108 - utils.folder_summarizer - WARNING - Could not analyze content of ./node_modules/function-bind/.github/SECURITY.md: 'analyzed_files'
2025-05-29 12:14:07,109 - utils.folder_summarizer - WARNING - Could not analyze content of ./node_modules/is-glob/LICENSE: 'analyzed_files'
2025-05-29 12:14:07,111 - utils.folder_summarizer - WARNING - Could not analyze content of ./node_modules/is-glob/index.js: 'analyzed_files'
2025-05-29 12:14:07,114 - utils.folder_summarizer - WARNING - Could not analyze content of ./node_modules/is-glob/README.md: 'analyzed_files'
2025-05-29 12:14:07,115 - utils.folder_summarizer - WARNING - Could not analyze content of ./node_modules/is-glob/package.json: 'analyzed_files'
2025-05-29 12:14:07,117 - utils.folder_summarizer - WARNING - Could not analyze content of ./node_modules/is-fullwidth-code-point/license: 'analyzed_files'
2025-05-29 12:14:07,118 - utils.folder_summarizer - WARNING - Could not analyze content of ./node_modules/is-fullwidth-code-point/index.js: 'analyzed_files'
2025-05-29 12:14:07,119 - utils.folder_summarizer - WARNING - Could not analyze content of ./node_modules/is-fullwidth-code-point/readme.md: 'analyzed_files'
2025-05-29 12:14:07,120 - utils.folder_summarizer - WARNING - Could not analyze content of ./node_modules/is-fullwidth-code-point/package.json: 'analyzed_files'
2025-05-29 12:14:07,120 - utils.folder_summarizer - WARNING - Could not analyze content of ./node_modules/is-fullwidth-code-point/index.d.ts: 'analyzed_files'
2025-05-29 12:14:07,124 - utils.folder_summarizer - WARNING - Could not analyze content of ./node_modules/@ampproject/remapping/LICENSE: 'analyzed_files'
2025-05-29 12:14:07,126 - utils.folder_summarizer - WARNING - Could not analyze content of ./node_modules/@ampproject/remapping/README.md: 'analyzed_files'
2025-05-29 12:14:07,128 - utils.folder_summarizer - WARNING - Could not analyze content of ./node_modules/@ampproject/remapping/package.json: 'analyzed_files'
2025-05-29 12:14:07,131 - utils.folder_summarizer - WARNING - Could not analyze content of ./node_modules/@ampproject/remapping/dist/remapping.mjs.map: 'analyzed_files'
2025-05-29 12:14:07,135 - utils.folder_summarizer - WARNING - Could not analyze content of ./node_modules/@ampproject/remapping/dist/remapping.umd.js: 'analyzed_files'
2025-05-29 12:14:07,137 - utils.folder_summarizer - WARNING - Could not analyze content of ./node_modules/@ampproject/remapping/dist/remapping.mjs: 'analyzed_files'
2025-05-29 12:14:07,141 - utils.folder_summarizer - WARNING - Could not analyze content of ./node_modules/@ampproject/remapping/dist/remapping.umd.js.map: 'analyzed_files'
2025-05-29 12:14:07,142 - utils.folder_summarizer - WARNING - Could not analyze content of ./node_modules/@ampproject/remapping/dist/types/types.d.ts: 'analyzed_files'
2025-05-29 12:14:07,143 - utils.folder_summarizer - WARNING - Could not analyze content of ./node_modules/@ampproject/remapping/dist/types/build-source-map-tree.d.ts: 'analyzed_files'
2025-05-29 12:14:07,144 - utils.folder_summarizer - WARNING - Could not analyze content of ./node_modules/@ampproject/remapping/dist/types/source-map-tree.d.ts: 'analyzed_files'
2025-05-29 12:14:07,144 - utils.folder_summarizer - WARNING - Could not analyze content of ./node_modules/@ampproject/remapping/dist/types/source-map.d.ts: 'analyzed_files'
2025-05-29 12:14:07,145 - utils.folder_summarizer - WARNING - Could not analyze content of ./node_modules/@ampproject/remapping/dist/types/remapping.d.ts: 'analyzed_files'
2025-05-29 12:14:07,146 - utils.folder_summarizer - WARNING - Could not analyze content of ./node_modules/inherits/LICENSE: 'analyzed_files'
2025-05-29 12:14:07,147 - utils.folder_summarizer - WARNING - Could not analyze content of ./node_modules/inherits/inherits_browser.js: 'analyzed_files'
2025-05-29 12:14:07,148 - utils.folder_summarizer - WARNING - Could not analyze content of ./node_modules/inherits/README.md: 'analyzed_files'
2025-05-29 12:14:07,149 - utils.folder_summarizer - WARNING - Could not analyze content of ./node_modules/inherits/package.json: 'analyzed_files'
2025-05-29 12:14:07,149 - utils.folder_summarizer - WARNING - Could not analyze content of ./node_modules/inherits/inherits.js: 'analyzed_files'
2025-05-29 12:14:07,151 - utils.folder_summarizer - WARNING - Could not analyze content of ./node_modules/anymatch/LICENSE: 'analyzed_files'
2025-05-29 12:14:07,153 - utils.folder_summarizer - WARNING - Could not analyze content of ./node_modules/anymatch/index.js: 'analyzed_files'
2025-05-29 12:14:07,155 - utils.folder_summarizer - WARNING - Could not analyze content of ./node_modules/anymatch/README.md: 'analyzed_files'
2025-05-29 12:14:07,157 - utils.folder_summarizer - WARNING - Could not analyze content of ./node_modules/anymatch/package.json: 'analyzed_files'
2025-05-29 12:14:07,157 - utils.folder_summarizer - WARNING - Could not analyze content of ./node_modules/anymatch/index.d.ts: 'analyzed_files'
2025-05-29 12:14:07,159 - utils.folder_summarizer - WARNING - Could not analyze content of ./node_modules/color-name/LICENSE: 'analyzed_files'
2025-05-29 12:14:07,161 - utils.folder_summarizer - WARNING - Could not analyze content of ./node_modules/color-name/index.js: 'analyzed_files'
2025-05-29 12:14:07,162 - utils.folder_summarizer - WARNING - Could not analyze content of ./node_modules/color-name/README.md: 'analyzed_files'
2025-05-29 12:14:07,163 - utils.folder_summarizer - WARNING - Could not analyze content of ./node_modules/color-name/package.json: 'analyzed_files'
2025-05-29 12:14:07,163 - utils.folder_summarizer - WARNING - Could not analyze content of ./node_modules/chokidar/LICENSE: 'analyzed_files'
2025-05-29 12:14:07,167 - utils.folder_summarizer - WARNING - Could not analyze content of ./node_modules/chokidar/index.js: 'analyzed_files'
2025-05-29 12:14:07,170 - utils.folder_summarizer - WARNING - Could not analyze content of ./node_modules/chokidar/README.md: 'analyzed_files'
2025-05-29 12:14:07,171 - utils.folder_summarizer - WARNING - Could not analyze content of ./node_modules/chokidar/package.json: 'analyzed_files'
2025-05-29 12:14:07,174 - utils.folder_summarizer - WARNING - Could not analyze content of ./node_modules/chokidar/types/index.d.ts: 'analyzed_files'
2025-05-29 12:14:07,175 - utils.folder_summarizer - WARNING - Could not analyze content of ./node_modules/chokidar/node_modules/glob-parent/LICENSE: 'analyzed_files'
2025-05-29 12:14:07,178 - utils.folder_summarizer - WARNING - Could not analyze content of ./node_modules/chokidar/node_modules/glob-parent/CHANGELOG.md: 'analyzed_files'
2025-05-29 12:14:07,179 - utils.folder_summarizer - WARNING - Could not analyze content of ./node_modules/chokidar/node_modules/glob-parent/index.js: 'analyzed_files'
2025-05-29 12:14:07,181 - utils.folder_summarizer - WARNING - Could not analyze content of ./node_modules/chokidar/node_modules/glob-parent/README.md: 'analyzed_files'
2025-05-29 12:14:07,182 - utils.folder_summarizer - WARNING - Could not analyze content of ./node_modules/chokidar/node_modules/glob-parent/package.json: 'analyzed_files'
2025-05-29 12:14:07,184 - utils.folder_summarizer - WARNING - Could not analyze content of ./node_modules/chokidar/lib/constants.js: 'analyzed_files'
2025-05-29 12:14:07,187 - utils.folder_summarizer - WARNING - Could not analyze content of ./node_modules/chokidar/lib/fsevents-handler.js: 'analyzed_files'
2025-05-29 12:14:07,190 - utils.folder_summarizer - WARNING - Could not analyze content of ./node_modules/chokidar/lib/nodefs-handler.js: 'analyzed_files'
2025-05-29 12:14:07,191 - utils.folder_summarizer - WARNING - Could not analyze content of ./node_modules/postcss/LICENSE: 'analyzed_files'
2025-05-29 12:14:07,192 - utils.folder_summarizer - WARNING - Could not analyze content of ./node_modules/postcss/README.md: 'analyzed_files'
2025-05-29 12:14:07,193 - utils.folder_summarizer - WARNING - Could not analyze content of ./node_modules/postcss/package.json: 'analyzed_files'
2025-05-29 12:14:07,195 - utils.folder_summarizer - WARNING - Could not analyze content of ./node_modules/postcss/lib/postcss.js: 'analyzed_files'
2025-05-29 12:14:07,197 - utils.folder_summarizer - WARNING - Could not analyze content of ./node_modules/postcss/lib/rule.d.ts: 'analyzed_files'
2025-05-29 12:14:07,199 - utils.folder_summarizer - WARNING - Could not analyze content of ./node_modules/postcss/lib/lazy-result.d.ts: 'analyzed_files'
2025-05-29 12:14:07,201 - utils.folder_summarizer - WARNING - Could not analyze content of ./node_modules/postcss/lib/stringifier.js: 'analyzed_files'
2025-05-29 12:14:07,202 - utils.folder_summarizer - WARNING - Could not analyze content of ./node_modules/postcss/lib/stringify.js: 'analyzed_files'
2025-05-29 12:14:07,203 - utils.folder_summarizer - WARNING - Could not analyze content of ./node_modules/postcss/lib/css-syntax-error.js: 'analyzed_files'
2025-05-29 12:14:07,205 - utils.folder_summarizer - WARNING - Could not analyze content of ./node_modules/postcss/lib/previous-map.d.ts: 'analyzed_files'
2025-05-29 12:14:07,205 - utils.folder_summarizer - WARNING - Could not analyze content of ./node_modules/postcss/lib/postcss.d.mts: 'analyzed_files'
2025-05-29 12:14:07,209 - utils.folder_summarizer - WARNING - Could not analyze content of ./node_modules/postcss/lib/result.d.ts: 'analyzed_files'
2025-05-29 12:14:07,210 - utils.folder_summarizer - WARNING - Could not analyze content of ./node_modules/postcss/lib/at-rule.js: 'analyzed_files'
2025-05-29 12:14:07,210 - utils.folder_summarizer - WARNING - Could not analyze content of ./node_modules/postcss/lib/declaration.js: 'analyzed_files'
2025-05-29 12:14:07,211 - utils.folder_summarizer - WARNING - Could not analyze content of ./node_modules/postcss/lib/parse.d.ts: 'analyzed_files'
2025-05-29 12:14:07,212 - utils.folder_summarizer - WARNING - Could not analyze content of ./node_modules/postcss/lib/warning.js: 'analyzed_files'
2025-05-29 12:14:07,213 - utils.folder_summarizer - WARNING - Could not analyze content of ./node_modules/postcss/lib/processor.js: 'analyzed_files'
2025-05-29 12:14:07,215 - utils.folder_summarizer - WARNING - Could not analyze content of ./node_modules/postcss/lib/previous-map.js: 'analyzed_files'
2025-05-29 12:14:07,216 - utils.folder_summarizer - WARNING - Could not analyze content of ./node_modules/postcss/lib/fromJSON.js: 'analyzed_files'
2025-05-29 12:14:07,218 - utils.folder_summarizer - WARNING - Could not analyze content of ./node_modules/postcss/lib/input.d.ts: 'analyzed_files'
2025-05-29 12:14:07,220 - utils.folder_summarizer - WARNING - Could not analyze content of ./node_modules/postcss/lib/at-rule.d.ts: 'analyzed_files'
2025-05-29 12:14:07,221 - utils.folder_summarizer - WARNING - Could not analyze content of ./node_modules/postcss/lib/stringifier.d.ts: 'analyzed_files'
2025-05-29 12:14:07,223 - utils.folder_summarizer - WARNING - Could not analyze content of ./node_modules/postcss/lib/map-generator.js: 'analyzed_files'
2025-05-29 12:14:07,224 - utils.folder_summarizer - WARNING - Could not analyze content of ./node_modules/postcss/lib/comment.d.ts: 'analyzed_files'
2025-05-29 12:14:07,226 - utils.folder_summarizer - WARNING - Could not analyze content of ./node_modules/postcss/lib/declaration.d.ts: 'analyzed_files'
2025-05-29 12:14:07,228 - memory.enhanced_semantic_search - INFO - Added 3300 items to vector index
2025-05-29 12:14:07,228 - utils.folder_summarizer - WARNING - Could not analyze content of ./node_modules/postcss/lib/processor.d.ts: 'analyzed_files'
2025-05-29 12:14:07,228 - utils.folder_summarizer - WARNING - Could not analyze content of ./node_modules/postcss/lib/list.js: 'analyzed_files'
2025-05-29 12:14:07,229 - utils.folder_summarizer - WARNING - Could not analyze content of ./node_modules/postcss/lib/warn-once.js: 'analyzed_files'
2025-05-29 12:14:07,233 - utils.folder_summarizer - WARNING - Could not analyze content of ./node_modules/postcss/lib/lazy-result.js: 'analyzed_files'
2025-05-29 12:14:07,234 - utils.folder_summarizer - WARNING - Could not analyze content of ./node_modules/postcss/lib/postcss.mjs: 'analyzed_files'
2025-05-29 12:14:07,235 - utils.folder_summarizer - WARNING - Could not analyze content of ./node_modules/postcss/lib/comment.js: 'analyzed_files'
2025-05-29 12:14:07,237 - utils.folder_summarizer - WARNING - Could not analyze content of ./node_modules/postcss/lib/postcss.d.ts: 'analyzed_files'
2025-05-29 12:14:07,240 - utils.folder_summarizer - WARNING - Could not analyze content of ./node_modules/postcss/lib/container.d.ts: 'analyzed_files'
2025-05-29 12:14:07,241 - utils.folder_summarizer - WARNING - Could not analyze content of ./node_modules/postcss/lib/stringify.d.ts: 'analyzed_files'
2025-05-29 12:14:07,242 - utils.folder_summarizer - WARNING - Could not analyze content of ./node_modules/postcss/lib/document.d.ts: 'analyzed_files'
2025-05-29 12:14:07,245 - utils.folder_summarizer - WARNING - Could not analyze content of ./node_modules/postcss/lib/node.js: 'analyzed_files'
2025-05-29 12:14:07,246 - utils.folder_summarizer - WARNING - Could not analyze content of ./node_modules/postcss/lib/parse.js: 'analyzed_files'
2025-05-29 12:14:07,247 - utils.folder_summarizer - WARNING - Could not analyze content of ./node_modules/postcss/lib/root.js: 'analyzed_files'
2025-05-29 12:14:07,247 - utils.folder_summarizer - WARNING - Could not analyze content of ./node_modules/postcss/lib/fromJSON.d.ts: 'analyzed_files'
2025-05-29 12:14:07,248 - utils.folder_summarizer - WARNING - Could not analyze content of ./node_modules/postcss/lib/list.d.ts: 'analyzed_files'
2025-05-29 12:14:07,250 - utils.folder_summarizer - WARNING - Could not analyze content of ./node_modules/postcss/lib/no-work-result.d.ts: 'analyzed_files'
2025-05-29 12:14:07,252 - utils.folder_summarizer - WARNING - Could not analyze content of ./node_modules/postcss/lib/tokenize.js: 'analyzed_files'
2025-05-29 12:14:07,253 - utils.folder_summarizer - WARNING - Could not analyze content of ./node_modules/postcss/lib/rule.js: 'analyzed_files'
2025-05-29 12:14:07,255 - utils.folder_summarizer - WARNING - Could not analyze content of ./node_modules/postcss/lib/css-syntax-error.d.ts: 'analyzed_files'
2025-05-29 12:14:07,256 - utils.folder_summarizer - WARNING - Could not analyze content of ./node_modules/postcss/lib/symbols.js: 'analyzed_files'
2025-05-29 12:14:07,259 - utils.folder_summarizer - WARNING - Could not analyze content of ./node_modules/postcss/lib/no-work-result.js: 'analyzed_files'
2025-05-29 12:14:07,259 - utils.folder_summarizer - WARNING - Could not analyze content of ./node_modules/postcss/lib/result.js: 'analyzed_files'
2025-05-29 12:14:07,260 - utils.folder_summarizer - WARNING - Could not analyze content of ./node_modules/postcss/lib/terminal-highlight.js: 'analyzed_files'
2025-05-29 12:14:07,262 - utils.folder_summarizer - WARNING - Could not analyze content of ./node_modules/postcss/lib/warning.d.ts: 'analyzed_files'
2025-05-29 12:14:07,264 - utils.folder_summarizer - WARNING - Could not analyze content of ./node_modules/postcss/lib/container.js: 'analyzed_files'
2025-05-29 12:14:07,268 - utils.folder_summarizer - WARNING - Could not analyze content of ./node_modules/postcss/lib/parser.js: 'analyzed_files'
2025-05-29 12:14:07,271 - utils.folder_summarizer - WARNING - Could not analyze content of ./node_modules/postcss/lib/node.d.ts: 'analyzed_files'
2025-05-29 12:14:07,272 - utils.folder_summarizer - WARNING - Could not analyze content of ./node_modules/postcss/lib/root.d.ts: 'analyzed_files'
2025-05-29 12:14:07,274 - utils.folder_summarizer - WARNING - Could not analyze content of ./node_modules/postcss/lib/input.js: 'analyzed_files'
2025-05-29 12:14:07,275 - utils.folder_summarizer - WARNING - Could not analyze content of ./node_modules/postcss/lib/document.js: 'analyzed_files'
2025-05-29 12:14:07,276 - utils.folder_summarizer - WARNING - Could not analyze content of ./node_modules/arg/LICENSE.md: 'analyzed_files'
2025-05-29 12:14:07,278 - utils.folder_summarizer - WARNING - Could not analyze content of ./node_modules/arg/index.js: 'analyzed_files'
2025-05-29 12:14:07,280 - utils.folder_summarizer - WARNING - Could not analyze content of ./node_modules/arg/README.md: 'analyzed_files'
2025-05-29 12:14:07,281 - utils.folder_summarizer - WARNING - Could not analyze content of ./node_modules/arg/package.json: 'analyzed_files'
2025-05-29 12:14:07,282 - utils.folder_summarizer - WARNING - Could not analyze content of ./node_modules/arg/index.d.ts: 'analyzed_files'
2025-05-29 12:14:07,284 - utils.folder_summarizer - WARNING - Could not analyze content of ./node_modules/jackspeak/LICENSE.md: 'analyzed_files'
2025-05-29 12:14:07,286 - utils.folder_summarizer - WARNING - Could not analyze content of ./node_modules/jackspeak/README.md: 'analyzed_files'
2025-05-29 12:14:07,288 - utils.folder_summarizer - WARNING - Could not analyze content of ./node_modules/jackspeak/package.json: 'analyzed_files'
2025-05-29 12:14:07,288 - utils.folder_summarizer - WARNING - Could not analyze content of ./node_modules/jackspeak/dist/esm/parse-args.d.ts.map: 'analyzed_files'
2025-05-29 12:14:07,292 - utils.folder_summarizer - WARNING - Could not analyze content of ./node_modules/jackspeak/dist/esm/index.js: 'analyzed_files'
2025-05-29 12:14:07,293 - utils.folder_summarizer - WARNING - Could not analyze content of ./node_modules/jackspeak/dist/esm/parse-args.js.map: 'analyzed_files'
2025-05-29 12:14:07,294 - utils.folder_summarizer - WARNING - Could not analyze content of ./node_modules/jackspeak/dist/esm/parse-args.js: 'analyzed_files'
2025-05-29 12:14:07,294 - utils.folder_summarizer - WARNING - Could not analyze content of ./node_modules/jackspeak/dist/esm/package.json: 'analyzed_files'
2025-05-29 12:14:07,295 - utils.folder_summarizer - WARNING - Could not analyze content of ./node_modules/jackspeak/dist/esm/parse-args.d.ts: 'analyzed_files'
2025-05-29 12:14:07,301 - utils.folder_summarizer - WARNING - Could not analyze content of ./node_modules/jackspeak/dist/esm/index.js.map: 'analyzed_files'
2025-05-29 12:14:07,304 - utils.folder_summarizer - WARNING - Could not analyze content of ./node_modules/jackspeak/dist/esm/index.d.ts: 'analyzed_files'
2025-05-29 12:14:07,307 - utils.folder_summarizer - WARNING - Could not analyze content of ./node_modules/jackspeak/dist/esm/index.d.ts.map: 'analyzed_files'
2025-05-29 12:14:07,308 - utils.folder_summarizer - WARNING - Could not analyze content of ./node_modules/jackspeak/dist/commonjs/parse-args-cjs.d.cts.map: 'analyzed_files'
2025-05-29 12:14:07,311 - utils.folder_summarizer - WARNING - Could not analyze content of ./node_modules/jackspeak/dist/commonjs/index.js: 'analyzed_files'
2025-05-29 12:14:07,312 - utils.folder_summarizer - WARNING - Could not analyze content of ./node_modules/jackspeak/dist/commonjs/parse-args.js: 'analyzed_files'
2025-05-29 12:14:07,312 - utils.folder_summarizer - WARNING - Could not analyze content of ./node_modules/jackspeak/dist/commonjs/package.json: 'analyzed_files'
2025-05-29 12:14:07,313 - utils.folder_summarizer - WARNING - Could not analyze content of ./node_modules/jackspeak/dist/commonjs/parse-args.d.ts: 'analyzed_files'
2025-05-29 12:14:07,320 - utils.folder_summarizer - WARNING - Could not analyze content of ./node_modules/jackspeak/dist/commonjs/index.js.map: 'analyzed_files'
2025-05-29 12:14:07,321 - utils.folder_summarizer - WARNING - Could not analyze content of ./node_modules/jackspeak/dist/commonjs/parse-args-cjs.cjs.map: 'analyzed_files'
2025-05-29 12:14:07,323 - utils.folder_summarizer - WARNING - Could not analyze content of ./node_modules/jackspeak/dist/commonjs/index.d.ts: 'analyzed_files'
2025-05-29 12:14:07,326 - utils.folder_summarizer - WARNING - Could not analyze content of ./node_modules/jackspeak/dist/commonjs/index.d.ts.map: 'analyzed_files'
2025-05-29 12:14:07,328 - utils.folder_summarizer - WARNING - Could not analyze content of ./node_modules/sander/CHANGELOG.md: 'analyzed_files'
2025-05-29 12:14:07,329 - utils.folder_summarizer - WARNING - Could not analyze content of ./node_modules/sander/package.json: 'analyzed_files'
2025-05-29 12:14:07,334 - utils.folder_summarizer - WARNING - Could not analyze content of ./node_modules/sander/dist/sander.cjs.js.map: 'analyzed_files'
2025-05-29 12:14:07,337 - utils.folder_summarizer - WARNING - Could not analyze content of ./node_modules/sander/dist/sander.es6.js: 'analyzed_files'
2025-05-29 12:14:07,341 - utils.folder_summarizer - WARNING - Could not analyze content of ./node_modules/sander/dist/sander.es6.js.map: 'analyzed_files'
2025-05-29 12:14:07,344 - utils.folder_summarizer - WARNING - Could not analyze content of ./node_modules/sander/dist/sander.es.js: 'analyzed_files'
2025-05-29 12:14:07,349 - utils.folder_summarizer - WARNING - Could not analyze content of ./node_modules/sander/dist/sander.es.js.map: 'analyzed_files'
2025-05-29 12:14:07,352 - utils.folder_summarizer - WARNING - Could not analyze content of ./node_modules/sander/dist/sander.cjs.js: 'analyzed_files'
2025-05-29 12:14:07,354 - utils.folder_summarizer - WARNING - Could not analyze content of ./node_modules/sander/src/sander.js: 'analyzed_files'
2025-05-29 12:14:07,355 - utils.folder_summarizer - WARNING - Could not analyze content of ./node_modules/sander/src/specialMethods/exists.js: 'analyzed_files'
2025-05-29 12:14:07,355 - utils.folder_summarizer - WARNING - Could not analyze content of ./node_modules/sander/src/specialMethods/link-rename.js: 'analyzed_files'
2025-05-29 12:14:07,356 - utils.folder_summarizer - WARNING - Could not analyze content of ./node_modules/sander/src/specialMethods/symlink.js: 'analyzed_files'
2025-05-29 12:14:07,357 - utils.folder_summarizer - WARNING - Could not analyze content of ./node_modules/sander/src/specialMethods/writeFile-appendFile.js: 'analyzed_files'
2025-05-29 12:14:07,357 - utils.folder_summarizer - WARNING - Could not analyze content of ./node_modules/sander/src/specialMethods/createReadStream-createWriteStream.js: 'analyzed_files'
2025-05-29 12:14:07,358 - utils.folder_summarizer - WARNING - Could not analyze content of ./node_modules/sander/src/specialMethods/mkdir.js: 'analyzed_files'
2025-05-29 12:14:07,359 - utils.folder_summarizer - WARNING - Could not analyze content of ./node_modules/sander/src/specialMethods/open.js: 'analyzed_files'
2025-05-29 12:14:07,360 - utils.folder_summarizer - WARNING - Could not analyze content of ./node_modules/sander/src/extraMethods/lsr.js: 'analyzed_files'
2025-05-29 12:14:07,360 - utils.folder_summarizer - WARNING - Could not analyze content of ./node_modules/sander/src/extraMethods/symlinkOrCopy.js: 'analyzed_files'
2025-05-29 12:14:07,361 - utils.folder_summarizer - WARNING - Could not analyze content of ./node_modules/sander/src/extraMethods/copyFile.js: 'analyzed_files'
2025-05-29 12:14:07,362 - utils.folder_summarizer - WARNING - Could not analyze content of ./node_modules/sander/src/extraMethods/rimraf.js: 'analyzed_files'
2025-05-29 12:14:07,363 - utils.folder_summarizer - WARNING - Could not analyze content of ./node_modules/sander/src/extraMethods/copydir.js: 'analyzed_files'
2025-05-29 12:14:07,363 - utils.folder_summarizer - WARNING - Could not analyze content of ./node_modules/sander/src/utils/resolvePathAndOptions.js: 'analyzed_files'
2025-05-29 12:14:07,364 - utils.folder_summarizer - WARNING - Could not analyze content of ./node_modules/sander/src/utils/resolvePath.js: 'analyzed_files'
2025-05-29 12:14:07,364 - utils.folder_summarizer - WARNING - Could not analyze content of ./node_modules/sander/src/methodMakers/fileDescriptorMethod.js: 'analyzed_files'
2025-05-29 12:14:07,365 - utils.folder_summarizer - WARNING - Could not analyze content of ./node_modules/sander/src/methodMakers/standardMethod.js: 'analyzed_files'
2025-05-29 12:14:07,366 - utils.folder_summarizer - WARNING - Could not analyze content of ./node_modules/strip-ansi-cjs/license: 'analyzed_files'
2025-05-29 12:14:07,367 - utils.folder_summarizer - WARNING - Could not analyze content of ./node_modules/strip-ansi-cjs/index.js: 'analyzed_files'
2025-05-29 12:14:07,368 - utils.folder_summarizer - WARNING - Could not analyze content of ./node_modules/strip-ansi-cjs/readme.md: 'analyzed_files'
2025-05-29 12:14:07,369 - utils.folder_summarizer - WARNING - Could not analyze content of ./node_modules/strip-ansi-cjs/package.json: 'analyzed_files'
2025-05-29 12:14:07,369 - utils.folder_summarizer - WARNING - Could not analyze content of ./node_modules/strip-ansi-cjs/index.d.ts: 'analyzed_files'
2025-05-29 12:14:07,370 - utils.folder_summarizer - WARNING - Could not analyze content of ./node_modules/strip-ansi-cjs/node_modules/ansi-regex/license: 'analyzed_files'
2025-05-29 12:14:07,371 - utils.folder_summarizer - WARNING - Could not analyze content of ./node_modules/strip-ansi-cjs/node_modules/ansi-regex/index.js: 'analyzed_files'
2025-05-29 12:14:07,372 - utils.folder_summarizer - WARNING - Could not analyze content of ./node_modules/strip-ansi-cjs/node_modules/ansi-regex/readme.md: 'analyzed_files'
2025-05-29 12:14:07,373 - utils.folder_summarizer - WARNING - Could not analyze content of ./node_modules/strip-ansi-cjs/node_modules/ansi-regex/package.json: 'analyzed_files'
2025-05-29 12:14:07,374 - utils.folder_summarizer - WARNING - Could not analyze content of ./node_modules/strip-ansi-cjs/node_modules/ansi-regex/index.d.ts: 'analyzed_files'
2025-05-29 12:14:07,375 - utils.folder_summarizer - WARNING - Could not analyze content of ./node_modules/pify/license: 'analyzed_files'
2025-05-29 12:14:07,376 - utils.folder_summarizer - WARNING - Could not analyze content of ./node_modules/pify/index.js: 'analyzed_files'
2025-05-29 12:14:07,377 - utils.folder_summarizer - WARNING - Could not analyze content of ./node_modules/pify/readme.md: 'analyzed_files'
2025-05-29 12:14:07,378 - utils.folder_summarizer - WARNING - Could not analyze content of ./node_modules/pify/package.json: 'analyzed_files'
2025-05-29 12:14:07,379 - utils.folder_summarizer - WARNING - Could not analyze content of ./node_modules/strip-indent/license: 'analyzed_files'
2025-05-29 12:14:07,380 - utils.folder_summarizer - WARNING - Could not analyze content of ./node_modules/strip-indent/index.js: 'analyzed_files'
2025-05-29 12:14:07,380 - utils.folder_summarizer - WARNING - Could not analyze content of ./node_modules/strip-indent/readme.md: 'analyzed_files'
2025-05-29 12:14:07,381 - utils.folder_summarizer - WARNING - Could not analyze content of ./node_modules/strip-indent/package.json: 'analyzed_files'
2025-05-29 12:14:07,381 - utils.folder_summarizer - WARNING - Could not analyze content of ./node_modules/strip-indent/index.d.ts: 'analyzed_files'
2025-05-29 12:14:07,382 - memory.enhanced_semantic_search - INFO - Added 3400 items to vector index
2025-05-29 12:14:07,382 - utils.folder_summarizer - WARNING - Could not analyze content of ./node_modules/is-binary-path/license: 'analyzed_files'
2025-05-29 12:14:07,383 - utils.folder_summarizer - WARNING - Could not analyze content of ./node_modules/is-binary-path/index.js: 'analyzed_files'
2025-05-29 12:14:07,384 - utils.folder_summarizer - WARNING - Could not analyze content of ./node_modules/is-binary-path/readme.md: 'analyzed_files'
2025-05-29 12:14:07,385 - utils.folder_summarizer - WARNING - Could not analyze content of ./node_modules/is-binary-path/package.json: 'analyzed_files'
2025-05-29 12:14:07,385 - utils.folder_summarizer - WARNING - Could not analyze content of ./node_modules/is-binary-path/index.d.ts: 'analyzed_files'
2025-05-29 12:14:07,386 - utils.folder_summarizer - WARNING - Could not analyze content of ./node_modules/hasown/LICENSE: 'analyzed_files'
2025-05-29 12:14:07,388 - utils.folder_summarizer - WARNING - Could not analyze content of ./node_modules/hasown/CHANGELOG.md: 'analyzed_files'
2025-05-29 12:14:07,389 - utils.folder_summarizer - WARNING - Could not analyze content of ./node_modules/hasown/.eslintrc: 'analyzed_files'
2025-05-29 12:14:07,389 - utils.folder_summarizer - WARNING - Could not analyze content of ./node_modules/hasown/index.js: 'analyzed_files'
2025-05-29 12:14:07,390 - utils.folder_summarizer - WARNING - Could not analyze content of ./node_modules/hasown/README.md: 'analyzed_files'
2025-05-29 12:14:07,392 - utils.folder_summarizer - WARNING - Could not analyze content of ./node_modules/hasown/package.json: 'analyzed_files'
2025-05-29 12:14:07,392 - utils.folder_summarizer - WARNING - Could not analyze content of ./node_modules/hasown/tsconfig.json: 'analyzed_files'
2025-05-29 12:14:07,393 - utils.folder_summarizer - WARNING - Could not analyze content of ./node_modules/hasown/.nycrc: 'analyzed_files'
2025-05-29 12:14:07,393 - utils.folder_summarizer - WARNING - Could not analyze content of ./node_modules/hasown/index.d.ts: 'analyzed_files'
2025-05-29 12:14:07,394 - utils.folder_summarizer - WARNING - Could not analyze content of ./node_modules/hasown/.github/FUNDING.yml: 'analyzed_files'
2025-05-29 12:14:07,397 - utils.folder_summarizer - WARNING - Could not analyze content of ./node_modules/deepmerge/changelog.md: 'analyzed_files'
2025-05-29 12:14:07,399 - utils.folder_summarizer - WARNING - Could not analyze content of ./node_modules/deepmerge/index.js: 'analyzed_files'
2025-05-29 12:14:07,400 - utils.folder_summarizer - WARNING - Could not analyze content of ./node_modules/deepmerge/.editorconfig: 'analyzed_files'
2025-05-29 12:14:07,403 - utils.folder_summarizer - WARNING - Could not analyze content of ./node_modules/deepmerge/readme.md: 'analyzed_files'
2025-05-29 12:14:07,404 - utils.folder_summarizer - WARNING - Could not analyze content of ./node_modules/deepmerge/rollup.config.js: 'analyzed_files'
2025-05-29 12:14:07,405 - utils.folder_summarizer - WARNING - Could not analyze content of ./node_modules/deepmerge/package.json: 'analyzed_files'
2025-05-29 12:14:07,406 - utils.folder_summarizer - WARNING - Could not analyze content of ./node_modules/deepmerge/license.txt: 'analyzed_files'
2025-05-29 12:14:07,408 - utils.folder_summarizer - WARNING - Could not analyze content of ./node_modules/deepmerge/index.d.ts: 'analyzed_files'
2025-05-29 12:14:07,409 - utils.folder_summarizer - WARNING - Could not analyze content of ./node_modules/deepmerge/.eslintcache: 'analyzed_files'
2025-05-29 12:14:07,411 - utils.folder_summarizer - WARNING - Could not analyze content of ./node_modules/deepmerge/dist/cjs.js: 'analyzed_files'
2025-05-29 12:14:07,413 - utils.folder_summarizer - WARNING - Could not analyze content of ./node_modules/deepmerge/dist/umd.js: 'analyzed_files'
2025-05-29 12:14:07,414 - utils.folder_summarizer - WARNING - Could not analyze content of ./node_modules/run-parallel/LICENSE: 'analyzed_files'
2025-05-29 12:14:07,415 - utils.folder_summarizer - WARNING - Could not analyze content of ./node_modules/run-parallel/index.js: 'analyzed_files'
2025-05-29 12:14:07,417 - utils.folder_summarizer - WARNING - Could not analyze content of ./node_modules/run-parallel/README.md: 'analyzed_files'
2025-05-29 12:14:07,418 - utils.folder_summarizer - WARNING - Could not analyze content of ./node_modules/run-parallel/package.json: 'analyzed_files'
2025-05-29 12:14:07,420 - utils.folder_summarizer - WARNING - Could not analyze content of ./node_modules/@isaacs/cliui/README.md: 'analyzed_files'
2025-05-29 12:14:07,422 - utils.folder_summarizer - WARNING - Could not analyze content of ./node_modules/@isaacs/cliui/package.json: 'analyzed_files'
2025-05-29 12:14:07,422 - utils.folder_summarizer - WARNING - Could not analyze content of ./node_modules/@isaacs/cliui/index.mjs: 'analyzed_files'
2025-05-29 12:14:07,423 - utils.folder_summarizer - WARNING - Could not analyze content of ./node_modules/@isaacs/cliui/LICENSE.txt: 'analyzed_files'
2025-05-29 12:14:07,424 - utils.folder_summarizer - WARNING - Could not analyze content of ./node_modules/@isaacs/cliui/build/index.d.cts: 'analyzed_files'
2025-05-29 12:14:07,426 - utils.folder_summarizer - WARNING - Could not analyze content of ./node_modules/@isaacs/cliui/build/index.cjs: 'analyzed_files'
2025-05-29 12:14:07,429 - utils.folder_summarizer - WARNING - Could not analyze content of ./node_modules/@isaacs/cliui/build/lib/index.js: 'analyzed_files'
2025-05-29 12:14:07,430 - utils.folder_summarizer - WARNING - Could not analyze content of ./node_modules/minimist/LICENSE: 'analyzed_files'
2025-05-29 12:14:07,432 - utils.folder_summarizer - WARNING - Could not analyze content of ./node_modules/minimist/CHANGELOG.md: 'analyzed_files'
2025-05-29 12:14:07,433 - utils.folder_summarizer - WARNING - Could not analyze content of ./node_modules/minimist/.eslintrc: 'analyzed_files'
2025-05-29 12:14:07,436 - utils.folder_summarizer - WARNING - Could not analyze content of ./node_modules/minimist/index.js: 'analyzed_files'
2025-05-29 12:14:07,438 - utils.folder_summarizer - WARNING - Could not analyze content of ./node_modules/minimist/README.md: 'analyzed_files'
2025-05-29 12:14:07,439 - utils.folder_summarizer - WARNING - Could not analyze content of ./node_modules/minimist/package.json: 'analyzed_files'
2025-05-29 12:14:07,440 - utils.folder_summarizer - WARNING - Could not analyze content of ./node_modules/minimist/.nycrc: 'analyzed_files'
2025-05-29 12:14:07,441 - utils.folder_summarizer - WARNING - Could not analyze content of ./node_modules/minimist/test/num.js: 'analyzed_files'
2025-05-29 12:14:07,442 - utils.folder_summarizer - WARNING - Could not analyze content of ./node_modules/minimist/test/bool.js: 'analyzed_files'
2025-05-29 12:14:07,443 - utils.folder_summarizer - WARNING - Could not analyze content of ./node_modules/minimist/test/dash.js: 'analyzed_files'
2025-05-29 12:14:07,444 - utils.folder_summarizer - WARNING - Could not analyze content of ./node_modules/minimist/test/default_bool.js: 'analyzed_files'
2025-05-29 12:14:07,444 - utils.folder_summarizer - WARNING - Could not analyze content of ./node_modules/minimist/test/parse_modified.js: 'analyzed_files'
2025-05-29 12:14:07,445 - utils.folder_summarizer - WARNING - Could not analyze content of ./node_modules/minimist/test/kv_short.js: 'analyzed_files'
2025-05-29 12:14:07,446 - utils.folder_summarizer - WARNING - Could not analyze content of ./node_modules/minimist/test/short.js: 'analyzed_files'
2025-05-29 12:14:07,447 - utils.folder_summarizer - WARNING - Could not analyze content of ./node_modules/minimist/test/long.js: 'analyzed_files'
2025-05-29 12:14:07,448 - utils.folder_summarizer - WARNING - Could not analyze content of ./node_modules/minimist/test/stop_early.js: 'analyzed_files'
2025-05-29 12:14:07,451 - utils.folder_summarizer - WARNING - Could not analyze content of ./node_modules/minimist/test/parse.js: 'analyzed_files'
2025-05-29 12:14:07,452 - utils.folder_summarizer - WARNING - Could not analyze content of ./node_modules/minimist/test/whitespace.js: 'analyzed_files'
2025-05-29 12:14:07,453 - utils.folder_summarizer - WARNING - Could not analyze content of ./node_modules/minimist/test/unknown.js: 'analyzed_files'
2025-05-29 12:14:07,455 - utils.folder_summarizer - WARNING - Could not analyze content of ./node_modules/minimist/test/proto.js: 'analyzed_files'
2025-05-29 12:14:07,455 - utils.folder_summarizer - WARNING - Could not analyze content of ./node_modules/minimist/test/dotted.js: 'analyzed_files'
2025-05-29 12:14:07,458 - utils.folder_summarizer - WARNING - Could not analyze content of ./node_modules/minimist/test/all_bool.js: 'analyzed_files'
2025-05-29 12:14:07,458 - utils.folder_summarizer - WARNING - Could not analyze content of ./node_modules/minimist/example/parse.js: 'analyzed_files'
2025-05-29 12:14:07,459 - utils.folder_summarizer - WARNING - Could not analyze content of ./node_modules/minimist/.github/FUNDING.yml: 'analyzed_files'
2025-05-29 12:14:07,462 - utils.folder_summarizer - WARNING - Could not analyze content of ./node_modules/fraction.js/bigfraction.js: 'analyzed_files'
2025-05-29 12:14:07,463 - utils.folder_summarizer - WARNING - Could not analyze content of ./node_modules/fraction.js/LICENSE: 'analyzed_files'
2025-05-29 12:14:07,467 - utils.folder_summarizer - WARNING - Could not analyze content of ./node_modules/fraction.js/fraction.js: 'analyzed_files'
2025-05-29 12:14:07,470 - utils.folder_summarizer - WARNING - Could not analyze content of ./node_modules/fraction.js/fraction.cjs: 'analyzed_files'
2025-05-29 12:14:07,474 - utils.folder_summarizer - WARNING - Could not analyze content of ./node_modules/fraction.js/README.md: 'analyzed_files'
2025-05-29 12:14:07,475 - utils.folder_summarizer - WARNING - Could not analyze content of ./node_modules/fraction.js/package.json: 'analyzed_files'
2025-05-29 12:14:07,479 - utils.folder_summarizer - WARNING - Could not analyze content of ./node_modules/fraction.js/fraction.min.js: 'analyzed_files'
2025-05-29 12:14:07,480 - utils.folder_summarizer - WARNING - Could not analyze content of ./node_modules/fraction.js/fraction.d.ts: 'analyzed_files'
2025-05-29 12:14:07,481 - utils.folder_summarizer - WARNING - Could not analyze content of ./node_modules/@tauri-apps/cli-darwin-arm64/README.md: 'analyzed_files'
2025-05-29 12:14:07,482 - utils.folder_summarizer - WARNING - Could not analyze content of ./node_modules/@tauri-apps/cli-darwin-arm64/package.json: 'analyzed_files'
2025-05-29 12:14:07,483 - utils.folder_summarizer - WARNING - Could not analyze content of ./node_modules/@tauri-apps/cli/Cargo.toml: 'analyzed_files'
2025-05-29 12:14:07,485 - utils.folder_summarizer - WARNING - Could not analyze content of ./node_modules/@tauri-apps/cli/tauri.js: 'analyzed_files'
2025-05-29 12:14:07,489 - utils.folder_summarizer - WARNING - Could not analyze content of ./node_modules/@tauri-apps/cli/CHANGELOG.md: 'analyzed_files'
2025-05-29 12:14:07,490 - utils.folder_summarizer - WARNING - Could not analyze content of ./node_modules/@tauri-apps/cli/main.d.ts: 'analyzed_files'
2025-05-29 12:14:07,491 - utils.folder_summarizer - WARNING - Could not analyze content of ./node_modules/@tauri-apps/cli/jest.config.js: 'analyzed_files'
2025-05-29 12:14:07,491 - utils.folder_summarizer - WARNING - Could not analyze content of ./node_modules/@tauri-apps/cli/build.rs: 'analyzed_files'
2025-05-29 12:14:07,494 - utils.folder_summarizer - WARNING - Could not analyze content of ./node_modules/@tauri-apps/cli/index.js: 'analyzed_files'
2025-05-29 12:14:07,496 - utils.folder_summarizer - WARNING - Could not analyze content of ./node_modules/@tauri-apps/cli/README.md: 'analyzed_files'
2025-05-29 12:14:07,499 - utils.folder_summarizer - WARNING - Could not analyze content of ./node_modules/@tauri-apps/cli/LICENSE_APACHE-2.0: 'analyzed_files'
2025-05-29 12:14:07,499 - utils.folder_summarizer - WARNING - Could not analyze content of ./node_modules/@tauri-apps/cli/main.js: 'analyzed_files'
2025-05-29 12:14:07,502 - utils.folder_summarizer - WARNING - Could not analyze content of ./node_modules/@tauri-apps/cli/package.json: 'analyzed_files'
2025-05-29 12:14:07,509 - utils.folder_summarizer - WARNING - Could not analyze content of ./node_modules/@tauri-apps/cli/schema.json: 'analyzed_files'
2025-05-29 12:14:07,509 - utils.folder_summarizer - WARNING - Could not analyze content of ./node_modules/@tauri-apps/cli/index.d.ts: 'analyzed_files'
2025-05-29 12:14:07,510 - utils.folder_summarizer - WARNING - Could not analyze content of ./node_modules/@tauri-apps/cli/LICENSE_MIT: 'analyzed_files'
2025-05-29 12:14:07,511 - utils.folder_summarizer - WARNING - Could not analyze content of ./node_modules/@tauri-apps/cli/src/lib.rs: 'analyzed_files'
2025-05-29 12:14:07,512 - utils.folder_summarizer - WARNING - Could not analyze content of ./node_modules/@tauri-apps/api/shell.js: 'analyzed_files'
2025-05-29 12:14:07,513 - utils.folder_summarizer - WARNING - Could not analyze content of ./node_modules/@tauri-apps/api/path.d.ts: 'analyzed_files'
2025-05-29 12:14:07,515 - utils.folder_summarizer - WARNING - Could not analyze content of ./node_modules/@tauri-apps/api/chunk-6MO6VEFR.js: 'analyzed_files'
2025-05-29 12:14:07,517 - utils.folder_summarizer - WARNING - Could not analyze content of ./node_modules/@tauri-apps/api/globalShortcut.cjs: 'analyzed_files'
2025-05-29 12:14:07,519 - utils.folder_summarizer - WARNING - Could not analyze content of ./node_modules/@tauri-apps/api/updater-f9814f36.d.ts: 'analyzed_files'
2025-05-29 12:14:07,521 - utils.folder_summarizer - WARNING - Could not analyze content of ./node_modules/@tauri-apps/api/dialog.cjs: 'analyzed_files'
2025-05-29 12:14:07,522 - utils.folder_summarizer - WARNING - Could not analyze content of ./node_modules/@tauri-apps/api/notification.js: 'analyzed_files'
2025-05-29 12:14:07,523 - utils.folder_summarizer - WARNING - Could not analyze content of ./node_modules/@tauri-apps/api/tauri.cjs: 'analyzed_files'
2025-05-29 12:14:07,528 - utils.folder_summarizer - WARNING - Could not analyze content of ./node_modules/@tauri-apps/api/event-41a9edf5.d.ts: 'analyzed_files'
2025-05-29 12:14:07,529 - utils.folder_summarizer - WARNING - Could not analyze content of ./node_modules/@tauri-apps/api/tauri.js: 'analyzed_files'
2025-05-29 12:14:07,532 - utils.folder_summarizer - WARNING - Could not analyze content of ./node_modules/@tauri-apps/api/window.cjs: 'analyzed_files'
2025-05-29 12:14:07,533 - utils.folder_summarizer - WARNING - Could not analyze content of ./node_modules/@tauri-apps/api/process-63838be1.d.ts: 'analyzed_files'
2025-05-29 12:14:07,534 - utils.folder_summarizer - WARNING - Could not analyze content of ./node_modules/@tauri-apps/api/updater.js: 'analyzed_files'
2025-05-29 12:14:07,535 - utils.folder_summarizer - WARNING - Could not analyze content of ./node_modules/@tauri-apps/api/app.d.ts: 'analyzed_files'
2025-05-29 12:14:07,536 - memory.enhanced_semantic_search - INFO - Added 3500 items to vector index
2025-05-29 12:14:07,536 - utils.folder_summarizer - WARNING - Could not analyze content of ./node_modules/@tauri-apps/api/clipboard-79413165.d.ts: 'analyzed_files'
2025-05-29 12:14:07,536 - utils.folder_summarizer - WARNING - Could not analyze content of ./node_modules/@tauri-apps/api/os.d.ts: 'analyzed_files'
2025-05-29 12:14:07,541 - utils.folder_summarizer - WARNING - Could not analyze content of ./node_modules/@tauri-apps/api/CHANGELOG.md: 'analyzed_files'
2025-05-29 12:14:07,543 - utils.folder_summarizer - WARNING - Could not analyze content of ./node_modules/@tauri-apps/api/notification-e8316aac.d.ts: 'analyzed_files'
2025-05-29 12:14:07,544 - utils.folder_summarizer - WARNING - Could not analyze content of ./node_modules/@tauri-apps/api/os.js: 'analyzed_files'
2025-05-29 12:14:07,547 - utils.folder_summarizer - WARNING - Could not analyze content of ./node_modules/@tauri-apps/api/http-840f7a7f.d.ts: 'analyzed_files'
2025-05-29 12:14:07,548 - utils.folder_summarizer - WARNING - Could not analyze content of ./node_modules/@tauri-apps/api/os.cjs: 'analyzed_files'
2025-05-29 12:14:07,549 - utils.folder_summarizer - WARNING - Could not analyze content of ./node_modules/@tauri-apps/api/event.js: 'analyzed_files'
2025-05-29 12:14:07,551 - utils.folder_summarizer - WARNING - Could not analyze content of ./node_modules/@tauri-apps/api/updater.cjs: 'analyzed_files'
2025-05-29 12:14:07,552 - utils.folder_summarizer - WARNING - Could not analyze content of ./node_modules/@tauri-apps/api/cli-373e13ed.d.ts: 'analyzed_files'
2025-05-29 12:14:07,555 - utils.folder_summarizer - WARNING - Could not analyze content of ./node_modules/@tauri-apps/api/chunk-O3VGRXBA.js: 'analyzed_files'
2025-05-29 12:14:07,558 - utils.folder_summarizer - WARNING - Could not analyze content of ./node_modules/@tauri-apps/api/chunk-IMQ6WMNM.js: 'analyzed_files'
2025-05-29 12:14:07,560 - utils.folder_summarizer - WARNING - Could not analyze content of ./node_modules/@tauri-apps/api/tauri-5afe4a59.d.ts: 'analyzed_files'
2025-05-29 12:14:07,560 - utils.folder_summarizer - WARNING - Could not analyze content of ./node_modules/@tauri-apps/api/dialog.js: 'analyzed_files'
2025-05-29 12:14:07,562 - utils.folder_summarizer - WARNING - Could not analyze content of ./node_modules/@tauri-apps/api/os-076a31d4.d.ts: 'analyzed_files'
2025-05-29 12:14:07,564 - utils.folder_summarizer - WARNING - Could not analyze content of ./node_modules/@tauri-apps/api/mocks.d.ts: 'analyzed_files'
2025-05-29 12:14:07,565 - utils.folder_summarizer - WARNING - Could not analyze content of ./node_modules/@tauri-apps/api/notification.cjs: 'analyzed_files'
2025-05-29 12:14:07,566 - utils.folder_summarizer - WARNING - Could not analyze content of ./node_modules/@tauri-apps/api/cli.d.ts: 'analyzed_files'
2025-05-29 12:14:07,567 - utils.folder_summarizer - WARNING - Could not analyze content of ./node_modules/@tauri-apps/api/updater.d.ts: 'analyzed_files'
2025-05-29 12:14:07,568 - utils.folder_summarizer - WARNING - Could not analyze content of ./node_modules/@tauri-apps/api/index.js: 'analyzed_files'
2025-05-29 12:14:07,569 - utils.folder_summarizer - WARNING - Could not analyze content of ./node_modules/@tauri-apps/api/window.js: 'analyzed_files'
2025-05-29 12:14:07,570 - utils.folder_summarizer - WARNING - Could not analyze content of ./node_modules/@tauri-apps/api/http.d.ts: 'analyzed_files'
2025-05-29 12:14:07,571 - utils.folder_summarizer - WARNING - Could not analyze content of ./node_modules/@tauri-apps/api/chunk-J2IGCSS2.js: 'analyzed_files'
2025-05-29 12:14:07,571 - utils.folder_summarizer - WARNING - Could not analyze content of ./node_modules/@tauri-apps/api/event.d.ts: 'analyzed_files'
2025-05-29 12:14:07,572 - utils.folder_summarizer - WARNING - Could not analyze content of ./node_modules/@tauri-apps/api/chunk-V5J25SYE.js: 'analyzed_files'
2025-05-29 12:14:07,573 - utils.folder_summarizer - WARNING - Could not analyze content of ./node_modules/@tauri-apps/api/process.cjs: 'analyzed_files'
2025-05-29 12:14:07,574 - utils.folder_summarizer - WARNING - Could not analyze content of ./node_modules/@tauri-apps/api/tauri.d.ts: 'analyzed_files'
2025-05-29 12:14:07,574 - utils.folder_summarizer - WARNING - Could not analyze content of ./node_modules/@tauri-apps/api/chunk-LJU7PBE7.js: 'analyzed_files'
2025-05-29 12:14:07,575 - utils.folder_summarizer - WARNING - Could not analyze content of ./node_modules/@tauri-apps/api/dialog.d.ts: 'analyzed_files'
2025-05-29 12:14:07,577 - utils.folder_summarizer - WARNING - Could not analyze content of ./node_modules/@tauri-apps/api/README.md: 'analyzed_files'
2025-05-29 12:14:07,580 - utils.folder_summarizer - WARNING - Could not analyze content of ./node_modules/@tauri-apps/api/LICENSE_APACHE-2.0: 'analyzed_files'
2025-05-29 12:14:07,581 - utils.folder_summarizer - WARNING - Could not analyze content of ./node_modules/@tauri-apps/api/chunk-5T7M5CMW.js: 'analyzed_files'
2025-05-29 12:14:07,582 - utils.folder_summarizer - WARNING - Could not analyze content of ./node_modules/@tauri-apps/api/mocks.cjs: 'analyzed_files'
2025-05-29 12:14:07,582 - utils.folder_summarizer - WARNING - Could not analyze content of ./node_modules/@tauri-apps/api/clipboard.js: 'analyzed_files'
2025-05-29 12:14:07,586 - utils.folder_summarizer - WARNING - Could not analyze content of ./node_modules/@tauri-apps/api/path-9b1e7ad5.d.ts: 'analyzed_files'
2025-05-29 12:14:07,588 - utils.folder_summarizer - WARNING - Could not analyze content of ./node_modules/@tauri-apps/api/globalShortcut-003b7421.d.ts: 'analyzed_files'
2025-05-29 12:14:07,588 - utils.folder_summarizer - WARNING - Could not analyze content of ./node_modules/@tauri-apps/api/clipboard.d.ts: 'analyzed_files'
2025-05-29 12:14:07,590 - utils.folder_summarizer - WARNING - Could not analyze content of ./node_modules/@tauri-apps/api/event.cjs: 'analyzed_files'
2025-05-29 12:14:07,593 - utils.folder_summarizer - WARNING - Could not analyze content of ./node_modules/@tauri-apps/api/shell-efff51a2.d.ts: 'analyzed_files'
2025-05-29 12:14:07,594 - utils.folder_summarizer - WARNING - Could not analyze content of ./node_modules/@tauri-apps/api/chunk-GVGSF52N.js: 'analyzed_files'
2025-05-29 12:14:07,595 - utils.folder_summarizer - WARNING - Could not analyze content of ./node_modules/@tauri-apps/api/package.json: 'analyzed_files'
2025-05-29 12:14:07,597 - utils.folder_summarizer - WARNING - Could not analyze content of ./node_modules/@tauri-apps/api/chunk-5NWA45Z3.js: 'analyzed_files'
2025-05-29 12:14:07,598 - utils.folder_summarizer - WARNING - Could not analyze content of ./node_modules/@tauri-apps/api/app.cjs: 'analyzed_files'
2025-05-29 12:14:07,598 - utils.folder_summarizer - WARNING - Could not analyze content of ./node_modules/@tauri-apps/api/chunk-FEIY7W7S.js: 'analyzed_files'
2025-05-29 12:14:07,599 - utils.folder_summarizer - WARNING - Could not analyze content of ./node_modules/@tauri-apps/api/shell.d.ts: 'analyzed_files'
2025-05-29 12:14:07,600 - utils.folder_summarizer - WARNING - Could not analyze content of ./node_modules/@tauri-apps/api/mocks.js: 'analyzed_files'
2025-05-29 12:14:07,601 - utils.folder_summarizer - WARNING - Could not analyze content of ./node_modules/@tauri-apps/api/fs.d.ts: 'analyzed_files'
2025-05-29 12:14:07,606 - utils.folder_summarizer - WARNING - Could not analyze content of ./node_modules/@tauri-apps/api/index.cjs: 'analyzed_files'
2025-05-29 12:14:07,607 - utils.folder_summarizer - WARNING - Could not analyze content of ./node_modules/@tauri-apps/api/chunk-Q3NLRNFY.js: 'analyzed_files'
2025-05-29 12:14:07,610 - utils.folder_summarizer - WARNING - Could not analyze content of ./node_modules/@tauri-apps/api/dialog-20ff401c.d.ts: 'analyzed_files'
2025-05-29 12:14:07,611 - utils.folder_summarizer - WARNING - Could not analyze content of ./node_modules/@tauri-apps/api/clipboard.cjs: 'analyzed_files'
2025-05-29 12:14:07,612 - utils.folder_summarizer - WARNING - Could not analyze content of ./node_modules/@tauri-apps/api/notification.d.ts: 'analyzed_files'
2025-05-29 12:14:07,614 - utils.folder_summarizer - WARNING - Could not analyze content of ./node_modules/@tauri-apps/api/shell.cjs: 'analyzed_files'
2025-05-29 12:14:07,615 - utils.folder_summarizer - WARNING - Could not analyze content of ./node_modules/@tauri-apps/api/path.js: 'analyzed_files'
2025-05-29 12:14:07,616 - utils.folder_summarizer - WARNING - Could not analyze content of ./node_modules/@tauri-apps/api/app-5190a154.d.ts: 'analyzed_files'
2025-05-29 12:14:07,617 - utils.folder_summarizer - WARNING - Could not analyze content of ./node_modules/@tauri-apps/api/cli.js: 'analyzed_files'
2025-05-29 12:14:07,620 - utils.folder_summarizer - WARNING - Could not analyze content of ./node_modules/@tauri-apps/api/chunk-NHNOAMBN.js: 'analyzed_files'
2025-05-29 12:14:07,620 - utils.folder_summarizer - WARNING - Could not analyze content of ./node_modules/@tauri-apps/api/chunk-VMHYR3EJ.js: 'analyzed_files'
2025-05-29 12:14:07,621 - utils.folder_summarizer - WARNING - Could not analyze content of ./node_modules/@tauri-apps/api/globalShortcut.js: 'analyzed_files'
2025-05-29 12:14:07,621 - utils.folder_summarizer - WARNING - Could not analyze content of ./node_modules/@tauri-apps/api/process.d.ts: 'analyzed_files'
2025-05-29 12:14:07,623 - utils.folder_summarizer - WARNING - Could not analyze content of ./node_modules/@tauri-apps/api/index.d.ts: 'analyzed_files'
2025-05-29 12:14:07,623 - utils.folder_summarizer - WARNING - Could not analyze content of ./node_modules/@tauri-apps/api/chunk-ABEBB25G.js: 'analyzed_files'
2025-05-29 12:14:07,624 - utils.folder_summarizer - WARNING - Could not analyze content of ./node_modules/@tauri-apps/api/chunk-B2CR7GBE.js: 'analyzed_files'
2025-05-29 12:14:07,627 - utils.folder_summarizer - WARNING - Could not analyze content of ./node_modules/@tauri-apps/api/fs-9d7de754.d.ts: 'analyzed_files'
2025-05-29 12:14:07,628 - utils.folder_summarizer - WARNING - Could not analyze content of ./node_modules/@tauri-apps/api/window.d.ts: 'analyzed_files'
2025-05-29 12:14:07,630 - utils.folder_summarizer - WARNING - Could not analyze content of ./node_modules/@tauri-apps/api/http.cjs: 'analyzed_files'
2025-05-29 12:14:07,631 - utils.folder_summarizer - WARNING - Could not analyze content of ./node_modules/@tauri-apps/api/process.js: 'analyzed_files'
2025-05-29 12:14:07,632 - utils.folder_summarizer - WARNING - Could not analyze content of ./node_modules/@tauri-apps/api/chunk-SELMD7YX.js: 'analyzed_files'
2025-05-29 12:14:07,633 - utils.folder_summarizer - WARNING - Could not analyze content of ./node_modules/@tauri-apps/api/LICENSE_MIT: 'analyzed_files'
2025-05-29 12:14:07,634 - utils.folder_summarizer - WARNING - Could not analyze content of ./node_modules/@tauri-apps/api/cli.cjs: 'analyzed_files'
2025-05-29 12:14:07,637 - utils.folder_summarizer - WARNING - Could not analyze content of ./node_modules/@tauri-apps/api/path.cjs: 'analyzed_files'
2025-05-29 12:14:07,637 - utils.folder_summarizer - WARNING - Could not analyze content of ./node_modules/@tauri-apps/api/app.js: 'analyzed_files'
2025-05-29 12:14:07,639 - utils.folder_summarizer - WARNING - Could not analyze content of ./node_modules/@tauri-apps/api/chunk-FLLON6OW.js: 'analyzed_files'
2025-05-29 12:14:07,642 - utils.folder_summarizer - WARNING - Could not analyze content of ./node_modules/@tauri-apps/api/fs.cjs: 'analyzed_files'
2025-05-29 12:14:07,642 - utils.folder_summarizer - WARNING - Could not analyze content of ./node_modules/@tauri-apps/api/http.js: 'analyzed_files'
2025-05-29 12:14:07,643 - utils.folder_summarizer - WARNING - Could not analyze content of ./node_modules/@tauri-apps/api/chunk-V3WRXIRX.js: 'analyzed_files'
2025-05-29 12:14:07,643 - utils.folder_summarizer - WARNING - Could not analyze content of ./node_modules/@tauri-apps/api/globalShortcut.d.ts: 'analyzed_files'
2025-05-29 12:14:07,645 - utils.folder_summarizer - WARNING - Could not analyze content of ./node_modules/@tauri-apps/api/chunk-X7QPDZPI.js: 'analyzed_files'
2025-05-29 12:14:07,646 - utils.folder_summarizer - WARNING - Could not analyze content of ./node_modules/@tauri-apps/api/fs.js: 'analyzed_files'
2025-05-29 12:14:07,647 - utils.folder_summarizer - WARNING - Could not analyze content of ./node_modules/ansi-regex/license: 'analyzed_files'
2025-05-29 12:14:07,648 - utils.folder_summarizer - WARNING - Could not analyze content of ./node_modules/ansi-regex/index.js: 'analyzed_files'
2025-05-29 12:14:07,650 - utils.folder_summarizer - WARNING - Could not analyze content of ./node_modules/ansi-regex/readme.md: 'analyzed_files'
2025-05-29 12:14:07,651 - utils.folder_summarizer - WARNING - Could not analyze content of ./node_modules/ansi-regex/package.json: 'analyzed_files'
2025-05-29 12:14:07,652 - utils.folder_summarizer - WARNING - Could not analyze content of ./node_modules/ansi-regex/index.d.ts: 'analyzed_files'
2025-05-29 12:14:07,653 - utils.folder_summarizer - WARNING - Could not analyze content of ./node_modules/wrap-ansi-cjs/license: 'analyzed_files'
2025-05-29 12:14:07,656 - utils.folder_summarizer - WARNING - Could not analyze content of ./node_modules/wrap-ansi-cjs/index.js: 'analyzed_files'
2025-05-29 12:14:07,659 - utils.folder_summarizer - WARNING - Could not analyze content of ./node_modules/wrap-ansi-cjs/readme.md: 'analyzed_files'
2025-05-29 12:14:07,660 - utils.folder_summarizer - WARNING - Could not analyze content of ./node_modules/wrap-ansi-cjs/package.json: 'analyzed_files'
2025-05-29 12:14:07,661 - utils.folder_summarizer - WARNING - Could not analyze content of ./node_modules/wrap-ansi-cjs/node_modules/strip-ansi/license: 'analyzed_files'
2025-05-29 12:14:07,662 - utils.folder_summarizer - WARNING - Could not analyze content of ./node_modules/wrap-ansi-cjs/node_modules/strip-ansi/index.js: 'analyzed_files'
2025-05-29 12:14:07,663 - utils.folder_summarizer - WARNING - Could not analyze content of ./node_modules/wrap-ansi-cjs/node_modules/strip-ansi/readme.md: 'analyzed_files'
2025-05-29 12:14:07,664 - utils.folder_summarizer - WARNING - Could not analyze content of ./node_modules/wrap-ansi-cjs/node_modules/strip-ansi/package.json: 'analyzed_files'
2025-05-29 12:14:07,665 - utils.folder_summarizer - WARNING - Could not analyze content of ./node_modules/wrap-ansi-cjs/node_modules/strip-ansi/index.d.ts: 'analyzed_files'
2025-05-29 12:14:07,666 - utils.folder_summarizer - WARNING - Could not analyze content of ./node_modules/wrap-ansi-cjs/node_modules/ansi-regex/license: 'analyzed_files'
2025-05-29 12:14:07,667 - utils.folder_summarizer - WARNING - Could not analyze content of ./node_modules/wrap-ansi-cjs/node_modules/ansi-regex/index.js: 'analyzed_files'
2025-05-29 12:14:07,669 - utils.folder_summarizer - WARNING - Could not analyze content of ./node_modules/wrap-ansi-cjs/node_modules/ansi-regex/readme.md: 'analyzed_files'
2025-05-29 12:14:07,670 - utils.folder_summarizer - WARNING - Could not analyze content of ./node_modules/wrap-ansi-cjs/node_modules/ansi-regex/package.json: 'analyzed_files'
2025-05-29 12:14:07,671 - utils.folder_summarizer - WARNING - Could not analyze content of ./node_modules/wrap-ansi-cjs/node_modules/ansi-regex/index.d.ts: 'analyzed_files'
2025-05-29 12:14:07,672 - utils.folder_summarizer - WARNING - Could not analyze content of ./node_modules/wrap-ansi-cjs/node_modules/ansi-styles/license: 'analyzed_files'
2025-05-29 12:14:07,674 - utils.folder_summarizer - WARNING - Could not analyze content of ./node_modules/wrap-ansi-cjs/node_modules/ansi-styles/index.js: 'analyzed_files'
2025-05-29 12:14:07,676 - memory.enhanced_semantic_search - INFO - Added 3600 items to vector index
2025-05-29 12:14:07,676 - utils.folder_summarizer - WARNING - Could not analyze content of ./node_modules/wrap-ansi-cjs/node_modules/ansi-styles/readme.md: 'analyzed_files'
2025-05-29 12:14:07,678 - utils.folder_summarizer - WARNING - Could not analyze content of ./node_modules/wrap-ansi-cjs/node_modules/ansi-styles/package.json: 'analyzed_files'
2025-05-29 12:14:07,680 - utils.folder_summarizer - WARNING - Could not analyze content of ./node_modules/wrap-ansi-cjs/node_modules/ansi-styles/index.d.ts: 'analyzed_files'
2025-05-29 12:14:07,682 - utils.folder_summarizer - WARNING - Could not analyze content of ./node_modules/wrap-ansi-cjs/node_modules/string-width/license: 'analyzed_files'
2025-05-29 12:14:07,683 - utils.folder_summarizer - WARNING - Could not analyze content of ./node_modules/wrap-ansi-cjs/node_modules/string-width/index.js: 'analyzed_files'
2025-05-29 12:14:07,685 - utils.folder_summarizer - WARNING - Could not analyze content of ./node_modules/wrap-ansi-cjs/node_modules/string-width/readme.md: 'analyzed_files'
2025-05-29 12:14:07,686 - utils.folder_summarizer - WARNING - Could not analyze content of ./node_modules/wrap-ansi-cjs/node_modules/string-width/package.json: 'analyzed_files'
2025-05-29 12:14:07,687 - utils.folder_summarizer - WARNING - Could not analyze content of ./node_modules/wrap-ansi-cjs/node_modules/string-width/index.d.ts: 'analyzed_files'
2025-05-29 12:14:07,691 - utils.folder_summarizer - WARNING - Could not analyze content of ./node_modules/wrap-ansi-cjs/node_modules/emoji-regex/index.js: 'analyzed_files'
2025-05-29 12:14:07,692 - utils.folder_summarizer - WARNING - Could not analyze content of ./node_modules/wrap-ansi-cjs/node_modules/emoji-regex/LICENSE-MIT.txt: 'analyzed_files'
2025-05-29 12:14:07,693 - utils.folder_summarizer - WARNING - Could not analyze content of ./node_modules/wrap-ansi-cjs/node_modules/emoji-regex/README.md: 'analyzed_files'
2025-05-29 12:14:07,695 - utils.folder_summarizer - WARNING - Could not analyze content of ./node_modules/wrap-ansi-cjs/node_modules/emoji-regex/package.json: 'analyzed_files'
2025-05-29 12:14:07,695 - utils.folder_summarizer - WARNING - Could not analyze content of ./node_modules/wrap-ansi-cjs/node_modules/emoji-regex/index.d.ts: 'analyzed_files'
2025-05-29 12:14:07,698 - utils.folder_summarizer - WARNING - Could not analyze content of ./node_modules/wrap-ansi-cjs/node_modules/emoji-regex/text.js: 'analyzed_files'
2025-05-29 12:14:07,702 - utils.folder_summarizer - WARNING - Could not analyze content of ./node_modules/wrap-ansi-cjs/node_modules/emoji-regex/es2015/index.js: 'analyzed_files'
2025-05-29 12:14:07,707 - utils.folder_summarizer - WARNING - Could not analyze content of ./node_modules/wrap-ansi-cjs/node_modules/emoji-regex/es2015/text.js: 'analyzed_files'
2025-05-29 12:14:07,709 - utils.folder_summarizer - WARNING - Could not analyze content of ./node_modules/detect-indent/license: 'analyzed_files'
2025-05-29 12:14:07,711 - utils.folder_summarizer - WARNING - Could not analyze content of ./node_modules/detect-indent/index.js: 'analyzed_files'
2025-05-29 12:14:07,714 - utils.folder_summarizer - WARNING - Could not analyze content of ./node_modules/detect-indent/readme.md: 'analyzed_files'
2025-05-29 12:14:07,715 - utils.folder_summarizer - WARNING - Could not analyze content of ./node_modules/detect-indent/package.json: 'analyzed_files'
2025-05-29 12:14:07,716 - utils.folder_summarizer - WARNING - Could not analyze content of ./node_modules/detect-indent/index.d.ts: 'analyzed_files'
2025-05-29 12:14:07,718 - utils.folder_summarizer - WARNING - Could not analyze content of ./node_modules/supports-preserve-symlinks-flag/LICENSE: 'analyzed_files'
2025-05-29 12:14:07,721 - utils.folder_summarizer - WARNING - Could not analyze content of ./node_modules/supports-preserve-symlinks-flag/CHANGELOG.md: 'analyzed_files'
2025-05-29 12:14:07,722 - utils.folder_summarizer - WARNING - Could not analyze content of ./node_modules/supports-preserve-symlinks-flag/.eslintrc: 'analyzed_files'
2025-05-29 12:14:07,723 - utils.folder_summarizer - WARNING - Could not analyze content of ./node_modules/supports-preserve-symlinks-flag/index.js: 'analyzed_files'
2025-05-29 12:14:07,725 - utils.folder_summarizer - WARNING - Could not analyze content of ./node_modules/supports-preserve-symlinks-flag/README.md: 'analyzed_files'
2025-05-29 12:14:07,727 - utils.folder_summarizer - WARNING - Could not analyze content of ./node_modules/supports-preserve-symlinks-flag/package.json: 'analyzed_files'
2025-05-29 12:14:07,727 - utils.folder_summarizer - WARNING - Could not analyze content of ./node_modules/supports-preserve-symlinks-flag/.nycrc: 'analyzed_files'
2025-05-29 12:14:07,728 - utils.folder_summarizer - WARNING - Could not analyze content of ./node_modules/supports-preserve-symlinks-flag/browser.js: 'analyzed_files'
2025-05-29 12:14:07,729 - utils.folder_summarizer - WARNING - Could not analyze content of ./node_modules/supports-preserve-symlinks-flag/test/index.js: 'analyzed_files'
2025-05-29 12:14:07,730 - utils.folder_summarizer - WARNING - Could not analyze content of ./node_modules/supports-preserve-symlinks-flag/.github/FUNDING.yml: 'analyzed_files'
2025-05-29 12:14:07,732 - utils.folder_summarizer - WARNING - Could not analyze content of ./node_modules/color-convert/route.js: 'analyzed_files'
2025-05-29 12:14:07,738 - utils.folder_summarizer - WARNING - Could not analyze content of ./node_modules/color-convert/conversions.js: 'analyzed_files'
2025-05-29 12:14:07,739 - utils.folder_summarizer - WARNING - Could not analyze content of ./node_modules/color-convert/LICENSE: 'analyzed_files'
2025-05-29 12:14:07,742 - utils.folder_summarizer - WARNING - Could not analyze content of ./node_modules/color-convert/CHANGELOG.md: 'analyzed_files'
2025-05-29 12:14:07,744 - utils.folder_summarizer - WARNING - Could not analyze content of ./node_modules/color-convert/index.js: 'analyzed_files'
2025-05-29 12:14:07,746 - utils.folder_summarizer - WARNING - Could not analyze content of ./node_modules/color-convert/README.md: 'analyzed_files'
2025-05-29 12:14:07,747 - utils.folder_summarizer - WARNING - Could not analyze content of ./node_modules/color-convert/package.json: 'analyzed_files'
2025-05-29 12:14:07,749 - utils.folder_summarizer - WARNING - Could not analyze content of ./node_modules/path-key/license: 'analyzed_files'
2025-05-29 12:14:07,751 - utils.folder_summarizer - WARNING - Could not analyze content of ./node_modules/path-key/index.js: 'analyzed_files'
2025-05-29 12:14:07,752 - utils.folder_summarizer - WARNING - Could not analyze content of ./node_modules/path-key/readme.md: 'analyzed_files'
2025-05-29 12:14:07,753 - utils.folder_summarizer - WARNING - Could not analyze content of ./node_modules/path-key/package.json: 'analyzed_files'
2025-05-29 12:14:07,755 - utils.folder_summarizer - WARNING - Could not analyze content of ./node_modules/path-key/index.d.ts: 'analyzed_files'
2025-05-29 12:14:07,756 - utils.folder_summarizer - WARNING - Could not analyze content of ./node_modules/readdirp/LICENSE: 'analyzed_files'
2025-05-29 12:14:07,760 - utils.folder_summarizer - WARNING - Could not analyze content of ./node_modules/readdirp/index.js: 'analyzed_files'
2025-05-29 12:14:07,764 - utils.folder_summarizer - WARNING - Could not analyze content of ./node_modules/readdirp/README.md: 'analyzed_files'
2025-05-29 12:14:07,765 - utils.folder_summarizer - WARNING - Could not analyze content of ./node_modules/readdirp/package.json: 'analyzed_files'
2025-05-29 12:14:07,766 - utils.folder_summarizer - WARNING - Could not analyze content of ./node_modules/readdirp/index.d.ts: 'analyzed_files'
2025-05-29 12:14:07,769 - utils.folder_summarizer - WARNING - Could not analyze content of ./node_modules/.svelte2tsx-language-server-files/svelte-native-jsx.d.ts: 'analyzed_files'
2025-05-29 12:14:07,772 - utils.folder_summarizer - WARNING - Could not analyze content of ./node_modules/.svelte2tsx-language-server-files/svelte-shims-v4.d.ts: 'analyzed_files'
2025-05-29 12:14:07,773 - utils.folder_summarizer - WARNING - Could not analyze content of ./node_modules/brace-expansion/LICENSE: 'analyzed_files'
2025-05-29 12:14:07,776 - utils.folder_summarizer - WARNING - Could not analyze content of ./node_modules/brace-expansion/index.js: 'analyzed_files'
2025-05-29 12:14:07,778 - utils.folder_summarizer - WARNING - Could not analyze content of ./node_modules/brace-expansion/README.md: 'analyzed_files'
2025-05-29 12:14:07,779 - utils.folder_summarizer - WARNING - Could not analyze content of ./node_modules/brace-expansion/package.json: 'analyzed_files'
2025-05-29 12:14:07,780 - utils.folder_summarizer - WARNING - Could not analyze content of ./node_modules/foreground-child/LICENSE: 'analyzed_files'
2025-05-29 12:14:07,784 - utils.folder_summarizer - WARNING - Could not analyze content of ./node_modules/foreground-child/README.md: 'analyzed_files'
2025-05-29 12:14:07,786 - utils.folder_summarizer - WARNING - Could not analyze content of ./node_modules/foreground-child/package.json: 'analyzed_files'
2025-05-29 12:14:07,787 - utils.folder_summarizer - WARNING - Could not analyze content of ./node_modules/foreground-child/dist/esm/all-signals.js: 'analyzed_files'
2025-05-29 12:14:07,788 - utils.folder_summarizer - WARNING - Could not analyze content of ./node_modules/foreground-child/dist/esm/watchdog.d.ts: 'analyzed_files'
2025-05-29 12:14:07,790 - utils.folder_summarizer - WARNING - Could not analyze content of ./node_modules/foreground-child/dist/esm/proxy-signals.js.map: 'analyzed_files'
2025-05-29 12:14:07,790 - utils.folder_summarizer - WARNING - Could not analyze content of ./node_modules/foreground-child/dist/esm/watchdog.d.ts.map: 'analyzed_files'
2025-05-29 12:14:07,791 - utils.folder_summarizer - WARNING - Could not analyze content of ./node_modules/foreground-child/dist/esm/proxy-signals.d.ts.map: 'analyzed_files'
2025-05-29 12:14:07,793 - utils.folder_summarizer - WARNING - Could not analyze content of ./node_modules/foreground-child/dist/esm/index.js: 'analyzed_files'
2025-05-29 12:14:07,794 - utils.folder_summarizer - WARNING - Could not analyze content of ./node_modules/foreground-child/dist/esm/watchdog.js: 'analyzed_files'
2025-05-29 12:14:07,794 - utils.folder_summarizer - WARNING - Could not analyze content of ./node_modules/foreground-child/dist/esm/all-signals.d.ts.map: 'analyzed_files'
2025-05-29 12:14:07,795 - utils.folder_summarizer - WARNING - Could not analyze content of ./node_modules/foreground-child/dist/esm/all-signals.d.ts: 'analyzed_files'
2025-05-29 12:14:07,796 - utils.folder_summarizer - WARNING - Could not analyze content of ./node_modules/foreground-child/dist/esm/package.json: 'analyzed_files'
2025-05-29 12:14:07,796 - utils.folder_summarizer - WARNING - Could not analyze content of ./node_modules/foreground-child/dist/esm/proxy-signals.d.ts: 'analyzed_files'
2025-05-29 12:14:07,800 - utils.folder_summarizer - WARNING - Could not analyze content of ./node_modules/foreground-child/dist/esm/index.js.map: 'analyzed_files'
2025-05-29 12:14:07,802 - utils.folder_summarizer - WARNING - Could not analyze content of ./node_modules/foreground-child/dist/esm/all-signals.js.map: 'analyzed_files'
2025-05-29 12:14:07,804 - utils.folder_summarizer - WARNING - Could not analyze content of ./node_modules/foreground-child/dist/esm/index.d.ts: 'analyzed_files'
2025-05-29 12:14:07,806 - utils.folder_summarizer - WARNING - Could not analyze content of ./node_modules/foreground-child/dist/esm/watchdog.js.map: 'analyzed_files'
2025-05-29 12:14:07,808 - utils.folder_summarizer - WARNING - Could not analyze content of ./node_modules/foreground-child/dist/esm/index.d.ts.map: 'analyzed_files'
2025-05-29 12:14:07,810 - utils.folder_summarizer - WARNING - Could not analyze content of ./node_modules/foreground-child/dist/esm/proxy-signals.js: 'analyzed_files'
2025-05-29 12:14:07,811 - utils.folder_summarizer - WARNING - Could not analyze content of ./node_modules/foreground-child/dist/commonjs/all-signals.js: 'analyzed_files'
2025-05-29 12:14:07,812 - utils.folder_summarizer - WARNING - Could not analyze content of ./node_modules/foreground-child/dist/commonjs/watchdog.d.ts: 'analyzed_files'
2025-05-29 12:14:07,814 - utils.folder_summarizer - WARNING - Could not analyze content of ./node_modules/foreground-child/dist/commonjs/proxy-signals.js.map: 'analyzed_files'
2025-05-29 12:14:07,815 - utils.folder_summarizer - WARNING - Could not analyze content of ./node_modules/foreground-child/dist/commonjs/watchdog.d.ts.map: 'analyzed_files'
2025-05-29 12:14:07,815 - utils.folder_summarizer - WARNING - Could not analyze content of ./node_modules/foreground-child/dist/commonjs/proxy-signals.d.ts.map: 'analyzed_files'
2025-05-29 12:14:07,819 - utils.folder_summarizer - WARNING - Could not analyze content of ./node_modules/foreground-child/dist/commonjs/index.js: 'analyzed_files'
2025-05-29 12:14:07,820 - utils.folder_summarizer - WARNING - Could not analyze content of ./node_modules/foreground-child/dist/commonjs/watchdog.js: 'analyzed_files'
2025-05-29 12:14:07,821 - utils.folder_summarizer - WARNING - Could not analyze content of ./node_modules/foreground-child/dist/commonjs/all-signals.d.ts.map: 'analyzed_files'
2025-05-29 12:14:07,822 - utils.folder_summarizer - WARNING - Could not analyze content of ./node_modules/foreground-child/dist/commonjs/all-signals.d.ts: 'analyzed_files'
2025-05-29 12:14:07,822 - utils.folder_summarizer - WARNING - Could not analyze content of ./node_modules/foreground-child/dist/commonjs/package.json: 'analyzed_files'
2025-05-29 12:14:07,823 - utils.folder_summarizer - WARNING - Could not analyze content of ./node_modules/foreground-child/dist/commonjs/proxy-signals.d.ts: 'analyzed_files'
2025-05-29 12:14:07,826 - utils.folder_summarizer - WARNING - Could not analyze content of ./node_modules/foreground-child/dist/commonjs/index.js.map: 'analyzed_files'
2025-05-29 12:14:07,828 - utils.folder_summarizer - WARNING - Could not analyze content of ./node_modules/foreground-child/dist/commonjs/all-signals.js.map: 'analyzed_files'
2025-05-29 12:14:07,830 - utils.folder_summarizer - WARNING - Could not analyze content of ./node_modules/foreground-child/dist/commonjs/index.d.ts: 'analyzed_files'
2025-05-29 12:14:07,831 - utils.folder_summarizer - WARNING - Could not analyze content of ./node_modules/foreground-child/dist/commonjs/watchdog.js.map: 'analyzed_files'
2025-05-29 12:14:07,833 - utils.folder_summarizer - WARNING - Could not analyze content of ./node_modules/foreground-child/dist/commonjs/index.d.ts.map: 'analyzed_files'
2025-05-29 12:14:07,834 - utils.folder_summarizer - WARNING - Could not analyze content of ./node_modules/foreground-child/dist/commonjs/proxy-signals.js: 'analyzed_files'
2025-05-29 12:14:07,836 - utils.folder_summarizer - WARNING - Could not analyze content of ./node_modules/fill-range/LICENSE: 'analyzed_files'
2025-05-29 12:14:07,839 - utils.folder_summarizer - WARNING - Could not analyze content of ./node_modules/fill-range/index.js: 'analyzed_files'
2025-05-29 12:14:07,842 - utils.folder_summarizer - WARNING - Could not analyze content of ./node_modules/fill-range/README.md: 'analyzed_files'
2025-05-29 12:14:07,843 - utils.folder_summarizer - WARNING - Could not analyze content of ./node_modules/fill-range/package.json: 'analyzed_files'
2025-05-29 12:14:07,845 - utils.folder_summarizer - WARNING - Could not analyze content of ./node_modules/binary-extensions/binary-extensions.json: 'analyzed_files'
2025-05-29 12:14:07,846 - utils.folder_summarizer - WARNING - Could not analyze content of ./node_modules/binary-extensions/license: 'analyzed_files'
2025-05-29 12:14:07,847 - utils.folder_summarizer - WARNING - Could not analyze content of ./node_modules/binary-extensions/binary-extensions.json.d.ts: 'analyzed_files'
2025-05-29 12:14:07,847 - utils.folder_summarizer - WARNING - Could not analyze content of ./node_modules/binary-extensions/index.js: 'analyzed_files'
2025-05-29 12:14:07,848 - utils.folder_summarizer - WARNING - Could not analyze content of ./node_modules/binary-extensions/readme.md: 'analyzed_files'
2025-05-29 12:14:07,849 - memory.enhanced_semantic_search - INFO - Added 3700 items to vector index
2025-05-29 12:14:07,849 - utils.folder_summarizer - WARNING - Could not analyze content of ./node_modules/binary-extensions/package.json: 'analyzed_files'
2025-05-29 12:14:07,850 - utils.folder_summarizer - WARNING - Could not analyze content of ./node_modules/binary-extensions/index.d.ts: 'analyzed_files'
2025-05-29 12:14:07,852 - utils.folder_summarizer - WARNING - Could not analyze content of ./node_modules/util-deprecate/LICENSE: 'analyzed_files'
2025-05-29 12:14:07,853 - utils.folder_summarizer - WARNING - Could not analyze content of ./node_modules/util-deprecate/History.md: 'analyzed_files'
2025-05-29 12:14:07,855 - utils.folder_summarizer - WARNING - Could not analyze content of ./node_modules/util-deprecate/README.md: 'analyzed_files'
2025-05-29 12:14:07,856 - utils.folder_summarizer - WARNING - Could not analyze content of ./node_modules/util-deprecate/node.js: 'analyzed_files'
2025-05-29 12:14:07,858 - utils.folder_summarizer - WARNING - Could not analyze content of ./node_modules/util-deprecate/package.json: 'analyzed_files'
2025-05-29 12:14:07,859 - utils.folder_summarizer - WARNING - Could not analyze content of ./node_modules/util-deprecate/browser.js: 'analyzed_files'
2025-05-29 12:14:07,861 - utils.folder_summarizer - WARNING - Could not analyze content of ./node_modules/path-parse/LICENSE: 'analyzed_files'
2025-05-29 12:14:07,862 - utils.folder_summarizer - WARNING - Could not analyze content of ./node_modules/path-parse/index.js: 'analyzed_files'
2025-05-29 12:14:07,863 - utils.folder_summarizer - WARNING - Could not analyze content of ./node_modules/path-parse/README.md: 'analyzed_files'
2025-05-29 12:14:07,864 - utils.folder_summarizer - WARNING - Could not analyze content of ./node_modules/path-parse/package.json: 'analyzed_files'
2025-05-29 12:14:07,865 - utils.folder_summarizer - WARNING - Could not analyze content of ./node_modules/picocolors/LICENSE: 'analyzed_files'
2025-05-29 12:14:07,867 - utils.folder_summarizer - WARNING - Could not analyze content of ./node_modules/picocolors/types.d.ts: 'analyzed_files'
2025-05-29 12:14:07,870 - utils.folder_summarizer - WARNING - Could not analyze content of ./node_modules/picocolors/picocolors.js: 'analyzed_files'
2025-05-29 12:14:07,871 - utils.folder_summarizer - WARNING - Could not analyze content of ./node_modules/picocolors/README.md: 'analyzed_files'
2025-05-29 12:14:07,872 - utils.folder_summarizer - WARNING - Could not analyze content of ./node_modules/picocolors/package.json: 'analyzed_files'
2025-05-29 12:14:07,873 - utils.folder_summarizer - WARNING - Could not analyze content of ./node_modules/picocolors/picocolors.browser.js: 'analyzed_files'
2025-05-29 12:14:07,873 - utils.folder_summarizer - WARNING - Could not analyze content of ./node_modules/picocolors/picocolors.d.ts: 'analyzed_files'
2025-05-29 12:14:07,874 - utils.folder_summarizer - WARNING - Could not analyze content of ./node_modules/eastasianwidth/README.md: 'analyzed_files'
2025-05-29 12:14:07,877 - utils.folder_summarizer - WARNING - Could not analyze content of ./node_modules/eastasianwidth/eastasianwidth.js: 'analyzed_files'
2025-05-29 12:14:07,878 - utils.folder_summarizer - WARNING - Could not analyze content of ./node_modules/eastasianwidth/package.json: 'analyzed_files'
2025-05-29 12:14:07,879 - utils.folder_summarizer - WARNING - Could not analyze content of ./node_modules/lines-and-columns/LICENSE: 'analyzed_files'
2025-05-29 12:14:07,880 - utils.folder_summarizer - WARNING - Could not analyze content of ./node_modules/lines-and-columns/README.md: 'analyzed_files'
2025-05-29 12:14:07,882 - utils.folder_summarizer - WARNING - Could not analyze content of ./node_modules/lines-and-columns/package.json: 'analyzed_files'
2025-05-29 12:14:07,884 - utils.folder_summarizer - WARNING - Could not analyze content of ./node_modules/lines-and-columns/build/index.js: 'analyzed_files'
2025-05-29 12:14:07,885 - utils.folder_summarizer - WARNING - Could not analyze content of ./node_modules/lines-and-columns/build/index.d.ts: 'analyzed_files'
2025-05-29 12:14:07,898 - utils.folder_summarizer - WARNING - Could not analyze content of ./node_modules/vite/LICENSE.md: 'analyzed_files'
2025-05-29 12:14:07,899 - utils.folder_summarizer - WARNING - Could not analyze content of ./node_modules/vite/README.md: 'analyzed_files'
2025-05-29 12:14:07,903 - utils.folder_summarizer - WARNING - Could not analyze content of ./node_modules/vite/package.json: 'analyzed_files'
2025-05-29 12:14:07,905 - utils.folder_summarizer - WARNING - Could not analyze content of ./node_modules/vite/index.cjs: 'analyzed_files'
2025-05-29 12:14:07,907 - utils.folder_summarizer - WARNING - Could not analyze content of ./node_modules/vite/client.d.ts: 'analyzed_files'
2025-05-29 12:14:07,909 - utils.folder_summarizer - WARNING - Could not analyze content of ./node_modules/vite/types/hmrPayload.d.ts: 'analyzed_files'
2025-05-29 12:14:07,910 - utils.folder_summarizer - WARNING - Could not analyze content of ./node_modules/vite/types/hot.d.ts: 'analyzed_files'
2025-05-29 12:14:07,911 - utils.folder_summarizer - WARNING - Could not analyze content of ./node_modules/vite/types/metadata.d.ts: 'analyzed_files'
2025-05-29 12:14:07,912 - utils.folder_summarizer - WARNING - Could not analyze content of ./node_modules/vite/types/customEvent.d.ts: 'analyzed_files'
2025-05-29 12:14:07,913 - utils.folder_summarizer - WARNING - Could not analyze content of ./node_modules/vite/types/importGlob.d.ts: 'analyzed_files'
2025-05-29 12:14:07,914 - utils.folder_summarizer - WARNING - Could not analyze content of ./node_modules/vite/types/package.json: 'analyzed_files'
2025-05-29 12:14:07,915 - utils.folder_summarizer - WARNING - Could not analyze content of ./node_modules/vite/types/importMeta.d.ts: 'analyzed_files'
2025-05-29 12:14:07,918 - utils.folder_summarizer - WARNING - Could not analyze content of ./node_modules/vite/bin/openChrome.applescript: 'analyzed_files'
2025-05-29 12:14:07,919 - utils.folder_summarizer - WARNING - Could not analyze content of ./node_modules/vite/bin/vite.js: 'analyzed_files'
2025-05-29 12:14:07,922 - utils.folder_summarizer - WARNING - Could not analyze content of ./node_modules/vite/dist/node/constants.js: 'analyzed_files'
2025-05-29 12:14:07,924 - utils.folder_summarizer - WARNING - Could not analyze content of ./node_modules/vite/dist/node/index.js: 'analyzed_files'
2025-05-29 12:14:07,928 - utils.folder_summarizer - WARNING - Could not analyze content of ./node_modules/vite/dist/node/cli.js: 'analyzed_files'
2025-05-29 12:14:07,937 - utils.folder_summarizer - WARNING - Could not analyze content of ./node_modules/vite/dist/node/index.d.ts: 'analyzed_files'
2025-05-29 12:14:07,954 - utils.folder_summarizer - WARNING - Could not analyze content of ./node_modules/vite/dist/node/chunks/dep-f0c7dae0.js: 'analyzed_files'
2025-05-29 12:14:07,957 - utils.folder_summarizer - WARNING - Could not analyze content of ./node_modules/vite/dist/node/chunks/dep-e4a495ce.js: 'analyzed_files'
2025-05-29 12:14:07,971 - utils.folder_summarizer - WARNING - Could not analyze content of ./node_modules/vite/dist/node/chunks/dep-98d4beff.js: 'analyzed_files'
2025-05-29 12:14:07,974 - utils.folder_summarizer - WARNING - Could not analyze content of ./node_modules/vite/dist/node/chunks/dep-c423598f.js: 'analyzed_files'
2025-05-29 12:14:08,075 - utils.folder_summarizer - WARNING - Could not analyze content of ./node_modules/vite/dist/node/chunks/dep-bb8a8339.js: 'analyzed_files'
2025-05-29 12:14:08,079 - utils.folder_summarizer - WARNING - Could not analyze content of ./node_modules/vite/dist/client/client.mjs: 'analyzed_files'
2025-05-29 12:14:08,080 - utils.folder_summarizer - WARNING - Could not analyze content of ./node_modules/vite/dist/client/env.mjs.map: 'analyzed_files'
2025-05-29 12:14:08,086 - utils.folder_summarizer - WARNING - Could not analyze content of ./node_modules/vite/dist/client/client.mjs.map: 'analyzed_files'
2025-05-29 12:14:08,087 - utils.folder_summarizer - WARNING - Could not analyze content of ./node_modules/vite/dist/client/env.mjs: 'analyzed_files'
2025-05-29 12:14:08,095 - utils.folder_summarizer - WARNING - Could not analyze content of ./node_modules/vite/dist/node-cjs/publicUtils.cjs: 'analyzed_files'
2025-05-29 12:14:08,096 - utils.folder_summarizer - WARNING - Could not analyze content of ./node_modules/minimatch/LICENSE: 'analyzed_files'
2025-05-29 12:14:08,100 - utils.folder_summarizer - WARNING - Could not analyze content of ./node_modules/minimatch/README.md: 'analyzed_files'
2025-05-29 12:14:08,101 - utils.folder_summarizer - WARNING - Could not analyze content of ./node_modules/minimatch/package.json: 'analyzed_files'
2025-05-29 12:14:08,104 - utils.folder_summarizer - WARNING - Could not analyze content of ./node_modules/minimatch/minimatch.js: 'analyzed_files'
2025-05-29 12:14:08,105 - utils.folder_summarizer - WARNING - Could not analyze content of ./node_modules/postcss-value-parser/LICENSE: 'analyzed_files'
2025-05-29 12:14:08,110 - utils.folder_summarizer - WARNING - Could not analyze content of ./node_modules/postcss-value-parser/README.md: 'analyzed_files'
2025-05-29 12:14:08,111 - utils.folder_summarizer - WARNING - Could not analyze content of ./node_modules/postcss-value-parser/package.json: 'analyzed_files'
2025-05-29 12:14:08,112 - utils.folder_summarizer - WARNING - Could not analyze content of ./node_modules/postcss-value-parser/lib/stringify.js: 'analyzed_files'
2025-05-29 12:14:08,113 - utils.folder_summarizer - WARNING - Could not analyze content of ./node_modules/postcss-value-parser/lib/index.js: 'analyzed_files'
2025-05-29 12:14:08,115 - utils.folder_summarizer - WARNING - Could not analyze content of ./node_modules/postcss-value-parser/lib/parse.js: 'analyzed_files'
2025-05-29 12:14:08,116 - utils.folder_summarizer - WARNING - Could not analyze content of ./node_modules/postcss-value-parser/lib/walk.js: 'analyzed_files'
2025-05-29 12:14:08,119 - utils.folder_summarizer - WARNING - Could not analyze content of ./node_modules/postcss-value-parser/lib/index.d.ts: 'analyzed_files'
2025-05-29 12:14:08,121 - utils.folder_summarizer - WARNING - Could not analyze content of ./node_modules/postcss-value-parser/lib/unit.js: 'analyzed_files'
2025-05-29 12:14:08,124 - utils.folder_summarizer - WARNING - Could not analyze content of ./node_modules/sorcery/README.md: 'analyzed_files'
2025-05-29 12:14:08,125 - utils.folder_summarizer - WARNING - Could not analyze content of ./node_modules/sorcery/package.json: 'analyzed_files'
2025-05-29 12:14:08,126 - utils.folder_summarizer - WARNING - Could not analyze content of ./node_modules/sorcery/bin/help.md: 'analyzed_files'
2025-05-29 12:14:08,127 - utils.folder_summarizer - WARNING - Could not analyze content of ./node_modules/sorcery/bin/sorcery: 'analyzed_files'
2025-05-29 12:14:08,128 - utils.folder_summarizer - WARNING - Could not analyze content of ./node_modules/sorcery/bin/showHelp.js: 'analyzed_files'
2025-05-29 12:14:08,131 - utils.folder_summarizer - WARNING - Could not analyze content of ./node_modules/sorcery/dist/sorcery.es6.js: 'analyzed_files'
2025-05-29 12:14:08,135 - utils.folder_summarizer - WARNING - Could not analyze content of ./node_modules/sorcery/dist/sorcery.cjs.js: 'analyzed_files'
2025-05-29 12:14:08,137 - utils.folder_summarizer - WARNING - Could not analyze content of ./node_modules/sorcery/src/Chain.js: 'analyzed_files'
2025-05-29 12:14:08,138 - utils.folder_summarizer - WARNING - Could not analyze content of ./node_modules/sorcery/src/index.js: 'analyzed_files'
2025-05-29 12:14:08,140 - utils.folder_summarizer - WARNING - Could not analyze content of ./node_modules/sorcery/src/Node.js: 'analyzed_files'
2025-05-29 12:14:08,141 - utils.folder_summarizer - WARNING - Could not analyze content of ./node_modules/sorcery/src/SourceMap.js: 'analyzed_files'
2025-05-29 12:14:08,142 - utils.folder_summarizer - WARNING - Could not analyze content of ./node_modules/sorcery/src/utils/getMapFromUrl.js: 'analyzed_files'
2025-05-29 12:14:08,143 - utils.folder_summarizer - WARNING - Could not analyze content of ./node_modules/sorcery/src/utils/sourceMappingURL.js: 'analyzed_files'
2025-05-29 12:14:08,144 - utils.folder_summarizer - WARNING - Could not analyze content of ./node_modules/sorcery/src/utils/getMap.js: 'analyzed_files'
2025-05-29 12:14:08,144 - utils.folder_summarizer - WARNING - Could not analyze content of ./node_modules/sorcery/src/utils/btoa.js: 'analyzed_files'
2025-05-29 12:14:08,145 - utils.folder_summarizer - WARNING - Could not analyze content of ./node_modules/sorcery/src/utils/slash.js: 'analyzed_files'
2025-05-29 12:14:08,145 - utils.folder_summarizer - WARNING - Could not analyze content of ./node_modules/sorcery/src/utils/getSourceMappingUrl.js: 'analyzed_files'
2025-05-29 12:14:08,146 - utils.folder_summarizer - WARNING - Could not analyze content of ./node_modules/sorcery/src/utils/atob.js: 'analyzed_files'
2025-05-29 12:14:08,147 - utils.folder_summarizer - WARNING - Could not analyze content of ./node_modules/ansi-styles/license: 'analyzed_files'
2025-05-29 12:14:08,150 - utils.folder_summarizer - WARNING - Could not analyze content of ./node_modules/ansi-styles/index.js: 'analyzed_files'
2025-05-29 12:14:08,153 - utils.folder_summarizer - WARNING - Could not analyze content of ./node_modules/ansi-styles/readme.md: 'analyzed_files'
2025-05-29 12:14:08,154 - utils.folder_summarizer - WARNING - Could not analyze content of ./node_modules/ansi-styles/package.json: 'analyzed_files'
2025-05-29 12:14:08,157 - utils.folder_summarizer - WARNING - Could not analyze content of ./node_modules/ansi-styles/index.d.ts: 'analyzed_files'
2025-05-29 12:14:08,158 - utils.folder_summarizer - WARNING - Could not analyze content of ./node_modules/is-core-module/LICENSE: 'analyzed_files'
2025-05-29 12:14:08,161 - utils.folder_summarizer - WARNING - Could not analyze content of ./node_modules/is-core-module/CHANGELOG.md: 'analyzed_files'
2025-05-29 12:14:08,162 - utils.folder_summarizer - WARNING - Could not analyze content of ./node_modules/is-core-module/.eslintrc: 'analyzed_files'
2025-05-29 12:14:08,163 - utils.folder_summarizer - WARNING - Could not analyze content of ./node_modules/is-core-module/index.js: 'analyzed_files'
2025-05-29 12:14:08,164 - utils.folder_summarizer - WARNING - Could not analyze content of ./node_modules/is-core-module/README.md: 'analyzed_files'
2025-05-29 12:14:08,168 - utils.folder_summarizer - WARNING - Could not analyze content of ./node_modules/is-core-module/core.json: 'analyzed_files'
2025-05-29 12:14:08,169 - utils.folder_summarizer - WARNING - Could not analyze content of ./node_modules/is-core-module/package.json: 'analyzed_files'
2025-05-29 12:14:08,170 - utils.folder_summarizer - WARNING - Could not analyze content of ./node_modules/is-core-module/.nycrc: 'analyzed_files'
2025-05-29 12:14:08,172 - utils.folder_summarizer - WARNING - Could not analyze content of ./node_modules/is-core-module/test/index.js: 'analyzed_files'
2025-05-29 12:14:08,173 - memory.enhanced_semantic_search - INFO - Added 3800 items to vector index
2025-05-29 12:14:08,173 - utils.folder_summarizer - WARNING - Could not analyze content of ./node_modules/dlv/index.js: 'analyzed_files'
2025-05-29 12:14:08,175 - utils.folder_summarizer - WARNING - Could not analyze content of ./node_modules/dlv/README.md: 'analyzed_files'
2025-05-29 12:14:08,176 - utils.folder_summarizer - WARNING - Could not analyze content of ./node_modules/dlv/package.json: 'analyzed_files'
2025-05-29 12:14:08,176 - utils.folder_summarizer - WARNING - Could not analyze content of ./node_modules/dlv/dist/dlv.es.js.map: 'analyzed_files'
2025-05-29 12:14:08,177 - utils.folder_summarizer - WARNING - Could not analyze content of ./node_modules/dlv/dist/dlv.es.js: 'analyzed_files'
2025-05-29 12:14:08,177 - utils.folder_summarizer - WARNING - Could not analyze content of ./node_modules/dlv/dist/dlv.js: 'analyzed_files'
2025-05-29 12:14:08,178 - utils.folder_summarizer - WARNING - Could not analyze content of ./node_modules/dlv/dist/dlv.js.map: 'analyzed_files'
2025-05-29 12:14:08,179 - utils.folder_summarizer - WARNING - Could not analyze content of ./node_modules/dlv/dist/dlv.umd.js: 'analyzed_files'
2025-05-29 12:14:08,180 - utils.folder_summarizer - WARNING - Could not analyze content of ./node_modules/dlv/dist/dlv.umd.js.map: 'analyzed_files'
2025-05-29 12:14:08,181 - utils.folder_summarizer - WARNING - Could not analyze content of ./node_modules/is-number/LICENSE: 'analyzed_files'
2025-05-29 12:14:08,182 - utils.folder_summarizer - WARNING - Could not analyze content of ./node_modules/is-number/index.js: 'analyzed_files'
2025-05-29 12:14:08,186 - utils.folder_summarizer - WARNING - Could not analyze content of ./node_modules/is-number/README.md: 'analyzed_files'
2025-05-29 12:14:08,187 - utils.folder_summarizer - WARNING - Could not analyze content of ./node_modules/is-number/package.json: 'analyzed_files'
2025-05-29 12:14:08,189 - utils.folder_summarizer - WARNING - Could not analyze content of ./node_modules/fs.realpath/LICENSE: 'analyzed_files'
2025-05-29 12:14:08,191 - utils.folder_summarizer - WARNING - Could not analyze content of ./node_modules/fs.realpath/old.js: 'analyzed_files'
2025-05-29 12:14:08,192 - utils.folder_summarizer - WARNING - Could not analyze content of ./node_modules/fs.realpath/index.js: 'analyzed_files'
2025-05-29 12:14:08,193 - utils.folder_summarizer - WARNING - Could not analyze content of ./node_modules/fs.realpath/README.md: 'analyzed_files'
2025-05-29 12:14:08,194 - utils.folder_summarizer - WARNING - Could not analyze content of ./node_modules/fs.realpath/package.json: 'analyzed_files'
2025-05-29 12:14:08,195 - utils.folder_summarizer - WARNING - Could not analyze content of ./node_modules/postcss-import/LICENSE: 'analyzed_files'
2025-05-29 12:14:08,198 - utils.folder_summarizer - WARNING - Could not analyze content of ./node_modules/postcss-import/index.js: 'analyzed_files'
2025-05-29 12:14:08,201 - utils.folder_summarizer - WARNING - Could not analyze content of ./node_modules/postcss-import/README.md: 'analyzed_files'
2025-05-29 12:14:08,202 - utils.folder_summarizer - WARNING - Could not analyze content of ./node_modules/postcss-import/package.json: 'analyzed_files'
2025-05-29 12:14:08,203 - utils.folder_summarizer - WARNING - Could not analyze content of ./node_modules/postcss-import/lib/data-url.js: 'analyzed_files'
2025-05-29 12:14:08,204 - utils.folder_summarizer - WARNING - Could not analyze content of ./node_modules/postcss-import/lib/join-layer.js: 'analyzed_files'
2025-05-29 12:14:08,205 - utils.folder_summarizer - WARNING - Could not analyze content of ./node_modules/postcss-import/lib/parse-statements.js: 'analyzed_files'
2025-05-29 12:14:08,208 - utils.folder_summarizer - WARNING - Could not analyze content of ./node_modules/postcss-import/lib/process-content.js: 'analyzed_files'
2025-05-29 12:14:08,208 - utils.folder_summarizer - WARNING - Could not analyze content of ./node_modules/postcss-import/lib/load-content.js: 'analyzed_files'
2025-05-29 12:14:08,209 - utils.folder_summarizer - WARNING - Could not analyze content of ./node_modules/postcss-import/lib/assign-layer-names.js: 'analyzed_files'
2025-05-29 12:14:08,210 - utils.folder_summarizer - WARNING - Could not analyze content of ./node_modules/postcss-import/lib/resolve-id.js: 'analyzed_files'
2025-05-29 12:14:08,210 - utils.folder_summarizer - WARNING - Could not analyze content of ./node_modules/postcss-import/lib/join-media.js: 'analyzed_files'
2025-05-29 12:14:08,211 - utils.folder_summarizer - WARNING - Could not analyze content of ./node_modules/svelte-preprocess/LICENSE: 'analyzed_files'
2025-05-29 12:14:08,214 - utils.folder_summarizer - WARNING - Could not analyze content of ./node_modules/svelte-preprocess/README.md: 'analyzed_files'
2025-05-29 12:14:08,217 - utils.folder_summarizer - WARNING - Could not analyze content of ./node_modules/svelte-preprocess/package.json: 'analyzed_files'
2025-05-29 12:14:08,220 - utils.folder_summarizer - WARNING - Could not analyze content of ./node_modules/svelte-preprocess/dist/autoProcess.js: 'analyzed_files'
2025-05-29 12:14:08,220 - utils.folder_summarizer - WARNING - Could not analyze content of ./node_modules/svelte-preprocess/dist/autoProcess.d.ts: 'analyzed_files'
2025-05-29 12:14:08,222 - utils.folder_summarizer - WARNING - Could not analyze content of ./node_modules/svelte-preprocess/dist/index.js: 'analyzed_files'
2025-05-29 12:14:08,225 - utils.folder_summarizer - WARNING - Could not analyze content of ./node_modules/svelte-preprocess/dist/autoProcess.js.map: 'analyzed_files'
2025-05-29 12:14:08,225 - utils.folder_summarizer - WARNING - Could not analyze content of ./node_modules/svelte-preprocess/dist/index.js.map: 'analyzed_files'
2025-05-29 12:14:08,226 - utils.folder_summarizer - WARNING - Could not analyze content of ./node_modules/svelte-preprocess/dist/index.d.ts: 'analyzed_files'
2025-05-29 12:14:08,227 - utils.folder_summarizer - WARNING - Could not analyze content of ./node_modules/svelte-preprocess/dist/autoProcess.d.ts.map: 'analyzed_files'
2025-05-29 12:14:08,228 - utils.folder_summarizer - WARNING - Could not analyze content of ./node_modules/svelte-preprocess/dist/index.d.ts.map: 'analyzed_files'
2025-05-29 12:14:08,229 - utils.folder_summarizer - WARNING - Could not analyze content of ./node_modules/svelte-preprocess/dist/types/options.d.ts.map: 'analyzed_files'
2025-05-29 12:14:08,230 - utils.folder_summarizer - WARNING - Could not analyze content of ./node_modules/svelte-preprocess/dist/types/options.d.ts: 'analyzed_files'
2025-05-29 12:14:08,231 - utils.folder_summarizer - WARNING - Could not analyze content of ./node_modules/svelte-preprocess/dist/types/options.js: 'analyzed_files'
2025-05-29 12:14:08,232 - utils.folder_summarizer - WARNING - Could not analyze content of ./node_modules/svelte-preprocess/dist/types/index.js: 'analyzed_files'
2025-05-29 12:14:08,233 - utils.folder_summarizer - WARNING - Could not analyze content of ./node_modules/svelte-preprocess/dist/types/options.js.map: 'analyzed_files'
2025-05-29 12:14:08,233 - utils.folder_summarizer - WARNING - Could not analyze content of ./node_modules/svelte-preprocess/dist/types/index.js.map: 'analyzed_files'
2025-05-29 12:14:08,235 - utils.folder_summarizer - WARNING - Could not analyze content of ./node_modules/svelte-preprocess/dist/types/index.d.ts: 'analyzed_files'
2025-05-29 12:14:08,236 - utils.folder_summarizer - WARNING - Could not analyze content of ./node_modules/svelte-preprocess/dist/types/index.d.ts.map: 'analyzed_files'
2025-05-29 12:14:08,238 - utils.folder_summarizer - WARNING - Could not analyze content of ./node_modules/svelte-preprocess/dist/processors/postcss.js: 'analyzed_files'
2025-05-29 12:14:08,238 - utils.folder_summarizer - WARNING - Could not analyze content of ./node_modules/svelte-preprocess/dist/processors/babel.d.ts.map: 'analyzed_files'
2025-05-29 12:14:08,239 - utils.folder_summarizer - WARNING - Could not analyze content of ./node_modules/svelte-preprocess/dist/processors/typescript.js: 'analyzed_files'
2025-05-29 12:14:08,240 - utils.folder_summarizer - WARNING - Could not analyze content of ./node_modules/svelte-preprocess/dist/processors/babel.d.ts: 'analyzed_files'
2025-05-29 12:14:08,241 - utils.folder_summarizer - WARNING - Could not analyze content of ./node_modules/svelte-preprocess/dist/processors/pug.js: 'analyzed_files'
2025-05-29 12:14:08,242 - utils.folder_summarizer - WARNING - Could not analyze content of ./node_modules/svelte-preprocess/dist/processors/less.d.ts.map: 'analyzed_files'
2025-05-29 12:14:08,243 - utils.folder_summarizer - WARNING - Could not analyze content of ./node_modules/svelte-preprocess/dist/processors/globalStyle.js.map: 'analyzed_files'
2025-05-29 12:14:08,243 - utils.folder_summarizer - WARNING - Could not analyze content of ./node_modules/svelte-preprocess/dist/processors/coffeescript.d.ts: 'analyzed_files'
2025-05-29 12:14:08,244 - utils.folder_summarizer - WARNING - Could not analyze content of ./node_modules/svelte-preprocess/dist/processors/stylus.d.ts: 'analyzed_files'
2025-05-29 12:14:08,245 - utils.folder_summarizer - WARNING - Could not analyze content of ./node_modules/svelte-preprocess/dist/processors/stylus.d.ts.map: 'analyzed_files'
2025-05-29 12:14:08,245 - utils.folder_summarizer - WARNING - Could not analyze content of ./node_modules/svelte-preprocess/dist/processors/coffeescript.d.ts.map: 'analyzed_files'
2025-05-29 12:14:08,246 - utils.folder_summarizer - WARNING - Could not analyze content of ./node_modules/svelte-preprocess/dist/processors/pug.d.ts.map: 'analyzed_files'
2025-05-29 12:14:08,247 - utils.folder_summarizer - WARNING - Could not analyze content of ./node_modules/svelte-preprocess/dist/processors/typescript.js.map: 'analyzed_files'
2025-05-29 12:14:08,247 - utils.folder_summarizer - WARNING - Could not analyze content of ./node_modules/svelte-preprocess/dist/processors/pug.d.ts: 'analyzed_files'
2025-05-29 12:14:08,248 - utils.folder_summarizer - WARNING - Could not analyze content of ./node_modules/svelte-preprocess/dist/processors/globalStyle.js: 'analyzed_files'
2025-05-29 12:14:08,249 - utils.folder_summarizer - WARNING - Could not analyze content of ./node_modules/svelte-preprocess/dist/processors/replace.d.ts.map: 'analyzed_files'
2025-05-29 12:14:08,250 - utils.folder_summarizer - WARNING - Could not analyze content of ./node_modules/svelte-preprocess/dist/processors/postcss.d.ts.map: 'analyzed_files'
2025-05-29 12:14:08,251 - utils.folder_summarizer - WARNING - Could not analyze content of ./node_modules/svelte-preprocess/dist/processors/typescript.d.ts.map: 'analyzed_files'
2025-05-29 12:14:08,251 - utils.folder_summarizer - WARNING - Could not analyze content of ./node_modules/svelte-preprocess/dist/processors/postcss.d.ts: 'analyzed_files'
2025-05-29 12:14:08,252 - utils.folder_summarizer - WARNING - Could not analyze content of ./node_modules/svelte-preprocess/dist/processors/babel.js.map: 'analyzed_files'
2025-05-29 12:14:08,253 - utils.folder_summarizer - WARNING - Could not analyze content of ./node_modules/svelte-preprocess/dist/processors/pug.js.map: 'analyzed_files'
2025-05-29 12:14:08,254 - utils.folder_summarizer - WARNING - Could not analyze content of ./node_modules/svelte-preprocess/dist/processors/stylus.js.map: 'analyzed_files'
2025-05-29 12:14:08,255 - utils.folder_summarizer - WARNING - Could not analyze content of ./node_modules/svelte-preprocess/dist/processors/less.js: 'analyzed_files'
2025-05-29 12:14:08,255 - utils.folder_summarizer - WARNING - Could not analyze content of ./node_modules/svelte-preprocess/dist/processors/replace.d.ts: 'analyzed_files'
2025-05-29 12:14:08,256 - utils.folder_summarizer - WARNING - Could not analyze content of ./node_modules/svelte-preprocess/dist/processors/replace.js: 'analyzed_files'
2025-05-29 12:14:08,258 - utils.folder_summarizer - WARNING - Could not analyze content of ./node_modules/svelte-preprocess/dist/processors/replace.js.map: 'analyzed_files'
2025-05-29 12:14:08,259 - utils.folder_summarizer - WARNING - Could not analyze content of ./node_modules/svelte-preprocess/dist/processors/coffeescript.js.map: 'analyzed_files'
2025-05-29 12:14:08,260 - utils.folder_summarizer - WARNING - Could not analyze content of ./node_modules/svelte-preprocess/dist/processors/postcss.js.map: 'analyzed_files'
2025-05-29 12:14:08,260 - utils.folder_summarizer - WARNING - Could not analyze content of ./node_modules/svelte-preprocess/dist/processors/scss.d.ts: 'analyzed_files'
2025-05-29 12:14:08,261 - utils.folder_summarizer - WARNING - Could not analyze content of ./node_modules/svelte-preprocess/dist/processors/babel.js: 'analyzed_files'
2025-05-29 12:14:08,262 - utils.folder_summarizer - WARNING - Could not analyze content of ./node_modules/svelte-preprocess/dist/processors/stylus.js: 'analyzed_files'
2025-05-29 12:14:08,263 - utils.folder_summarizer - WARNING - Could not analyze content of ./node_modules/svelte-preprocess/dist/processors/coffeescript.js: 'analyzed_files'
2025-05-29 12:14:08,264 - utils.folder_summarizer - WARNING - Could not analyze content of ./node_modules/svelte-preprocess/dist/processors/less.d.ts: 'analyzed_files'
2025-05-29 12:14:08,265 - utils.folder_summarizer - WARNING - Could not analyze content of ./node_modules/svelte-preprocess/dist/processors/less.js.map: 'analyzed_files'
2025-05-29 12:14:08,266 - utils.folder_summarizer - WARNING - Could not analyze content of ./node_modules/svelte-preprocess/dist/processors/typescript.d.ts: 'analyzed_files'
2025-05-29 12:14:08,267 - utils.folder_summarizer - WARNING - Could not analyze content of ./node_modules/svelte-preprocess/dist/processors/scss.d.ts.map: 'analyzed_files'
2025-05-29 12:14:08,267 - utils.folder_summarizer - WARNING - Could not analyze content of ./node_modules/svelte-preprocess/dist/processors/globalStyle.d.ts.map: 'analyzed_files'
2025-05-29 12:14:08,268 - utils.folder_summarizer - WARNING - Could not analyze content of ./node_modules/svelte-preprocess/dist/processors/globalStyle.d.ts: 'analyzed_files'
2025-05-29 12:14:08,269 - utils.folder_summarizer - WARNING - Could not analyze content of ./node_modules/svelte-preprocess/dist/processors/scss.js.map: 'analyzed_files'
2025-05-29 12:14:08,270 - utils.folder_summarizer - WARNING - Could not analyze content of ./node_modules/svelte-preprocess/dist/processors/scss.js: 'analyzed_files'
2025-05-29 12:14:08,272 - utils.folder_summarizer - WARNING - Could not analyze content of ./node_modules/svelte-preprocess/dist/transformers/postcss.js: 'analyzed_files'
2025-05-29 12:14:08,273 - utils.folder_summarizer - WARNING - Could not analyze content of ./node_modules/svelte-preprocess/dist/transformers/babel.d.ts.map: 'analyzed_files'
2025-05-29 12:14:08,276 - utils.folder_summarizer - WARNING - Could not analyze content of ./node_modules/svelte-preprocess/dist/transformers/typescript.js: 'analyzed_files'
2025-05-29 12:14:08,276 - utils.folder_summarizer - WARNING - Could not analyze content of ./node_modules/svelte-preprocess/dist/transformers/babel.d.ts: 'analyzed_files'
2025-05-29 12:14:08,278 - utils.folder_summarizer - WARNING - Could not analyze content of ./node_modules/svelte-preprocess/dist/transformers/pug.js: 'analyzed_files'
2025-05-29 12:14:08,278 - utils.folder_summarizer - WARNING - Could not analyze content of ./node_modules/svelte-preprocess/dist/transformers/less.d.ts.map: 'analyzed_files'
2025-05-29 12:14:08,280 - utils.folder_summarizer - WARNING - Could not analyze content of ./node_modules/svelte-preprocess/dist/transformers/globalStyle.js.map: 'analyzed_files'
2025-05-29 12:14:08,280 - utils.folder_summarizer - WARNING - Could not analyze content of ./node_modules/svelte-preprocess/dist/transformers/coffeescript.d.ts: 'analyzed_files'
2025-05-29 12:14:08,281 - utils.folder_summarizer - WARNING - Could not analyze content of ./node_modules/svelte-preprocess/dist/transformers/stylus.d.ts: 'analyzed_files'
2025-05-29 12:14:08,282 - utils.folder_summarizer - WARNING - Could not analyze content of ./node_modules/svelte-preprocess/dist/transformers/stylus.d.ts.map: 'analyzed_files'
2025-05-29 12:14:08,283 - utils.folder_summarizer - WARNING - Could not analyze content of ./node_modules/svelte-preprocess/dist/transformers/coffeescript.d.ts.map: 'analyzed_files'
2025-05-29 12:14:08,284 - memory.enhanced_semantic_search - INFO - Added 3900 items to vector index
2025-05-29 12:14:08,284 - utils.folder_summarizer - WARNING - Could not analyze content of ./node_modules/svelte-preprocess/dist/transformers/pug.d.ts.map: 'analyzed_files'
2025-05-29 12:14:08,287 - utils.folder_summarizer - WARNING - Could not analyze content of ./node_modules/svelte-preprocess/dist/transformers/typescript.js.map: 'analyzed_files'
2025-05-29 12:14:08,288 - utils.folder_summarizer - WARNING - Could not analyze content of ./node_modules/svelte-preprocess/dist/transformers/pug.d.ts: 'analyzed_files'
2025-05-29 12:14:08,289 - utils.folder_summarizer - WARNING - Could not analyze content of ./node_modules/svelte-preprocess/dist/transformers/globalStyle.js: 'analyzed_files'
2025-05-29 12:14:08,290 - utils.folder_summarizer - WARNING - Could not analyze content of ./node_modules/svelte-preprocess/dist/transformers/replace.d.ts.map: 'analyzed_files'
2025-05-29 12:14:08,290 - utils.folder_summarizer - WARNING - Could not analyze content of ./node_modules/svelte-preprocess/dist/transformers/postcss.d.ts.map: 'analyzed_files'
2025-05-29 12:14:08,291 - utils.folder_summarizer - WARNING - Could not analyze content of ./node_modules/svelte-preprocess/dist/transformers/typescript.d.ts.map: 'analyzed_files'
2025-05-29 12:14:08,292 - utils.folder_summarizer - WARNING - Could not analyze content of ./node_modules/svelte-preprocess/dist/transformers/postcss.d.ts: 'analyzed_files'
2025-05-29 12:14:08,293 - utils.folder_summarizer - WARNING - Could not analyze content of ./node_modules/svelte-preprocess/dist/transformers/babel.js.map: 'analyzed_files'
2025-05-29 12:14:08,294 - utils.folder_summarizer - WARNING - Could not analyze content of ./node_modules/svelte-preprocess/dist/transformers/pug.js.map: 'analyzed_files'
2025-05-29 12:14:08,295 - utils.folder_summarizer - WARNING - Could not analyze content of ./node_modules/svelte-preprocess/dist/transformers/stylus.js.map: 'analyzed_files'
2025-05-29 12:14:08,296 - utils.folder_summarizer - WARNING - Could not analyze content of ./node_modules/svelte-preprocess/dist/transformers/less.js: 'analyzed_files'
2025-05-29 12:14:08,297 - utils.folder_summarizer - WARNING - Could not analyze content of ./node_modules/svelte-preprocess/dist/transformers/replace.d.ts: 'analyzed_files'
2025-05-29 12:14:08,303 - utils.folder_summarizer - WARNING - Could not analyze content of ./node_modules/svelte-preprocess/dist/transformers/replace.js: 'analyzed_files'
2025-05-29 12:14:08,303 - utils.folder_summarizer - WARNING - Could not analyze content of ./node_modules/svelte-preprocess/dist/transformers/replace.js.map: 'analyzed_files'
2025-05-29 12:14:08,304 - utils.folder_summarizer - WARNING - Could not analyze content of ./node_modules/svelte-preprocess/dist/transformers/coffeescript.js.map: 'analyzed_files'
2025-05-29 12:14:08,306 - utils.folder_summarizer - WARNING - Could not analyze content of ./node_modules/svelte-preprocess/dist/transformers/postcss.js.map: 'analyzed_files'
2025-05-29 12:14:08,308 - utils.folder_summarizer - WARNING - Could not analyze content of ./node_modules/svelte-preprocess/dist/transformers/scss.d.ts: 'analyzed_files'
2025-05-29 12:14:08,309 - utils.folder_summarizer - WARNING - Could not analyze content of ./node_modules/svelte-preprocess/dist/transformers/babel.js: 'analyzed_files'
2025-05-29 12:14:08,310 - utils.folder_summarizer - WARNING - Could not analyze content of ./node_modules/svelte-preprocess/dist/transformers/stylus.js: 'analyzed_files'
2025-05-29 12:14:08,311 - utils.folder_summarizer - WARNING - Could not analyze content of ./node_modules/svelte-preprocess/dist/transformers/coffeescript.js: 'analyzed_files'
2025-05-29 12:14:08,312 - utils.folder_summarizer - WARNING - Could not analyze content of ./node_modules/svelte-preprocess/dist/transformers/less.d.ts: 'analyzed_files'
2025-05-29 12:14:08,313 - utils.folder_summarizer - WARNING - Could not analyze content of ./node_modules/svelte-preprocess/dist/transformers/less.js.map: 'analyzed_files'
2025-05-29 12:14:08,313 - utils.folder_summarizer - WARNING - Could not analyze content of ./node_modules/svelte-preprocess/dist/transformers/typescript.d.ts: 'analyzed_files'
2025-05-29 12:14:08,314 - utils.folder_summarizer - WARNING - Could not analyze content of ./node_modules/svelte-preprocess/dist/transformers/scss.d.ts.map: 'analyzed_files'
2025-05-29 12:14:08,315 - utils.folder_summarizer - WARNING - Could not analyze content of ./node_modules/svelte-preprocess/dist/transformers/globalStyle.d.ts.map: 'analyzed_files'
2025-05-29 12:14:08,316 - utils.folder_summarizer - WARNING - Could not analyze content of ./node_modules/svelte-preprocess/dist/transformers/globalStyle.d.ts: 'analyzed_files'
2025-05-29 12:14:08,318 - utils.folder_summarizer - WARNING - Could not analyze content of ./node_modules/svelte-preprocess/dist/transformers/scss.js.map: 'analyzed_files'
2025-05-29 12:14:08,320 - utils.folder_summarizer - WARNING - Could not analyze content of ./node_modules/svelte-preprocess/dist/transformers/scss.js: 'analyzed_files'
2025-05-29 12:14:08,321 - utils.folder_summarizer - WARNING - Could not analyze content of ./node_modules/svelte-preprocess/dist/modules/tagInfo.d.ts: 'analyzed_files'
2025-05-29 12:14:08,322 - utils.folder_summarizer - WARNING - Could not analyze content of ./node_modules/svelte-preprocess/dist/modules/markup.js.map: 'analyzed_files'
2025-05-29 12:14:08,324 - utils.folder_summarizer - WARNING - Could not analyze content of ./node_modules/svelte-preprocess/dist/modules/language.js.map: 'analyzed_files'
2025-05-29 12:14:08,325 - utils.folder_summarizer - WARNING - Could not analyze content of ./node_modules/svelte-preprocess/dist/modules/tagInfo.js.map: 'analyzed_files'
2025-05-29 12:14:08,326 - utils.folder_summarizer - WARNING - Could not analyze content of ./node_modules/svelte-preprocess/dist/modules/markup.js: 'analyzed_files'
2025-05-29 12:14:08,327 - utils.folder_summarizer - WARNING - Could not analyze content of ./node_modules/svelte-preprocess/dist/modules/language.d.ts: 'analyzed_files'
2025-05-29 12:14:08,328 - utils.folder_summarizer - WARNING - Could not analyze content of ./node_modules/svelte-preprocess/dist/modules/errors.d.ts: 'analyzed_files'
2025-05-29 12:14:08,328 - utils.folder_summarizer - WARNING - Could not analyze content of ./node_modules/svelte-preprocess/dist/modules/errors.js.map: 'analyzed_files'
2025-05-29 12:14:08,329 - utils.folder_summarizer - WARNING - Could not analyze content of ./node_modules/svelte-preprocess/dist/modules/tagInfo.d.ts.map: 'analyzed_files'
2025-05-29 12:14:08,329 - utils.folder_summarizer - WARNING - Could not analyze content of ./node_modules/svelte-preprocess/dist/modules/prepareContent.js.map: 'analyzed_files'
2025-05-29 12:14:08,330 - utils.folder_summarizer - WARNING - Could not analyze content of ./node_modules/svelte-preprocess/dist/modules/tagInfo.js: 'analyzed_files'
2025-05-29 12:14:08,331 - utils.folder_summarizer - WARNING - Could not analyze content of ./node_modules/svelte-preprocess/dist/modules/prepareContent.d.ts: 'analyzed_files'
2025-05-29 12:14:08,332 - utils.folder_summarizer - WARNING - Could not analyze content of ./node_modules/svelte-preprocess/dist/modules/markup.d.ts: 'analyzed_files'
2025-05-29 12:14:08,332 - utils.folder_summarizer - WARNING - Could not analyze content of ./node_modules/svelte-preprocess/dist/modules/errors.d.ts.map: 'analyzed_files'
2025-05-29 12:14:08,334 - utils.folder_summarizer - WARNING - Could not analyze content of ./node_modules/svelte-preprocess/dist/modules/globalifySelector.js: 'analyzed_files'
2025-05-29 12:14:08,334 - utils.folder_summarizer - WARNING - Could not analyze content of ./node_modules/svelte-preprocess/dist/modules/globalifySelector.d.ts: 'analyzed_files'
2025-05-29 12:14:08,336 - utils.folder_summarizer - WARNING - Could not analyze content of ./node_modules/svelte-preprocess/dist/modules/globalifySelector.js.map: 'analyzed_files'
2025-05-29 12:14:08,337 - utils.folder_summarizer - WARNING - Could not analyze content of ./node_modules/svelte-preprocess/dist/modules/prepareContent.js: 'analyzed_files'
2025-05-29 12:14:08,338 - utils.folder_summarizer - WARNING - Could not analyze content of ./node_modules/svelte-preprocess/dist/modules/utils.d.ts: 'analyzed_files'
2025-05-29 12:14:08,339 - utils.folder_summarizer - WARNING - Could not analyze content of ./node_modules/svelte-preprocess/dist/modules/errors.js: 'analyzed_files'
2025-05-29 12:14:08,340 - utils.folder_summarizer - WARNING - Could not analyze content of ./node_modules/svelte-preprocess/dist/modules/utils.d.ts.map: 'analyzed_files'
2025-05-29 12:14:08,340 - utils.folder_summarizer - WARNING - Could not analyze content of ./node_modules/svelte-preprocess/dist/modules/prepareContent.d.ts.map: 'analyzed_files'
2025-05-29 12:14:08,341 - utils.folder_summarizer - WARNING - Could not analyze content of ./node_modules/svelte-preprocess/dist/modules/globalifySelector.d.ts.map: 'analyzed_files'
2025-05-29 12:14:08,342 - utils.folder_summarizer - WARNING - Could not analyze content of ./node_modules/svelte-preprocess/dist/modules/language.d.ts.map: 'analyzed_files'
2025-05-29 12:14:08,342 - utils.folder_summarizer - WARNING - Could not analyze content of ./node_modules/svelte-preprocess/dist/modules/markup.d.ts.map: 'analyzed_files'
2025-05-29 12:14:08,345 - utils.folder_summarizer - WARNING - Could not analyze content of ./node_modules/svelte-preprocess/dist/modules/utils.js: 'analyzed_files'
2025-05-29 12:14:08,347 - utils.folder_summarizer - WARNING - Could not analyze content of ./node_modules/svelte-preprocess/dist/modules/utils.js.map: 'analyzed_files'
2025-05-29 12:14:08,348 - utils.folder_summarizer - WARNING - Could not analyze content of ./node_modules/svelte-preprocess/dist/modules/language.js: 'analyzed_files'
2025-05-29 12:14:08,352 - utils.folder_summarizer - WARNING - Could not analyze content of ./node_modules/postcss-selector-parser/API.md: 'analyzed_files'
2025-05-29 12:14:08,356 - utils.folder_summarizer - WARNING - Could not analyze content of ./node_modules/postcss-selector-parser/CHANGELOG.md: 'analyzed_files'
2025-05-29 12:14:08,360 - utils.folder_summarizer - WARNING - Could not analyze content of ./node_modules/postcss-selector-parser/postcss-selector-parser.d.ts: 'analyzed_files'
2025-05-29 12:14:08,361 - utils.folder_summarizer - WARNING - Could not analyze content of ./node_modules/postcss-selector-parser/README.md: 'analyzed_files'
2025-05-29 12:14:08,363 - utils.folder_summarizer - WARNING - Could not analyze content of ./node_modules/postcss-selector-parser/package.json: 'analyzed_files'
2025-05-29 12:14:08,364 - utils.folder_summarizer - WARNING - Could not analyze content of ./node_modules/postcss-selector-parser/LICENSE-MIT: 'analyzed_files'
2025-05-29 12:14:08,366 - utils.folder_summarizer - WARNING - Could not analyze content of ./node_modules/postcss-selector-parser/dist/tokenTypes.js: 'analyzed_files'
2025-05-29 12:14:08,368 - utils.folder_summarizer - WARNING - Could not analyze content of ./node_modules/postcss-selector-parser/dist/processor.js: 'analyzed_files'
2025-05-29 12:14:08,369 - utils.folder_summarizer - WARNING - Could not analyze content of ./node_modules/postcss-selector-parser/dist/index.js: 'analyzed_files'
2025-05-29 12:14:08,370 - utils.folder_summarizer - WARNING - Could not analyze content of ./node_modules/postcss-selector-parser/dist/sortAscending.js: 'analyzed_files'
2025-05-29 12:14:08,373 - utils.folder_summarizer - WARNING - Could not analyze content of ./node_modules/postcss-selector-parser/dist/tokenize.js: 'analyzed_files'
2025-05-29 12:14:08,376 - utils.folder_summarizer - WARNING - Could not analyze content of ./node_modules/postcss-selector-parser/dist/parser.js: 'analyzed_files'
2025-05-29 12:14:08,377 - utils.folder_summarizer - WARNING - Could not analyze content of ./node_modules/postcss-selector-parser/dist/util/stripComments.js: 'analyzed_files'
2025-05-29 12:14:08,377 - utils.folder_summarizer - WARNING - Could not analyze content of ./node_modules/postcss-selector-parser/dist/util/ensureObject.js: 'analyzed_files'
2025-05-29 12:14:08,378 - utils.folder_summarizer - WARNING - Could not analyze content of ./node_modules/postcss-selector-parser/dist/util/index.js: 'analyzed_files'
2025-05-29 12:14:08,378 - utils.folder_summarizer - WARNING - Could not analyze content of ./node_modules/postcss-selector-parser/dist/util/getProp.js: 'analyzed_files'
2025-05-29 12:14:08,380 - utils.folder_summarizer - WARNING - Could not analyze content of ./node_modules/postcss-selector-parser/dist/util/unesc.js: 'analyzed_files'
2025-05-29 12:14:08,380 - utils.folder_summarizer - WARNING - Could not analyze content of ./node_modules/postcss-selector-parser/dist/selectors/selector.js: 'analyzed_files'
2025-05-29 12:14:08,381 - utils.folder_summarizer - WARNING - Could not analyze content of ./node_modules/postcss-selector-parser/dist/selectors/pseudo.js: 'analyzed_files'
2025-05-29 12:14:08,382 - utils.folder_summarizer - WARNING - Could not analyze content of ./node_modules/postcss-selector-parser/dist/selectors/types.js: 'analyzed_files'
2025-05-29 12:14:08,383 - utils.folder_summarizer - WARNING - Could not analyze content of ./node_modules/postcss-selector-parser/dist/selectors/className.js: 'analyzed_files'
2025-05-29 12:14:08,384 - utils.folder_summarizer - WARNING - Could not analyze content of ./node_modules/postcss-selector-parser/dist/selectors/combinator.js: 'analyzed_files'
2025-05-29 12:14:08,385 - utils.folder_summarizer - WARNING - Could not analyze content of ./node_modules/postcss-selector-parser/dist/selectors/nesting.js: 'analyzed_files'
2025-05-29 12:14:08,386 - utils.folder_summarizer - WARNING - Could not analyze content of ./node_modules/postcss-selector-parser/dist/selectors/index.js: 'analyzed_files'
2025-05-29 12:14:08,387 - utils.folder_summarizer - WARNING - Could not analyze content of ./node_modules/postcss-selector-parser/dist/selectors/guards.js: 'analyzed_files'
2025-05-29 12:14:08,388 - utils.folder_summarizer - WARNING - Could not analyze content of ./node_modules/postcss-selector-parser/dist/selectors/id.js: 'analyzed_files'
2025-05-29 12:14:08,389 - utils.folder_summarizer - WARNING - Could not analyze content of ./node_modules/postcss-selector-parser/dist/selectors/comment.js: 'analyzed_files'
2025-05-29 12:14:08,392 - utils.folder_summarizer - WARNING - Could not analyze content of ./node_modules/postcss-selector-parser/dist/selectors/attribute.js: 'analyzed_files'
2025-05-29 12:14:08,393 - utils.folder_summarizer - WARNING - Could not analyze content of ./node_modules/postcss-selector-parser/dist/selectors/namespace.js: 'analyzed_files'
2025-05-29 12:14:08,396 - utils.folder_summarizer - WARNING - Could not analyze content of ./node_modules/postcss-selector-parser/dist/selectors/node.js: 'analyzed_files'
2025-05-29 12:14:08,396 - utils.folder_summarizer - WARNING - Could not analyze content of ./node_modules/postcss-selector-parser/dist/selectors/string.js: 'analyzed_files'
2025-05-29 12:14:08,398 - utils.folder_summarizer - WARNING - Could not analyze content of ./node_modules/postcss-selector-parser/dist/selectors/root.js: 'analyzed_files'
2025-05-29 12:14:08,398 - utils.folder_summarizer - WARNING - Could not analyze content of ./node_modules/postcss-selector-parser/dist/selectors/tag.js: 'analyzed_files'
2025-05-29 12:14:08,399 - utils.folder_summarizer - WARNING - Could not analyze content of ./node_modules/postcss-selector-parser/dist/selectors/universal.js: 'analyzed_files'
2025-05-29 12:14:08,401 - utils.folder_summarizer - WARNING - Could not analyze content of ./node_modules/postcss-selector-parser/dist/selectors/constructors.js: 'analyzed_files'
2025-05-29 12:14:08,403 - utils.folder_summarizer - WARNING - Could not analyze content of ./node_modules/postcss-selector-parser/dist/selectors/container.js: 'analyzed_files'
2025-05-29 12:14:08,408 - utils.folder_summarizer - WARNING - Could not analyze content of ./node_modules/rollup/LICENSE.md: 'analyzed_files'
2025-05-29 12:14:08,411 - utils.folder_summarizer - WARNING - Could not analyze content of ./node_modules/rollup/README.md: 'analyzed_files'
2025-05-29 12:14:08,414 - utils.folder_summarizer - WARNING - Could not analyze content of ./node_modules/rollup/package.json: 'analyzed_files'
2025-05-29 12:14:08,415 - utils.folder_summarizer - WARNING - Could not analyze content of ./node_modules/rollup/dist/rollup.js: 'analyzed_files'
2025-05-29 12:14:08,418 - utils.folder_summarizer - WARNING - Could not analyze content of ./node_modules/rollup/dist/rollup.d.ts: 'analyzed_files'
2025-05-29 12:14:08,419 - utils.folder_summarizer - WARNING - Could not analyze content of ./node_modules/rollup/dist/getLogFilter.d.ts: 'analyzed_files'
2025-05-29 12:14:08,420 - utils.folder_summarizer - WARNING - Could not analyze content of ./node_modules/rollup/dist/loadConfigFile.d.ts: 'analyzed_files'
2025-05-29 12:14:08,420 - memory.enhanced_semantic_search - INFO - Added 4000 items to vector index
2025-05-29 12:14:08,420 - utils.folder_summarizer - WARNING - Could not analyze content of ./node_modules/rollup/dist/loadConfigFile.js: 'analyzed_files'
2025-05-29 12:14:08,422 - utils.folder_summarizer - WARNING - Could not analyze content of ./node_modules/rollup/dist/getLogFilter.js: 'analyzed_files'
2025-05-29 12:14:08,427 - utils.folder_summarizer - WARNING - Could not analyze content of ./node_modules/rollup/dist/bin/rollup: 'analyzed_files'
2025-05-29 12:14:08,429 - utils.folder_summarizer - WARNING - Could not analyze content of ./node_modules/rollup/dist/shared/watch-proxy.js: 'analyzed_files'
2025-05-29 12:14:08,432 - utils.folder_summarizer - WARNING - Could not analyze content of ./node_modules/rollup/dist/shared/watch-cli.js: 'analyzed_files'
2025-05-29 12:14:08,477 - utils.folder_summarizer - WARNING - Could not analyze content of ./node_modules/rollup/dist/shared/rollup.js: 'analyzed_files'
2025-05-29 12:14:08,485 - utils.folder_summarizer - WARNING - Could not analyze content of ./node_modules/rollup/dist/shared/index.js: 'analyzed_files'
2025-05-29 12:14:08,486 - utils.folder_summarizer - WARNING - Could not analyze content of ./node_modules/rollup/dist/shared/fsevents-importer.js: 'analyzed_files'
2025-05-29 12:14:08,488 - utils.folder_summarizer - WARNING - Could not analyze content of ./node_modules/rollup/dist/shared/watch.js: 'analyzed_files'
2025-05-29 12:14:08,491 - utils.folder_summarizer - WARNING - Could not analyze content of ./node_modules/rollup/dist/shared/loadConfigFile.js: 'analyzed_files'
2025-05-29 12:14:08,492 - utils.folder_summarizer - WARNING - Could not analyze content of ./node_modules/rollup/dist/es/rollup.js: 'analyzed_files'
2025-05-29 12:14:08,493 - utils.folder_summarizer - WARNING - Could not analyze content of ./node_modules/rollup/dist/es/package.json: 'analyzed_files'
2025-05-29 12:14:08,494 - utils.folder_summarizer - WARNING - Could not analyze content of ./node_modules/rollup/dist/es/getLogFilter.js: 'analyzed_files'
2025-05-29 12:14:08,502 - utils.folder_summarizer - WARNING - Could not analyze content of ./node_modules/rollup/dist/es/shared/watch.js: 'analyzed_files'
2025-05-29 12:14:08,548 - utils.folder_summarizer - WARNING - Could not analyze content of ./node_modules/rollup/dist/es/shared/node-entry.js: 'analyzed_files'
2025-05-29 12:14:08,549 - utils.folder_summarizer - WARNING - Could not analyze content of ./node_modules/postcss-nested/LICENSE: 'analyzed_files'
2025-05-29 12:14:08,552 - utils.folder_summarizer - WARNING - Could not analyze content of ./node_modules/postcss-nested/index.js: 'analyzed_files'
2025-05-29 12:14:08,553 - utils.folder_summarizer - WARNING - Could not analyze content of ./node_modules/postcss-nested/README.md: 'analyzed_files'
2025-05-29 12:14:08,554 - utils.folder_summarizer - WARNING - Could not analyze content of ./node_modules/postcss-nested/package.json: 'analyzed_files'
2025-05-29 12:14:08,556 - utils.folder_summarizer - WARNING - Could not analyze content of ./node_modules/postcss-nested/index.d.ts: 'analyzed_files'
2025-05-29 12:14:08,560 - utils.folder_summarizer - WARNING - Could not analyze content of ./node_modules/mdn-data/LICENSE: 'analyzed_files'
2025-05-29 12:14:08,562 - utils.folder_summarizer - WARNING - Could not analyze content of ./node_modules/mdn-data/CHANGELOG.md: 'analyzed_files'
2025-05-29 12:14:08,562 - utils.folder_summarizer - WARNING - Could not analyze content of ./node_modules/mdn-data/index.js: 'analyzed_files'
2025-05-29 12:14:08,564 - utils.folder_summarizer - WARNING - Could not analyze content of ./node_modules/mdn-data/README.md: 'analyzed_files'
2025-05-29 12:14:08,565 - utils.folder_summarizer - WARNING - Could not analyze content of ./node_modules/mdn-data/package.json: 'analyzed_files'
2025-05-29 12:14:08,566 - utils.folder_summarizer - WARNING - Could not analyze content of ./node_modules/mdn-data/l10n/index.js: 'analyzed_files'
2025-05-29 12:14:08,575 - utils.folder_summarizer - WARNING - Could not analyze content of ./node_modules/mdn-data/l10n/css.json: 'analyzed_files'
2025-05-29 12:14:08,576 - utils.folder_summarizer - WARNING - Could not analyze content of ./node_modules/mdn-data/css/selectors.schema.json: 'analyzed_files'
2025-05-29 12:14:08,578 - utils.folder_summarizer - WARNING - Could not analyze content of ./node_modules/mdn-data/css/properties.schema.json: 'analyzed_files'
2025-05-29 12:14:08,579 - utils.folder_summarizer - WARNING - Could not analyze content of ./node_modules/mdn-data/css/units.schema.json: 'analyzed_files'
2025-05-29 12:14:08,581 - utils.folder_summarizer - WARNING - Could not analyze content of ./node_modules/mdn-data/css/types.json: 'analyzed_files'
2025-05-29 12:14:08,584 - utils.folder_summarizer - WARNING - Could not analyze content of ./node_modules/mdn-data/css/selectors.json: 'analyzed_files'
2025-05-29 12:14:08,587 - utils.folder_summarizer - WARNING - Could not analyze content of ./node_modules/mdn-data/css/at-rules.json: 'analyzed_files'
2025-05-29 12:14:08,602 - utils.folder_summarizer - WARNING - Could not analyze content of ./node_modules/mdn-data/css/properties.json: 'analyzed_files'
2025-05-29 12:14:08,603 - utils.folder_summarizer - WARNING - Could not analyze content of ./node_modules/mdn-data/css/index.js: 'analyzed_files'
2025-05-29 12:14:08,605 - utils.folder_summarizer - WARNING - Could not analyze content of ./node_modules/mdn-data/css/units.json: 'analyzed_files'
2025-05-29 12:14:08,606 - utils.folder_summarizer - WARNING - Could not analyze content of ./node_modules/mdn-data/css/at-rules.schema.json: 'analyzed_files'
2025-05-29 12:14:08,608 - utils.folder_summarizer - WARNING - Could not analyze content of ./node_modules/mdn-data/css/readme.md: 'analyzed_files'
2025-05-29 12:14:08,610 - utils.folder_summarizer - WARNING - Could not analyze content of ./node_modules/mdn-data/css/definitions.json: 'analyzed_files'
2025-05-29 12:14:08,610 - utils.folder_summarizer - WARNING - Could not analyze content of ./node_modules/mdn-data/css/types.schema.json: 'analyzed_files'
2025-05-29 12:14:08,611 - utils.folder_summarizer - WARNING - Could not analyze content of ./node_modules/mdn-data/css/syntaxes.schema.json: 'analyzed_files'
2025-05-29 12:14:08,614 - utils.folder_summarizer - WARNING - Could not analyze content of ./node_modules/mdn-data/css/syntaxes.json: 'analyzed_files'
2025-05-29 12:14:08,615 - utils.folder_summarizer - WARNING - Could not analyze content of ./node_modules/mdn-data/api/inheritance.schema.json: 'analyzed_files'
2025-05-29 12:14:08,615 - utils.folder_summarizer - WARNING - Could not analyze content of ./node_modules/mdn-data/api/index.js: 'analyzed_files'
2025-05-29 12:14:08,619 - utils.folder_summarizer - WARNING - Could not analyze content of ./node_modules/mdn-data/api/inheritance.json: 'analyzed_files'
2025-05-29 12:14:08,621 - utils.folder_summarizer - WARNING - Could not analyze content of ./node_modules/concat-map/LICENSE: 'analyzed_files'
2025-05-29 12:14:08,621 - utils.folder_summarizer - WARNING - Could not analyze content of ./node_modules/concat-map/index.js: 'analyzed_files'
2025-05-29 12:14:08,623 - utils.folder_summarizer - WARNING - Could not analyze content of ./node_modules/concat-map/README.markdown: 'analyzed_files'
2025-05-29 12:14:08,623 - utils.folder_summarizer - WARNING - Could not analyze content of ./node_modules/concat-map/package.json: 'analyzed_files'
2025-05-29 12:14:08,624 - utils.folder_summarizer - WARNING - Could not analyze content of ./node_modules/concat-map/.travis.yml: 'analyzed_files'
2025-05-29 12:14:08,625 - utils.folder_summarizer - WARNING - Could not analyze content of ./node_modules/concat-map/test/map.js: 'analyzed_files'
2025-05-29 12:14:08,626 - utils.folder_summarizer - WARNING - Could not analyze content of ./node_modules/concat-map/example/map.js: 'analyzed_files'
2025-05-29 12:14:08,630 - utils.folder_summarizer - WARNING - Could not analyze content of ./node_modules/axobject-query/LICENSE: 'analyzed_files'
2025-05-29 12:14:08,633 - utils.folder_summarizer - WARNING - Could not analyze content of ./node_modules/axobject-query/README.md: 'analyzed_files'
2025-05-29 12:14:08,636 - utils.folder_summarizer - WARNING - Could not analyze content of ./node_modules/axobject-query/package.json: 'analyzed_files'
2025-05-29 12:14:08,639 - utils.folder_summarizer - WARNING - Could not analyze content of ./node_modules/axobject-query/lib/AXObjectRoleMap.js: 'analyzed_files'
2025-05-29 12:14:08,641 - utils.folder_summarizer - WARNING - Could not analyze content of ./node_modules/axobject-query/lib/AXObjectsMap.js: 'analyzed_files'
2025-05-29 12:14:08,644 - utils.folder_summarizer - WARNING - Could not analyze content of ./node_modules/axobject-query/lib/elementAXObjectMap.js: 'analyzed_files'
2025-05-29 12:14:08,645 - utils.folder_summarizer - WARNING - Could not analyze content of ./node_modules/axobject-query/lib/index.js: 'analyzed_files'
2025-05-29 12:14:08,648 - utils.folder_summarizer - WARNING - Could not analyze content of ./node_modules/axobject-query/lib/AXObjectElementMap.js: 'analyzed_files'
2025-05-29 12:14:08,649 - utils.folder_summarizer - WARNING - Could not analyze content of ./node_modules/axobject-query/lib/util/iterationDecorator.js: 'analyzed_files'
2025-05-29 12:14:08,649 - utils.folder_summarizer - WARNING - Could not analyze content of ./node_modules/axobject-query/lib/util/iteratorProxy.js: 'analyzed_files'
2025-05-29 12:14:08,651 - utils.folder_summarizer - WARNING - Could not analyze content of ./node_modules/axobject-query/lib/etc/objects/TermRole.js: 'analyzed_files'
2025-05-29 12:14:08,652 - utils.folder_summarizer - WARNING - Could not analyze content of ./node_modules/axobject-query/lib/etc/objects/SearchBoxRole.js: 'analyzed_files'
2025-05-29 12:14:08,653 - utils.folder_summarizer - WARNING - Could not analyze content of ./node_modules/axobject-query/lib/etc/objects/TabRole.js: 'analyzed_files'
2025-05-29 12:14:08,654 - utils.folder_summarizer - WARNING - Could not analyze content of ./node_modules/axobject-query/lib/etc/objects/MenuBarRole.js: 'analyzed_files'
2025-05-29 12:14:08,654 - utils.folder_summarizer - WARNING - Could not analyze content of ./node_modules/axobject-query/lib/etc/objects/TextAreaRole.js: 'analyzed_files'
2025-05-29 12:14:08,655 - utils.folder_summarizer - WARNING - Could not analyze content of ./node_modules/axobject-query/lib/etc/objects/ComboBoxRole.js: 'analyzed_files'
2025-05-29 12:14:08,656 - utils.folder_summarizer - WARNING - Could not analyze content of ./node_modules/axobject-query/lib/etc/objects/PresentationalRole.js: 'analyzed_files'
2025-05-29 12:14:08,658 - utils.folder_summarizer - WARNING - Could not analyze content of ./node_modules/axobject-query/lib/etc/objects/ColumnRole.js: 'analyzed_files'
2025-05-29 12:14:08,658 - utils.folder_summarizer - WARNING - Could not analyze content of ./node_modules/axobject-query/lib/etc/objects/RubyRole.js: 'analyzed_files'
2025-05-29 12:14:08,659 - utils.folder_summarizer - WARNING - Could not analyze content of ./node_modules/axobject-query/lib/etc/objects/SpinButtonRole.js: 'analyzed_files'
2025-05-29 12:14:08,659 - utils.folder_summarizer - WARNING - Could not analyze content of ./node_modules/axobject-query/lib/etc/objects/ProgressIndicatorRole.js: 'analyzed_files'
2025-05-29 12:14:08,660 - utils.folder_summarizer - WARNING - Could not analyze content of ./node_modules/axobject-query/lib/etc/objects/ListMarkerRole.js: 'analyzed_files'
2025-05-29 12:14:08,661 - utils.folder_summarizer - WARNING - Could not analyze content of ./node_modules/axobject-query/lib/etc/objects/LinkRole.js: 'analyzed_files'
2025-05-29 12:14:08,661 - utils.folder_summarizer - WARNING - Could not analyze content of ./node_modules/axobject-query/lib/etc/objects/NavigationRole.js: 'analyzed_files'
2025-05-29 12:14:08,661 - utils.folder_summarizer - WARNING - Could not analyze content of ./node_modules/axobject-query/lib/etc/objects/MeterRole.js: 'analyzed_files'
2025-05-29 12:14:08,662 - utils.folder_summarizer - WARNING - Could not analyze content of ./node_modules/axobject-query/lib/etc/objects/DetailsRole.js: 'analyzed_files'
2025-05-29 12:14:08,663 - utils.folder_summarizer - WARNING - Could not analyze content of ./node_modules/axobject-query/lib/etc/objects/LogRole.js: 'analyzed_files'
2025-05-29 12:14:08,663 - utils.folder_summarizer - WARNING - Could not analyze content of ./node_modules/axobject-query/lib/etc/objects/ContentInfoRole.js: 'analyzed_files'
2025-05-29 12:14:08,664 - utils.folder_summarizer - WARNING - Could not analyze content of ./node_modules/axobject-query/lib/etc/objects/IframeRole.js: 'analyzed_files'
2025-05-29 12:14:08,664 - utils.folder_summarizer - WARNING - Could not analyze content of ./node_modules/axobject-query/lib/etc/objects/TreeGridRole.js: 'analyzed_files'
2025-05-29 12:14:08,665 - utils.folder_summarizer - WARNING - Could not analyze content of ./node_modules/axobject-query/lib/etc/objects/RulerRole.js: 'analyzed_files'
2025-05-29 12:14:08,665 - utils.folder_summarizer - WARNING - Could not analyze content of ./node_modules/axobject-query/lib/etc/objects/MenuItemRadioRole.js: 'analyzed_files'
2025-05-29 12:14:08,666 - utils.folder_summarizer - WARNING - Could not analyze content of ./node_modules/axobject-query/lib/etc/objects/TableHeaderContainerRole.js: 'analyzed_files'
2025-05-29 12:14:08,666 - utils.folder_summarizer - WARNING - Could not analyze content of ./node_modules/axobject-query/lib/etc/objects/LineBreakRole.js: 'analyzed_files'
2025-05-29 12:14:08,667 - utils.folder_summarizer - WARNING - Could not analyze content of ./node_modules/axobject-query/lib/etc/objects/HeadingRole.js: 'analyzed_files'
2025-05-29 12:14:08,667 - utils.folder_summarizer - WARNING - Could not analyze content of ./node_modules/axobject-query/lib/etc/objects/NoteRole.js: 'analyzed_files'
2025-05-29 12:14:08,669 - utils.folder_summarizer - WARNING - Could not analyze content of ./node_modules/axobject-query/lib/etc/objects/MenuRole.js: 'analyzed_files'
2025-05-29 12:14:08,670 - utils.folder_summarizer - WARNING - Could not analyze content of ./node_modules/axobject-query/lib/etc/objects/StatusRole.js: 'analyzed_files'
2025-05-29 12:14:08,671 - utils.folder_summarizer - WARNING - Could not analyze content of ./node_modules/axobject-query/lib/etc/objects/ButtonRole.js: 'analyzed_files'
2025-05-29 12:14:08,671 - utils.folder_summarizer - WARNING - Could not analyze content of ./node_modules/axobject-query/lib/etc/objects/FigureRole.js: 'analyzed_files'
2025-05-29 12:14:08,672 - utils.folder_summarizer - WARNING - Could not analyze content of ./node_modules/axobject-query/lib/etc/objects/RegionRole.js: 'analyzed_files'
2025-05-29 12:14:08,672 - utils.folder_summarizer - WARNING - Could not analyze content of ./node_modules/axobject-query/lib/etc/objects/TextFieldRole.js: 'analyzed_files'
2025-05-29 12:14:08,673 - utils.folder_summarizer - WARNING - Could not analyze content of ./node_modules/axobject-query/lib/etc/objects/VideoRole.js: 'analyzed_files'
2025-05-29 12:14:08,673 - utils.folder_summarizer - WARNING - Could not analyze content of ./node_modules/axobject-query/lib/etc/objects/SVGRootRole.js: 'analyzed_files'
2025-05-29 12:14:08,674 - utils.folder_summarizer - WARNING - Could not analyze content of ./node_modules/axobject-query/lib/etc/objects/TabGroupRole.js: 'analyzed_files'
2025-05-29 12:14:08,674 - utils.folder_summarizer - WARNING - Could not analyze content of ./node_modules/axobject-query/lib/etc/objects/AbbrRole.js: 'analyzed_files'
2025-05-29 12:14:08,675 - utils.folder_summarizer - WARNING - Could not analyze content of ./node_modules/axobject-query/lib/etc/objects/DefinitionRole.js: 'analyzed_files'
2025-05-29 12:14:08,675 - utils.folder_summarizer - WARNING - Could not analyze content of ./node_modules/axobject-query/lib/etc/objects/TimeRole.js: 'analyzed_files'
2025-05-29 12:14:08,676 - memory.enhanced_semantic_search - INFO - Added 4100 items to vector index
2025-05-29 12:14:08,676 - utils.folder_summarizer - WARNING - Could not analyze content of ./node_modules/axobject-query/lib/etc/objects/TimerRole.js: 'analyzed_files'
2025-05-29 12:14:08,676 - utils.folder_summarizer - WARNING - Could not analyze content of ./node_modules/axobject-query/lib/etc/objects/ListItemRole.js: 'analyzed_files'
2025-05-29 12:14:08,677 - utils.folder_summarizer - WARNING - Could not analyze content of ./node_modules/axobject-query/lib/etc/objects/SliderThumbRole.js: 'analyzed_files'
2025-05-29 12:14:08,677 - utils.folder_summarizer - WARNING - Could not analyze content of ./node_modules/axobject-query/lib/etc/objects/DescriptionListTermRole.js: 'analyzed_files'
2025-05-29 12:14:08,678 - utils.folder_summarizer - WARNING - Could not analyze content of ./node_modules/axobject-query/lib/etc/objects/MenuListPopupRole.js: 'analyzed_files'
2025-05-29 12:14:08,678 - utils.folder_summarizer - WARNING - Could not analyze content of ./node_modules/axobject-query/lib/etc/objects/TabPanelRole.js: 'analyzed_files'
2025-05-29 12:14:08,679 - utils.folder_summarizer - WARNING - Could not analyze content of ./node_modules/axobject-query/lib/etc/objects/CellRole.js: 'analyzed_files'
2025-05-29 12:14:08,679 - utils.folder_summarizer - WARNING - Could not analyze content of ./node_modules/axobject-query/lib/etc/objects/OutlineRole.js: 'analyzed_files'
2025-05-29 12:14:08,680 - utils.folder_summarizer - WARNING - Could not analyze content of ./node_modules/axobject-query/lib/etc/objects/ListBoxRole.js: 'analyzed_files'
2025-05-29 12:14:08,681 - utils.folder_summarizer - WARNING - Could not analyze content of ./node_modules/axobject-query/lib/etc/objects/FormRole.js: 'analyzed_files'
2025-05-29 12:14:08,681 - utils.folder_summarizer - WARNING - Could not analyze content of ./node_modules/axobject-query/lib/etc/objects/ColorWellRole.js: 'analyzed_files'
2025-05-29 12:14:08,682 - utils.folder_summarizer - WARNING - Could not analyze content of ./node_modules/axobject-query/lib/etc/objects/RowRole.js: 'analyzed_files'
2025-05-29 12:14:08,682 - utils.folder_summarizer - WARNING - Could not analyze content of ./node_modules/axobject-query/lib/etc/objects/StaticTextRole.js: 'analyzed_files'
2025-05-29 12:14:08,683 - utils.folder_summarizer - WARNING - Could not analyze content of ./node_modules/axobject-query/lib/etc/objects/BannerRole.js: 'analyzed_files'
2025-05-29 12:14:08,684 - utils.folder_summarizer - WARNING - Could not analyze content of ./node_modules/axobject-query/lib/etc/objects/FigcaptionRole.js: 'analyzed_files'
2025-05-29 12:14:08,684 - utils.folder_summarizer - WARNING - Could not analyze content of ./node_modules/axobject-query/lib/etc/objects/ScrollBarRole.js: 'analyzed_files'
2025-05-29 12:14:08,685 - utils.folder_summarizer - WARNING - Could not analyze content of ./node_modules/axobject-query/lib/etc/objects/AnnotationRole.js: 'analyzed_files'
2025-05-29 12:14:08,686 - utils.folder_summarizer - WARNING - Could not analyze content of ./node_modules/axobject-query/lib/etc/objects/RadioButtonRole.js: 'analyzed_files'
2025-05-29 12:14:08,686 - utils.folder_summarizer - WARNING - Could not analyze content of ./node_modules/axobject-query/lib/etc/objects/IgnoredRole.js: 'analyzed_files'
2025-05-29 12:14:08,686 - utils.folder_summarizer - WARNING - Could not analyze content of ./node_modules/axobject-query/lib/etc/objects/EmbeddedObjectRole.js: 'analyzed_files'
2025-05-29 12:14:08,687 - utils.folder_summarizer - WARNING - Could not analyze content of ./node_modules/axobject-query/lib/etc/objects/SearchRole.js: 'analyzed_files'
2025-05-29 12:14:08,688 - utils.folder_summarizer - WARNING - Could not analyze content of ./node_modules/axobject-query/lib/etc/objects/MenuItemRole.js: 'analyzed_files'
2025-05-29 12:14:08,688 - utils.folder_summarizer - WARNING - Could not analyze content of ./node_modules/axobject-query/lib/etc/objects/MarqueeRole.js: 'analyzed_files'
2025-05-29 12:14:08,689 - utils.folder_summarizer - WARNING - Could not analyze content of ./node_modules/axobject-query/lib/etc/objects/DirectoryRole.js: 'analyzed_files'
2025-05-29 12:14:08,689 - utils.folder_summarizer - WARNING - Could not analyze content of ./node_modules/axobject-query/lib/etc/objects/BlockquoteRole.js: 'analyzed_files'
2025-05-29 12:14:08,689 - utils.folder_summarizer - WARNING - Could not analyze content of ./node_modules/axobject-query/lib/etc/objects/MenuButtonRole.js: 'analyzed_files'
2025-05-29 12:14:08,690 - utils.folder_summarizer - WARNING - Could not analyze content of ./node_modules/axobject-query/lib/etc/objects/ColumnHeaderRole.js: 'analyzed_files'
2025-05-29 12:14:08,691 - utils.folder_summarizer - WARNING - Could not analyze content of ./node_modules/axobject-query/lib/etc/objects/DescriptionListDetailRole.js: 'analyzed_files'
2025-05-29 12:14:08,691 - utils.folder_summarizer - WARNING - Could not analyze content of ./node_modules/axobject-query/lib/etc/objects/MenuListOptionRole.js: 'analyzed_files'
2025-05-29 12:14:08,692 - utils.folder_summarizer - WARNING - Could not analyze content of ./node_modules/axobject-query/lib/etc/objects/AudioRole.js: 'analyzed_files'
2025-05-29 12:14:08,692 - utils.folder_summarizer - WARNING - Could not analyze content of ./node_modules/axobject-query/lib/etc/objects/ScrollAreaRole.js: 'analyzed_files'
2025-05-29 12:14:08,693 - utils.folder_summarizer - WARNING - Could not analyze content of ./node_modules/axobject-query/lib/etc/objects/TreeItemRole.js: 'analyzed_files'
2025-05-29 12:14:08,693 - utils.folder_summarizer - WARNING - Could not analyze content of ./node_modules/axobject-query/lib/etc/objects/TreeRole.js: 'analyzed_files'
2025-05-29 12:14:08,694 - utils.folder_summarizer - WARNING - Could not analyze content of ./node_modules/axobject-query/lib/etc/objects/RadioGroupRole.js: 'analyzed_files'
2025-05-29 12:14:08,694 - utils.folder_summarizer - WARNING - Could not analyze content of ./node_modules/axobject-query/lib/etc/objects/ApplicationRole.js: 'analyzed_files'
2025-05-29 12:14:08,695 - utils.folder_summarizer - WARNING - Could not analyze content of ./node_modules/axobject-query/lib/etc/objects/AlertDialogRole.js: 'analyzed_files'
2025-05-29 12:14:08,695 - utils.folder_summarizer - WARNING - Could not analyze content of ./node_modules/axobject-query/lib/etc/objects/TabListRole.js: 'analyzed_files'
2025-05-29 12:14:08,696 - utils.folder_summarizer - WARNING - Could not analyze content of ./node_modules/axobject-query/lib/etc/objects/DocumentRole.js: 'analyzed_files'
2025-05-29 12:14:08,696 - utils.folder_summarizer - WARNING - Could not analyze content of ./node_modules/axobject-query/lib/etc/objects/CaptionRole.js: 'analyzed_files'
2025-05-29 12:14:08,697 - utils.folder_summarizer - WARNING - Could not analyze content of ./node_modules/axobject-query/lib/etc/objects/WindowRole.js: 'analyzed_files'
2025-05-29 12:14:08,698 - utils.folder_summarizer - WARNING - Could not analyze content of ./node_modules/axobject-query/lib/etc/objects/FooterRole.js: 'analyzed_files'
2025-05-29 12:14:08,698 - utils.folder_summarizer - WARNING - Could not analyze content of ./node_modules/axobject-query/lib/etc/objects/InputTimeRole.js: 'analyzed_files'
2025-05-29 12:14:08,699 - utils.folder_summarizer - WARNING - Could not analyze content of ./node_modules/axobject-query/lib/etc/objects/BusyIndicatorRole.js: 'analyzed_files'
2025-05-29 12:14:08,699 - utils.folder_summarizer - WARNING - Could not analyze content of ./node_modules/axobject-query/lib/etc/objects/SwitchRole.js: 'analyzed_files'
2025-05-29 12:14:08,700 - utils.folder_summarizer - WARNING - Could not analyze content of ./node_modules/axobject-query/lib/etc/objects/ImageRole.js: 'analyzed_files'
2025-05-29 12:14:08,701 - utils.folder_summarizer - WARNING - Could not analyze content of ./node_modules/axobject-query/lib/etc/objects/MainRole.js: 'analyzed_files'
2025-05-29 12:14:08,701 - utils.folder_summarizer - WARNING - Could not analyze content of ./node_modules/axobject-query/lib/etc/objects/DescriptionListRole.js: 'analyzed_files'
2025-05-29 12:14:08,702 - utils.folder_summarizer - WARNING - Could not analyze content of ./node_modules/axobject-query/lib/etc/objects/PreRole.js: 'analyzed_files'
2025-05-29 12:14:08,703 - utils.folder_summarizer - WARNING - Could not analyze content of ./node_modules/axobject-query/lib/etc/objects/ParagraphRole.js: 'analyzed_files'
2025-05-29 12:14:08,703 - utils.folder_summarizer - WARNING - Could not analyze content of ./node_modules/axobject-query/lib/etc/objects/ImageMapLinkRole.js: 'analyzed_files'
2025-05-29 12:14:08,703 - utils.folder_summarizer - WARNING - Could not analyze content of ./node_modules/axobject-query/lib/etc/objects/ToolbarRole.js: 'analyzed_files'
2025-05-29 12:14:08,704 - utils.folder_summarizer - WARNING - Could not analyze content of ./node_modules/axobject-query/lib/etc/objects/IframePresentationalRole.js: 'analyzed_files'
2025-05-29 12:14:08,704 - utils.folder_summarizer - WARNING - Could not analyze content of ./node_modules/axobject-query/lib/etc/objects/UserInterfaceTooltipRole.js: 'analyzed_files'
2025-05-29 12:14:08,705 - utils.folder_summarizer - WARNING - Could not analyze content of ./node_modules/axobject-query/lib/etc/objects/CheckBoxRole.js: 'analyzed_files'
2025-05-29 12:14:08,705 - utils.folder_summarizer - WARNING - Could not analyze content of ./node_modules/axobject-query/lib/etc/objects/ArticleRole.js: 'analyzed_files'
2025-05-29 12:14:08,706 - utils.folder_summarizer - WARNING - Could not analyze content of ./node_modules/axobject-query/lib/etc/objects/RowHeaderRole.js: 'analyzed_files'
2025-05-29 12:14:08,707 - utils.folder_summarizer - WARNING - Could not analyze content of ./node_modules/axobject-query/lib/etc/objects/GridRole.js: 'analyzed_files'
2025-05-29 12:14:08,708 - utils.folder_summarizer - WARNING - Could not analyze content of ./node_modules/axobject-query/lib/etc/objects/ListBoxOptionRole.js: 'analyzed_files'
2025-05-29 12:14:08,708 - utils.folder_summarizer - WARNING - Could not analyze content of ./node_modules/axobject-query/lib/etc/objects/ImageMapRole.js: 'analyzed_files'
2025-05-29 12:14:08,709 - utils.folder_summarizer - WARNING - Could not analyze content of ./node_modules/axobject-query/lib/etc/objects/CanvasRole.js: 'analyzed_files'
2025-05-29 12:14:08,709 - utils.folder_summarizer - WARNING - Could not analyze content of ./node_modules/axobject-query/lib/etc/objects/ListRole.js: 'analyzed_files'
2025-05-29 12:14:08,710 - utils.folder_summarizer - WARNING - Could not analyze content of ./node_modules/axobject-query/lib/etc/objects/SeamlessWebAreaRole.js: 'analyzed_files'
2025-05-29 12:14:08,710 - utils.folder_summarizer - WARNING - Could not analyze content of ./node_modules/axobject-query/lib/etc/objects/PopUpButtonRole.js: 'analyzed_files'
2025-05-29 12:14:08,711 - utils.folder_summarizer - WARNING - Could not analyze content of ./node_modules/axobject-query/lib/etc/objects/MathRole.js: 'analyzed_files'
2025-05-29 12:14:08,711 - utils.folder_summarizer - WARNING - Could not analyze content of ./node_modules/axobject-query/lib/etc/objects/MarkRole.js: 'analyzed_files'
2025-05-29 12:14:08,712 - utils.folder_summarizer - WARNING - Could not analyze content of ./node_modules/axobject-query/lib/etc/objects/ToggleButtonRole.js: 'analyzed_files'
2025-05-29 12:14:08,712 - utils.folder_summarizer - WARNING - Could not analyze content of ./node_modules/axobject-query/lib/etc/objects/DisclosureTriangleRole.js: 'analyzed_files'
2025-05-29 12:14:08,713 - utils.folder_summarizer - WARNING - Could not analyze content of ./node_modules/axobject-query/lib/etc/objects/TableRole.js: 'analyzed_files'
2025-05-29 12:14:08,713 - utils.folder_summarizer - WARNING - Could not analyze content of ./node_modules/axobject-query/lib/etc/objects/SplitterRole.js: 'analyzed_files'
2025-05-29 12:14:08,714 - utils.folder_summarizer - WARNING - Could not analyze content of ./node_modules/axobject-query/lib/etc/objects/ComplementaryRole.js: 'analyzed_files'
2025-05-29 12:14:08,714 - utils.folder_summarizer - WARNING - Could not analyze content of ./node_modules/axobject-query/lib/etc/objects/DivRole.js: 'analyzed_files'
2025-05-29 12:14:08,715 - utils.folder_summarizer - WARNING - Could not analyze content of ./node_modules/axobject-query/lib/etc/objects/AlertRole.js: 'analyzed_files'
2025-05-29 12:14:08,716 - utils.folder_summarizer - WARNING - Could not analyze content of ./node_modules/axobject-query/lib/etc/objects/WebAreaRole.js: 'analyzed_files'
2025-05-29 12:14:08,717 - utils.folder_summarizer - WARNING - Could not analyze content of ./node_modules/axobject-query/lib/etc/objects/LegendRole.js: 'analyzed_files'
2025-05-29 12:14:08,717 - utils.folder_summarizer - WARNING - Could not analyze content of ./node_modules/axobject-query/lib/etc/objects/MenuItemCheckBoxRole.js: 'analyzed_files'
2025-05-29 12:14:08,718 - utils.folder_summarizer - WARNING - Could not analyze content of ./node_modules/axobject-query/lib/etc/objects/LabelRole.js: 'analyzed_files'
2025-05-29 12:14:08,718 - utils.folder_summarizer - WARNING - Could not analyze content of ./node_modules/axobject-query/lib/etc/objects/DialogRole.js: 'analyzed_files'
2025-05-29 12:14:08,719 - utils.folder_summarizer - WARNING - Could not analyze content of ./node_modules/axobject-query/lib/etc/objects/RootWebAreaRole.js: 'analyzed_files'
2025-05-29 12:14:08,719 - utils.folder_summarizer - WARNING - Could not analyze content of ./node_modules/axobject-query/lib/etc/objects/GroupRole.js: 'analyzed_files'
2025-05-29 12:14:08,720 - utils.folder_summarizer - WARNING - Could not analyze content of ./node_modules/axobject-query/lib/etc/objects/SpinButtonPartRole.js: 'analyzed_files'
2025-05-29 12:14:08,721 - utils.folder_summarizer - WARNING - Could not analyze content of ./node_modules/axobject-query/lib/etc/objects/FeedRole.js: 'analyzed_files'
2025-05-29 12:14:08,721 - utils.folder_summarizer - WARNING - Could not analyze content of ./node_modules/axobject-query/lib/etc/objects/DateRole.js: 'analyzed_files'
2025-05-29 12:14:08,722 - utils.folder_summarizer - WARNING - Could not analyze content of ./node_modules/axobject-query/lib/etc/objects/SliderRole.js: 'analyzed_files'
2025-05-29 12:14:08,722 - utils.folder_summarizer - WARNING - Could not analyze content of ./node_modules/axobject-query/lib/etc/objects/InlineTextBoxRole.js: 'analyzed_files'
2025-05-29 12:14:08,723 - utils.folder_summarizer - WARNING - Could not analyze content of ./node_modules/axobject-query/lib/etc/objects/NoneRole.js: 'analyzed_files'
2025-05-29 12:14:08,723 - utils.folder_summarizer - WARNING - Could not analyze content of ./node_modules/axobject-query/lib/etc/objects/DateTimeRole.js: 'analyzed_files'
2025-05-29 12:14:08,724 - utils.folder_summarizer - WARNING - Could not analyze content of ./node_modules/update-browserslist-db/check-npm-version.js: 'analyzed_files'
2025-05-29 12:14:08,725 - utils.folder_summarizer - WARNING - Could not analyze content of ./node_modules/update-browserslist-db/LICENSE: 'analyzed_files'
2025-05-29 12:14:08,728 - utils.folder_summarizer - WARNING - Could not analyze content of ./node_modules/update-browserslist-db/index.js: 'analyzed_files'
2025-05-29 12:14:08,728 - utils.folder_summarizer - WARNING - Could not analyze content of ./node_modules/update-browserslist-db/README.md: 'analyzed_files'
2025-05-29 12:14:08,729 - utils.folder_summarizer - WARNING - Could not analyze content of ./node_modules/update-browserslist-db/package.json: 'analyzed_files'
2025-05-29 12:14:08,730 - utils.folder_summarizer - WARNING - Could not analyze content of ./node_modules/update-browserslist-db/cli.js: 'analyzed_files'
2025-05-29 12:14:08,731 - utils.folder_summarizer - WARNING - Could not analyze content of ./node_modules/update-browserslist-db/utils.js: 'analyzed_files'
2025-05-29 12:14:08,731 - utils.folder_summarizer - WARNING - Could not analyze content of ./node_modules/update-browserslist-db/index.d.ts: 'analyzed_files'
2025-05-29 12:14:08,732 - utils.folder_summarizer - WARNING - Could not analyze content of ./node_modules/thenify-all/LICENSE: 'analyzed_files'
2025-05-29 12:14:08,733 - utils.folder_summarizer - WARNING - Could not analyze content of ./node_modules/thenify-all/History.md: 'analyzed_files'
2025-05-29 12:14:08,735 - utils.folder_summarizer - WARNING - Could not analyze content of ./node_modules/thenify-all/index.js: 'analyzed_files'
2025-05-29 12:14:08,737 - utils.folder_summarizer - WARNING - Could not analyze content of ./node_modules/thenify-all/README.md: 'analyzed_files'
2025-05-29 12:14:08,738 - utils.folder_summarizer - WARNING - Could not analyze content of ./node_modules/thenify-all/package.json: 'analyzed_files'
2025-05-29 12:14:08,739 - utils.folder_summarizer - WARNING - Could not analyze content of ./node_modules/lilconfig/LICENSE: 'analyzed_files'
2025-05-29 12:14:08,741 - memory.enhanced_semantic_search - INFO - Added 4200 items to vector index
2025-05-29 12:14:08,741 - utils.folder_summarizer - WARNING - Could not analyze content of ./node_modules/lilconfig/readme.md: 'analyzed_files'
2025-05-29 12:14:08,742 - utils.folder_summarizer - WARNING - Could not analyze content of ./node_modules/lilconfig/package.json: 'analyzed_files'
2025-05-29 12:14:08,745 - utils.folder_summarizer - WARNING - Could not analyze content of ./node_modules/lilconfig/src/index.js: 'analyzed_files'
2025-05-29 12:14:08,747 - utils.folder_summarizer - WARNING - Could not analyze content of ./node_modules/lilconfig/src/index.d.ts: 'analyzed_files'
2025-05-29 12:14:08,748 - utils.folder_summarizer - WARNING - Could not analyze content of ./node_modules/any-promise/.npmignore: 'analyzed_files'
2025-05-29 12:14:08,749 - utils.folder_summarizer - WARNING - Could not analyze content of ./node_modules/any-promise/LICENSE: 'analyzed_files'
2025-05-29 12:14:08,750 - utils.folder_summarizer - WARNING - Could not analyze content of ./node_modules/any-promise/implementation.d.ts: 'analyzed_files'
2025-05-29 12:14:08,750 - utils.folder_summarizer - WARNING - Could not analyze content of ./node_modules/any-promise/index.js: 'analyzed_files'
2025-05-29 12:14:08,753 - utils.folder_summarizer - WARNING - Could not analyze content of ./node_modules/any-promise/register.js: 'analyzed_files'
2025-05-29 12:14:08,754 - utils.folder_summarizer - WARNING - Could not analyze content of ./node_modules/any-promise/.jshintrc: 'analyzed_files'
2025-05-29 12:14:08,754 - utils.folder_summarizer - WARNING - Could not analyze content of ./node_modules/any-promise/optional.js: 'analyzed_files'
2025-05-29 12:14:08,757 - utils.folder_summarizer - WARNING - Could not analyze content of ./node_modules/any-promise/README.md: 'analyzed_files'
2025-05-29 12:14:08,759 - utils.folder_summarizer - WARNING - Could not analyze content of ./node_modules/any-promise/package.json: 'analyzed_files'
2025-05-29 12:14:08,760 - utils.folder_summarizer - WARNING - Could not analyze content of ./node_modules/any-promise/register.d.ts: 'analyzed_files'
2025-05-29 12:14:08,760 - utils.folder_summarizer - WARNING - Could not analyze content of ./node_modules/any-promise/register-shim.js: 'analyzed_files'
2025-05-29 12:14:08,764 - utils.folder_summarizer - WARNING - Could not analyze content of ./node_modules/any-promise/index.d.ts: 'analyzed_files'
2025-05-29 12:14:08,764 - utils.folder_summarizer - WARNING - Could not analyze content of ./node_modules/any-promise/implementation.js: 'analyzed_files'
2025-05-29 12:14:08,766 - utils.folder_summarizer - WARNING - Could not analyze content of ./node_modules/any-promise/loader.js: 'analyzed_files'
2025-05-29 12:14:08,767 - utils.folder_summarizer - WARNING - Could not analyze content of ./node_modules/any-promise/register/vow.js: 'analyzed_files'
2025-05-29 12:14:08,768 - utils.folder_summarizer - WARNING - Could not analyze content of ./node_modules/any-promise/register/promise.js: 'analyzed_files'
2025-05-29 12:14:08,769 - utils.folder_summarizer - WARNING - Could not analyze content of ./node_modules/any-promise/register/es6-promise.js: 'analyzed_files'
2025-05-29 12:14:08,770 - utils.folder_summarizer - WARNING - Could not analyze content of ./node_modules/any-promise/register/native-promise-only.js: 'analyzed_files'
2025-05-29 12:14:08,770 - utils.folder_summarizer - WARNING - Could not analyze content of ./node_modules/any-promise/register/pinkie.js: 'analyzed_files'
2025-05-29 12:14:08,771 - utils.folder_summarizer - WARNING - Could not analyze content of ./node_modules/any-promise/register/q.js: 'analyzed_files'
2025-05-29 12:14:08,772 - utils.folder_summarizer - WARNING - Could not analyze content of ./node_modules/any-promise/register/lie.js: 'analyzed_files'
2025-05-29 12:14:08,773 - utils.folder_summarizer - WARNING - Could not analyze content of ./node_modules/any-promise/register/when.js: 'analyzed_files'
2025-05-29 12:14:08,774 - utils.folder_summarizer - WARNING - Could not analyze content of ./node_modules/any-promise/register/bluebird.js: 'analyzed_files'
2025-05-29 12:14:08,774 - utils.folder_summarizer - WARNING - Could not analyze content of ./node_modules/any-promise/register/rsvp.js: 'analyzed_files'
2025-05-29 12:14:08,776 - utils.folder_summarizer - WARNING - Could not analyze content of ./node_modules/camelcase-css/license: 'analyzed_files'
2025-05-29 12:14:08,777 - utils.folder_summarizer - WARNING - Could not analyze content of ./node_modules/camelcase-css/index-es5.js: 'analyzed_files'
2025-05-29 12:14:08,777 - utils.folder_summarizer - WARNING - Could not analyze content of ./node_modules/camelcase-css/index.js: 'analyzed_files'
2025-05-29 12:14:08,778 - utils.folder_summarizer - WARNING - Could not analyze content of ./node_modules/camelcase-css/README.md: 'analyzed_files'
2025-05-29 12:14:08,779 - utils.folder_summarizer - WARNING - Could not analyze content of ./node_modules/camelcase-css/package.json: 'analyzed_files'
2025-05-29 12:14:08,781 - utils.folder_summarizer - WARNING - Could not analyze content of ./node_modules/object-assign/license: 'analyzed_files'
2025-05-29 12:14:08,782 - utils.folder_summarizer - WARNING - Could not analyze content of ./node_modules/object-assign/index.js: 'analyzed_files'
2025-05-29 12:14:08,784 - utils.folder_summarizer - WARNING - Could not analyze content of ./node_modules/object-assign/readme.md: 'analyzed_files'
2025-05-29 12:14:08,785 - utils.folder_summarizer - WARNING - Could not analyze content of ./node_modules/object-assign/package.json: 'analyzed_files'
2025-05-29 12:14:08,787 - utils.folder_summarizer - WARNING - Could not analyze content of ./node_modules/package-json-from-dist/LICENSE.md: 'analyzed_files'
2025-05-29 12:14:08,790 - utils.folder_summarizer - WARNING - Could not analyze content of ./node_modules/package-json-from-dist/README.md: 'analyzed_files'
2025-05-29 12:14:08,791 - utils.folder_summarizer - WARNING - Could not analyze content of ./node_modules/package-json-from-dist/package.json: 'analyzed_files'
2025-05-29 12:14:08,794 - utils.folder_summarizer - WARNING - Could not analyze content of ./node_modules/package-json-from-dist/dist/esm/index.js: 'analyzed_files'
2025-05-29 12:14:08,794 - utils.folder_summarizer - WARNING - Could not analyze content of ./node_modules/package-json-from-dist/dist/esm/package.json: 'analyzed_files'
2025-05-29 12:14:08,797 - utils.folder_summarizer - WARNING - Could not analyze content of ./node_modules/package-json-from-dist/dist/esm/index.js.map: 'analyzed_files'
2025-05-29 12:14:08,799 - utils.folder_summarizer - WARNING - Could not analyze content of ./node_modules/package-json-from-dist/dist/esm/index.d.ts: 'analyzed_files'
2025-05-29 12:14:08,800 - utils.folder_summarizer - WARNING - Could not analyze content of ./node_modules/package-json-from-dist/dist/esm/index.d.ts.map: 'analyzed_files'
2025-05-29 12:14:08,802 - utils.folder_summarizer - WARNING - Could not analyze content of ./node_modules/package-json-from-dist/dist/commonjs/index.js: 'analyzed_files'
2025-05-29 12:14:08,803 - utils.folder_summarizer - WARNING - Could not analyze content of ./node_modules/package-json-from-dist/dist/commonjs/package.json: 'analyzed_files'
2025-05-29 12:14:08,806 - utils.folder_summarizer - WARNING - Could not analyze content of ./node_modules/package-json-from-dist/dist/commonjs/index.js.map: 'analyzed_files'
2025-05-29 12:14:08,808 - utils.folder_summarizer - WARNING - Could not analyze content of ./node_modules/package-json-from-dist/dist/commonjs/index.d.ts: 'analyzed_files'
2025-05-29 12:14:08,808 - utils.folder_summarizer - WARNING - Could not analyze content of ./node_modules/package-json-from-dist/dist/commonjs/index.d.ts.map: 'analyzed_files'
2025-05-29 12:14:08,809 - utils.folder_summarizer - WARNING - Could not analyze content of ./node_modules/yaml/util.js: 'analyzed_files'
2025-05-29 12:14:08,809 - utils.folder_summarizer - WARNING - Could not analyze content of ./node_modules/yaml/bin.mjs: 'analyzed_files'
2025-05-29 12:14:08,810 - utils.folder_summarizer - WARNING - Could not analyze content of ./node_modules/yaml/LICENSE: 'analyzed_files'
2025-05-29 12:14:08,813 - utils.folder_summarizer - WARNING - Could not analyze content of ./node_modules/yaml/README.md: 'analyzed_files'
2025-05-29 12:14:08,815 - utils.folder_summarizer - WARNING - Could not analyze content of ./node_modules/yaml/package.json: 'analyzed_files'
2025-05-29 12:14:08,816 - utils.folder_summarizer - WARNING - Could not analyze content of ./node_modules/yaml/dist/util.js: 'analyzed_files'
2025-05-29 12:14:08,818 - utils.folder_summarizer - WARNING - Could not analyze content of ./node_modules/yaml/dist/visit.d.ts: 'analyzed_files'
2025-05-29 12:14:08,819 - utils.folder_summarizer - WARNING - Could not analyze content of ./node_modules/yaml/dist/errors.d.ts: 'analyzed_files'
2025-05-29 12:14:08,822 - utils.folder_summarizer - WARNING - Could not analyze content of ./node_modules/yaml/dist/options.d.ts: 'analyzed_files'
2025-05-29 12:14:08,823 - utils.folder_summarizer - WARNING - Could not analyze content of ./node_modules/yaml/dist/log.d.ts: 'analyzed_files'
2025-05-29 12:14:08,825 - utils.folder_summarizer - WARNING - Could not analyze content of ./node_modules/yaml/dist/visit.js: 'analyzed_files'
2025-05-29 12:14:08,826 - utils.folder_summarizer - WARNING - Could not analyze content of ./node_modules/yaml/dist/log.js: 'analyzed_files'
2025-05-29 12:14:08,827 - utils.folder_summarizer - WARNING - Could not analyze content of ./node_modules/yaml/dist/cli.d.ts: 'analyzed_files'
2025-05-29 12:14:08,828 - utils.folder_summarizer - WARNING - Could not analyze content of ./node_modules/yaml/dist/index.js: 'analyzed_files'
2025-05-29 12:14:08,830 - utils.folder_summarizer - WARNING - Could not analyze content of ./node_modules/yaml/dist/public-api.d.ts: 'analyzed_files'
2025-05-29 12:14:08,831 - utils.folder_summarizer - WARNING - Could not analyze content of ./node_modules/yaml/dist/test-events.d.ts: 'analyzed_files'
2025-05-29 12:14:08,832 - utils.folder_summarizer - WARNING - Could not analyze content of ./node_modules/yaml/dist/errors.js: 'analyzed_files'
2025-05-29 12:14:08,835 - utils.folder_summarizer - WARNING - Could not analyze content of ./node_modules/yaml/dist/test-events.js: 'analyzed_files'
2025-05-29 12:14:08,836 - utils.folder_summarizer - WARNING - Could not analyze content of ./node_modules/yaml/dist/util.d.ts: 'analyzed_files'
2025-05-29 12:14:08,837 - utils.folder_summarizer - WARNING - Could not analyze content of ./node_modules/yaml/dist/index.d.ts: 'analyzed_files'
2025-05-29 12:14:08,840 - utils.folder_summarizer - WARNING - Could not analyze content of ./node_modules/yaml/dist/cli.mjs: 'analyzed_files'
2025-05-29 12:14:08,842 - utils.folder_summarizer - WARNING - Could not analyze content of ./node_modules/yaml/dist/public-api.js: 'analyzed_files'
2025-05-29 12:14:08,843 - utils.folder_summarizer - WARNING - Could not analyze content of ./node_modules/yaml/dist/nodes/Scalar.js: 'analyzed_files'
2025-05-29 12:14:08,845 - utils.folder_summarizer - WARNING - Could not analyze content of ./node_modules/yaml/dist/nodes/YAMLMap.js: 'analyzed_files'
2025-05-29 12:14:08,846 - utils.folder_summarizer - WARNING - Could not analyze content of ./node_modules/yaml/dist/nodes/YAMLSeq.d.ts: 'analyzed_files'
2025-05-29 12:14:08,848 - utils.folder_summarizer - WARNING - Could not analyze content of ./node_modules/yaml/dist/nodes/addPairToJSMap.js: 'analyzed_files'
2025-05-29 12:14:08,849 - utils.folder_summarizer - WARNING - Could not analyze content of ./node_modules/yaml/dist/nodes/toJS.d.ts: 'analyzed_files'
2025-05-29 12:14:08,850 - utils.folder_summarizer - WARNING - Could not analyze content of ./node_modules/yaml/dist/nodes/YAMLSeq.js: 'analyzed_files'
2025-05-29 12:14:08,852 - utils.folder_summarizer - WARNING - Could not analyze content of ./node_modules/yaml/dist/nodes/YAMLMap.d.ts: 'analyzed_files'
2025-05-29 12:14:08,853 - utils.folder_summarizer - WARNING - Could not analyze content of ./node_modules/yaml/dist/nodes/toJS.js: 'analyzed_files'
2025-05-29 12:14:08,855 - utils.folder_summarizer - WARNING - Could not analyze content of ./node_modules/yaml/dist/nodes/Alias.js: 'analyzed_files'
2025-05-29 12:14:08,856 - utils.folder_summarizer - WARNING - Could not analyze content of ./node_modules/yaml/dist/nodes/Node.js: 'analyzed_files'
2025-05-29 12:14:08,858 - utils.folder_summarizer - WARNING - Could not analyze content of ./node_modules/yaml/dist/nodes/identity.d.ts: 'analyzed_files'
2025-05-29 12:14:08,859 - utils.folder_summarizer - WARNING - Could not analyze content of ./node_modules/yaml/dist/nodes/Pair.js: 'analyzed_files'
2025-05-29 12:14:08,860 - utils.folder_summarizer - WARNING - Could not analyze content of ./node_modules/yaml/dist/nodes/identity.js: 'analyzed_files'
2025-05-29 12:14:08,861 - utils.folder_summarizer - WARNING - Could not analyze content of ./node_modules/yaml/dist/nodes/Alias.d.ts: 'analyzed_files'
2025-05-29 12:14:08,862 - utils.folder_summarizer - WARNING - Could not analyze content of ./node_modules/yaml/dist/nodes/Collection.d.ts: 'analyzed_files'
2025-05-29 12:14:08,863 - utils.folder_summarizer - WARNING - Could not analyze content of ./node_modules/yaml/dist/nodes/Pair.d.ts: 'analyzed_files'
2025-05-29 12:14:08,864 - utils.folder_summarizer - WARNING - Could not analyze content of ./node_modules/yaml/dist/nodes/addPairToJSMap.d.ts: 'analyzed_files'
2025-05-29 12:14:08,865 - utils.folder_summarizer - WARNING - Could not analyze content of ./node_modules/yaml/dist/nodes/Node.d.ts: 'analyzed_files'
2025-05-29 12:14:08,867 - utils.folder_summarizer - WARNING - Could not analyze content of ./node_modules/yaml/dist/nodes/Collection.js: 'analyzed_files'
2025-05-29 12:14:08,868 - utils.folder_summarizer - WARNING - Could not analyze content of ./node_modules/yaml/dist/nodes/Scalar.d.ts: 'analyzed_files'
2025-05-29 12:14:08,870 - utils.folder_summarizer - WARNING - Could not analyze content of ./node_modules/yaml/dist/stringify/stringify.js: 'analyzed_files'
2025-05-29 12:14:08,871 - utils.folder_summarizer - WARNING - Could not analyze content of ./node_modules/yaml/dist/stringify/stringifyNumber.js: 'analyzed_files'
2025-05-29 12:14:08,873 - utils.folder_summarizer - WARNING - Could not analyze content of ./node_modules/yaml/dist/stringify/stringifyCollection.js: 'analyzed_files'
2025-05-29 12:14:08,873 - utils.folder_summarizer - WARNING - Could not analyze content of ./node_modules/yaml/dist/stringify/stringifyString.d.ts: 'analyzed_files'
2025-05-29 12:14:08,874 - utils.folder_summarizer - WARNING - Could not analyze content of ./node_modules/yaml/dist/stringify/stringifyDocument.js: 'analyzed_files'
2025-05-29 12:14:08,876 - utils.folder_summarizer - WARNING - Could not analyze content of ./node_modules/yaml/dist/stringify/foldFlowLines.js: 'analyzed_files'
2025-05-29 12:14:08,877 - utils.folder_summarizer - WARNING - Could not analyze content of ./node_modules/yaml/dist/stringify/stringifyDocument.d.ts: 'analyzed_files'
2025-05-29 12:14:08,879 - utils.folder_summarizer - WARNING - Could not analyze content of ./node_modules/yaml/dist/stringify/stringifyPair.js: 'analyzed_files'
2025-05-29 12:14:08,879 - memory.enhanced_semantic_search - INFO - Added 4300 items to vector index
2025-05-29 12:14:08,879 - utils.folder_summarizer - WARNING - Could not analyze content of ./node_modules/yaml/dist/stringify/foldFlowLines.d.ts: 'analyzed_files'
2025-05-29 12:14:08,880 - utils.folder_summarizer - WARNING - Could not analyze content of ./node_modules/yaml/dist/stringify/stringify.d.ts: 'analyzed_files'
2025-05-29 12:14:08,881 - utils.folder_summarizer - WARNING - Could not analyze content of ./node_modules/yaml/dist/stringify/stringifyComment.d.ts: 'analyzed_files'
2025-05-29 12:14:08,881 - utils.folder_summarizer - WARNING - Could not analyze content of ./node_modules/yaml/dist/stringify/stringifyComment.js: 'analyzed_files'
2025-05-29 12:14:08,884 - utils.folder_summarizer - WARNING - Could not analyze content of ./node_modules/yaml/dist/stringify/stringifyString.js: 'analyzed_files'
2025-05-29 12:14:08,884 - utils.folder_summarizer - WARNING - Could not analyze content of ./node_modules/yaml/dist/stringify/stringifyNumber.d.ts: 'analyzed_files'
2025-05-29 12:14:08,885 - utils.folder_summarizer - WARNING - Could not analyze content of ./node_modules/yaml/dist/stringify/stringifyCollection.d.ts: 'analyzed_files'
2025-05-29 12:14:08,885 - utils.folder_summarizer - WARNING - Could not analyze content of ./node_modules/yaml/dist/stringify/stringifyPair.d.ts: 'analyzed_files'
2025-05-29 12:14:08,886 - utils.folder_summarizer - WARNING - Could not analyze content of ./node_modules/yaml/dist/parse/line-counter.js: 'analyzed_files'
2025-05-29 12:14:08,888 - utils.folder_summarizer - WARNING - Could not analyze content of ./node_modules/yaml/dist/parse/cst-scalar.d.ts: 'analyzed_files'
2025-05-29 12:14:08,889 - utils.folder_summarizer - WARNING - Could not analyze content of ./node_modules/yaml/dist/parse/cst.js: 'analyzed_files'
2025-05-29 12:14:08,890 - utils.folder_summarizer - WARNING - Could not analyze content of ./node_modules/yaml/dist/parse/cst-stringify.js: 'analyzed_files'
2025-05-29 12:14:08,892 - utils.folder_summarizer - WARNING - Could not analyze content of ./node_modules/yaml/dist/parse/cst-visit.d.ts: 'analyzed_files'
2025-05-29 12:14:08,893 - utils.folder_summarizer - WARNING - Could not analyze content of ./node_modules/yaml/dist/parse/lexer.d.ts: 'analyzed_files'
2025-05-29 12:14:08,895 - utils.folder_summarizer - WARNING - Could not analyze content of ./node_modules/yaml/dist/parse/cst-scalar.js: 'analyzed_files'
2025-05-29 12:14:08,897 - utils.folder_summarizer - WARNING - Could not analyze content of ./node_modules/yaml/dist/parse/cst-visit.js: 'analyzed_files'
2025-05-29 12:14:08,898 - utils.folder_summarizer - WARNING - Could not analyze content of ./node_modules/yaml/dist/parse/line-counter.d.ts: 'analyzed_files'
2025-05-29 12:14:08,898 - utils.folder_summarizer - WARNING - Could not analyze content of ./node_modules/yaml/dist/parse/cst-stringify.d.ts: 'analyzed_files'
2025-05-29 12:14:08,900 - utils.folder_summarizer - WARNING - Could not analyze content of ./node_modules/yaml/dist/parse/cst.d.ts: 'analyzed_files'
2025-05-29 12:14:08,901 - utils.folder_summarizer - WARNING - Could not analyze content of ./node_modules/yaml/dist/parse/parser.d.ts: 'analyzed_files'
2025-05-29 12:14:08,905 - utils.folder_summarizer - WARNING - Could not analyze content of ./node_modules/yaml/dist/parse/parser.js: 'analyzed_files'
2025-05-29 12:14:08,908 - utils.folder_summarizer - WARNING - Could not analyze content of ./node_modules/yaml/dist/parse/lexer.js: 'analyzed_files'
2025-05-29 12:14:08,908 - utils.folder_summarizer - WARNING - Could not analyze content of ./node_modules/yaml/dist/compose/compose-doc.d.ts: 'analyzed_files'
2025-05-29 12:14:08,910 - utils.folder_summarizer - WARNING - Could not analyze content of ./node_modules/yaml/dist/compose/resolve-flow-collection.js: 'analyzed_files'
2025-05-29 12:14:08,911 - utils.folder_summarizer - WARNING - Could not analyze content of ./node_modules/yaml/dist/compose/compose-node.d.ts: 'analyzed_files'
2025-05-29 12:14:08,912 - utils.folder_summarizer - WARNING - Could not analyze content of ./node_modules/yaml/dist/compose/util-empty-scalar-position.d.ts: 'analyzed_files'
2025-05-29 12:14:08,914 - utils.folder_summarizer - WARNING - Could not analyze content of ./node_modules/yaml/dist/compose/composer.js: 'analyzed_files'
2025-05-29 12:14:08,914 - utils.folder_summarizer - WARNING - Could not analyze content of ./node_modules/yaml/dist/compose/resolve-end.js: 'analyzed_files'
2025-05-29 12:14:08,915 - utils.folder_summarizer - WARNING - Could not analyze content of ./node_modules/yaml/dist/compose/compose-doc.js: 'analyzed_files'
2025-05-29 12:14:08,916 - utils.folder_summarizer - WARNING - Could not analyze content of ./node_modules/yaml/dist/compose/resolve-block-scalar.d.ts: 'analyzed_files'
2025-05-29 12:14:08,917 - utils.folder_summarizer - WARNING - Could not analyze content of ./node_modules/yaml/dist/compose/compose-collection.d.ts: 'analyzed_files'
2025-05-29 12:14:08,918 - utils.folder_summarizer - WARNING - Could not analyze content of ./node_modules/yaml/dist/compose/util-contains-newline.d.ts: 'analyzed_files'
2025-05-29 12:14:08,919 - utils.folder_summarizer - WARNING - Could not analyze content of ./node_modules/yaml/dist/compose/util-empty-scalar-position.js: 'analyzed_files'
2025-05-29 12:14:08,921 - utils.folder_summarizer - WARNING - Could not analyze content of ./node_modules/yaml/dist/compose/resolve-flow-scalar.js: 'analyzed_files'
2025-05-29 12:14:08,922 - utils.folder_summarizer - WARNING - Could not analyze content of ./node_modules/yaml/dist/compose/resolve-flow-collection.d.ts: 'analyzed_files'
2025-05-29 12:14:08,922 - utils.folder_summarizer - WARNING - Could not analyze content of ./node_modules/yaml/dist/compose/resolve-props.d.ts: 'analyzed_files'
2025-05-29 12:14:08,923 - utils.folder_summarizer - WARNING - Could not analyze content of ./node_modules/yaml/dist/compose/util-flow-indent-check.js: 'analyzed_files'
2025-05-29 12:14:08,924 - utils.folder_summarizer - WARNING - Could not analyze content of ./node_modules/yaml/dist/compose/compose-scalar.d.ts: 'analyzed_files'
2025-05-29 12:14:08,925 - utils.folder_summarizer - WARNING - Could not analyze content of ./node_modules/yaml/dist/compose/compose-collection.js: 'analyzed_files'
2025-05-29 12:14:08,927 - utils.folder_summarizer - WARNING - Could not analyze content of ./node_modules/yaml/dist/compose/compose-node.js: 'analyzed_files'
2025-05-29 12:14:08,927 - utils.folder_summarizer - WARNING - Could not analyze content of ./node_modules/yaml/dist/compose/resolve-end.d.ts: 'analyzed_files'
2025-05-29 12:14:08,928 - utils.folder_summarizer - WARNING - Could not analyze content of ./node_modules/yaml/dist/compose/util-flow-indent-check.d.ts: 'analyzed_files'
2025-05-29 12:14:08,929 - utils.folder_summarizer - WARNING - Could not analyze content of ./node_modules/yaml/dist/compose/resolve-block-seq.js: 'analyzed_files'
2025-05-29 12:14:08,929 - utils.folder_summarizer - WARNING - Could not analyze content of ./node_modules/yaml/dist/compose/resolve-flow-scalar.d.ts: 'analyzed_files'
2025-05-29 12:14:08,930 - utils.folder_summarizer - WARNING - Could not analyze content of ./node_modules/yaml/dist/compose/util-map-includes.d.ts: 'analyzed_files'
2025-05-29 12:14:08,930 - utils.folder_summarizer - WARNING - Could not analyze content of ./node_modules/yaml/dist/compose/resolve-block-seq.d.ts: 'analyzed_files'
2025-05-29 12:14:08,933 - utils.folder_summarizer - WARNING - Could not analyze content of ./node_modules/yaml/dist/compose/resolve-block-scalar.js: 'analyzed_files'
2025-05-29 12:14:08,934 - utils.folder_summarizer - WARNING - Could not analyze content of ./node_modules/yaml/dist/compose/util-contains-newline.js: 'analyzed_files'
2025-05-29 12:14:08,936 - utils.folder_summarizer - WARNING - Could not analyze content of ./node_modules/yaml/dist/compose/compose-scalar.js: 'analyzed_files'
2025-05-29 12:14:08,937 - utils.folder_summarizer - WARNING - Could not analyze content of ./node_modules/yaml/dist/compose/resolve-props.js: 'analyzed_files'
2025-05-29 12:14:08,939 - utils.folder_summarizer - WARNING - Could not analyze content of ./node_modules/yaml/dist/compose/composer.d.ts: 'analyzed_files'
2025-05-29 12:14:08,939 - utils.folder_summarizer - WARNING - Could not analyze content of ./node_modules/yaml/dist/compose/util-map-includes.js: 'analyzed_files'
2025-05-29 12:14:08,940 - utils.folder_summarizer - WARNING - Could not analyze content of ./node_modules/yaml/dist/compose/resolve-block-map.d.ts: 'analyzed_files'
2025-05-29 12:14:08,942 - utils.folder_summarizer - WARNING - Could not analyze content of ./node_modules/yaml/dist/compose/resolve-block-map.js: 'analyzed_files'
2025-05-29 12:14:08,943 - utils.folder_summarizer - WARNING - Could not analyze content of ./node_modules/yaml/dist/schema/types.d.ts: 'analyzed_files'
2025-05-29 12:14:08,945 - utils.folder_summarizer - WARNING - Could not analyze content of ./node_modules/yaml/dist/schema/tags.js: 'analyzed_files'
2025-05-29 12:14:08,946 - utils.folder_summarizer - WARNING - Could not analyze content of ./node_modules/yaml/dist/schema/json-schema.d.ts: 'analyzed_files'
2025-05-29 12:14:08,947 - utils.folder_summarizer - WARNING - Could not analyze content of ./node_modules/yaml/dist/schema/Schema.js: 'analyzed_files'
2025-05-29 12:14:08,947 - utils.folder_summarizer - WARNING - Could not analyze content of ./node_modules/yaml/dist/schema/Schema.d.ts: 'analyzed_files'
2025-05-29 12:14:08,948 - utils.folder_summarizer - WARNING - Could not analyze content of ./node_modules/yaml/dist/schema/tags.d.ts: 'analyzed_files'
2025-05-29 12:14:08,950 - utils.folder_summarizer - WARNING - Could not analyze content of ./node_modules/yaml/dist/schema/yaml-1.1/pairs.js: 'analyzed_files'
2025-05-29 12:14:08,950 - utils.folder_summarizer - WARNING - Could not analyze content of ./node_modules/yaml/dist/schema/yaml-1.1/bool.js: 'analyzed_files'
2025-05-29 12:14:08,952 - utils.folder_summarizer - WARNING - Could not analyze content of ./node_modules/yaml/dist/schema/yaml-1.1/float.js: 'analyzed_files'
2025-05-29 12:14:08,952 - utils.folder_summarizer - WARNING - Could not analyze content of ./node_modules/yaml/dist/schema/yaml-1.1/set.d.ts: 'analyzed_files'
2025-05-29 12:14:08,953 - utils.folder_summarizer - WARNING - Could not analyze content of ./node_modules/yaml/dist/schema/yaml-1.1/pairs.d.ts: 'analyzed_files'
2025-05-29 12:14:08,954 - utils.folder_summarizer - WARNING - Could not analyze content of ./node_modules/yaml/dist/schema/yaml-1.1/bool.d.ts: 'analyzed_files'
2025-05-29 12:14:08,955 - utils.folder_summarizer - WARNING - Could not analyze content of ./node_modules/yaml/dist/schema/yaml-1.1/merge.js: 'analyzed_files'
2025-05-29 12:14:08,956 - utils.folder_summarizer - WARNING - Could not analyze content of ./node_modules/yaml/dist/schema/yaml-1.1/binary.js: 'analyzed_files'
2025-05-29 12:14:08,958 - utils.folder_summarizer - WARNING - Could not analyze content of ./node_modules/yaml/dist/schema/yaml-1.1/omap.js: 'analyzed_files'
2025-05-29 12:14:08,960 - utils.folder_summarizer - WARNING - Could not analyze content of ./node_modules/yaml/dist/schema/yaml-1.1/set.js: 'analyzed_files'
2025-05-29 12:14:08,960 - utils.folder_summarizer - WARNING - Could not analyze content of ./node_modules/yaml/dist/schema/yaml-1.1/omap.d.ts: 'analyzed_files'
2025-05-29 12:14:08,962 - utils.folder_summarizer - WARNING - Could not analyze content of ./node_modules/yaml/dist/schema/yaml-1.1/timestamp.js: 'analyzed_files'
2025-05-29 12:14:08,963 - utils.folder_summarizer - WARNING - Could not analyze content of ./node_modules/yaml/dist/schema/yaml-1.1/float.d.ts: 'analyzed_files'
2025-05-29 12:14:08,964 - utils.folder_summarizer - WARNING - Could not analyze content of ./node_modules/yaml/dist/schema/yaml-1.1/schema.js: 'analyzed_files'
2025-05-29 12:14:08,964 - utils.folder_summarizer - WARNING - Could not analyze content of ./node_modules/yaml/dist/schema/yaml-1.1/int.d.ts: 'analyzed_files'
2025-05-29 12:14:08,965 - utils.folder_summarizer - WARNING - Could not analyze content of ./node_modules/yaml/dist/schema/yaml-1.1/int.js: 'analyzed_files'
2025-05-29 12:14:08,965 - utils.folder_summarizer - WARNING - Could not analyze content of ./node_modules/yaml/dist/schema/yaml-1.1/schema.d.ts: 'analyzed_files'
2025-05-29 12:14:08,966 - utils.folder_summarizer - WARNING - Could not analyze content of ./node_modules/yaml/dist/schema/yaml-1.1/timestamp.d.ts: 'analyzed_files'
2025-05-29 12:14:08,966 - utils.folder_summarizer - WARNING - Could not analyze content of ./node_modules/yaml/dist/schema/yaml-1.1/merge.d.ts: 'analyzed_files'
2025-05-29 12:14:08,967 - utils.folder_summarizer - WARNING - Could not analyze content of ./node_modules/yaml/dist/schema/yaml-1.1/binary.d.ts: 'analyzed_files'
2025-05-29 12:14:08,968 - utils.folder_summarizer - WARNING - Could not analyze content of ./node_modules/yaml/dist/schema/core/bool.js: 'analyzed_files'
2025-05-29 12:14:08,969 - utils.folder_summarizer - WARNING - Could not analyze content of ./node_modules/yaml/dist/schema/core/float.js: 'analyzed_files'
2025-05-29 12:14:08,969 - utils.folder_summarizer - WARNING - Could not analyze content of ./node_modules/yaml/dist/schema/core/bool.d.ts: 'analyzed_files'
2025-05-29 12:14:08,970 - utils.folder_summarizer - WARNING - Could not analyze content of ./node_modules/yaml/dist/schema/core/float.d.ts: 'analyzed_files'
2025-05-29 12:14:08,970 - utils.folder_summarizer - WARNING - Could not analyze content of ./node_modules/yaml/dist/schema/core/schema.js: 'analyzed_files'
2025-05-29 12:14:08,971 - utils.folder_summarizer - WARNING - Could not analyze content of ./node_modules/yaml/dist/schema/core/int.d.ts: 'analyzed_files'
2025-05-29 12:14:08,972 - utils.folder_summarizer - WARNING - Could not analyze content of ./node_modules/yaml/dist/schema/core/int.js: 'analyzed_files'
2025-05-29 12:14:08,972 - utils.folder_summarizer - WARNING - Could not analyze content of ./node_modules/yaml/dist/schema/core/schema.d.ts: 'analyzed_files'
2025-05-29 12:14:08,973 - utils.folder_summarizer - WARNING - Could not analyze content of ./node_modules/yaml/dist/schema/common/null.js: 'analyzed_files'
2025-05-29 12:14:08,973 - utils.folder_summarizer - WARNING - Could not analyze content of ./node_modules/yaml/dist/schema/common/string.d.ts: 'analyzed_files'
2025-05-29 12:14:08,974 - utils.folder_summarizer - WARNING - Could not analyze content of ./node_modules/yaml/dist/schema/common/string.js: 'analyzed_files'
2025-05-29 12:14:08,974 - utils.folder_summarizer - WARNING - Could not analyze content of ./node_modules/yaml/dist/schema/common/seq.js: 'analyzed_files'
2025-05-29 12:14:08,975 - utils.folder_summarizer - WARNING - Could not analyze content of ./node_modules/yaml/dist/schema/common/null.d.ts: 'analyzed_files'
2025-05-29 12:14:08,975 - utils.folder_summarizer - WARNING - Could not analyze content of ./node_modules/yaml/dist/schema/common/seq.d.ts: 'analyzed_files'
2025-05-29 12:14:08,976 - utils.folder_summarizer - WARNING - Could not analyze content of ./node_modules/yaml/dist/schema/common/map.js: 'analyzed_files'
2025-05-29 12:14:08,976 - utils.folder_summarizer - WARNING - Could not analyze content of ./node_modules/yaml/dist/schema/common/map.d.ts: 'analyzed_files'
2025-05-29 12:14:08,977 - utils.folder_summarizer - WARNING - Could not analyze content of ./node_modules/yaml/dist/schema/json/schema.js: 'analyzed_files'
2025-05-29 12:14:08,978 - utils.folder_summarizer - WARNING - Could not analyze content of ./node_modules/yaml/dist/schema/json/schema.d.ts: 'analyzed_files'
2025-05-29 12:14:08,979 - utils.folder_summarizer - WARNING - Could not analyze content of ./node_modules/yaml/dist/doc/applyReviver.js: 'analyzed_files'
2025-05-29 12:14:08,980 - utils.folder_summarizer - WARNING - Could not analyze content of ./node_modules/yaml/dist/doc/anchors.d.ts: 'analyzed_files'
2025-05-29 12:14:08,982 - memory.enhanced_semantic_search - INFO - Added 4400 items to vector index
2025-05-29 12:14:08,982 - utils.folder_summarizer - WARNING - Could not analyze content of ./node_modules/yaml/dist/doc/Document.d.ts: 'analyzed_files'
2025-05-29 12:14:08,983 - utils.folder_summarizer - WARNING - Could not analyze content of ./node_modules/yaml/dist/doc/anchors.js: 'analyzed_files'
2025-05-29 12:14:08,985 - utils.folder_summarizer - WARNING - Could not analyze content of ./node_modules/yaml/dist/doc/directives.js: 'analyzed_files'
2025-05-29 12:14:08,986 - utils.folder_summarizer - WARNING - Could not analyze content of ./node_modules/yaml/dist/doc/directives.d.ts: 'analyzed_files'
2025-05-29 12:14:08,987 - utils.folder_summarizer - WARNING - Could not analyze content of ./node_modules/yaml/dist/doc/createNode.d.ts: 'analyzed_files'
2025-05-29 12:14:08,988 - utils.folder_summarizer - WARNING - Could not analyze content of ./node_modules/yaml/dist/doc/createNode.js: 'analyzed_files'
2025-05-29 12:14:08,991 - utils.folder_summarizer - WARNING - Could not analyze content of ./node_modules/yaml/dist/doc/Document.js: 'analyzed_files'
2025-05-29 12:14:08,991 - utils.folder_summarizer - WARNING - Could not analyze content of ./node_modules/yaml/dist/doc/applyReviver.d.ts: 'analyzed_files'
2025-05-29 12:14:08,992 - utils.folder_summarizer - WARNING - Could not analyze content of ./node_modules/yaml/browser/index.js: 'analyzed_files'
2025-05-29 12:14:08,992 - utils.folder_summarizer - WARNING - Could not analyze content of ./node_modules/yaml/browser/package.json: 'analyzed_files'
2025-05-29 12:14:08,993 - utils.folder_summarizer - WARNING - Could not analyze content of ./node_modules/yaml/browser/dist/util.js: 'analyzed_files'
2025-05-29 12:14:08,995 - utils.folder_summarizer - WARNING - Could not analyze content of ./node_modules/yaml/browser/dist/visit.js: 'analyzed_files'
2025-05-29 12:14:08,996 - utils.folder_summarizer - WARNING - Could not analyze content of ./node_modules/yaml/browser/dist/log.js: 'analyzed_files'
2025-05-29 12:14:08,997 - utils.folder_summarizer - WARNING - Could not analyze content of ./node_modules/yaml/browser/dist/index.js: 'analyzed_files'
2025-05-29 12:14:08,998 - utils.folder_summarizer - WARNING - Could not analyze content of ./node_modules/yaml/browser/dist/errors.js: 'analyzed_files'
2025-05-29 12:14:08,999 - utils.folder_summarizer - WARNING - Could not analyze content of ./node_modules/yaml/browser/dist/public-api.js: 'analyzed_files'
2025-05-29 12:14:09,000 - utils.folder_summarizer - WARNING - Could not analyze content of ./node_modules/yaml/browser/dist/nodes/Scalar.js: 'analyzed_files'
2025-05-29 12:14:09,003 - utils.folder_summarizer - WARNING - Could not analyze content of ./node_modules/yaml/browser/dist/nodes/YAMLMap.js: 'analyzed_files'
2025-05-29 12:14:09,004 - utils.folder_summarizer - WARNING - Could not analyze content of ./node_modules/yaml/browser/dist/nodes/addPairToJSMap.js: 'analyzed_files'
2025-05-29 12:14:09,005 - utils.folder_summarizer - WARNING - Could not analyze content of ./node_modules/yaml/browser/dist/nodes/YAMLSeq.js: 'analyzed_files'
2025-05-29 12:14:09,008 - utils.folder_summarizer - WARNING - Could not analyze content of ./node_modules/yaml/browser/dist/nodes/toJS.js: 'analyzed_files'
2025-05-29 12:14:09,009 - utils.folder_summarizer - WARNING - Could not analyze content of ./node_modules/yaml/browser/dist/nodes/Alias.js: 'analyzed_files'
2025-05-29 12:14:09,010 - utils.folder_summarizer - WARNING - Could not analyze content of ./node_modules/yaml/browser/dist/nodes/Node.js: 'analyzed_files'
2025-05-29 12:14:09,011 - utils.folder_summarizer - WARNING - Could not analyze content of ./node_modules/yaml/browser/dist/nodes/Pair.js: 'analyzed_files'
2025-05-29 12:14:09,012 - utils.folder_summarizer - WARNING - Could not analyze content of ./node_modules/yaml/browser/dist/nodes/identity.js: 'analyzed_files'
2025-05-29 12:14:09,014 - utils.folder_summarizer - WARNING - Could not analyze content of ./node_modules/yaml/browser/dist/nodes/Collection.js: 'analyzed_files'
2025-05-29 12:14:09,016 - utils.folder_summarizer - WARNING - Could not analyze content of ./node_modules/yaml/browser/dist/stringify/stringify.js: 'analyzed_files'
2025-05-29 12:14:09,016 - utils.folder_summarizer - WARNING - Could not analyze content of ./node_modules/yaml/browser/dist/stringify/stringifyNumber.js: 'analyzed_files'
2025-05-29 12:14:09,018 - utils.folder_summarizer - WARNING - Could not analyze content of ./node_modules/yaml/browser/dist/stringify/stringifyCollection.js: 'analyzed_files'
2025-05-29 12:14:09,019 - utils.folder_summarizer - WARNING - Could not analyze content of ./node_modules/yaml/browser/dist/stringify/stringifyDocument.js: 'analyzed_files'
2025-05-29 12:14:09,021 - utils.folder_summarizer - WARNING - Could not analyze content of ./node_modules/yaml/browser/dist/stringify/foldFlowLines.js: 'analyzed_files'
2025-05-29 12:14:09,023 - utils.folder_summarizer - WARNING - Could not analyze content of ./node_modules/yaml/browser/dist/stringify/stringifyPair.js: 'analyzed_files'
2025-05-29 12:14:09,024 - utils.folder_summarizer - WARNING - Could not analyze content of ./node_modules/yaml/browser/dist/stringify/stringifyComment.js: 'analyzed_files'
2025-05-29 12:14:09,026 - utils.folder_summarizer - WARNING - Could not analyze content of ./node_modules/yaml/browser/dist/stringify/stringifyString.js: 'analyzed_files'
2025-05-29 12:14:09,027 - utils.folder_summarizer - WARNING - Could not analyze content of ./node_modules/yaml/browser/dist/parse/line-counter.js: 'analyzed_files'
2025-05-29 12:14:09,028 - utils.folder_summarizer - WARNING - Could not analyze content of ./node_modules/yaml/browser/dist/parse/cst.js: 'analyzed_files'
2025-05-29 12:14:09,029 - utils.folder_summarizer - WARNING - Could not analyze content of ./node_modules/yaml/browser/dist/parse/cst-stringify.js: 'analyzed_files'
2025-05-29 12:14:09,031 - utils.folder_summarizer - WARNING - Could not analyze content of ./node_modules/yaml/browser/dist/parse/cst-scalar.js: 'analyzed_files'
2025-05-29 12:14:09,033 - utils.folder_summarizer - WARNING - Could not analyze content of ./node_modules/yaml/browser/dist/parse/cst-visit.js: 'analyzed_files'
2025-05-29 12:14:09,037 - utils.folder_summarizer - WARNING - Could not analyze content of ./node_modules/yaml/browser/dist/parse/parser.js: 'analyzed_files'
2025-05-29 12:14:09,040 - utils.folder_summarizer - WARNING - Could not analyze content of ./node_modules/yaml/browser/dist/parse/lexer.js: 'analyzed_files'
2025-05-29 12:14:09,042 - utils.folder_summarizer - WARNING - Could not analyze content of ./node_modules/yaml/browser/dist/compose/resolve-flow-collection.js: 'analyzed_files'
2025-05-29 12:14:09,044 - utils.folder_summarizer - WARNING - Could not analyze content of ./node_modules/yaml/browser/dist/compose/composer.js: 'analyzed_files'
2025-05-29 12:14:09,045 - utils.folder_summarizer - WARNING - Could not analyze content of ./node_modules/yaml/browser/dist/compose/resolve-end.js: 'analyzed_files'
2025-05-29 12:14:09,046 - utils.folder_summarizer - WARNING - Could not analyze content of ./node_modules/yaml/browser/dist/compose/compose-doc.js: 'analyzed_files'
2025-05-29 12:14:09,047 - utils.folder_summarizer - WARNING - Could not analyze content of ./node_modules/yaml/browser/dist/compose/util-empty-scalar-position.js: 'analyzed_files'
2025-05-29 12:14:09,048 - utils.folder_summarizer - WARNING - Could not analyze content of ./node_modules/yaml/browser/dist/compose/resolve-flow-scalar.js: 'analyzed_files'
2025-05-29 12:14:09,049 - utils.folder_summarizer - WARNING - Could not analyze content of ./node_modules/yaml/browser/dist/compose/util-flow-indent-check.js: 'analyzed_files'
2025-05-29 12:14:09,051 - utils.folder_summarizer - WARNING - Could not analyze content of ./node_modules/yaml/browser/dist/compose/compose-collection.js: 'analyzed_files'
2025-05-29 12:14:09,053 - utils.folder_summarizer - WARNING - Could not analyze content of ./node_modules/yaml/browser/dist/compose/compose-node.js: 'analyzed_files'
2025-05-29 12:14:09,054 - utils.folder_summarizer - WARNING - Could not analyze content of ./node_modules/yaml/browser/dist/compose/resolve-block-seq.js: 'analyzed_files'
2025-05-29 12:14:09,055 - utils.folder_summarizer - WARNING - Could not analyze content of ./node_modules/yaml/browser/dist/compose/resolve-block-scalar.js: 'analyzed_files'
2025-05-29 12:14:09,058 - utils.folder_summarizer - WARNING - Could not analyze content of ./node_modules/yaml/browser/dist/compose/util-contains-newline.js: 'analyzed_files'
2025-05-29 12:14:09,059 - utils.folder_summarizer - WARNING - Could not analyze content of ./node_modules/yaml/browser/dist/compose/compose-scalar.js: 'analyzed_files'
2025-05-29 12:14:09,061 - utils.folder_summarizer - WARNING - Could not analyze content of ./node_modules/yaml/browser/dist/compose/resolve-props.js: 'analyzed_files'
2025-05-29 12:14:09,061 - utils.folder_summarizer - WARNING - Could not analyze content of ./node_modules/yaml/browser/dist/compose/util-map-includes.js: 'analyzed_files'
2025-05-29 12:14:09,063 - utils.folder_summarizer - WARNING - Could not analyze content of ./node_modules/yaml/browser/dist/compose/resolve-block-map.js: 'analyzed_files'
2025-05-29 12:14:09,065 - utils.folder_summarizer - WARNING - Could not analyze content of ./node_modules/yaml/browser/dist/schema/tags.js: 'analyzed_files'
2025-05-29 12:14:09,066 - utils.folder_summarizer - WARNING - Could not analyze content of ./node_modules/yaml/browser/dist/schema/Schema.js: 'analyzed_files'
2025-05-29 12:14:09,067 - utils.folder_summarizer - WARNING - Could not analyze content of ./node_modules/yaml/browser/dist/schema/yaml-1.1/pairs.js: 'analyzed_files'
2025-05-29 12:14:09,068 - utils.folder_summarizer - WARNING - Could not analyze content of ./node_modules/yaml/browser/dist/schema/yaml-1.1/bool.js: 'analyzed_files'
2025-05-29 12:14:09,069 - utils.folder_summarizer - WARNING - Could not analyze content of ./node_modules/yaml/browser/dist/schema/yaml-1.1/float.js: 'analyzed_files'
2025-05-29 12:14:09,070 - utils.folder_summarizer - WARNING - Could not analyze content of ./node_modules/yaml/browser/dist/schema/yaml-1.1/merge.js: 'analyzed_files'
2025-05-29 12:14:09,072 - utils.folder_summarizer - WARNING - Could not analyze content of ./node_modules/yaml/browser/dist/schema/yaml-1.1/binary.js: 'analyzed_files'
2025-05-29 12:14:09,073 - utils.folder_summarizer - WARNING - Could not analyze content of ./node_modules/yaml/browser/dist/schema/yaml-1.1/omap.js: 'analyzed_files'
2025-05-29 12:14:09,074 - utils.folder_summarizer - WARNING - Could not analyze content of ./node_modules/yaml/browser/dist/schema/yaml-1.1/set.js: 'analyzed_files'
2025-05-29 12:14:09,076 - utils.folder_summarizer - WARNING - Could not analyze content of ./node_modules/yaml/browser/dist/schema/yaml-1.1/timestamp.js: 'analyzed_files'
2025-05-29 12:14:09,077 - utils.folder_summarizer - WARNING - Could not analyze content of ./node_modules/yaml/browser/dist/schema/yaml-1.1/schema.js: 'analyzed_files'
2025-05-29 12:14:09,078 - utils.folder_summarizer - WARNING - Could not analyze content of ./node_modules/yaml/browser/dist/schema/yaml-1.1/int.js: 'analyzed_files'
2025-05-29 12:14:09,079 - utils.folder_summarizer - WARNING - Could not analyze content of ./node_modules/yaml/browser/dist/schema/core/bool.js: 'analyzed_files'
2025-05-29 12:14:09,080 - utils.folder_summarizer - WARNING - Could not analyze content of ./node_modules/yaml/browser/dist/schema/core/float.js: 'analyzed_files'
2025-05-29 12:14:09,080 - utils.folder_summarizer - WARNING - Could not analyze content of ./node_modules/yaml/browser/dist/schema/core/schema.js: 'analyzed_files'
2025-05-29 12:14:09,081 - utils.folder_summarizer - WARNING - Could not analyze content of ./node_modules/yaml/browser/dist/schema/core/int.js: 'analyzed_files'
2025-05-29 12:14:09,082 - utils.folder_summarizer - WARNING - Could not analyze content of ./node_modules/yaml/browser/dist/schema/common/null.js: 'analyzed_files'
2025-05-29 12:14:09,082 - utils.folder_summarizer - WARNING - Could not analyze content of ./node_modules/yaml/browser/dist/schema/common/string.js: 'analyzed_files'
2025-05-29 12:14:09,083 - utils.folder_summarizer - WARNING - Could not analyze content of ./node_modules/yaml/browser/dist/schema/common/seq.js: 'analyzed_files'
2025-05-29 12:14:09,084 - utils.folder_summarizer - WARNING - Could not analyze content of ./node_modules/yaml/browser/dist/schema/common/map.js: 'analyzed_files'
2025-05-29 12:14:09,085 - utils.folder_summarizer - WARNING - Could not analyze content of ./node_modules/yaml/browser/dist/schema/json/schema.js: 'analyzed_files'
2025-05-29 12:14:09,086 - utils.folder_summarizer - WARNING - Could not analyze content of ./node_modules/yaml/browser/dist/doc/applyReviver.js: 'analyzed_files'
2025-05-29 12:14:09,087 - utils.folder_summarizer - WARNING - Could not analyze content of ./node_modules/yaml/browser/dist/doc/anchors.js: 'analyzed_files'
2025-05-29 12:14:09,089 - utils.folder_summarizer - WARNING - Could not analyze content of ./node_modules/yaml/browser/dist/doc/directives.js: 'analyzed_files'
2025-05-29 12:14:09,091 - utils.folder_summarizer - WARNING - Could not analyze content of ./node_modules/yaml/browser/dist/doc/createNode.js: 'analyzed_files'
2025-05-29 12:14:09,093 - utils.folder_summarizer - WARNING - Could not analyze content of ./node_modules/yaml/browser/dist/doc/Document.js: 'analyzed_files'
2025-05-29 12:14:09,094 - utils.folder_summarizer - WARNING - Could not analyze content of ./node_modules/cross-spawn/LICENSE: 'analyzed_files'
2025-05-29 12:14:09,095 - utils.folder_summarizer - WARNING - Could not analyze content of ./node_modules/cross-spawn/index.js: 'analyzed_files'
2025-05-29 12:14:09,097 - utils.folder_summarizer - WARNING - Could not analyze content of ./node_modules/cross-spawn/README.md: 'analyzed_files'
2025-05-29 12:14:09,098 - utils.folder_summarizer - WARNING - Could not analyze content of ./node_modules/cross-spawn/package.json: 'analyzed_files'
2025-05-29 12:14:09,099 - utils.folder_summarizer - WARNING - Could not analyze content of ./node_modules/cross-spawn/lib/parse.js: 'analyzed_files'
2025-05-29 12:14:09,101 - utils.folder_summarizer - WARNING - Could not analyze content of ./node_modules/cross-spawn/lib/enoent.js: 'analyzed_files'
2025-05-29 12:14:09,102 - utils.folder_summarizer - WARNING - Could not analyze content of ./node_modules/cross-spawn/lib/util/readShebang.js: 'analyzed_files'
2025-05-29 12:26:26,841 - memory.enhanced_semantic_search - INFO - Enhanced semantic search initialized with embedding dim: 384
2025-05-29 12:26:26,842 - memory.enhanced_semantic_search - INFO - Hybrid retrieval enabled: True
2025-05-29 12:26:27,131 - memory.enhanced_semantic_search - INFO - Enhanced semantic search initialized with embedding dim: 384
2025-05-29 12:26:27,132 - memory.enhanced_semantic_search - INFO - Hybrid retrieval enabled: True
2025-05-29 12:26:27,132 - utils.folder_summarizer - INFO - Folder summarizer initialized
2025-05-29 12:26:27,132 - memory.enhanced_semantic_search - INFO - Enhanced semantic search initialized with embedding dim: 384
2025-05-29 12:26:27,132 - memory.enhanced_semantic_search - INFO - Hybrid retrieval enabled: True
2025-05-29 12:26:27,132 - folder_reader - INFO - Folder reader initialized
2025-05-29 12:26:27,132 - __main__ - INFO - Assistant folder reader initialized
2025-05-29 12:26:27,527 - memory.enhanced_semantic_search - INFO - Added 100 items to vector index
2025-05-29 12:26:27,845 - memory.enhanced_semantic_search - INFO - Added 200 items to vector index
2025-05-29 12:26:28,092 - memory.enhanced_semantic_search - INFO - Added 300 items to vector index
2025-05-29 12:26:28,297 - memory.enhanced_semantic_search - INFO - Added 400 items to vector index
2025-05-29 12:26:28,528 - memory.enhanced_semantic_search - INFO - Added 500 items to vector index
2025-05-29 12:26:28,599 - memory.enhanced_semantic_search - WARNING - Empty text content in item, skipping indexing: ./sensors/logs/sensors/process_sensor/process_sensor.log
2025-05-29 12:26:28,599 - memory.enhanced_semantic_search - WARNING - Empty text content in item, skipping indexing: ./sensors/logs/sensors/screen_sensor/screen_sensor.log
2025-05-29 12:26:28,658 - memory.enhanced_semantic_search - WARNING - Empty text content in item, skipping indexing: ./memory/short_term_metadata.json
2025-05-29 12:26:28,671 - memory.enhanced_semantic_search - WARNING - Empty text content in item, skipping indexing: ./memory/short_term.idx
2025-05-29 12:26:28,675 - memory.enhanced_semantic_search - WARNING - Empty text content in item, skipping indexing: ./memory/long_term.idx
2025-05-29 12:26:28,708 - memory.enhanced_semantic_search - WARNING - Empty text content in item, skipping indexing: ./memory/memory/short_term.idx
2025-05-29 12:26:28,708 - memory.enhanced_semantic_search - WARNING - Empty text content in item, skipping indexing: ./memory/memory/long_term.idx
2025-05-29 12:26:28,714 - memory.enhanced_semantic_search - WARNING - Empty text content in item, skipping indexing: ./memory/logs/aiayer.log
2025-05-29 12:26:28,718 - memory.enhanced_semantic_search - WARNING - Empty text content in item, skipping indexing: ./memory/logs/memory/conscious.log
2025-05-29 12:26:28,718 - memory.enhanced_semantic_search - WARNING - Empty text content in item, skipping indexing: ./memory/logs/memory/long_term.log
2025-05-29 12:26:28,718 - memory.enhanced_semantic_search - WARNING - Empty text content in item, skipping indexing: ./memory/logs/memory/context.log
2025-05-29 12:26:28,718 - memory.enhanced_semantic_search - WARNING - Empty text content in item, skipping indexing: ./memory/logs/memory/short_term.log
2025-05-29 12:26:28,750 - memory.enhanced_semantic_search - INFO - Added 600 items to vector index
2025-05-29 12:26:28,861 - memory.enhanced_semantic_search - INFO - Added 700 items to vector index
2025-05-29 12:26:28,939 - memory.enhanced_semantic_search - INFO - Added 800 items to vector index
2025-05-29 12:26:29,063 - memory.enhanced_semantic_search - INFO - Added 900 items to vector index
2025-05-29 12:26:29,152 - memory.enhanced_semantic_search - INFO - Added 1000 items to vector index
2025-05-29 12:26:29,221 - memory.enhanced_semantic_search - INFO - Added 1100 items to vector index
2025-05-29 12:26:29,282 - memory.enhanced_semantic_search - INFO - Added 1200 items to vector index
2025-05-29 12:26:29,350 - memory.enhanced_semantic_search - INFO - Added 1300 items to vector index
2025-05-29 12:26:29,871 - memory.enhanced_semantic_search - INFO - Added 1400 items to vector index
2025-05-29 12:26:30,179 - memory.enhanced_semantic_search - INFO - Added 1500 items to vector index
2025-05-29 12:26:30,481 - memory.enhanced_semantic_search - INFO - Added 1600 items to vector index
2025-05-29 12:26:30,586 - memory.enhanced_semantic_search - INFO - Added 1700 items to vector index
2025-05-29 12:26:30,777 - memory.enhanced_semantic_search - INFO - Added 1800 items to vector index
2025-05-29 12:26:30,871 - memory.enhanced_semantic_search - INFO - Added 1900 items to vector index
2025-05-29 12:26:31,040 - memory.enhanced_semantic_search - INFO - Added 2000 items to vector index
2025-05-29 12:26:31,347 - memory.enhanced_semantic_search - INFO - Added 2100 items to vector index
2025-05-29 12:26:31,559 - memory.enhanced_semantic_search - INFO - Added 2200 items to vector index
2025-05-29 12:26:31,665 - memory.enhanced_semantic_search - INFO - Added 2300 items to vector index
2025-05-29 12:26:31,828 - memory.enhanced_semantic_search - INFO - Added 2400 items to vector index
2025-05-29 12:26:31,915 - memory.enhanced_semantic_search - INFO - Added 2500 items to vector index
2025-05-29 12:26:31,953 - memory.enhanced_semantic_search - WARNING - Empty text content in item, skipping indexing: ./node_modules/resolve/test/pathfilter/deep_ref/main.js
2025-05-29 12:26:31,959 - memory.enhanced_semantic_search - WARNING - Empty text content in item, skipping indexing: ./node_modules/resolve/test/shadowed_core/node_modules/util/index.js
2025-05-29 12:26:31,959 - memory.enhanced_semantic_search - WARNING - Empty text content in item, skipping indexing: ./node_modules/resolve/test/resolver/mug.coffee
2025-05-29 12:26:31,960 - memory.enhanced_semantic_search - WARNING - Empty text content in item, skipping indexing: ./node_modules/resolve/test/resolver/mug.js
2025-05-29 12:26:31,962 - memory.enhanced_semantic_search - WARNING - Empty text content in item, skipping indexing: ./node_modules/resolve/test/resolver/symlinked/_/node_modules/foo.js
2025-05-29 12:26:31,962 - memory.enhanced_semantic_search - WARNING - Empty text content in item, skipping indexing: ./node_modules/resolve/test/resolver/symlinked/_/symlink_target/.gitkeep
2025-05-29 12:26:31,966 - memory.enhanced_semantic_search - WARNING - Empty text content in item, skipping indexing: ./node_modules/resolve/test/resolver/multirepo/packages/package-b/index.js
2025-05-29 12:26:31,968 - memory.enhanced_semantic_search - WARNING - Empty text content in item, skipping indexing: ./node_modules/resolve/test/resolver/baz/doom.js
2025-05-29 12:26:31,969 - memory.enhanced_semantic_search - WARNING - Empty text content in item, skipping indexing: ./node_modules/resolve/test/resolver/browser_field/a.js
2025-05-29 12:26:31,969 - memory.enhanced_semantic_search - WARNING - Empty text content in item, skipping indexing: ./node_modules/resolve/test/resolver/browser_field/b.js
2025-05-29 12:26:31,972 - memory.enhanced_semantic_search - WARNING - Empty text content in item, skipping indexing: ./node_modules/resolve/test/resolver/false_main/index.js
2025-05-29 12:26:31,972 - memory.enhanced_semantic_search - WARNING - Empty text content in item, skipping indexing: ./node_modules/resolve/test/resolver/other_path/root.js
2025-05-29 12:26:31,973 - memory.enhanced_semantic_search - WARNING - Empty text content in item, skipping indexing: ./node_modules/resolve/test/resolver/other_path/lib/other-lib.js
2025-05-29 12:26:32,003 - memory.enhanced_semantic_search - INFO - Added 2600 items to vector index
2025-05-29 12:26:32,097 - memory.enhanced_semantic_search - INFO - Added 2700 items to vector index
2025-05-29 12:26:32,186 - memory.enhanced_semantic_search - INFO - Added 2800 items to vector index
2025-05-29 12:26:32,274 - memory.enhanced_semantic_search - INFO - Added 2900 items to vector index
2025-05-29 12:26:32,320 - memory.enhanced_semantic_search - INFO - Added 3000 items to vector index
2025-05-29 12:26:32,419 - memory.enhanced_semantic_search - INFO - Added 3100 items to vector index
2025-05-29 12:26:32,500 - memory.enhanced_semantic_search - INFO - Added 3200 items to vector index
2025-05-29 12:26:32,624 - memory.enhanced_semantic_search - INFO - Added 3300 items to vector index
2025-05-29 12:26:32,746 - memory.enhanced_semantic_search - INFO - Added 3400 items to vector index
2025-05-29 12:26:32,863 - memory.enhanced_semantic_search - INFO - Added 3500 items to vector index
2025-05-29 12:26:32,963 - memory.enhanced_semantic_search - INFO - Added 3600 items to vector index
2025-05-29 12:26:33,059 - memory.enhanced_semantic_search - INFO - Added 3700 items to vector index
2025-05-29 12:26:33,273 - memory.enhanced_semantic_search - INFO - Added 3800 items to vector index
2025-05-29 12:26:33,347 - memory.enhanced_semantic_search - INFO - Added 3900 items to vector index
2025-05-29 12:26:33,435 - memory.enhanced_semantic_search - INFO - Added 4000 items to vector index
2025-05-29 12:26:33,606 - memory.enhanced_semantic_search - INFO - Added 4100 items to vector index
2025-05-29 12:26:33,647 - memory.enhanced_semantic_search - INFO - Added 4200 items to vector index
2025-05-29 12:26:33,737 - memory.enhanced_semantic_search - INFO - Added 4300 items to vector index
2025-05-29 12:26:33,825 - memory.enhanced_semantic_search - INFO - Added 4400 items to vector index
2025-05-29 12:26:33,958 - memory.enhanced_semantic_search - INFO - Added 4500 items to vector index
2025-05-29 12:26:34,406 - memory.enhanced_semantic_search - INFO - Added 4600 items to vector index
2025-05-29 12:26:34,537 - memory.enhanced_semantic_search - INFO - Added 4700 items to vector index
2025-05-29 12:26:34,557 - memory.enhanced_semantic_search - WARNING - Empty text content in item, skipping indexing: ./node_modules/tailwindcss/types/generated/.gitkeep
2025-05-29 12:26:34,666 - memory.enhanced_semantic_search - INFO - Added 4800 items to vector index
2025-05-29 12:26:35,014 - memory.enhanced_semantic_search - INFO - Added 4900 items to vector index
2025-05-29 12:26:37,245 - memory.enhanced_semantic_search - INFO - Added 5000 items to vector index
2025-05-29 12:26:38,156 - memory.enhanced_semantic_search - INFO - Added 5100 items to vector index
2025-05-29 12:26:40,457 - memory.enhanced_semantic_search - INFO - Added 5200 items to vector index
2025-05-29 12:26:40,787 - memory.enhanced_semantic_search - INFO - Added 5300 items to vector index
