/Users/segevbin/Desktop/SensAI/Aiayer/neural_ui_do_button_handler.py:154: SyntaxWarning: invalid escape sequence '\!'
  "message": "Execution complete\!",
2025-06-03 18:29:21,594 - INFO - Detected screen size: 1470x956
2025-06-03 18:29:22,185 - INFO - Standard mouse listener started successfully
2025-06-03 18:29:22,185 - INFO - Keyboard listener started successfully
2025-06-03 18:29:22,185 - INFO - Input controller initialized (safe mode)
2025-06-03 18:29:22,185 - INFO - 🚨 Emergency shutdown: Press Ctrl+1 to immediately stop agent
2025-06-03 18:29:23,107 - INFO - Connected to Ollama API v0.6.8
2025-06-03 18:29:23,108 - INFO - LLaVA visual processor initialized for total screen analysis
2025-06-03 18:29:23,108 - INFO - Total Screen Analyzer initialized with 8s interval
2025-06-03 18:29:23,108 - INFO - 🔄 Adaptive retry automation system loaded
2025-06-03 18:29:23,108 - INFO - ✅ Adaptive retry automation handler loaded successfully
2025-06-03 18:29:23,110 - INFO - Plan persistence manager initialized with 40 stored plans
2025-06-03 18:29:23,110 - INFO - Plan persistence service initialized
2025-06-03 18:29:23,110 - INFO - ✅ Plan persistence module loaded successfully
2025-06-03 18:29:23,112 - INFO - Standard mouse listener started successfully
2025-06-03 18:29:23,113 - INFO - Keyboard listener started successfully
2025-06-03 18:29:23,113 - INFO - Input controller initialized (safe mode)
2025-06-03 18:29:23,113 - INFO - 🚨 Emergency shutdown: Press Ctrl+1 to immediately stop agent
2025-06-03 18:29:23,119 - INFO - Connected to Ollama API v0.6.8
2025-06-03 18:29:23,119 - INFO - LLaVA visual processor initialized for total screen analysis
2025-06-03 18:29:23,119 - INFO - Total Screen Analyzer initialized with 8s interval
2025-06-03 18:29:23,119 - INFO - 🤖 Universal automation components loaded successfully
2025-06-03 18:29:23,119 - INFO - ✅ Universal automation handler loaded successfully
2025-06-03 18:29:24,651 - INFO - PyTorch 2.7.0 available
2025-06-03 18:29:24,741 - INFO - Ultralytics 8.3.148 available
2025-06-03 18:29:24,885 - INFO - Transformers 4.51.3 available
2025-06-03 18:29:24,944 - INFO - ONNX Runtime 1.22.0 available
2025-06-03 18:29:24,944 - INFO - OpenCV 4.11.0 available
2025-06-03 18:29:24,990 - INFO - Selenium available for browser automation
2025-06-03 18:29:24,990 - INFO - Neural UI Detector available components:
2025-06-03 18:29:24,990 - INFO - - YOLO Object Detection: ✅
2025-06-03 18:29:24,990 - INFO - - LayoutLM Document Understanding: ✅
2025-06-03 18:29:24,990 - INFO - - ONNX Model Acceleration: ✅
2025-06-03 18:29:24,990 - INFO - - Computer Vision Support: ✅
2025-06-03 18:29:24,991 - INFO - - Browser Automation: ✅
2025-06-03 18:29:25,034 - INFO - Loaded pre-trained YOLOv8n model
2025-06-03 18:29:27,574 - INFO - LayoutLM imports available (old API)
2025-06-03 18:30:29,937 - INFO - Started new Chrome instance in headless mode
2025-06-03 18:30:34,092 - INFO - Using EasyOCR for text recognition
2025-06-03 18:30:34,114 - INFO - Loaded 3 templates for matching
2025-06-03 18:30:34,114 - INFO - UI Detector Ensemble initialized
2025-06-03 18:30:34,115 - INFO - ✅ Neural UI detector loaded successfully
2025-06-03 18:30:34,117 - INFO - Starting in direct mode
2025-06-03 18:30:34,120 - INFO - Port 8768 is available
2025-06-03 18:30:34,183 - INFO - server listening on 127.0.0.1:8768
2025-06-03 18:30:34,184 - INFO - server listening on [::1]:8768
2025-06-03 18:30:34,184 - INFO - Neural UI DO Button Handler running on ws://localhost:8768
2025-06-03 19:11:24,540 - ERROR - opening handshake failed
Traceback (most recent call last):
  File "/Users/segevbin/Desktop/SensAI/Aiayer/.venv/lib/python3.13/site-packages/websockets/http11.py", line 138, in parse
    request_line = yield from parse_line(read_line)
                   ^^^^^^^^^^^^^^^^^^^^^^^^^^^^^^^^
  File "/Users/segevbin/Desktop/SensAI/Aiayer/.venv/lib/python3.13/site-packages/websockets/http11.py", line 309, in parse_line
    line = yield from read_line(MAX_LINE_LENGTH)
           ^^^^^^^^^^^^^^^^^^^^^^^^^^^^^^^^^^^^^
  File "/Users/segevbin/Desktop/SensAI/Aiayer/.venv/lib/python3.13/site-packages/websockets/streams.py", line 46, in read_line
    raise EOFError(f"stream ends after {p} bytes, before end of line")
EOFError: stream ends after 0 bytes, before end of line

The above exception was the direct cause of the following exception:

Traceback (most recent call last):
  File "/Users/segevbin/Desktop/SensAI/Aiayer/.venv/lib/python3.13/site-packages/websockets/server.py", line 545, in parse
    request = yield from Request.parse(
              ^^^^^^^^^^^^^^^^^^^^^^^^^
        self.reader.read_line,
        ^^^^^^^^^^^^^^^^^^^^^^
    )
    ^
  File "/Users/segevbin/Desktop/SensAI/Aiayer/.venv/lib/python3.13/site-packages/websockets/http11.py", line 140, in parse
    raise EOFError("connection closed while reading HTTP request line") from exc
EOFError: connection closed while reading HTTP request line

The above exception was the direct cause of the following exception:

Traceback (most recent call last):
  File "/Users/segevbin/Desktop/SensAI/Aiayer/.venv/lib/python3.13/site-packages/websockets/asyncio/server.py", line 356, in conn_handler
    await connection.handshake(
    ...<3 lines>...
    )
  File "/Users/segevbin/Desktop/SensAI/Aiayer/.venv/lib/python3.13/site-packages/websockets/asyncio/server.py", line 207, in handshake
    raise self.protocol.handshake_exc
websockets.exceptions.InvalidMessage: did not receive a valid HTTP request
2025-06-03 19:11:24,583 - INFO - connection open
2025-06-03 19:11:24,584 - INFO - Direct client client_10957571408 connected
2025-06-03 19:11:24,586 - INFO - Received from direct client client_10957571408: ping
2025-06-03 19:11:24,592 - ERROR - opening handshake failed
Traceback (most recent call last):
  File "/Users/segevbin/Desktop/SensAI/Aiayer/.venv/lib/python3.13/site-packages/websockets/http11.py", line 138, in parse
    request_line = yield from parse_line(read_line)
                   ^^^^^^^^^^^^^^^^^^^^^^^^^^^^^^^^
  File "/Users/segevbin/Desktop/SensAI/Aiayer/.venv/lib/python3.13/site-packages/websockets/http11.py", line 309, in parse_line
    line = yield from read_line(MAX_LINE_LENGTH)
           ^^^^^^^^^^^^^^^^^^^^^^^^^^^^^^^^^^^^^
  File "/Users/segevbin/Desktop/SensAI/Aiayer/.venv/lib/python3.13/site-packages/websockets/streams.py", line 46, in read_line
    raise EOFError(f"stream ends after {p} bytes, before end of line")
EOFError: stream ends after 0 bytes, before end of line

The above exception was the direct cause of the following exception:

Traceback (most recent call last):
  File "/Users/segevbin/Desktop/SensAI/Aiayer/.venv/lib/python3.13/site-packages/websockets/server.py", line 545, in parse
    request = yield from Request.parse(
              ^^^^^^^^^^^^^^^^^^^^^^^^^
        self.reader.read_line,
        ^^^^^^^^^^^^^^^^^^^^^^
    )
    ^
  File "/Users/segevbin/Desktop/SensAI/Aiayer/.venv/lib/python3.13/site-packages/websockets/http11.py", line 140, in parse
    raise EOFError("connection closed while reading HTTP request line") from exc
EOFError: connection closed while reading HTTP request line

The above exception was the direct cause of the following exception:

Traceback (most recent call last):
  File "/Users/segevbin/Desktop/SensAI/Aiayer/.venv/lib/python3.13/site-packages/websockets/asyncio/server.py", line 356, in conn_handler
    await connection.handshake(
    ...<3 lines>...
    )
  File "/Users/segevbin/Desktop/SensAI/Aiayer/.venv/lib/python3.13/site-packages/websockets/asyncio/server.py", line 207, in handshake
    raise self.protocol.handshake_exc
websockets.exceptions.InvalidMessage: did not receive a valid HTTP request
2025-06-03 19:11:38,255 - ERROR - opening handshake failed
Traceback (most recent call last):
  File "/Users/segevbin/Desktop/SensAI/Aiayer/.venv/lib/python3.13/site-packages/websockets/http11.py", line 138, in parse
    request_line = yield from parse_line(read_line)
                   ^^^^^^^^^^^^^^^^^^^^^^^^^^^^^^^^
  File "/Users/segevbin/Desktop/SensAI/Aiayer/.venv/lib/python3.13/site-packages/websockets/http11.py", line 309, in parse_line
    line = yield from read_line(MAX_LINE_LENGTH)
           ^^^^^^^^^^^^^^^^^^^^^^^^^^^^^^^^^^^^^
  File "/Users/segevbin/Desktop/SensAI/Aiayer/.venv/lib/python3.13/site-packages/websockets/streams.py", line 46, in read_line
    raise EOFError(f"stream ends after {p} bytes, before end of line")
EOFError: stream ends after 0 bytes, before end of line

The above exception was the direct cause of the following exception:

Traceback (most recent call last):
  File "/Users/segevbin/Desktop/SensAI/Aiayer/.venv/lib/python3.13/site-packages/websockets/server.py", line 545, in parse
    request = yield from Request.parse(
              ^^^^^^^^^^^^^^^^^^^^^^^^^
        self.reader.read_line,
        ^^^^^^^^^^^^^^^^^^^^^^
    )
    ^
  File "/Users/segevbin/Desktop/SensAI/Aiayer/.venv/lib/python3.13/site-packages/websockets/http11.py", line 140, in parse
    raise EOFError("connection closed while reading HTTP request line") from exc
EOFError: connection closed while reading HTTP request line

The above exception was the direct cause of the following exception:

Traceback (most recent call last):
  File "/Users/segevbin/Desktop/SensAI/Aiayer/.venv/lib/python3.13/site-packages/websockets/asyncio/server.py", line 356, in conn_handler
    await connection.handshake(
    ...<3 lines>...
    )
  File "/Users/segevbin/Desktop/SensAI/Aiayer/.venv/lib/python3.13/site-packages/websockets/asyncio/server.py", line 207, in handshake
    raise self.protocol.handshake_exc
websockets.exceptions.InvalidMessage: did not receive a valid HTTP request
2025-06-03 19:11:38,383 - INFO - connection open
2025-06-03 19:11:38,384 - INFO - Direct client client_10768545216 connected
2025-06-03 19:11:38,385 - INFO - Received from direct client client_10768545216: ping
2025-06-03 19:11:38,387 - ERROR - opening handshake failed
Traceback (most recent call last):
  File "/Users/segevbin/Desktop/SensAI/Aiayer/.venv/lib/python3.13/site-packages/websockets/http11.py", line 138, in parse
    request_line = yield from parse_line(read_line)
                   ^^^^^^^^^^^^^^^^^^^^^^^^^^^^^^^^
  File "/Users/segevbin/Desktop/SensAI/Aiayer/.venv/lib/python3.13/site-packages/websockets/http11.py", line 309, in parse_line
    line = yield from read_line(MAX_LINE_LENGTH)
           ^^^^^^^^^^^^^^^^^^^^^^^^^^^^^^^^^^^^^
  File "/Users/segevbin/Desktop/SensAI/Aiayer/.venv/lib/python3.13/site-packages/websockets/streams.py", line 46, in read_line
    raise EOFError(f"stream ends after {p} bytes, before end of line")
EOFError: stream ends after 0 bytes, before end of line

The above exception was the direct cause of the following exception:

Traceback (most recent call last):
  File "/Users/segevbin/Desktop/SensAI/Aiayer/.venv/lib/python3.13/site-packages/websockets/server.py", line 545, in parse
    request = yield from Request.parse(
              ^^^^^^^^^^^^^^^^^^^^^^^^^
        self.reader.read_line,
        ^^^^^^^^^^^^^^^^^^^^^^
    )
    ^
  File "/Users/segevbin/Desktop/SensAI/Aiayer/.venv/lib/python3.13/site-packages/websockets/http11.py", line 140, in parse
    raise EOFError("connection closed while reading HTTP request line") from exc
EOFError: connection closed while reading HTTP request line

The above exception was the direct cause of the following exception:

Traceback (most recent call last):
  File "/Users/segevbin/Desktop/SensAI/Aiayer/.venv/lib/python3.13/site-packages/websockets/asyncio/server.py", line 356, in conn_handler
    await connection.handshake(
    ...<3 lines>...
    )
  File "/Users/segevbin/Desktop/SensAI/Aiayer/.venv/lib/python3.13/site-packages/websockets/asyncio/server.py", line 207, in handshake
    raise self.protocol.handshake_exc
websockets.exceptions.InvalidMessage: did not receive a valid HTTP request
2025-06-03 19:12:22,957 - INFO - connection open
2025-06-03 19:12:22,958 - INFO - Direct client client_10958110800 connected
2025-06-03 19:12:22,960 - INFO - Received from direct client client_10958110800: agent_confirmation
2025-06-03 19:12:22,960 - INFO - DO button action received: EXECUTE for plan test_neural_direct_1748992342
2025-06-03 19:12:22,961 - INFO - Using Neural UI detector for execution
2025-06-03 19:12:23,548 - INFO - Took screenshot: cache/neural_ui_detector/screenshot_1748992342.png

image 1/1 /Users/segevbin/Desktop/SensAI/Aiayer/cache/neural_ui_detector/screenshot_1748992342.png: 416x640 1 tv, 1 laptop, 109.2ms
Speed: 27.6ms preprocess, 109.2ms inference, 39.1ms postprocess per image at shape (1, 3, 416, 640)
2025-06-03 19:12:24,023 - INFO - YOLO detected 2 UI elements
2025-06-03 19:12:24,023 - INFO - macOS accessibility detected 2 UI elements
2025-06-03 19:12:24,215 - INFO - Browser API detected 0 UI elements
/Users/segevbin/Desktop/SensAI/Aiayer/.venv/lib/python3.13/site-packages/torch/utils/data/dataloader.py:683: UserWarning: 'pin_memory' argument is set as true but not supported on MPS now, then device pinned memory won't be used.
  warnings.warn(warn_msg)
2025-06-03 19:12:57,118 - INFO - OCR detected 238 text elements
2025-06-03 19:12:57,559 - ERROR - Error in template matching: index 2776 is out of bounds for axis 0 with size 1893
2025-06-03 19:12:57,701 - INFO - Edge detection detected 852 UI elements
/Users/segevbin/Desktop/SensAI/Aiayer/.venv/lib/python3.13/site-packages/torch/utils/data/dataloader.py:683: UserWarning: 'pin_memory' argument is set as true but not supported on MPS now, then device pinned memory won't be used.
  warnings.warn(warn_msg)
/Users/segevbin/Desktop/SensAI/Aiayer/.venv/lib/python3.13/site-packages/torch/utils/data/dataloader.py:683: UserWarning: 'pin_memory' argument is set as true but not supported on MPS now, then device pinned memory won't be used.
  warnings.warn(warn_msg)
/Users/segevbin/Desktop/SensAI/Aiayer/.venv/lib/python3.13/site-packages/torch/utils/data/dataloader.py:683: UserWarning: 'pin_memory' argument is set as true but not supported on MPS now, then device pinned memory won't be used.
  warnings.warn(warn_msg)
/Users/segevbin/Desktop/SensAI/Aiayer/.venv/lib/python3.13/site-packages/torch/utils/data/dataloader.py:683: UserWarning: 'pin_memory' argument is set as true but not supported on MPS now, then device pinned memory won't be used.
  warnings.warn(warn_msg)
/Users/segevbin/Desktop/SensAI/Aiayer/.venv/lib/python3.13/site-packages/torch/utils/data/dataloader.py:683: UserWarning: 'pin_memory' argument is set as true but not supported on MPS now, then device pinned memory won't be used.
  warnings.warn(warn_msg)
/Users/segevbin/Desktop/SensAI/Aiayer/.venv/lib/python3.13/site-packages/torch/utils/data/dataloader.py:683: UserWarning: 'pin_memory' argument is set as true but not supported on MPS now, then device pinned memory won't be used.
  warnings.warn(warn_msg)
/Users/segevbin/Desktop/SensAI/Aiayer/.venv/lib/python3.13/site-packages/torch/utils/data/dataloader.py:683: UserWarning: 'pin_memory' argument is set as true but not supported on MPS now, then device pinned memory won't be used.
  warnings.warn(warn_msg)
/Users/segevbin/Desktop/SensAI/Aiayer/.venv/lib/python3.13/site-packages/torch/utils/data/dataloader.py:683: UserWarning: 'pin_memory' argument is set as true but not supported on MPS now, then device pinned memory won't be used.
  warnings.warn(warn_msg)
/Users/segevbin/Desktop/SensAI/Aiayer/.venv/lib/python3.13/site-packages/torch/utils/data/dataloader.py:683: UserWarning: 'pin_memory' argument is set as true but not supported on MPS now, then device pinned memory won't be used.
  warnings.warn(warn_msg)
/Users/segevbin/Desktop/SensAI/Aiayer/.venv/lib/python3.13/site-packages/torch/utils/data/dataloader.py:683: UserWarning: 'pin_memory' argument is set as true but not supported on MPS now, then device pinned memory won't be used.
  warnings.warn(warn_msg)
/Users/segevbin/Desktop/SensAI/Aiayer/.venv/lib/python3.13/site-packages/torch/utils/data/dataloader.py:683: UserWarning: 'pin_memory' argument is set as true but not supported on MPS now, then device pinned memory won't be used.
  warnings.warn(warn_msg)
/Users/segevbin/Desktop/SensAI/Aiayer/.venv/lib/python3.13/site-packages/torch/utils/data/dataloader.py:683: UserWarning: 'pin_memory' argument is set as true but not supported on MPS now, then device pinned memory won't be used.
  warnings.warn(warn_msg)
/Users/segevbin/Desktop/SensAI/Aiayer/.venv/lib/python3.13/site-packages/torch/utils/data/dataloader.py:683: UserWarning: 'pin_memory' argument is set as true but not supported on MPS now, then device pinned memory won't be used.
  warnings.warn(warn_msg)
/Users/segevbin/Desktop/SensAI/Aiayer/.venv/lib/python3.13/site-packages/torch/utils/data/dataloader.py:683: UserWarning: 'pin_memory' argument is set as true but not supported on MPS now, then device pinned memory won't be used.
  warnings.warn(warn_msg)
/Users/segevbin/Desktop/SensAI/Aiayer/.venv/lib/python3.13/site-packages/torch/utils/data/dataloader.py:683: UserWarning: 'pin_memory' argument is set as true but not supported on MPS now, then device pinned memory won't be used.
  warnings.warn(warn_msg)
/Users/segevbin/Desktop/SensAI/Aiayer/.venv/lib/python3.13/site-packages/torch/utils/data/dataloader.py:683: UserWarning: 'pin_memory' argument is set as true but not supported on MPS now, then device pinned memory won't be used.
  warnings.warn(warn_msg)
/Users/segevbin/Desktop/SensAI/Aiayer/.venv/lib/python3.13/site-packages/torch/utils/data/dataloader.py:683: UserWarning: 'pin_memory' argument is set as true but not supported on MPS now, then device pinned memory won't be used.
  warnings.warn(warn_msg)
/Users/segevbin/Desktop/SensAI/Aiayer/.venv/lib/python3.13/site-packages/torch/utils/data/dataloader.py:683: UserWarning: 'pin_memory' argument is set as true but not supported on MPS now, then device pinned memory won't be used.
  warnings.warn(warn_msg)
/Users/segevbin/Desktop/SensAI/Aiayer/.venv/lib/python3.13/site-packages/torch/utils/data/dataloader.py:683: UserWarning: 'pin_memory' argument is set as true but not supported on MPS now, then device pinned memory won't be used.
  warnings.warn(warn_msg)
/Users/segevbin/Desktop/SensAI/Aiayer/.venv/lib/python3.13/site-packages/torch/utils/data/dataloader.py:683: UserWarning: 'pin_memory' argument is set as true but not supported on MPS now, then device pinned memory won't be used.
  warnings.warn(warn_msg)
/Users/segevbin/Desktop/SensAI/Aiayer/.venv/lib/python3.13/site-packages/torch/utils/data/dataloader.py:683: UserWarning: 'pin_memory' argument is set as true but not supported on MPS now, then device pinned memory won't be used.
  warnings.warn(warn_msg)
/Users/segevbin/Desktop/SensAI/Aiayer/.venv/lib/python3.13/site-packages/torch/utils/data/dataloader.py:683: UserWarning: 'pin_memory' argument is set as true but not supported on MPS now, then device pinned memory won't be used.
  warnings.warn(warn_msg)
/Users/segevbin/Desktop/SensAI/Aiayer/.venv/lib/python3.13/site-packages/torch/utils/data/dataloader.py:683: UserWarning: 'pin_memory' argument is set as true but not supported on MPS now, then device pinned memory won't be used.
  warnings.warn(warn_msg)
/Users/segevbin/Desktop/SensAI/Aiayer/.venv/lib/python3.13/site-packages/torch/utils/data/dataloader.py:683: UserWarning: 'pin_memory' argument is set as true but not supported on MPS now, then device pinned memory won't be used.
  warnings.warn(warn_msg)
/Users/segevbin/Desktop/SensAI/Aiayer/.venv/lib/python3.13/site-packages/torch/utils/data/dataloader.py:683: UserWarning: 'pin_memory' argument is set as true but not supported on MPS now, then device pinned memory won't be used.
  warnings.warn(warn_msg)
/Users/segevbin/Desktop/SensAI/Aiayer/.venv/lib/python3.13/site-packages/torch/utils/data/dataloader.py:683: UserWarning: 'pin_memory' argument is set as true but not supported on MPS now, then device pinned memory won't be used.
  warnings.warn(warn_msg)
/Users/segevbin/Desktop/SensAI/Aiayer/.venv/lib/python3.13/site-packages/torch/utils/data/dataloader.py:683: UserWarning: 'pin_memory' argument is set as true but not supported on MPS now, then device pinned memory won't be used.
  warnings.warn(warn_msg)
/Users/segevbin/Desktop/SensAI/Aiayer/.venv/lib/python3.13/site-packages/torch/utils/data/dataloader.py:683: UserWarning: 'pin_memory' argument is set as true but not supported on MPS now, then device pinned memory won't be used.
  warnings.warn(warn_msg)
/Users/segevbin/Desktop/SensAI/Aiayer/.venv/lib/python3.13/site-packages/torch/utils/data/dataloader.py:683: UserWarning: 'pin_memory' argument is set as true but not supported on MPS now, then device pinned memory won't be used.
  warnings.warn(warn_msg)
/Users/segevbin/Desktop/SensAI/Aiayer/.venv/lib/python3.13/site-packages/torch/utils/data/dataloader.py:683: UserWarning: 'pin_memory' argument is set as true but not supported on MPS now, then device pinned memory won't be used.
  warnings.warn(warn_msg)
/Users/segevbin/Desktop/SensAI/Aiayer/.venv/lib/python3.13/site-packages/torch/utils/data/dataloader.py:683: UserWarning: 'pin_memory' argument is set as true but not supported on MPS now, then device pinned memory won't be used.
  warnings.warn(warn_msg)
/Users/segevbin/Desktop/SensAI/Aiayer/.venv/lib/python3.13/site-packages/torch/utils/data/dataloader.py:683: UserWarning: 'pin_memory' argument is set as true but not supported on MPS now, then device pinned memory won't be used.
  warnings.warn(warn_msg)
/Users/segevbin/Desktop/SensAI/Aiayer/.venv/lib/python3.13/site-packages/torch/utils/data/dataloader.py:683: UserWarning: 'pin_memory' argument is set as true but not supported on MPS now, then device pinned memory won't be used.
  warnings.warn(warn_msg)
/Users/segevbin/Desktop/SensAI/Aiayer/.venv/lib/python3.13/site-packages/torch/utils/data/dataloader.py:683: UserWarning: 'pin_memory' argument is set as true but not supported on MPS now, then device pinned memory won't be used.
  warnings.warn(warn_msg)
/Users/segevbin/Desktop/SensAI/Aiayer/.venv/lib/python3.13/site-packages/torch/utils/data/dataloader.py:683: UserWarning: 'pin_memory' argument is set as true but not supported on MPS now, then device pinned memory won't be used.
  warnings.warn(warn_msg)
/Users/segevbin/Desktop/SensAI/Aiayer/.venv/lib/python3.13/site-packages/torch/utils/data/dataloader.py:683: UserWarning: 'pin_memory' argument is set as true but not supported on MPS now, then device pinned memory won't be used.
  warnings.warn(warn_msg)
/Users/segevbin/Desktop/SensAI/Aiayer/.venv/lib/python3.13/site-packages/torch/utils/data/dataloader.py:683: UserWarning: 'pin_memory' argument is set as true but not supported on MPS now, then device pinned memory won't be used.
  warnings.warn(warn_msg)
/Users/segevbin/Desktop/SensAI/Aiayer/.venv/lib/python3.13/site-packages/torch/utils/data/dataloader.py:683: UserWarning: 'pin_memory' argument is set as true but not supported on MPS now, then device pinned memory won't be used.
  warnings.warn(warn_msg)
/Users/segevbin/Desktop/SensAI/Aiayer/.venv/lib/python3.13/site-packages/torch/utils/data/dataloader.py:683: UserWarning: 'pin_memory' argument is set as true but not supported on MPS now, then device pinned memory won't be used.
  warnings.warn(warn_msg)
/Users/segevbin/Desktop/SensAI/Aiayer/.venv/lib/python3.13/site-packages/torch/utils/data/dataloader.py:683: UserWarning: 'pin_memory' argument is set as true but not supported on MPS now, then device pinned memory won't be used.
  warnings.warn(warn_msg)
/Users/segevbin/Desktop/SensAI/Aiayer/.venv/lib/python3.13/site-packages/torch/utils/data/dataloader.py:683: UserWarning: 'pin_memory' argument is set as true but not supported on MPS now, then device pinned memory won't be used.
  warnings.warn(warn_msg)
/Users/segevbin/Desktop/SensAI/Aiayer/.venv/lib/python3.13/site-packages/torch/utils/data/dataloader.py:683: UserWarning: 'pin_memory' argument is set as true but not supported on MPS now, then device pinned memory won't be used.
  warnings.warn(warn_msg)
/Users/segevbin/Desktop/SensAI/Aiayer/.venv/lib/python3.13/site-packages/torch/utils/data/dataloader.py:683: UserWarning: 'pin_memory' argument is set as true but not supported on MPS now, then device pinned memory won't be used.
  warnings.warn(warn_msg)
/Users/segevbin/Desktop/SensAI/Aiayer/.venv/lib/python3.13/site-packages/torch/utils/data/dataloader.py:683: UserWarning: 'pin_memory' argument is set as true but not supported on MPS now, then device pinned memory won't be used.
  warnings.warn(warn_msg)
/Users/segevbin/Desktop/SensAI/Aiayer/.venv/lib/python3.13/site-packages/torch/utils/data/dataloader.py:683: UserWarning: 'pin_memory' argument is set as true but not supported on MPS now, then device pinned memory won't be used.
  warnings.warn(warn_msg)
/Users/segevbin/Desktop/SensAI/Aiayer/.venv/lib/python3.13/site-packages/torch/utils/data/dataloader.py:683: UserWarning: 'pin_memory' argument is set as true but not supported on MPS now, then device pinned memory won't be used.
  warnings.warn(warn_msg)
/Users/segevbin/Desktop/SensAI/Aiayer/.venv/lib/python3.13/site-packages/torch/utils/data/dataloader.py:683: UserWarning: 'pin_memory' argument is set as true but not supported on MPS now, then device pinned memory won't be used.
  warnings.warn(warn_msg)
/Users/segevbin/Desktop/SensAI/Aiayer/.venv/lib/python3.13/site-packages/torch/utils/data/dataloader.py:683: UserWarning: 'pin_memory' argument is set as true but not supported on MPS now, then device pinned memory won't be used.
  warnings.warn(warn_msg)
/Users/segevbin/Desktop/SensAI/Aiayer/.venv/lib/python3.13/site-packages/torch/utils/data/dataloader.py:683: UserWarning: 'pin_memory' argument is set as true but not supported on MPS now, then device pinned memory won't be used.
  warnings.warn(warn_msg)
/Users/segevbin/Desktop/SensAI/Aiayer/.venv/lib/python3.13/site-packages/torch/utils/data/dataloader.py:683: UserWarning: 'pin_memory' argument is set as true but not supported on MPS now, then device pinned memory won't be used.
  warnings.warn(warn_msg)
/Users/segevbin/Desktop/SensAI/Aiayer/.venv/lib/python3.13/site-packages/torch/utils/data/dataloader.py:683: UserWarning: 'pin_memory' argument is set as true but not supported on MPS now, then device pinned memory won't be used.
  warnings.warn(warn_msg)
/Users/segevbin/Desktop/SensAI/Aiayer/.venv/lib/python3.13/site-packages/torch/utils/data/dataloader.py:683: UserWarning: 'pin_memory' argument is set as true but not supported on MPS now, then device pinned memory won't be used.
  warnings.warn(warn_msg)
/Users/segevbin/Desktop/SensAI/Aiayer/.venv/lib/python3.13/site-packages/torch/utils/data/dataloader.py:683: UserWarning: 'pin_memory' argument is set as true but not supported on MPS now, then device pinned memory won't be used.
  warnings.warn(warn_msg)
/Users/segevbin/Desktop/SensAI/Aiayer/.venv/lib/python3.13/site-packages/torch/utils/data/dataloader.py:683: UserWarning: 'pin_memory' argument is set as true but not supported on MPS now, then device pinned memory won't be used.
  warnings.warn(warn_msg)
/Users/segevbin/Desktop/SensAI/Aiayer/.venv/lib/python3.13/site-packages/torch/utils/data/dataloader.py:683: UserWarning: 'pin_memory' argument is set as true but not supported on MPS now, then device pinned memory won't be used.
  warnings.warn(warn_msg)
/Users/segevbin/Desktop/SensAI/Aiayer/.venv/lib/python3.13/site-packages/torch/utils/data/dataloader.py:683: UserWarning: 'pin_memory' argument is set as true but not supported on MPS now, then device pinned memory won't be used.
  warnings.warn(warn_msg)
/Users/segevbin/Desktop/SensAI/Aiayer/.venv/lib/python3.13/site-packages/torch/utils/data/dataloader.py:683: UserWarning: 'pin_memory' argument is set as true but not supported on MPS now, then device pinned memory won't be used.
  warnings.warn(warn_msg)
/Users/segevbin/Desktop/SensAI/Aiayer/.venv/lib/python3.13/site-packages/torch/utils/data/dataloader.py:683: UserWarning: 'pin_memory' argument is set as true but not supported on MPS now, then device pinned memory won't be used.
  warnings.warn(warn_msg)
/Users/segevbin/Desktop/SensAI/Aiayer/.venv/lib/python3.13/site-packages/torch/utils/data/dataloader.py:683: UserWarning: 'pin_memory' argument is set as true but not supported on MPS now, then device pinned memory won't be used.
  warnings.warn(warn_msg)
/Users/segevbin/Desktop/SensAI/Aiayer/.venv/lib/python3.13/site-packages/torch/utils/data/dataloader.py:683: UserWarning: 'pin_memory' argument is set as true but not supported on MPS now, then device pinned memory won't be used.
  warnings.warn(warn_msg)
/Users/segevbin/Desktop/SensAI/Aiayer/.venv/lib/python3.13/site-packages/torch/utils/data/dataloader.py:683: UserWarning: 'pin_memory' argument is set as true but not supported on MPS now, then device pinned memory won't be used.
  warnings.warn(warn_msg)
/Users/segevbin/Desktop/SensAI/Aiayer/.venv/lib/python3.13/site-packages/torch/utils/data/dataloader.py:683: UserWarning: 'pin_memory' argument is set as true but not supported on MPS now, then device pinned memory won't be used.
  warnings.warn(warn_msg)
/Users/segevbin/Desktop/SensAI/Aiayer/.venv/lib/python3.13/site-packages/torch/utils/data/dataloader.py:683: UserWarning: 'pin_memory' argument is set as true but not supported on MPS now, then device pinned memory won't be used.
  warnings.warn(warn_msg)
/Users/segevbin/Desktop/SensAI/Aiayer/.venv/lib/python3.13/site-packages/torch/utils/data/dataloader.py:683: UserWarning: 'pin_memory' argument is set as true but not supported on MPS now, then device pinned memory won't be used.
  warnings.warn(warn_msg)
/Users/segevbin/Desktop/SensAI/Aiayer/.venv/lib/python3.13/site-packages/torch/utils/data/dataloader.py:683: UserWarning: 'pin_memory' argument is set as true but not supported on MPS now, then device pinned memory won't be used.
  warnings.warn(warn_msg)
/Users/segevbin/Desktop/SensAI/Aiayer/.venv/lib/python3.13/site-packages/torch/utils/data/dataloader.py:683: UserWarning: 'pin_memory' argument is set as true but not supported on MPS now, then device pinned memory won't be used.
  warnings.warn(warn_msg)
/Users/segevbin/Desktop/SensAI/Aiayer/.venv/lib/python3.13/site-packages/torch/utils/data/dataloader.py:683: UserWarning: 'pin_memory' argument is set as true but not supported on MPS now, then device pinned memory won't be used.
  warnings.warn(warn_msg)
/Users/segevbin/Desktop/SensAI/Aiayer/.venv/lib/python3.13/site-packages/torch/utils/data/dataloader.py:683: UserWarning: 'pin_memory' argument is set as true but not supported on MPS now, then device pinned memory won't be used.
  warnings.warn(warn_msg)
/Users/segevbin/Desktop/SensAI/Aiayer/.venv/lib/python3.13/site-packages/torch/utils/data/dataloader.py:683: UserWarning: 'pin_memory' argument is set as true but not supported on MPS now, then device pinned memory won't be used.
  warnings.warn(warn_msg)
/Users/segevbin/Desktop/SensAI/Aiayer/.venv/lib/python3.13/site-packages/torch/utils/data/dataloader.py:683: UserWarning: 'pin_memory' argument is set as true but not supported on MPS now, then device pinned memory won't be used.
  warnings.warn(warn_msg)
/Users/segevbin/Desktop/SensAI/Aiayer/.venv/lib/python3.13/site-packages/torch/utils/data/dataloader.py:683: UserWarning: 'pin_memory' argument is set as true but not supported on MPS now, then device pinned memory won't be used.
  warnings.warn(warn_msg)
/Users/segevbin/Desktop/SensAI/Aiayer/.venv/lib/python3.13/site-packages/torch/utils/data/dataloader.py:683: UserWarning: 'pin_memory' argument is set as true but not supported on MPS now, then device pinned memory won't be used.
  warnings.warn(warn_msg)
/Users/segevbin/Desktop/SensAI/Aiayer/.venv/lib/python3.13/site-packages/torch/utils/data/dataloader.py:683: UserWarning: 'pin_memory' argument is set as true but not supported on MPS now, then device pinned memory won't be used.
  warnings.warn(warn_msg)
/Users/segevbin/Desktop/SensAI/Aiayer/.venv/lib/python3.13/site-packages/torch/utils/data/dataloader.py:683: UserWarning: 'pin_memory' argument is set as true but not supported on MPS now, then device pinned memory won't be used.
  warnings.warn(warn_msg)
/Users/segevbin/Desktop/SensAI/Aiayer/.venv/lib/python3.13/site-packages/torch/utils/data/dataloader.py:683: UserWarning: 'pin_memory' argument is set as true but not supported on MPS now, then device pinned memory won't be used.
  warnings.warn(warn_msg)
/Users/segevbin/Desktop/SensAI/Aiayer/.venv/lib/python3.13/site-packages/torch/utils/data/dataloader.py:683: UserWarning: 'pin_memory' argument is set as true but not supported on MPS now, then device pinned memory won't be used.
  warnings.warn(warn_msg)
/Users/segevbin/Desktop/SensAI/Aiayer/.venv/lib/python3.13/site-packages/torch/utils/data/dataloader.py:683: UserWarning: 'pin_memory' argument is set as true but not supported on MPS now, then device pinned memory won't be used.
  warnings.warn(warn_msg)
/Users/segevbin/Desktop/SensAI/Aiayer/.venv/lib/python3.13/site-packages/torch/utils/data/dataloader.py:683: UserWarning: 'pin_memory' argument is set as true but not supported on MPS now, then device pinned memory won't be used.
  warnings.warn(warn_msg)
/Users/segevbin/Desktop/SensAI/Aiayer/.venv/lib/python3.13/site-packages/torch/utils/data/dataloader.py:683: UserWarning: 'pin_memory' argument is set as true but not supported on MPS now, then device pinned memory won't be used.
  warnings.warn(warn_msg)
/Users/segevbin/Desktop/SensAI/Aiayer/.venv/lib/python3.13/site-packages/torch/utils/data/dataloader.py:683: UserWarning: 'pin_memory' argument is set as true but not supported on MPS now, then device pinned memory won't be used.
  warnings.warn(warn_msg)
/Users/segevbin/Desktop/SensAI/Aiayer/.venv/lib/python3.13/site-packages/torch/utils/data/dataloader.py:683: UserWarning: 'pin_memory' argument is set as true but not supported on MPS now, then device pinned memory won't be used.
  warnings.warn(warn_msg)
/Users/segevbin/Desktop/SensAI/Aiayer/.venv/lib/python3.13/site-packages/torch/utils/data/dataloader.py:683: UserWarning: 'pin_memory' argument is set as true but not supported on MPS now, then device pinned memory won't be used.
  warnings.warn(warn_msg)
/Users/segevbin/Desktop/SensAI/Aiayer/.venv/lib/python3.13/site-packages/torch/utils/data/dataloader.py:683: UserWarning: 'pin_memory' argument is set as true but not supported on MPS now, then device pinned memory won't be used.
  warnings.warn(warn_msg)
/Users/segevbin/Desktop/SensAI/Aiayer/.venv/lib/python3.13/site-packages/torch/utils/data/dataloader.py:683: UserWarning: 'pin_memory' argument is set as true but not supported on MPS now, then device pinned memory won't be used.
  warnings.warn(warn_msg)
/Users/segevbin/Desktop/SensAI/Aiayer/.venv/lib/python3.13/site-packages/torch/utils/data/dataloader.py:683: UserWarning: 'pin_memory' argument is set as true but not supported on MPS now, then device pinned memory won't be used.
  warnings.warn(warn_msg)
/Users/segevbin/Desktop/SensAI/Aiayer/.venv/lib/python3.13/site-packages/torch/utils/data/dataloader.py:683: UserWarning: 'pin_memory' argument is set as true but not supported on MPS now, then device pinned memory won't be used.
  warnings.warn(warn_msg)
/Users/segevbin/Desktop/SensAI/Aiayer/.venv/lib/python3.13/site-packages/torch/utils/data/dataloader.py:683: UserWarning: 'pin_memory' argument is set as true but not supported on MPS now, then device pinned memory won't be used.
  warnings.warn(warn_msg)
/Users/segevbin/Desktop/SensAI/Aiayer/.venv/lib/python3.13/site-packages/torch/utils/data/dataloader.py:683: UserWarning: 'pin_memory' argument is set as true but not supported on MPS now, then device pinned memory won't be used.
  warnings.warn(warn_msg)
/Users/segevbin/Desktop/SensAI/Aiayer/.venv/lib/python3.13/site-packages/torch/utils/data/dataloader.py:683: UserWarning: 'pin_memory' argument is set as true but not supported on MPS now, then device pinned memory won't be used.
  warnings.warn(warn_msg)
/Users/segevbin/Desktop/SensAI/Aiayer/.venv/lib/python3.13/site-packages/torch/utils/data/dataloader.py:683: UserWarning: 'pin_memory' argument is set as true but not supported on MPS now, then device pinned memory won't be used.
  warnings.warn(warn_msg)
/Users/segevbin/Desktop/SensAI/Aiayer/.venv/lib/python3.13/site-packages/torch/utils/data/dataloader.py:683: UserWarning: 'pin_memory' argument is set as true but not supported on MPS now, then device pinned memory won't be used.
  warnings.warn(warn_msg)
/Users/segevbin/Desktop/SensAI/Aiayer/.venv/lib/python3.13/site-packages/torch/utils/data/dataloader.py:683: UserWarning: 'pin_memory' argument is set as true but not supported on MPS now, then device pinned memory won't be used.
  warnings.warn(warn_msg)
/Users/segevbin/Desktop/SensAI/Aiayer/.venv/lib/python3.13/site-packages/torch/utils/data/dataloader.py:683: UserWarning: 'pin_memory' argument is set as true but not supported on MPS now, then device pinned memory won't be used.
  warnings.warn(warn_msg)
/Users/segevbin/Desktop/SensAI/Aiayer/.venv/lib/python3.13/site-packages/torch/utils/data/dataloader.py:683: UserWarning: 'pin_memory' argument is set as true but not supported on MPS now, then device pinned memory won't be used.
  warnings.warn(warn_msg)
/Users/segevbin/Desktop/SensAI/Aiayer/.venv/lib/python3.13/site-packages/torch/utils/data/dataloader.py:683: UserWarning: 'pin_memory' argument is set as true but not supported on MPS now, then device pinned memory won't be used.
  warnings.warn(warn_msg)
/Users/segevbin/Desktop/SensAI/Aiayer/.venv/lib/python3.13/site-packages/torch/utils/data/dataloader.py:683: UserWarning: 'pin_memory' argument is set as true but not supported on MPS now, then device pinned memory won't be used.
  warnings.warn(warn_msg)
/Users/segevbin/Desktop/SensAI/Aiayer/.venv/lib/python3.13/site-packages/torch/utils/data/dataloader.py:683: UserWarning: 'pin_memory' argument is set as true but not supported on MPS now, then device pinned memory won't be used.
  warnings.warn(warn_msg)
/Users/segevbin/Desktop/SensAI/Aiayer/.venv/lib/python3.13/site-packages/torch/utils/data/dataloader.py:683: UserWarning: 'pin_memory' argument is set as true but not supported on MPS now, then device pinned memory won't be used.
  warnings.warn(warn_msg)
/Users/segevbin/Desktop/SensAI/Aiayer/.venv/lib/python3.13/site-packages/torch/utils/data/dataloader.py:683: UserWarning: 'pin_memory' argument is set as true but not supported on MPS now, then device pinned memory won't be used.
  warnings.warn(warn_msg)
/Users/segevbin/Desktop/SensAI/Aiayer/.venv/lib/python3.13/site-packages/torch/utils/data/dataloader.py:683: UserWarning: 'pin_memory' argument is set as true but not supported on MPS now, then device pinned memory won't be used.
  warnings.warn(warn_msg)
/Users/segevbin/Desktop/SensAI/Aiayer/.venv/lib/python3.13/site-packages/torch/utils/data/dataloader.py:683: UserWarning: 'pin_memory' argument is set as true but not supported on MPS now, then device pinned memory won't be used.
  warnings.warn(warn_msg)
/Users/segevbin/Desktop/SensAI/Aiayer/.venv/lib/python3.13/site-packages/torch/utils/data/dataloader.py:683: UserWarning: 'pin_memory' argument is set as true but not supported on MPS now, then device pinned memory won't be used.
  warnings.warn(warn_msg)
/Users/segevbin/Desktop/SensAI/Aiayer/.venv/lib/python3.13/site-packages/torch/utils/data/dataloader.py:683: UserWarning: 'pin_memory' argument is set as true but not supported on MPS now, then device pinned memory won't be used.
  warnings.warn(warn_msg)
/Users/segevbin/Desktop/SensAI/Aiayer/.venv/lib/python3.13/site-packages/torch/utils/data/dataloader.py:683: UserWarning: 'pin_memory' argument is set as true but not supported on MPS now, then device pinned memory won't be used.
  warnings.warn(warn_msg)
/Users/segevbin/Desktop/SensAI/Aiayer/.venv/lib/python3.13/site-packages/torch/utils/data/dataloader.py:683: UserWarning: 'pin_memory' argument is set as true but not supported on MPS now, then device pinned memory won't be used.
  warnings.warn(warn_msg)
/Users/segevbin/Desktop/SensAI/Aiayer/.venv/lib/python3.13/site-packages/torch/utils/data/dataloader.py:683: UserWarning: 'pin_memory' argument is set as true but not supported on MPS now, then device pinned memory won't be used.
  warnings.warn(warn_msg)
/Users/segevbin/Desktop/SensAI/Aiayer/.venv/lib/python3.13/site-packages/torch/utils/data/dataloader.py:683: UserWarning: 'pin_memory' argument is set as true but not supported on MPS now, then device pinned memory won't be used.
  warnings.warn(warn_msg)
/Users/segevbin/Desktop/SensAI/Aiayer/.venv/lib/python3.13/site-packages/torch/utils/data/dataloader.py:683: UserWarning: 'pin_memory' argument is set as true but not supported on MPS now, then device pinned memory won't be used.
  warnings.warn(warn_msg)
/Users/segevbin/Desktop/SensAI/Aiayer/.venv/lib/python3.13/site-packages/torch/utils/data/dataloader.py:683: UserWarning: 'pin_memory' argument is set as true but not supported on MPS now, then device pinned memory won't be used.
  warnings.warn(warn_msg)
/Users/segevbin/Desktop/SensAI/Aiayer/.venv/lib/python3.13/site-packages/torch/utils/data/dataloader.py:683: UserWarning: 'pin_memory' argument is set as true but not supported on MPS now, then device pinned memory won't be used.
  warnings.warn(warn_msg)
/Users/segevbin/Desktop/SensAI/Aiayer/.venv/lib/python3.13/site-packages/torch/utils/data/dataloader.py:683: UserWarning: 'pin_memory' argument is set as true but not supported on MPS now, then device pinned memory won't be used.
  warnings.warn(warn_msg)
/Users/segevbin/Desktop/SensAI/Aiayer/.venv/lib/python3.13/site-packages/torch/utils/data/dataloader.py:683: UserWarning: 'pin_memory' argument is set as true but not supported on MPS now, then device pinned memory won't be used.
  warnings.warn(warn_msg)
/Users/segevbin/Desktop/SensAI/Aiayer/.venv/lib/python3.13/site-packages/torch/utils/data/dataloader.py:683: UserWarning: 'pin_memory' argument is set as true but not supported on MPS now, then device pinned memory won't be used.
  warnings.warn(warn_msg)
/Users/segevbin/Desktop/SensAI/Aiayer/.venv/lib/python3.13/site-packages/torch/utils/data/dataloader.py:683: UserWarning: 'pin_memory' argument is set as true but not supported on MPS now, then device pinned memory won't be used.
  warnings.warn(warn_msg)
/Users/segevbin/Desktop/SensAI/Aiayer/.venv/lib/python3.13/site-packages/torch/utils/data/dataloader.py:683: UserWarning: 'pin_memory' argument is set as true but not supported on MPS now, then device pinned memory won't be used.
  warnings.warn(warn_msg)
/Users/segevbin/Desktop/SensAI/Aiayer/.venv/lib/python3.13/site-packages/torch/utils/data/dataloader.py:683: UserWarning: 'pin_memory' argument is set as true but not supported on MPS now, then device pinned memory won't be used.
  warnings.warn(warn_msg)
/Users/segevbin/Desktop/SensAI/Aiayer/.venv/lib/python3.13/site-packages/torch/utils/data/dataloader.py:683: UserWarning: 'pin_memory' argument is set as true but not supported on MPS now, then device pinned memory won't be used.
  warnings.warn(warn_msg)
/Users/segevbin/Desktop/SensAI/Aiayer/.venv/lib/python3.13/site-packages/torch/utils/data/dataloader.py:683: UserWarning: 'pin_memory' argument is set as true but not supported on MPS now, then device pinned memory won't be used.
  warnings.warn(warn_msg)
/Users/segevbin/Desktop/SensAI/Aiayer/.venv/lib/python3.13/site-packages/torch/utils/data/dataloader.py:683: UserWarning: 'pin_memory' argument is set as true but not supported on MPS now, then device pinned memory won't be used.
  warnings.warn(warn_msg)
/Users/segevbin/Desktop/SensAI/Aiayer/.venv/lib/python3.13/site-packages/torch/utils/data/dataloader.py:683: UserWarning: 'pin_memory' argument is set as true but not supported on MPS now, then device pinned memory won't be used.
  warnings.warn(warn_msg)
/Users/segevbin/Desktop/SensAI/Aiayer/.venv/lib/python3.13/site-packages/torch/utils/data/dataloader.py:683: UserWarning: 'pin_memory' argument is set as true but not supported on MPS now, then device pinned memory won't be used.
  warnings.warn(warn_msg)
/Users/segevbin/Desktop/SensAI/Aiayer/.venv/lib/python3.13/site-packages/torch/utils/data/dataloader.py:683: UserWarning: 'pin_memory' argument is set as true but not supported on MPS now, then device pinned memory won't be used.
  warnings.warn(warn_msg)
/Users/segevbin/Desktop/SensAI/Aiayer/.venv/lib/python3.13/site-packages/torch/utils/data/dataloader.py:683: UserWarning: 'pin_memory' argument is set as true but not supported on MPS now, then device pinned memory won't be used.
  warnings.warn(warn_msg)
/Users/segevbin/Desktop/SensAI/Aiayer/.venv/lib/python3.13/site-packages/torch/utils/data/dataloader.py:683: UserWarning: 'pin_memory' argument is set as true but not supported on MPS now, then device pinned memory won't be used.
  warnings.warn(warn_msg)
/Users/segevbin/Desktop/SensAI/Aiayer/.venv/lib/python3.13/site-packages/torch/utils/data/dataloader.py:683: UserWarning: 'pin_memory' argument is set as true but not supported on MPS now, then device pinned memory won't be used.
  warnings.warn(warn_msg)
/Users/segevbin/Desktop/SensAI/Aiayer/.venv/lib/python3.13/site-packages/torch/utils/data/dataloader.py:683: UserWarning: 'pin_memory' argument is set as true but not supported on MPS now, then device pinned memory won't be used.
  warnings.warn(warn_msg)
/Users/segevbin/Desktop/SensAI/Aiayer/.venv/lib/python3.13/site-packages/torch/utils/data/dataloader.py:683: UserWarning: 'pin_memory' argument is set as true but not supported on MPS now, then device pinned memory won't be used.
  warnings.warn(warn_msg)
/Users/segevbin/Desktop/SensAI/Aiayer/.venv/lib/python3.13/site-packages/torch/utils/data/dataloader.py:683: UserWarning: 'pin_memory' argument is set as true but not supported on MPS now, then device pinned memory won't be used.
  warnings.warn(warn_msg)
/Users/segevbin/Desktop/SensAI/Aiayer/.venv/lib/python3.13/site-packages/torch/utils/data/dataloader.py:683: UserWarning: 'pin_memory' argument is set as true but not supported on MPS now, then device pinned memory won't be used.
  warnings.warn(warn_msg)
/Users/segevbin/Desktop/SensAI/Aiayer/.venv/lib/python3.13/site-packages/torch/utils/data/dataloader.py:683: UserWarning: 'pin_memory' argument is set as true but not supported on MPS now, then device pinned memory won't be used.
  warnings.warn(warn_msg)
/Users/segevbin/Desktop/SensAI/Aiayer/.venv/lib/python3.13/site-packages/torch/utils/data/dataloader.py:683: UserWarning: 'pin_memory' argument is set as true but not supported on MPS now, then device pinned memory won't be used.
  warnings.warn(warn_msg)
/Users/segevbin/Desktop/SensAI/Aiayer/.venv/lib/python3.13/site-packages/torch/utils/data/dataloader.py:683: UserWarning: 'pin_memory' argument is set as true but not supported on MPS now, then device pinned memory won't be used.
  warnings.warn(warn_msg)
/Users/segevbin/Desktop/SensAI/Aiayer/.venv/lib/python3.13/site-packages/torch/utils/data/dataloader.py:683: UserWarning: 'pin_memory' argument is set as true but not supported on MPS now, then device pinned memory won't be used.
  warnings.warn(warn_msg)
/Users/segevbin/Desktop/SensAI/Aiayer/.venv/lib/python3.13/site-packages/torch/utils/data/dataloader.py:683: UserWarning: 'pin_memory' argument is set as true but not supported on MPS now, then device pinned memory won't be used.
  warnings.warn(warn_msg)
/Users/segevbin/Desktop/SensAI/Aiayer/.venv/lib/python3.13/site-packages/torch/utils/data/dataloader.py:683: UserWarning: 'pin_memory' argument is set as true but not supported on MPS now, then device pinned memory won't be used.
  warnings.warn(warn_msg)
/Users/segevbin/Desktop/SensAI/Aiayer/.venv/lib/python3.13/site-packages/torch/utils/data/dataloader.py:683: UserWarning: 'pin_memory' argument is set as true but not supported on MPS now, then device pinned memory won't be used.
  warnings.warn(warn_msg)
/Users/segevbin/Desktop/SensAI/Aiayer/.venv/lib/python3.13/site-packages/torch/utils/data/dataloader.py:683: UserWarning: 'pin_memory' argument is set as true but not supported on MPS now, then device pinned memory won't be used.
  warnings.warn(warn_msg)
/Users/segevbin/Desktop/SensAI/Aiayer/.venv/lib/python3.13/site-packages/torch/utils/data/dataloader.py:683: UserWarning: 'pin_memory' argument is set as true but not supported on MPS now, then device pinned memory won't be used.
  warnings.warn(warn_msg)
/Users/segevbin/Desktop/SensAI/Aiayer/.venv/lib/python3.13/site-packages/torch/utils/data/dataloader.py:683: UserWarning: 'pin_memory' argument is set as true but not supported on MPS now, then device pinned memory won't be used.
  warnings.warn(warn_msg)
/Users/segevbin/Desktop/SensAI/Aiayer/.venv/lib/python3.13/site-packages/torch/utils/data/dataloader.py:683: UserWarning: 'pin_memory' argument is set as true but not supported on MPS now, then device pinned memory won't be used.
  warnings.warn(warn_msg)
/Users/segevbin/Desktop/SensAI/Aiayer/.venv/lib/python3.13/site-packages/torch/utils/data/dataloader.py:683: UserWarning: 'pin_memory' argument is set as true but not supported on MPS now, then device pinned memory won't be used.
  warnings.warn(warn_msg)
/Users/segevbin/Desktop/SensAI/Aiayer/.venv/lib/python3.13/site-packages/torch/utils/data/dataloader.py:683: UserWarning: 'pin_memory' argument is set as true but not supported on MPS now, then device pinned memory won't be used.
  warnings.warn(warn_msg)
/Users/segevbin/Desktop/SensAI/Aiayer/.venv/lib/python3.13/site-packages/torch/utils/data/dataloader.py:683: UserWarning: 'pin_memory' argument is set as true but not supported on MPS now, then device pinned memory won't be used.
  warnings.warn(warn_msg)
/Users/segevbin/Desktop/SensAI/Aiayer/.venv/lib/python3.13/site-packages/torch/utils/data/dataloader.py:683: UserWarning: 'pin_memory' argument is set as true but not supported on MPS now, then device pinned memory won't be used.
  warnings.warn(warn_msg)
/Users/segevbin/Desktop/SensAI/Aiayer/.venv/lib/python3.13/site-packages/torch/utils/data/dataloader.py:683: UserWarning: 'pin_memory' argument is set as true but not supported on MPS now, then device pinned memory won't be used.
  warnings.warn(warn_msg)
/Users/segevbin/Desktop/SensAI/Aiayer/.venv/lib/python3.13/site-packages/torch/utils/data/dataloader.py:683: UserWarning: 'pin_memory' argument is set as true but not supported on MPS now, then device pinned memory won't be used.
  warnings.warn(warn_msg)
/Users/segevbin/Desktop/SensAI/Aiayer/.venv/lib/python3.13/site-packages/torch/utils/data/dataloader.py:683: UserWarning: 'pin_memory' argument is set as true but not supported on MPS now, then device pinned memory won't be used.
  warnings.warn(warn_msg)
/Users/segevbin/Desktop/SensAI/Aiayer/.venv/lib/python3.13/site-packages/torch/utils/data/dataloader.py:683: UserWarning: 'pin_memory' argument is set as true but not supported on MPS now, then device pinned memory won't be used.
  warnings.warn(warn_msg)
/Users/segevbin/Desktop/SensAI/Aiayer/.venv/lib/python3.13/site-packages/torch/utils/data/dataloader.py:683: UserWarning: 'pin_memory' argument is set as true but not supported on MPS now, then device pinned memory won't be used.
  warnings.warn(warn_msg)
/Users/segevbin/Desktop/SensAI/Aiayer/.venv/lib/python3.13/site-packages/torch/utils/data/dataloader.py:683: UserWarning: 'pin_memory' argument is set as true but not supported on MPS now, then device pinned memory won't be used.
  warnings.warn(warn_msg)
/Users/segevbin/Desktop/SensAI/Aiayer/.venv/lib/python3.13/site-packages/torch/utils/data/dataloader.py:683: UserWarning: 'pin_memory' argument is set as true but not supported on MPS now, then device pinned memory won't be used.
  warnings.warn(warn_msg)
/Users/segevbin/Desktop/SensAI/Aiayer/.venv/lib/python3.13/site-packages/torch/utils/data/dataloader.py:683: UserWarning: 'pin_memory' argument is set as true but not supported on MPS now, then device pinned memory won't be used.
  warnings.warn(warn_msg)
/Users/segevbin/Desktop/SensAI/Aiayer/.venv/lib/python3.13/site-packages/torch/utils/data/dataloader.py:683: UserWarning: 'pin_memory' argument is set as true but not supported on MPS now, then device pinned memory won't be used.
  warnings.warn(warn_msg)
/Users/segevbin/Desktop/SensAI/Aiayer/.venv/lib/python3.13/site-packages/torch/utils/data/dataloader.py:683: UserWarning: 'pin_memory' argument is set as true but not supported on MPS now, then device pinned memory won't be used.
  warnings.warn(warn_msg)
/Users/segevbin/Desktop/SensAI/Aiayer/.venv/lib/python3.13/site-packages/torch/utils/data/dataloader.py:683: UserWarning: 'pin_memory' argument is set as true but not supported on MPS now, then device pinned memory won't be used.
  warnings.warn(warn_msg)
/Users/segevbin/Desktop/SensAI/Aiayer/.venv/lib/python3.13/site-packages/torch/utils/data/dataloader.py:683: UserWarning: 'pin_memory' argument is set as true but not supported on MPS now, then device pinned memory won't be used.
  warnings.warn(warn_msg)
/Users/segevbin/Desktop/SensAI/Aiayer/.venv/lib/python3.13/site-packages/torch/utils/data/dataloader.py:683: UserWarning: 'pin_memory' argument is set as true but not supported on MPS now, then device pinned memory won't be used.
  warnings.warn(warn_msg)
/Users/segevbin/Desktop/SensAI/Aiayer/.venv/lib/python3.13/site-packages/torch/utils/data/dataloader.py:683: UserWarning: 'pin_memory' argument is set as true but not supported on MPS now, then device pinned memory won't be used.
  warnings.warn(warn_msg)
/Users/segevbin/Desktop/SensAI/Aiayer/.venv/lib/python3.13/site-packages/torch/utils/data/dataloader.py:683: UserWarning: 'pin_memory' argument is set as true but not supported on MPS now, then device pinned memory won't be used.
  warnings.warn(warn_msg)
/Users/segevbin/Desktop/SensAI/Aiayer/.venv/lib/python3.13/site-packages/torch/utils/data/dataloader.py:683: UserWarning: 'pin_memory' argument is set as true but not supported on MPS now, then device pinned memory won't be used.
  warnings.warn(warn_msg)
/Users/segevbin/Desktop/SensAI/Aiayer/.venv/lib/python3.13/site-packages/torch/utils/data/dataloader.py:683: UserWarning: 'pin_memory' argument is set as true but not supported on MPS now, then device pinned memory won't be used.
  warnings.warn(warn_msg)
/Users/segevbin/Desktop/SensAI/Aiayer/.venv/lib/python3.13/site-packages/torch/utils/data/dataloader.py:683: UserWarning: 'pin_memory' argument is set as true but not supported on MPS now, then device pinned memory won't be used.
  warnings.warn(warn_msg)
/Users/segevbin/Desktop/SensAI/Aiayer/.venv/lib/python3.13/site-packages/torch/utils/data/dataloader.py:683: UserWarning: 'pin_memory' argument is set as true but not supported on MPS now, then device pinned memory won't be used.
  warnings.warn(warn_msg)
/Users/segevbin/Desktop/SensAI/Aiayer/.venv/lib/python3.13/site-packages/torch/utils/data/dataloader.py:683: UserWarning: 'pin_memory' argument is set as true but not supported on MPS now, then device pinned memory won't be used.
  warnings.warn(warn_msg)
/Users/segevbin/Desktop/SensAI/Aiayer/.venv/lib/python3.13/site-packages/torch/utils/data/dataloader.py:683: UserWarning: 'pin_memory' argument is set as true but not supported on MPS now, then device pinned memory won't be used.
  warnings.warn(warn_msg)
/Users/segevbin/Desktop/SensAI/Aiayer/.venv/lib/python3.13/site-packages/torch/utils/data/dataloader.py:683: UserWarning: 'pin_memory' argument is set as true but not supported on MPS now, then device pinned memory won't be used.
  warnings.warn(warn_msg)
/Users/segevbin/Desktop/SensAI/Aiayer/.venv/lib/python3.13/site-packages/torch/utils/data/dataloader.py:683: UserWarning: 'pin_memory' argument is set as true but not supported on MPS now, then device pinned memory won't be used.
  warnings.warn(warn_msg)
/Users/segevbin/Desktop/SensAI/Aiayer/.venv/lib/python3.13/site-packages/torch/utils/data/dataloader.py:683: UserWarning: 'pin_memory' argument is set as true but not supported on MPS now, then device pinned memory won't be used.
  warnings.warn(warn_msg)
/Users/segevbin/Desktop/SensAI/Aiayer/.venv/lib/python3.13/site-packages/torch/utils/data/dataloader.py:683: UserWarning: 'pin_memory' argument is set as true but not supported on MPS now, then device pinned memory won't be used.
  warnings.warn(warn_msg)
/Users/segevbin/Desktop/SensAI/Aiayer/.venv/lib/python3.13/site-packages/torch/utils/data/dataloader.py:683: UserWarning: 'pin_memory' argument is set as true but not supported on MPS now, then device pinned memory won't be used.
  warnings.warn(warn_msg)
/Users/segevbin/Desktop/SensAI/Aiayer/.venv/lib/python3.13/site-packages/torch/utils/data/dataloader.py:683: UserWarning: 'pin_memory' argument is set as true but not supported on MPS now, then device pinned memory won't be used.
  warnings.warn(warn_msg)
/Users/segevbin/Desktop/SensAI/Aiayer/.venv/lib/python3.13/site-packages/torch/utils/data/dataloader.py:683: UserWarning: 'pin_memory' argument is set as true but not supported on MPS now, then device pinned memory won't be used.
  warnings.warn(warn_msg)
/Users/segevbin/Desktop/SensAI/Aiayer/.venv/lib/python3.13/site-packages/torch/utils/data/dataloader.py:683: UserWarning: 'pin_memory' argument is set as true but not supported on MPS now, then device pinned memory won't be used.
  warnings.warn(warn_msg)
/Users/segevbin/Desktop/SensAI/Aiayer/.venv/lib/python3.13/site-packages/torch/utils/data/dataloader.py:683: UserWarning: 'pin_memory' argument is set as true but not supported on MPS now, then device pinned memory won't be used.
  warnings.warn(warn_msg)
/Users/segevbin/Desktop/SensAI/Aiayer/.venv/lib/python3.13/site-packages/torch/utils/data/dataloader.py:683: UserWarning: 'pin_memory' argument is set as true but not supported on MPS now, then device pinned memory won't be used.
  warnings.warn(warn_msg)
/Users/segevbin/Desktop/SensAI/Aiayer/.venv/lib/python3.13/site-packages/torch/utils/data/dataloader.py:683: UserWarning: 'pin_memory' argument is set as true but not supported on MPS now, then device pinned memory won't be used.
  warnings.warn(warn_msg)
/Users/segevbin/Desktop/SensAI/Aiayer/.venv/lib/python3.13/site-packages/torch/utils/data/dataloader.py:683: UserWarning: 'pin_memory' argument is set as true but not supported on MPS now, then device pinned memory won't be used.
  warnings.warn(warn_msg)
/Users/segevbin/Desktop/SensAI/Aiayer/.venv/lib/python3.13/site-packages/torch/utils/data/dataloader.py:683: UserWarning: 'pin_memory' argument is set as true but not supported on MPS now, then device pinned memory won't be used.
  warnings.warn(warn_msg)
/Users/segevbin/Desktop/SensAI/Aiayer/.venv/lib/python3.13/site-packages/torch/utils/data/dataloader.py:683: UserWarning: 'pin_memory' argument is set as true but not supported on MPS now, then device pinned memory won't be used.
  warnings.warn(warn_msg)
/Users/segevbin/Desktop/SensAI/Aiayer/.venv/lib/python3.13/site-packages/torch/utils/data/dataloader.py:683: UserWarning: 'pin_memory' argument is set as true but not supported on MPS now, then device pinned memory won't be used.
  warnings.warn(warn_msg)
/Users/segevbin/Desktop/SensAI/Aiayer/.venv/lib/python3.13/site-packages/torch/utils/data/dataloader.py:683: UserWarning: 'pin_memory' argument is set as true but not supported on MPS now, then device pinned memory won't be used.
  warnings.warn(warn_msg)
/Users/segevbin/Desktop/SensAI/Aiayer/.venv/lib/python3.13/site-packages/torch/utils/data/dataloader.py:683: UserWarning: 'pin_memory' argument is set as true but not supported on MPS now, then device pinned memory won't be used.
  warnings.warn(warn_msg)
/Users/segevbin/Desktop/SensAI/Aiayer/.venv/lib/python3.13/site-packages/torch/utils/data/dataloader.py:683: UserWarning: 'pin_memory' argument is set as true but not supported on MPS now, then device pinned memory won't be used.
  warnings.warn(warn_msg)
/Users/segevbin/Desktop/SensAI/Aiayer/.venv/lib/python3.13/site-packages/torch/utils/data/dataloader.py:683: UserWarning: 'pin_memory' argument is set as true but not supported on MPS now, then device pinned memory won't be used.
  warnings.warn(warn_msg)
/Users/segevbin/Desktop/SensAI/Aiayer/.venv/lib/python3.13/site-packages/torch/utils/data/dataloader.py:683: UserWarning: 'pin_memory' argument is set as true but not supported on MPS now, then device pinned memory won't be used.
  warnings.warn(warn_msg)
/Users/segevbin/Desktop/SensAI/Aiayer/.venv/lib/python3.13/site-packages/torch/utils/data/dataloader.py:683: UserWarning: 'pin_memory' argument is set as true but not supported on MPS now, then device pinned memory won't be used.
  warnings.warn(warn_msg)
/Users/segevbin/Desktop/SensAI/Aiayer/.venv/lib/python3.13/site-packages/torch/utils/data/dataloader.py:683: UserWarning: 'pin_memory' argument is set as true but not supported on MPS now, then device pinned memory won't be used.
  warnings.warn(warn_msg)
/Users/segevbin/Desktop/SensAI/Aiayer/.venv/lib/python3.13/site-packages/torch/utils/data/dataloader.py:683: UserWarning: 'pin_memory' argument is set as true but not supported on MPS now, then device pinned memory won't be used.
  warnings.warn(warn_msg)
/Users/segevbin/Desktop/SensAI/Aiayer/.venv/lib/python3.13/site-packages/torch/utils/data/dataloader.py:683: UserWarning: 'pin_memory' argument is set as true but not supported on MPS now, then device pinned memory won't be used.
  warnings.warn(warn_msg)
/Users/segevbin/Desktop/SensAI/Aiayer/.venv/lib/python3.13/site-packages/torch/utils/data/dataloader.py:683: UserWarning: 'pin_memory' argument is set as true but not supported on MPS now, then device pinned memory won't be used.
  warnings.warn(warn_msg)
/Users/segevbin/Desktop/SensAI/Aiayer/.venv/lib/python3.13/site-packages/torch/utils/data/dataloader.py:683: UserWarning: 'pin_memory' argument is set as true but not supported on MPS now, then device pinned memory won't be used.
  warnings.warn(warn_msg)
/Users/segevbin/Desktop/SensAI/Aiayer/.venv/lib/python3.13/site-packages/torch/utils/data/dataloader.py:683: UserWarning: 'pin_memory' argument is set as true but not supported on MPS now, then device pinned memory won't be used.
  warnings.warn(warn_msg)
/Users/segevbin/Desktop/SensAI/Aiayer/.venv/lib/python3.13/site-packages/torch/utils/data/dataloader.py:683: UserWarning: 'pin_memory' argument is set as true but not supported on MPS now, then device pinned memory won't be used.
  warnings.warn(warn_msg)
/Users/segevbin/Desktop/SensAI/Aiayer/.venv/lib/python3.13/site-packages/torch/utils/data/dataloader.py:683: UserWarning: 'pin_memory' argument is set as true but not supported on MPS now, then device pinned memory won't be used.
  warnings.warn(warn_msg)
/Users/segevbin/Desktop/SensAI/Aiayer/.venv/lib/python3.13/site-packages/torch/utils/data/dataloader.py:683: UserWarning: 'pin_memory' argument is set as true but not supported on MPS now, then device pinned memory won't be used.
  warnings.warn(warn_msg)
/Users/segevbin/Desktop/SensAI/Aiayer/.venv/lib/python3.13/site-packages/torch/utils/data/dataloader.py:683: UserWarning: 'pin_memory' argument is set as true but not supported on MPS now, then device pinned memory won't be used.
  warnings.warn(warn_msg)
/Users/segevbin/Desktop/SensAI/Aiayer/.venv/lib/python3.13/site-packages/torch/utils/data/dataloader.py:683: UserWarning: 'pin_memory' argument is set as true but not supported on MPS now, then device pinned memory won't be used.
  warnings.warn(warn_msg)
/Users/segevbin/Desktop/SensAI/Aiayer/.venv/lib/python3.13/site-packages/torch/utils/data/dataloader.py:683: UserWarning: 'pin_memory' argument is set as true but not supported on MPS now, then device pinned memory won't be used.
  warnings.warn(warn_msg)
/Users/segevbin/Desktop/SensAI/Aiayer/.venv/lib/python3.13/site-packages/torch/utils/data/dataloader.py:683: UserWarning: 'pin_memory' argument is set as true but not supported on MPS now, then device pinned memory won't be used.
  warnings.warn(warn_msg)
/Users/segevbin/Desktop/SensAI/Aiayer/.venv/lib/python3.13/site-packages/torch/utils/data/dataloader.py:683: UserWarning: 'pin_memory' argument is set as true but not supported on MPS now, then device pinned memory won't be used.
  warnings.warn(warn_msg)
/Users/segevbin/Desktop/SensAI/Aiayer/.venv/lib/python3.13/site-packages/torch/utils/data/dataloader.py:683: UserWarning: 'pin_memory' argument is set as true but not supported on MPS now, then device pinned memory won't be used.
  warnings.warn(warn_msg)
/Users/segevbin/Desktop/SensAI/Aiayer/.venv/lib/python3.13/site-packages/torch/utils/data/dataloader.py:683: UserWarning: 'pin_memory' argument is set as true but not supported on MPS now, then device pinned memory won't be used.
  warnings.warn(warn_msg)
/Users/segevbin/Desktop/SensAI/Aiayer/.venv/lib/python3.13/site-packages/torch/utils/data/dataloader.py:683: UserWarning: 'pin_memory' argument is set as true but not supported on MPS now, then device pinned memory won't be used.
  warnings.warn(warn_msg)
/Users/segevbin/Desktop/SensAI/Aiayer/.venv/lib/python3.13/site-packages/torch/utils/data/dataloader.py:683: UserWarning: 'pin_memory' argument is set as true but not supported on MPS now, then device pinned memory won't be used.
  warnings.warn(warn_msg)
/Users/segevbin/Desktop/SensAI/Aiayer/.venv/lib/python3.13/site-packages/torch/utils/data/dataloader.py:683: UserWarning: 'pin_memory' argument is set as true but not supported on MPS now, then device pinned memory won't be used.
  warnings.warn(warn_msg)
/Users/segevbin/Desktop/SensAI/Aiayer/.venv/lib/python3.13/site-packages/torch/utils/data/dataloader.py:683: UserWarning: 'pin_memory' argument is set as true but not supported on MPS now, then device pinned memory won't be used.
  warnings.warn(warn_msg)
/Users/segevbin/Desktop/SensAI/Aiayer/.venv/lib/python3.13/site-packages/torch/utils/data/dataloader.py:683: UserWarning: 'pin_memory' argument is set as true but not supported on MPS now, then device pinned memory won't be used.
  warnings.warn(warn_msg)
/Users/segevbin/Desktop/SensAI/Aiayer/.venv/lib/python3.13/site-packages/torch/utils/data/dataloader.py:683: UserWarning: 'pin_memory' argument is set as true but not supported on MPS now, then device pinned memory won't be used.
  warnings.warn(warn_msg)
/Users/segevbin/Desktop/SensAI/Aiayer/.venv/lib/python3.13/site-packages/torch/utils/data/dataloader.py:683: UserWarning: 'pin_memory' argument is set as true but not supported on MPS now, then device pinned memory won't be used.
  warnings.warn(warn_msg)
/Users/segevbin/Desktop/SensAI/Aiayer/.venv/lib/python3.13/site-packages/torch/utils/data/dataloader.py:683: UserWarning: 'pin_memory' argument is set as true but not supported on MPS now, then device pinned memory won't be used.
  warnings.warn(warn_msg)
/Users/segevbin/Desktop/SensAI/Aiayer/.venv/lib/python3.13/site-packages/torch/utils/data/dataloader.py:683: UserWarning: 'pin_memory' argument is set as true but not supported on MPS now, then device pinned memory won't be used.
  warnings.warn(warn_msg)
/Users/segevbin/Desktop/SensAI/Aiayer/.venv/lib/python3.13/site-packages/torch/utils/data/dataloader.py:683: UserWarning: 'pin_memory' argument is set as true but not supported on MPS now, then device pinned memory won't be used.
  warnings.warn(warn_msg)
/Users/segevbin/Desktop/SensAI/Aiayer/.venv/lib/python3.13/site-packages/torch/utils/data/dataloader.py:683: UserWarning: 'pin_memory' argument is set as true but not supported on MPS now, then device pinned memory won't be used.
  warnings.warn(warn_msg)
/Users/segevbin/Desktop/SensAI/Aiayer/.venv/lib/python3.13/site-packages/torch/utils/data/dataloader.py:683: UserWarning: 'pin_memory' argument is set as true but not supported on MPS now, then device pinned memory won't be used.
  warnings.warn(warn_msg)
/Users/segevbin/Desktop/SensAI/Aiayer/.venv/lib/python3.13/site-packages/torch/utils/data/dataloader.py:683: UserWarning: 'pin_memory' argument is set as true but not supported on MPS now, then device pinned memory won't be used.
  warnings.warn(warn_msg)
/Users/segevbin/Desktop/SensAI/Aiayer/.venv/lib/python3.13/site-packages/torch/utils/data/dataloader.py:683: UserWarning: 'pin_memory' argument is set as true but not supported on MPS now, then device pinned memory won't be used.
  warnings.warn(warn_msg)
/Users/segevbin/Desktop/SensAI/Aiayer/.venv/lib/python3.13/site-packages/torch/utils/data/dataloader.py:683: UserWarning: 'pin_memory' argument is set as true but not supported on MPS now, then device pinned memory won't be used.
  warnings.warn(warn_msg)
/Users/segevbin/Desktop/SensAI/Aiayer/.venv/lib/python3.13/site-packages/torch/utils/data/dataloader.py:683: UserWarning: 'pin_memory' argument is set as true but not supported on MPS now, then device pinned memory won't be used.
  warnings.warn(warn_msg)
/Users/segevbin/Desktop/SensAI/Aiayer/.venv/lib/python3.13/site-packages/torch/utils/data/dataloader.py:683: UserWarning: 'pin_memory' argument is set as true but not supported on MPS now, then device pinned memory won't be used.
  warnings.warn(warn_msg)
/Users/segevbin/Desktop/SensAI/Aiayer/.venv/lib/python3.13/site-packages/torch/utils/data/dataloader.py:683: UserWarning: 'pin_memory' argument is set as true but not supported on MPS now, then device pinned memory won't be used.
  warnings.warn(warn_msg)
/Users/segevbin/Desktop/SensAI/Aiayer/.venv/lib/python3.13/site-packages/torch/utils/data/dataloader.py:683: UserWarning: 'pin_memory' argument is set as true but not supported on MPS now, then device pinned memory won't be used.
  warnings.warn(warn_msg)
/Users/segevbin/Desktop/SensAI/Aiayer/.venv/lib/python3.13/site-packages/torch/utils/data/dataloader.py:683: UserWarning: 'pin_memory' argument is set as true but not supported on MPS now, then device pinned memory won't be used.
  warnings.warn(warn_msg)
/Users/segevbin/Desktop/SensAI/Aiayer/.venv/lib/python3.13/site-packages/torch/utils/data/dataloader.py:683: UserWarning: 'pin_memory' argument is set as true but not supported on MPS now, then device pinned memory won't be used.
  warnings.warn(warn_msg)
/Users/segevbin/Desktop/SensAI/Aiayer/.venv/lib/python3.13/site-packages/torch/utils/data/dataloader.py:683: UserWarning: 'pin_memory' argument is set as true but not supported on MPS now, then device pinned memory won't be used.
  warnings.warn(warn_msg)
/Users/segevbin/Desktop/SensAI/Aiayer/.venv/lib/python3.13/site-packages/torch/utils/data/dataloader.py:683: UserWarning: 'pin_memory' argument is set as true but not supported on MPS now, then device pinned memory won't be used.
  warnings.warn(warn_msg)
/Users/segevbin/Desktop/SensAI/Aiayer/.venv/lib/python3.13/site-packages/torch/utils/data/dataloader.py:683: UserWarning: 'pin_memory' argument is set as true but not supported on MPS now, then device pinned memory won't be used.
  warnings.warn(warn_msg)
/Users/segevbin/Desktop/SensAI/Aiayer/.venv/lib/python3.13/site-packages/torch/utils/data/dataloader.py:683: UserWarning: 'pin_memory' argument is set as true but not supported on MPS now, then device pinned memory won't be used.
  warnings.warn(warn_msg)
/Users/segevbin/Desktop/SensAI/Aiayer/.venv/lib/python3.13/site-packages/torch/utils/data/dataloader.py:683: UserWarning: 'pin_memory' argument is set as true but not supported on MPS now, then device pinned memory won't be used.
  warnings.warn(warn_msg)
/Users/segevbin/Desktop/SensAI/Aiayer/.venv/lib/python3.13/site-packages/torch/utils/data/dataloader.py:683: UserWarning: 'pin_memory' argument is set as true but not supported on MPS now, then device pinned memory won't be used.
  warnings.warn(warn_msg)
/Users/segevbin/Desktop/SensAI/Aiayer/.venv/lib/python3.13/site-packages/torch/utils/data/dataloader.py:683: UserWarning: 'pin_memory' argument is set as true but not supported on MPS now, then device pinned memory won't be used.
  warnings.warn(warn_msg)
/Users/segevbin/Desktop/SensAI/Aiayer/.venv/lib/python3.13/site-packages/torch/utils/data/dataloader.py:683: UserWarning: 'pin_memory' argument is set as true but not supported on MPS now, then device pinned memory won't be used.
  warnings.warn(warn_msg)
/Users/segevbin/Desktop/SensAI/Aiayer/.venv/lib/python3.13/site-packages/torch/utils/data/dataloader.py:683: UserWarning: 'pin_memory' argument is set as true but not supported on MPS now, then device pinned memory won't be used.
  warnings.warn(warn_msg)
/Users/segevbin/Desktop/SensAI/Aiayer/.venv/lib/python3.13/site-packages/torch/utils/data/dataloader.py:683: UserWarning: 'pin_memory' argument is set as true but not supported on MPS now, then device pinned memory won't be used.
  warnings.warn(warn_msg)
/Users/segevbin/Desktop/SensAI/Aiayer/.venv/lib/python3.13/site-packages/torch/utils/data/dataloader.py:683: UserWarning: 'pin_memory' argument is set as true but not supported on MPS now, then device pinned memory won't be used.
  warnings.warn(warn_msg)
/Users/segevbin/Desktop/SensAI/Aiayer/.venv/lib/python3.13/site-packages/torch/utils/data/dataloader.py:683: UserWarning: 'pin_memory' argument is set as true but not supported on MPS now, then device pinned memory won't be used.
  warnings.warn(warn_msg)
/Users/segevbin/Desktop/SensAI/Aiayer/.venv/lib/python3.13/site-packages/torch/utils/data/dataloader.py:683: UserWarning: 'pin_memory' argument is set as true but not supported on MPS now, then device pinned memory won't be used.
  warnings.warn(warn_msg)
/Users/segevbin/Desktop/SensAI/Aiayer/.venv/lib/python3.13/site-packages/torch/utils/data/dataloader.py:683: UserWarning: 'pin_memory' argument is set as true but not supported on MPS now, then device pinned memory won't be used.
  warnings.warn(warn_msg)
/Users/segevbin/Desktop/SensAI/Aiayer/.venv/lib/python3.13/site-packages/torch/utils/data/dataloader.py:683: UserWarning: 'pin_memory' argument is set as true but not supported on MPS now, then device pinned memory won't be used.
  warnings.warn(warn_msg)
/Users/segevbin/Desktop/SensAI/Aiayer/.venv/lib/python3.13/site-packages/torch/utils/data/dataloader.py:683: UserWarning: 'pin_memory' argument is set as true but not supported on MPS now, then device pinned memory won't be used.
  warnings.warn(warn_msg)
/Users/segevbin/Desktop/SensAI/Aiayer/.venv/lib/python3.13/site-packages/torch/utils/data/dataloader.py:683: UserWarning: 'pin_memory' argument is set as true but not supported on MPS now, then device pinned memory won't be used.
  warnings.warn(warn_msg)
/Users/segevbin/Desktop/SensAI/Aiayer/.venv/lib/python3.13/site-packages/torch/utils/data/dataloader.py:683: UserWarning: 'pin_memory' argument is set as true but not supported on MPS now, then device pinned memory won't be used.
  warnings.warn(warn_msg)
/Users/segevbin/Desktop/SensAI/Aiayer/.venv/lib/python3.13/site-packages/torch/utils/data/dataloader.py:683: UserWarning: 'pin_memory' argument is set as true but not supported on MPS now, then device pinned memory won't be used.
  warnings.warn(warn_msg)
/Users/segevbin/Desktop/SensAI/Aiayer/.venv/lib/python3.13/site-packages/torch/utils/data/dataloader.py:683: UserWarning: 'pin_memory' argument is set as true but not supported on MPS now, then device pinned memory won't be used.
  warnings.warn(warn_msg)
/Users/segevbin/Desktop/SensAI/Aiayer/.venv/lib/python3.13/site-packages/torch/utils/data/dataloader.py:683: UserWarning: 'pin_memory' argument is set as true but not supported on MPS now, then device pinned memory won't be used.
  warnings.warn(warn_msg)
/Users/segevbin/Desktop/SensAI/Aiayer/.venv/lib/python3.13/site-packages/torch/utils/data/dataloader.py:683: UserWarning: 'pin_memory' argument is set as true but not supported on MPS now, then device pinned memory won't be used.
  warnings.warn(warn_msg)
/Users/segevbin/Desktop/SensAI/Aiayer/.venv/lib/python3.13/site-packages/torch/utils/data/dataloader.py:683: UserWarning: 'pin_memory' argument is set as true but not supported on MPS now, then device pinned memory won't be used.
  warnings.warn(warn_msg)
/Users/segevbin/Desktop/SensAI/Aiayer/.venv/lib/python3.13/site-packages/torch/utils/data/dataloader.py:683: UserWarning: 'pin_memory' argument is set as true but not supported on MPS now, then device pinned memory won't be used.
  warnings.warn(warn_msg)
/Users/segevbin/Desktop/SensAI/Aiayer/.venv/lib/python3.13/site-packages/torch/utils/data/dataloader.py:683: UserWarning: 'pin_memory' argument is set as true but not supported on MPS now, then device pinned memory won't be used.
  warnings.warn(warn_msg)
/Users/segevbin/Desktop/SensAI/Aiayer/.venv/lib/python3.13/site-packages/torch/utils/data/dataloader.py:683: UserWarning: 'pin_memory' argument is set as true but not supported on MPS now, then device pinned memory won't be used.
  warnings.warn(warn_msg)
/Users/segevbin/Desktop/SensAI/Aiayer/.venv/lib/python3.13/site-packages/torch/utils/data/dataloader.py:683: UserWarning: 'pin_memory' argument is set as true but not supported on MPS now, then device pinned memory won't be used.
  warnings.warn(warn_msg)
/Users/segevbin/Desktop/SensAI/Aiayer/.venv/lib/python3.13/site-packages/torch/utils/data/dataloader.py:683: UserWarning: 'pin_memory' argument is set as true but not supported on MPS now, then device pinned memory won't be used.
  warnings.warn(warn_msg)
/Users/segevbin/Desktop/SensAI/Aiayer/.venv/lib/python3.13/site-packages/torch/utils/data/dataloader.py:683: UserWarning: 'pin_memory' argument is set as true but not supported on MPS now, then device pinned memory won't be used.
  warnings.warn(warn_msg)
/Users/segevbin/Desktop/SensAI/Aiayer/.venv/lib/python3.13/site-packages/torch/utils/data/dataloader.py:683: UserWarning: 'pin_memory' argument is set as true but not supported on MPS now, then device pinned memory won't be used.
  warnings.warn(warn_msg)
/Users/segevbin/Desktop/SensAI/Aiayer/.venv/lib/python3.13/site-packages/torch/utils/data/dataloader.py:683: UserWarning: 'pin_memory' argument is set as true but not supported on MPS now, then device pinned memory won't be used.
  warnings.warn(warn_msg)
/Users/segevbin/Desktop/SensAI/Aiayer/.venv/lib/python3.13/site-packages/torch/utils/data/dataloader.py:683: UserWarning: 'pin_memory' argument is set as true but not supported on MPS now, then device pinned memory won't be used.
  warnings.warn(warn_msg)
/Users/segevbin/Desktop/SensAI/Aiayer/.venv/lib/python3.13/site-packages/torch/utils/data/dataloader.py:683: UserWarning: 'pin_memory' argument is set as true but not supported on MPS now, then device pinned memory won't be used.
  warnings.warn(warn_msg)
/Users/segevbin/Desktop/SensAI/Aiayer/.venv/lib/python3.13/site-packages/torch/utils/data/dataloader.py:683: UserWarning: 'pin_memory' argument is set as true but not supported on MPS now, then device pinned memory won't be used.
  warnings.warn(warn_msg)
/Users/segevbin/Desktop/SensAI/Aiayer/.venv/lib/python3.13/site-packages/torch/utils/data/dataloader.py:683: UserWarning: 'pin_memory' argument is set as true but not supported on MPS now, then device pinned memory won't be used.
  warnings.warn(warn_msg)
/Users/segevbin/Desktop/SensAI/Aiayer/.venv/lib/python3.13/site-packages/torch/utils/data/dataloader.py:683: UserWarning: 'pin_memory' argument is set as true but not supported on MPS now, then device pinned memory won't be used.
  warnings.warn(warn_msg)
/Users/segevbin/Desktop/SensAI/Aiayer/.venv/lib/python3.13/site-packages/torch/utils/data/dataloader.py:683: UserWarning: 'pin_memory' argument is set as true but not supported on MPS now, then device pinned memory won't be used.
  warnings.warn(warn_msg)
/Users/segevbin/Desktop/SensAI/Aiayer/.venv/lib/python3.13/site-packages/torch/utils/data/dataloader.py:683: UserWarning: 'pin_memory' argument is set as true but not supported on MPS now, then device pinned memory won't be used.
  warnings.warn(warn_msg)
/Users/segevbin/Desktop/SensAI/Aiayer/.venv/lib/python3.13/site-packages/torch/utils/data/dataloader.py:683: UserWarning: 'pin_memory' argument is set as true but not supported on MPS now, then device pinned memory won't be used.
  warnings.warn(warn_msg)
/Users/segevbin/Desktop/SensAI/Aiayer/.venv/lib/python3.13/site-packages/torch/utils/data/dataloader.py:683: UserWarning: 'pin_memory' argument is set as true but not supported on MPS now, then device pinned memory won't be used.
  warnings.warn(warn_msg)
/Users/segevbin/Desktop/SensAI/Aiayer/.venv/lib/python3.13/site-packages/torch/utils/data/dataloader.py:683: UserWarning: 'pin_memory' argument is set as true but not supported on MPS now, then device pinned memory won't be used.
  warnings.warn(warn_msg)
/Users/segevbin/Desktop/SensAI/Aiayer/.venv/lib/python3.13/site-packages/torch/utils/data/dataloader.py:683: UserWarning: 'pin_memory' argument is set as true but not supported on MPS now, then device pinned memory won't be used.
  warnings.warn(warn_msg)
/Users/segevbin/Desktop/SensAI/Aiayer/.venv/lib/python3.13/site-packages/torch/utils/data/dataloader.py:683: UserWarning: 'pin_memory' argument is set as true but not supported on MPS now, then device pinned memory won't be used.
  warnings.warn(warn_msg)
/Users/segevbin/Desktop/SensAI/Aiayer/.venv/lib/python3.13/site-packages/torch/utils/data/dataloader.py:683: UserWarning: 'pin_memory' argument is set as true but not supported on MPS now, then device pinned memory won't be used.
  warnings.warn(warn_msg)
/Users/segevbin/Desktop/SensAI/Aiayer/.venv/lib/python3.13/site-packages/torch/utils/data/dataloader.py:683: UserWarning: 'pin_memory' argument is set as true but not supported on MPS now, then device pinned memory won't be used.
  warnings.warn(warn_msg)
/Users/segevbin/Desktop/SensAI/Aiayer/.venv/lib/python3.13/site-packages/torch/utils/data/dataloader.py:683: UserWarning: 'pin_memory' argument is set as true but not supported on MPS now, then device pinned memory won't be used.
  warnings.warn(warn_msg)
/Users/segevbin/Desktop/SensAI/Aiayer/.venv/lib/python3.13/site-packages/torch/utils/data/dataloader.py:683: UserWarning: 'pin_memory' argument is set as true but not supported on MPS now, then device pinned memory won't be used.
  warnings.warn(warn_msg)
/Users/segevbin/Desktop/SensAI/Aiayer/.venv/lib/python3.13/site-packages/torch/utils/data/dataloader.py:683: UserWarning: 'pin_memory' argument is set as true but not supported on MPS now, then device pinned memory won't be used.
  warnings.warn(warn_msg)
/Users/segevbin/Desktop/SensAI/Aiayer/.venv/lib/python3.13/site-packages/torch/utils/data/dataloader.py:683: UserWarning: 'pin_memory' argument is set as true but not supported on MPS now, then device pinned memory won't be used.
  warnings.warn(warn_msg)
/Users/segevbin/Desktop/SensAI/Aiayer/.venv/lib/python3.13/site-packages/torch/utils/data/dataloader.py:683: UserWarning: 'pin_memory' argument is set as true but not supported on MPS now, then device pinned memory won't be used.
  warnings.warn(warn_msg)
/Users/segevbin/Desktop/SensAI/Aiayer/.venv/lib/python3.13/site-packages/torch/utils/data/dataloader.py:683: UserWarning: 'pin_memory' argument is set as true but not supported on MPS now, then device pinned memory won't be used.
  warnings.warn(warn_msg)
/Users/segevbin/Desktop/SensAI/Aiayer/.venv/lib/python3.13/site-packages/torch/utils/data/dataloader.py:683: UserWarning: 'pin_memory' argument is set as true but not supported on MPS now, then device pinned memory won't be used.
  warnings.warn(warn_msg)
/Users/segevbin/Desktop/SensAI/Aiayer/.venv/lib/python3.13/site-packages/torch/utils/data/dataloader.py:683: UserWarning: 'pin_memory' argument is set as true but not supported on MPS now, then device pinned memory won't be used.
  warnings.warn(warn_msg)
/Users/segevbin/Desktop/SensAI/Aiayer/.venv/lib/python3.13/site-packages/torch/utils/data/dataloader.py:683: UserWarning: 'pin_memory' argument is set as true but not supported on MPS now, then device pinned memory won't be used.
  warnings.warn(warn_msg)
/Users/segevbin/Desktop/SensAI/Aiayer/.venv/lib/python3.13/site-packages/torch/utils/data/dataloader.py:683: UserWarning: 'pin_memory' argument is set as true but not supported on MPS now, then device pinned memory won't be used.
  warnings.warn(warn_msg)
/Users/segevbin/Desktop/SensAI/Aiayer/.venv/lib/python3.13/site-packages/torch/utils/data/dataloader.py:683: UserWarning: 'pin_memory' argument is set as true but not supported on MPS now, then device pinned memory won't be used.
  warnings.warn(warn_msg)
/Users/segevbin/Desktop/SensAI/Aiayer/.venv/lib/python3.13/site-packages/torch/utils/data/dataloader.py:683: UserWarning: 'pin_memory' argument is set as true but not supported on MPS now, then device pinned memory won't be used.
  warnings.warn(warn_msg)
/Users/segevbin/Desktop/SensAI/Aiayer/.venv/lib/python3.13/site-packages/torch/utils/data/dataloader.py:683: UserWarning: 'pin_memory' argument is set as true but not supported on MPS now, then device pinned memory won't be used.
  warnings.warn(warn_msg)
/Users/segevbin/Desktop/SensAI/Aiayer/.venv/lib/python3.13/site-packages/torch/utils/data/dataloader.py:683: UserWarning: 'pin_memory' argument is set as true but not supported on MPS now, then device pinned memory won't be used.
  warnings.warn(warn_msg)
/Users/segevbin/Desktop/SensAI/Aiayer/.venv/lib/python3.13/site-packages/torch/utils/data/dataloader.py:683: UserWarning: 'pin_memory' argument is set as true but not supported on MPS now, then device pinned memory won't be used.
  warnings.warn(warn_msg)
/Users/segevbin/Desktop/SensAI/Aiayer/.venv/lib/python3.13/site-packages/torch/utils/data/dataloader.py:683: UserWarning: 'pin_memory' argument is set as true but not supported on MPS now, then device pinned memory won't be used.
  warnings.warn(warn_msg)
/Users/segevbin/Desktop/SensAI/Aiayer/.venv/lib/python3.13/site-packages/torch/utils/data/dataloader.py:683: UserWarning: 'pin_memory' argument is set as true but not supported on MPS now, then device pinned memory won't be used.
  warnings.warn(warn_msg)
/Users/segevbin/Desktop/SensAI/Aiayer/.venv/lib/python3.13/site-packages/torch/utils/data/dataloader.py:683: UserWarning: 'pin_memory' argument is set as true but not supported on MPS now, then device pinned memory won't be used.
  warnings.warn(warn_msg)
/Users/segevbin/Desktop/SensAI/Aiayer/.venv/lib/python3.13/site-packages/torch/utils/data/dataloader.py:683: UserWarning: 'pin_memory' argument is set as true but not supported on MPS now, then device pinned memory won't be used.
  warnings.warn(warn_msg)
/Users/segevbin/Desktop/SensAI/Aiayer/.venv/lib/python3.13/site-packages/torch/utils/data/dataloader.py:683: UserWarning: 'pin_memory' argument is set as true but not supported on MPS now, then device pinned memory won't be used.
  warnings.warn(warn_msg)
/Users/segevbin/Desktop/SensAI/Aiayer/.venv/lib/python3.13/site-packages/torch/utils/data/dataloader.py:683: UserWarning: 'pin_memory' argument is set as true but not supported on MPS now, then device pinned memory won't be used.
  warnings.warn(warn_msg)
/Users/segevbin/Desktop/SensAI/Aiayer/.venv/lib/python3.13/site-packages/torch/utils/data/dataloader.py:683: UserWarning: 'pin_memory' argument is set as true but not supported on MPS now, then device pinned memory won't be used.
  warnings.warn(warn_msg)
/Users/segevbin/Desktop/SensAI/Aiayer/.venv/lib/python3.13/site-packages/torch/utils/data/dataloader.py:683: UserWarning: 'pin_memory' argument is set as true but not supported on MPS now, then device pinned memory won't be used.
  warnings.warn(warn_msg)
/Users/segevbin/Desktop/SensAI/Aiayer/.venv/lib/python3.13/site-packages/torch/utils/data/dataloader.py:683: UserWarning: 'pin_memory' argument is set as true but not supported on MPS now, then device pinned memory won't be used.
  warnings.warn(warn_msg)
/Users/segevbin/Desktop/SensAI/Aiayer/.venv/lib/python3.13/site-packages/torch/utils/data/dataloader.py:683: UserWarning: 'pin_memory' argument is set as true but not supported on MPS now, then device pinned memory won't be used.
  warnings.warn(warn_msg)
/Users/segevbin/Desktop/SensAI/Aiayer/.venv/lib/python3.13/site-packages/torch/utils/data/dataloader.py:683: UserWarning: 'pin_memory' argument is set as true but not supported on MPS now, then device pinned memory won't be used.
  warnings.warn(warn_msg)
/Users/segevbin/Desktop/SensAI/Aiayer/.venv/lib/python3.13/site-packages/torch/utils/data/dataloader.py:683: UserWarning: 'pin_memory' argument is set as true but not supported on MPS now, then device pinned memory won't be used.
  warnings.warn(warn_msg)
/Users/segevbin/Desktop/SensAI/Aiayer/.venv/lib/python3.13/site-packages/torch/utils/data/dataloader.py:683: UserWarning: 'pin_memory' argument is set as true but not supported on MPS now, then device pinned memory won't be used.
  warnings.warn(warn_msg)
/Users/segevbin/Desktop/SensAI/Aiayer/.venv/lib/python3.13/site-packages/torch/utils/data/dataloader.py:683: UserWarning: 'pin_memory' argument is set as true but not supported on MPS now, then device pinned memory won't be used.
  warnings.warn(warn_msg)
/Users/segevbin/Desktop/SensAI/Aiayer/.venv/lib/python3.13/site-packages/torch/utils/data/dataloader.py:683: UserWarning: 'pin_memory' argument is set as true but not supported on MPS now, then device pinned memory won't be used.
  warnings.warn(warn_msg)
/Users/segevbin/Desktop/SensAI/Aiayer/.venv/lib/python3.13/site-packages/torch/utils/data/dataloader.py:683: UserWarning: 'pin_memory' argument is set as true but not supported on MPS now, then device pinned memory won't be used.
  warnings.warn(warn_msg)
/Users/segevbin/Desktop/SensAI/Aiayer/.venv/lib/python3.13/site-packages/torch/utils/data/dataloader.py:683: UserWarning: 'pin_memory' argument is set as true but not supported on MPS now, then device pinned memory won't be used.
  warnings.warn(warn_msg)
/Users/segevbin/Desktop/SensAI/Aiayer/.venv/lib/python3.13/site-packages/torch/utils/data/dataloader.py:683: UserWarning: 'pin_memory' argument is set as true but not supported on MPS now, then device pinned memory won't be used.
  warnings.warn(warn_msg)
/Users/segevbin/Desktop/SensAI/Aiayer/.venv/lib/python3.13/site-packages/torch/utils/data/dataloader.py:683: UserWarning: 'pin_memory' argument is set as true but not supported on MPS now, then device pinned memory won't be used.
  warnings.warn(warn_msg)
/Users/segevbin/Desktop/SensAI/Aiayer/.venv/lib/python3.13/site-packages/torch/utils/data/dataloader.py:683: UserWarning: 'pin_memory' argument is set as true but not supported on MPS now, then device pinned memory won't be used.
  warnings.warn(warn_msg)
/Users/segevbin/Desktop/SensAI/Aiayer/.venv/lib/python3.13/site-packages/torch/utils/data/dataloader.py:683: UserWarning: 'pin_memory' argument is set as true but not supported on MPS now, then device pinned memory won't be used.
  warnings.warn(warn_msg)
/Users/segevbin/Desktop/SensAI/Aiayer/.venv/lib/python3.13/site-packages/torch/utils/data/dataloader.py:683: UserWarning: 'pin_memory' argument is set as true but not supported on MPS now, then device pinned memory won't be used.
  warnings.warn(warn_msg)
/Users/segevbin/Desktop/SensAI/Aiayer/.venv/lib/python3.13/site-packages/torch/utils/data/dataloader.py:683: UserWarning: 'pin_memory' argument is set as true but not supported on MPS now, then device pinned memory won't be used.
  warnings.warn(warn_msg)
/Users/segevbin/Desktop/SensAI/Aiayer/.venv/lib/python3.13/site-packages/torch/utils/data/dataloader.py:683: UserWarning: 'pin_memory' argument is set as true but not supported on MPS now, then device pinned memory won't be used.
  warnings.warn(warn_msg)
/Users/segevbin/Desktop/SensAI/Aiayer/.venv/lib/python3.13/site-packages/torch/utils/data/dataloader.py:683: UserWarning: 'pin_memory' argument is set as true but not supported on MPS now, then device pinned memory won't be used.
  warnings.warn(warn_msg)
/Users/segevbin/Desktop/SensAI/Aiayer/.venv/lib/python3.13/site-packages/torch/utils/data/dataloader.py:683: UserWarning: 'pin_memory' argument is set as true but not supported on MPS now, then device pinned memory won't be used.
  warnings.warn(warn_msg)
/Users/segevbin/Desktop/SensAI/Aiayer/.venv/lib/python3.13/site-packages/torch/utils/data/dataloader.py:683: UserWarning: 'pin_memory' argument is set as true but not supported on MPS now, then device pinned memory won't be used.
  warnings.warn(warn_msg)
/Users/segevbin/Desktop/SensAI/Aiayer/.venv/lib/python3.13/site-packages/torch/utils/data/dataloader.py:683: UserWarning: 'pin_memory' argument is set as true but not supported on MPS now, then device pinned memory won't be used.
  warnings.warn(warn_msg)
/Users/segevbin/Desktop/SensAI/Aiayer/.venv/lib/python3.13/site-packages/torch/utils/data/dataloader.py:683: UserWarning: 'pin_memory' argument is set as true but not supported on MPS now, then device pinned memory won't be used.
  warnings.warn(warn_msg)
/Users/segevbin/Desktop/SensAI/Aiayer/.venv/lib/python3.13/site-packages/torch/utils/data/dataloader.py:683: UserWarning: 'pin_memory' argument is set as true but not supported on MPS now, then device pinned memory won't be used.
  warnings.warn(warn_msg)
/Users/segevbin/Desktop/SensAI/Aiayer/.venv/lib/python3.13/site-packages/torch/utils/data/dataloader.py:683: UserWarning: 'pin_memory' argument is set as true but not supported on MPS now, then device pinned memory won't be used.
  warnings.warn(warn_msg)
/Users/segevbin/Desktop/SensAI/Aiayer/.venv/lib/python3.13/site-packages/torch/utils/data/dataloader.py:683: UserWarning: 'pin_memory' argument is set as true but not supported on MPS now, then device pinned memory won't be used.
  warnings.warn(warn_msg)
/Users/segevbin/Desktop/SensAI/Aiayer/.venv/lib/python3.13/site-packages/torch/utils/data/dataloader.py:683: UserWarning: 'pin_memory' argument is set as true but not supported on MPS now, then device pinned memory won't be used.
  warnings.warn(warn_msg)
/Users/segevbin/Desktop/SensAI/Aiayer/.venv/lib/python3.13/site-packages/torch/utils/data/dataloader.py:683: UserWarning: 'pin_memory' argument is set as true but not supported on MPS now, then device pinned memory won't be used.
  warnings.warn(warn_msg)
/Users/segevbin/Desktop/SensAI/Aiayer/.venv/lib/python3.13/site-packages/torch/utils/data/dataloader.py:683: UserWarning: 'pin_memory' argument is set as true but not supported on MPS now, then device pinned memory won't be used.
  warnings.warn(warn_msg)
/Users/segevbin/Desktop/SensAI/Aiayer/.venv/lib/python3.13/site-packages/torch/utils/data/dataloader.py:683: UserWarning: 'pin_memory' argument is set as true but not supported on MPS now, then device pinned memory won't be used.
  warnings.warn(warn_msg)
/Users/segevbin/Desktop/SensAI/Aiayer/.venv/lib/python3.13/site-packages/torch/utils/data/dataloader.py:683: UserWarning: 'pin_memory' argument is set as true but not supported on MPS now, then device pinned memory won't be used.
  warnings.warn(warn_msg)
/Users/segevbin/Desktop/SensAI/Aiayer/.venv/lib/python3.13/site-packages/torch/utils/data/dataloader.py:683: UserWarning: 'pin_memory' argument is set as true but not supported on MPS now, then device pinned memory won't be used.
  warnings.warn(warn_msg)
/Users/segevbin/Desktop/SensAI/Aiayer/.venv/lib/python3.13/site-packages/torch/utils/data/dataloader.py:683: UserWarning: 'pin_memory' argument is set as true but not supported on MPS now, then device pinned memory won't be used.
  warnings.warn(warn_msg)
/Users/segevbin/Desktop/SensAI/Aiayer/.venv/lib/python3.13/site-packages/torch/utils/data/dataloader.py:683: UserWarning: 'pin_memory' argument is set as true but not supported on MPS now, then device pinned memory won't be used.
  warnings.warn(warn_msg)
/Users/segevbin/Desktop/SensAI/Aiayer/.venv/lib/python3.13/site-packages/torch/utils/data/dataloader.py:683: UserWarning: 'pin_memory' argument is set as true but not supported on MPS now, then device pinned memory won't be used.
  warnings.warn(warn_msg)
/Users/segevbin/Desktop/SensAI/Aiayer/.venv/lib/python3.13/site-packages/torch/utils/data/dataloader.py:683: UserWarning: 'pin_memory' argument is set as true but not supported on MPS now, then device pinned memory won't be used.
  warnings.warn(warn_msg)
/Users/segevbin/Desktop/SensAI/Aiayer/.venv/lib/python3.13/site-packages/torch/utils/data/dataloader.py:683: UserWarning: 'pin_memory' argument is set as true but not supported on MPS now, then device pinned memory won't be used.
  warnings.warn(warn_msg)
/Users/segevbin/Desktop/SensAI/Aiayer/.venv/lib/python3.13/site-packages/torch/utils/data/dataloader.py:683: UserWarning: 'pin_memory' argument is set as true but not supported on MPS now, then device pinned memory won't be used.
  warnings.warn(warn_msg)
/Users/segevbin/Desktop/SensAI/Aiayer/.venv/lib/python3.13/site-packages/torch/utils/data/dataloader.py:683: UserWarning: 'pin_memory' argument is set as true but not supported on MPS now, then device pinned memory won't be used.
  warnings.warn(warn_msg)
/Users/segevbin/Desktop/SensAI/Aiayer/.venv/lib/python3.13/site-packages/torch/utils/data/dataloader.py:683: UserWarning: 'pin_memory' argument is set as true but not supported on MPS now, then device pinned memory won't be used.
  warnings.warn(warn_msg)
/Users/segevbin/Desktop/SensAI/Aiayer/.venv/lib/python3.13/site-packages/torch/utils/data/dataloader.py:683: UserWarning: 'pin_memory' argument is set as true but not supported on MPS now, then device pinned memory won't be used.
  warnings.warn(warn_msg)
/Users/segevbin/Desktop/SensAI/Aiayer/.venv/lib/python3.13/site-packages/torch/utils/data/dataloader.py:683: UserWarning: 'pin_memory' argument is set as true but not supported on MPS now, then device pinned memory won't be used.
  warnings.warn(warn_msg)
/Users/segevbin/Desktop/SensAI/Aiayer/.venv/lib/python3.13/site-packages/torch/utils/data/dataloader.py:683: UserWarning: 'pin_memory' argument is set as true but not supported on MPS now, then device pinned memory won't be used.
  warnings.warn(warn_msg)
/Users/segevbin/Desktop/SensAI/Aiayer/.venv/lib/python3.13/site-packages/torch/utils/data/dataloader.py:683: UserWarning: 'pin_memory' argument is set as true but not supported on MPS now, then device pinned memory won't be used.
  warnings.warn(warn_msg)
/Users/segevbin/Desktop/SensAI/Aiayer/.venv/lib/python3.13/site-packages/torch/utils/data/dataloader.py:683: UserWarning: 'pin_memory' argument is set as true but not supported on MPS now, then device pinned memory won't be used.
  warnings.warn(warn_msg)
/Users/segevbin/Desktop/SensAI/Aiayer/.venv/lib/python3.13/site-packages/torch/utils/data/dataloader.py:683: UserWarning: 'pin_memory' argument is set as true but not supported on MPS now, then device pinned memory won't be used.
  warnings.warn(warn_msg)
/Users/segevbin/Desktop/SensAI/Aiayer/.venv/lib/python3.13/site-packages/torch/utils/data/dataloader.py:683: UserWarning: 'pin_memory' argument is set as true but not supported on MPS now, then device pinned memory won't be used.
  warnings.warn(warn_msg)
/Users/segevbin/Desktop/SensAI/Aiayer/.venv/lib/python3.13/site-packages/torch/utils/data/dataloader.py:683: UserWarning: 'pin_memory' argument is set as true but not supported on MPS now, then device pinned memory won't be used.
  warnings.warn(warn_msg)
/Users/segevbin/Desktop/SensAI/Aiayer/.venv/lib/python3.13/site-packages/torch/utils/data/dataloader.py:683: UserWarning: 'pin_memory' argument is set as true but not supported on MPS now, then device pinned memory won't be used.
  warnings.warn(warn_msg)
/Users/segevbin/Desktop/SensAI/Aiayer/.venv/lib/python3.13/site-packages/torch/utils/data/dataloader.py:683: UserWarning: 'pin_memory' argument is set as true but not supported on MPS now, then device pinned memory won't be used.
  warnings.warn(warn_msg)
/Users/segevbin/Desktop/SensAI/Aiayer/.venv/lib/python3.13/site-packages/torch/utils/data/dataloader.py:683: UserWarning: 'pin_memory' argument is set as true but not supported on MPS now, then device pinned memory won't be used.
  warnings.warn(warn_msg)
/Users/segevbin/Desktop/SensAI/Aiayer/.venv/lib/python3.13/site-packages/torch/utils/data/dataloader.py:683: UserWarning: 'pin_memory' argument is set as true but not supported on MPS now, then device pinned memory won't be used.
  warnings.warn(warn_msg)
/Users/segevbin/Desktop/SensAI/Aiayer/.venv/lib/python3.13/site-packages/torch/utils/data/dataloader.py:683: UserWarning: 'pin_memory' argument is set as true but not supported on MPS now, then device pinned memory won't be used.
  warnings.warn(warn_msg)
/Users/segevbin/Desktop/SensAI/Aiayer/.venv/lib/python3.13/site-packages/torch/utils/data/dataloader.py:683: UserWarning: 'pin_memory' argument is set as true but not supported on MPS now, then device pinned memory won't be used.
  warnings.warn(warn_msg)
/Users/segevbin/Desktop/SensAI/Aiayer/.venv/lib/python3.13/site-packages/torch/utils/data/dataloader.py:683: UserWarning: 'pin_memory' argument is set as true but not supported on MPS now, then device pinned memory won't be used.
  warnings.warn(warn_msg)
/Users/segevbin/Desktop/SensAI/Aiayer/.venv/lib/python3.13/site-packages/torch/utils/data/dataloader.py:683: UserWarning: 'pin_memory' argument is set as true but not supported on MPS now, then device pinned memory won't be used.
  warnings.warn(warn_msg)
/Users/segevbin/Desktop/SensAI/Aiayer/.venv/lib/python3.13/site-packages/torch/utils/data/dataloader.py:683: UserWarning: 'pin_memory' argument is set as true but not supported on MPS now, then device pinned memory won't be used.
  warnings.warn(warn_msg)
/Users/segevbin/Desktop/SensAI/Aiayer/.venv/lib/python3.13/site-packages/torch/utils/data/dataloader.py:683: UserWarning: 'pin_memory' argument is set as true but not supported on MPS now, then device pinned memory won't be used.
  warnings.warn(warn_msg)
/Users/segevbin/Desktop/SensAI/Aiayer/.venv/lib/python3.13/site-packages/torch/utils/data/dataloader.py:683: UserWarning: 'pin_memory' argument is set as true but not supported on MPS now, then device pinned memory won't be used.
  warnings.warn(warn_msg)
/Users/segevbin/Desktop/SensAI/Aiayer/.venv/lib/python3.13/site-packages/torch/utils/data/dataloader.py:683: UserWarning: 'pin_memory' argument is set as true but not supported on MPS now, then device pinned memory won't be used.
  warnings.warn(warn_msg)
/Users/segevbin/Desktop/SensAI/Aiayer/.venv/lib/python3.13/site-packages/torch/utils/data/dataloader.py:683: UserWarning: 'pin_memory' argument is set as true but not supported on MPS now, then device pinned memory won't be used.
  warnings.warn(warn_msg)
/Users/segevbin/Desktop/SensAI/Aiayer/.venv/lib/python3.13/site-packages/torch/utils/data/dataloader.py:683: UserWarning: 'pin_memory' argument is set as true but not supported on MPS now, then device pinned memory won't be used.
  warnings.warn(warn_msg)
/Users/segevbin/Desktop/SensAI/Aiayer/.venv/lib/python3.13/site-packages/torch/utils/data/dataloader.py:683: UserWarning: 'pin_memory' argument is set as true but not supported on MPS now, then device pinned memory won't be used.
  warnings.warn(warn_msg)
/Users/segevbin/Desktop/SensAI/Aiayer/.venv/lib/python3.13/site-packages/torch/utils/data/dataloader.py:683: UserWarning: 'pin_memory' argument is set as true but not supported on MPS now, then device pinned memory won't be used.
  warnings.warn(warn_msg)
/Users/segevbin/Desktop/SensAI/Aiayer/.venv/lib/python3.13/site-packages/torch/utils/data/dataloader.py:683: UserWarning: 'pin_memory' argument is set as true but not supported on MPS now, then device pinned memory won't be used.
  warnings.warn(warn_msg)
/Users/segevbin/Desktop/SensAI/Aiayer/.venv/lib/python3.13/site-packages/torch/utils/data/dataloader.py:683: UserWarning: 'pin_memory' argument is set as true but not supported on MPS now, then device pinned memory won't be used.
  warnings.warn(warn_msg)
/Users/segevbin/Desktop/SensAI/Aiayer/.venv/lib/python3.13/site-packages/torch/utils/data/dataloader.py:683: UserWarning: 'pin_memory' argument is set as true but not supported on MPS now, then device pinned memory won't be used.
  warnings.warn(warn_msg)
/Users/segevbin/Desktop/SensAI/Aiayer/.venv/lib/python3.13/site-packages/torch/utils/data/dataloader.py:683: UserWarning: 'pin_memory' argument is set as true but not supported on MPS now, then device pinned memory won't be used.
  warnings.warn(warn_msg)
/Users/segevbin/Desktop/SensAI/Aiayer/.venv/lib/python3.13/site-packages/torch/utils/data/dataloader.py:683: UserWarning: 'pin_memory' argument is set as true but not supported on MPS now, then device pinned memory won't be used.
  warnings.warn(warn_msg)
/Users/segevbin/Desktop/SensAI/Aiayer/.venv/lib/python3.13/site-packages/torch/utils/data/dataloader.py:683: UserWarning: 'pin_memory' argument is set as true but not supported on MPS now, then device pinned memory won't be used.
  warnings.warn(warn_msg)
/Users/segevbin/Desktop/SensAI/Aiayer/.venv/lib/python3.13/site-packages/torch/utils/data/dataloader.py:683: UserWarning: 'pin_memory' argument is set as true but not supported on MPS now, then device pinned memory won't be used.
  warnings.warn(warn_msg)
/Users/segevbin/Desktop/SensAI/Aiayer/.venv/lib/python3.13/site-packages/torch/utils/data/dataloader.py:683: UserWarning: 'pin_memory' argument is set as true but not supported on MPS now, then device pinned memory won't be used.
  warnings.warn(warn_msg)
/Users/segevbin/Desktop/SensAI/Aiayer/.venv/lib/python3.13/site-packages/torch/utils/data/dataloader.py:683: UserWarning: 'pin_memory' argument is set as true but not supported on MPS now, then device pinned memory won't be used.
  warnings.warn(warn_msg)
/Users/segevbin/Desktop/SensAI/Aiayer/.venv/lib/python3.13/site-packages/torch/utils/data/dataloader.py:683: UserWarning: 'pin_memory' argument is set as true but not supported on MPS now, then device pinned memory won't be used.
  warnings.warn(warn_msg)
/Users/segevbin/Desktop/SensAI/Aiayer/.venv/lib/python3.13/site-packages/torch/utils/data/dataloader.py:683: UserWarning: 'pin_memory' argument is set as true but not supported on MPS now, then device pinned memory won't be used.
  warnings.warn(warn_msg)
/Users/segevbin/Desktop/SensAI/Aiayer/.venv/lib/python3.13/site-packages/torch/utils/data/dataloader.py:683: UserWarning: 'pin_memory' argument is set as true but not supported on MPS now, then device pinned memory won't be used.
  warnings.warn(warn_msg)
/Users/segevbin/Desktop/SensAI/Aiayer/.venv/lib/python3.13/site-packages/torch/utils/data/dataloader.py:683: UserWarning: 'pin_memory' argument is set as true but not supported on MPS now, then device pinned memory won't be used.
  warnings.warn(warn_msg)
/Users/segevbin/Desktop/SensAI/Aiayer/.venv/lib/python3.13/site-packages/torch/utils/data/dataloader.py:683: UserWarning: 'pin_memory' argument is set as true but not supported on MPS now, then device pinned memory won't be used.
  warnings.warn(warn_msg)
/Users/segevbin/Desktop/SensAI/Aiayer/.venv/lib/python3.13/site-packages/torch/utils/data/dataloader.py:683: UserWarning: 'pin_memory' argument is set as true but not supported on MPS now, then device pinned memory won't be used.
  warnings.warn(warn_msg)
/Users/segevbin/Desktop/SensAI/Aiayer/.venv/lib/python3.13/site-packages/torch/utils/data/dataloader.py:683: UserWarning: 'pin_memory' argument is set as true but not supported on MPS now, then device pinned memory won't be used.
  warnings.warn(warn_msg)
/Users/segevbin/Desktop/SensAI/Aiayer/.venv/lib/python3.13/site-packages/torch/utils/data/dataloader.py:683: UserWarning: 'pin_memory' argument is set as true but not supported on MPS now, then device pinned memory won't be used.
  warnings.warn(warn_msg)
/Users/segevbin/Desktop/SensAI/Aiayer/.venv/lib/python3.13/site-packages/torch/utils/data/dataloader.py:683: UserWarning: 'pin_memory' argument is set as true but not supported on MPS now, then device pinned memory won't be used.
  warnings.warn(warn_msg)
/Users/segevbin/Desktop/SensAI/Aiayer/.venv/lib/python3.13/site-packages/torch/utils/data/dataloader.py:683: UserWarning: 'pin_memory' argument is set as true but not supported on MPS now, then device pinned memory won't be used.
  warnings.warn(warn_msg)
/Users/segevbin/Desktop/SensAI/Aiayer/.venv/lib/python3.13/site-packages/torch/utils/data/dataloader.py:683: UserWarning: 'pin_memory' argument is set as true but not supported on MPS now, then device pinned memory won't be used.
  warnings.warn(warn_msg)
/Users/segevbin/Desktop/SensAI/Aiayer/.venv/lib/python3.13/site-packages/torch/utils/data/dataloader.py:683: UserWarning: 'pin_memory' argument is set as true but not supported on MPS now, then device pinned memory won't be used.
  warnings.warn(warn_msg)
/Users/segevbin/Desktop/SensAI/Aiayer/.venv/lib/python3.13/site-packages/torch/utils/data/dataloader.py:683: UserWarning: 'pin_memory' argument is set as true but not supported on MPS now, then device pinned memory won't be used.
  warnings.warn(warn_msg)
/Users/segevbin/Desktop/SensAI/Aiayer/.venv/lib/python3.13/site-packages/torch/utils/data/dataloader.py:683: UserWarning: 'pin_memory' argument is set as true but not supported on MPS now, then device pinned memory won't be used.
  warnings.warn(warn_msg)
/Users/segevbin/Desktop/SensAI/Aiayer/.venv/lib/python3.13/site-packages/torch/utils/data/dataloader.py:683: UserWarning: 'pin_memory' argument is set as true but not supported on MPS now, then device pinned memory won't be used.
  warnings.warn(warn_msg)
/Users/segevbin/Desktop/SensAI/Aiayer/.venv/lib/python3.13/site-packages/torch/utils/data/dataloader.py:683: UserWarning: 'pin_memory' argument is set as true but not supported on MPS now, then device pinned memory won't be used.
  warnings.warn(warn_msg)
/Users/segevbin/Desktop/SensAI/Aiayer/.venv/lib/python3.13/site-packages/torch/utils/data/dataloader.py:683: UserWarning: 'pin_memory' argument is set as true but not supported on MPS now, then device pinned memory won't be used.
  warnings.warn(warn_msg)
/Users/segevbin/Desktop/SensAI/Aiayer/.venv/lib/python3.13/site-packages/torch/utils/data/dataloader.py:683: UserWarning: 'pin_memory' argument is set as true but not supported on MPS now, then device pinned memory won't be used.
  warnings.warn(warn_msg)
/Users/segevbin/Desktop/SensAI/Aiayer/.venv/lib/python3.13/site-packages/torch/utils/data/dataloader.py:683: UserWarning: 'pin_memory' argument is set as true but not supported on MPS now, then device pinned memory won't be used.
  warnings.warn(warn_msg)
/Users/segevbin/Desktop/SensAI/Aiayer/.venv/lib/python3.13/site-packages/torch/utils/data/dataloader.py:683: UserWarning: 'pin_memory' argument is set as true but not supported on MPS now, then device pinned memory won't be used.
  warnings.warn(warn_msg)
/Users/segevbin/Desktop/SensAI/Aiayer/.venv/lib/python3.13/site-packages/torch/utils/data/dataloader.py:683: UserWarning: 'pin_memory' argument is set as true but not supported on MPS now, then device pinned memory won't be used.
  warnings.warn(warn_msg)
/Users/segevbin/Desktop/SensAI/Aiayer/.venv/lib/python3.13/site-packages/torch/utils/data/dataloader.py:683: UserWarning: 'pin_memory' argument is set as true but not supported on MPS now, then device pinned memory won't be used.
  warnings.warn(warn_msg)
/Users/segevbin/Desktop/SensAI/Aiayer/.venv/lib/python3.13/site-packages/torch/utils/data/dataloader.py:683: UserWarning: 'pin_memory' argument is set as true but not supported on MPS now, then device pinned memory won't be used.
  warnings.warn(warn_msg)
/Users/segevbin/Desktop/SensAI/Aiayer/.venv/lib/python3.13/site-packages/torch/utils/data/dataloader.py:683: UserWarning: 'pin_memory' argument is set as true but not supported on MPS now, then device pinned memory won't be used.
  warnings.warn(warn_msg)
/Users/segevbin/Desktop/SensAI/Aiayer/.venv/lib/python3.13/site-packages/torch/utils/data/dataloader.py:683: UserWarning: 'pin_memory' argument is set as true but not supported on MPS now, then device pinned memory won't be used.
  warnings.warn(warn_msg)
/Users/segevbin/Desktop/SensAI/Aiayer/.venv/lib/python3.13/site-packages/torch/utils/data/dataloader.py:683: UserWarning: 'pin_memory' argument is set as true but not supported on MPS now, then device pinned memory won't be used.
  warnings.warn(warn_msg)
/Users/segevbin/Desktop/SensAI/Aiayer/.venv/lib/python3.13/site-packages/torch/utils/data/dataloader.py:683: UserWarning: 'pin_memory' argument is set as true but not supported on MPS now, then device pinned memory won't be used.
  warnings.warn(warn_msg)
/Users/segevbin/Desktop/SensAI/Aiayer/.venv/lib/python3.13/site-packages/torch/utils/data/dataloader.py:683: UserWarning: 'pin_memory' argument is set as true but not supported on MPS now, then device pinned memory won't be used.
  warnings.warn(warn_msg)
/Users/segevbin/Desktop/SensAI/Aiayer/.venv/lib/python3.13/site-packages/torch/utils/data/dataloader.py:683: UserWarning: 'pin_memory' argument is set as true but not supported on MPS now, then device pinned memory won't be used.
  warnings.warn(warn_msg)
/Users/segevbin/Desktop/SensAI/Aiayer/.venv/lib/python3.13/site-packages/torch/utils/data/dataloader.py:683: UserWarning: 'pin_memory' argument is set as true but not supported on MPS now, then device pinned memory won't be used.
  warnings.warn(warn_msg)
/Users/segevbin/Desktop/SensAI/Aiayer/.venv/lib/python3.13/site-packages/torch/utils/data/dataloader.py:683: UserWarning: 'pin_memory' argument is set as true but not supported on MPS now, then device pinned memory won't be used.
  warnings.warn(warn_msg)
/Users/segevbin/Desktop/SensAI/Aiayer/.venv/lib/python3.13/site-packages/torch/utils/data/dataloader.py:683: UserWarning: 'pin_memory' argument is set as true but not supported on MPS now, then device pinned memory won't be used.
  warnings.warn(warn_msg)
/Users/segevbin/Desktop/SensAI/Aiayer/.venv/lib/python3.13/site-packages/torch/utils/data/dataloader.py:683: UserWarning: 'pin_memory' argument is set as true but not supported on MPS now, then device pinned memory won't be used.
  warnings.warn(warn_msg)
/Users/segevbin/Desktop/SensAI/Aiayer/.venv/lib/python3.13/site-packages/torch/utils/data/dataloader.py:683: UserWarning: 'pin_memory' argument is set as true but not supported on MPS now, then device pinned memory won't be used.
  warnings.warn(warn_msg)
/Users/segevbin/Desktop/SensAI/Aiayer/.venv/lib/python3.13/site-packages/torch/utils/data/dataloader.py:683: UserWarning: 'pin_memory' argument is set as true but not supported on MPS now, then device pinned memory won't be used.
  warnings.warn(warn_msg)
/Users/segevbin/Desktop/SensAI/Aiayer/.venv/lib/python3.13/site-packages/torch/utils/data/dataloader.py:683: UserWarning: 'pin_memory' argument is set as true but not supported on MPS now, then device pinned memory won't be used.
  warnings.warn(warn_msg)
/Users/segevbin/Desktop/SensAI/Aiayer/.venv/lib/python3.13/site-packages/torch/utils/data/dataloader.py:683: UserWarning: 'pin_memory' argument is set as true but not supported on MPS now, then device pinned memory won't be used.
  warnings.warn(warn_msg)
/Users/segevbin/Desktop/SensAI/Aiayer/.venv/lib/python3.13/site-packages/torch/utils/data/dataloader.py:683: UserWarning: 'pin_memory' argument is set as true but not supported on MPS now, then device pinned memory won't be used.
  warnings.warn(warn_msg)
/Users/segevbin/Desktop/SensAI/Aiayer/.venv/lib/python3.13/site-packages/torch/utils/data/dataloader.py:683: UserWarning: 'pin_memory' argument is set as true but not supported on MPS now, then device pinned memory won't be used.
  warnings.warn(warn_msg)
/Users/segevbin/Desktop/SensAI/Aiayer/.venv/lib/python3.13/site-packages/torch/utils/data/dataloader.py:683: UserWarning: 'pin_memory' argument is set as true but not supported on MPS now, then device pinned memory won't be used.
  warnings.warn(warn_msg)
/Users/segevbin/Desktop/SensAI/Aiayer/.venv/lib/python3.13/site-packages/torch/utils/data/dataloader.py:683: UserWarning: 'pin_memory' argument is set as true but not supported on MPS now, then device pinned memory won't be used.
  warnings.warn(warn_msg)
/Users/segevbin/Desktop/SensAI/Aiayer/.venv/lib/python3.13/site-packages/torch/utils/data/dataloader.py:683: UserWarning: 'pin_memory' argument is set as true but not supported on MPS now, then device pinned memory won't be used.
  warnings.warn(warn_msg)
/Users/segevbin/Desktop/SensAI/Aiayer/.venv/lib/python3.13/site-packages/torch/utils/data/dataloader.py:683: UserWarning: 'pin_memory' argument is set as true but not supported on MPS now, then device pinned memory won't be used.
  warnings.warn(warn_msg)
/Users/segevbin/Desktop/SensAI/Aiayer/.venv/lib/python3.13/site-packages/torch/utils/data/dataloader.py:683: UserWarning: 'pin_memory' argument is set as true but not supported on MPS now, then device pinned memory won't be used.
  warnings.warn(warn_msg)
/Users/segevbin/Desktop/SensAI/Aiayer/.venv/lib/python3.13/site-packages/torch/utils/data/dataloader.py:683: UserWarning: 'pin_memory' argument is set as true but not supported on MPS now, then device pinned memory won't be used.
  warnings.warn(warn_msg)
/Users/segevbin/Desktop/SensAI/Aiayer/.venv/lib/python3.13/site-packages/torch/utils/data/dataloader.py:683: UserWarning: 'pin_memory' argument is set as true but not supported on MPS now, then device pinned memory won't be used.
  warnings.warn(warn_msg)
/Users/segevbin/Desktop/SensAI/Aiayer/.venv/lib/python3.13/site-packages/torch/utils/data/dataloader.py:683: UserWarning: 'pin_memory' argument is set as true but not supported on MPS now, then device pinned memory won't be used.
  warnings.warn(warn_msg)
/Users/segevbin/Desktop/SensAI/Aiayer/.venv/lib/python3.13/site-packages/torch/utils/data/dataloader.py:683: UserWarning: 'pin_memory' argument is set as true but not supported on MPS now, then device pinned memory won't be used.
  warnings.warn(warn_msg)
/Users/segevbin/Desktop/SensAI/Aiayer/.venv/lib/python3.13/site-packages/torch/utils/data/dataloader.py:683: UserWarning: 'pin_memory' argument is set as true but not supported on MPS now, then device pinned memory won't be used.
  warnings.warn(warn_msg)
/Users/segevbin/Desktop/SensAI/Aiayer/.venv/lib/python3.13/site-packages/torch/utils/data/dataloader.py:683: UserWarning: 'pin_memory' argument is set as true but not supported on MPS now, then device pinned memory won't be used.
  warnings.warn(warn_msg)
/Users/segevbin/Desktop/SensAI/Aiayer/.venv/lib/python3.13/site-packages/torch/utils/data/dataloader.py:683: UserWarning: 'pin_memory' argument is set as true but not supported on MPS now, then device pinned memory won't be used.
  warnings.warn(warn_msg)
/Users/segevbin/Desktop/SensAI/Aiayer/.venv/lib/python3.13/site-packages/torch/utils/data/dataloader.py:683: UserWarning: 'pin_memory' argument is set as true but not supported on MPS now, then device pinned memory won't be used.
  warnings.warn(warn_msg)
/Users/segevbin/Desktop/SensAI/Aiayer/.venv/lib/python3.13/site-packages/torch/utils/data/dataloader.py:683: UserWarning: 'pin_memory' argument is set as true but not supported on MPS now, then device pinned memory won't be used.
  warnings.warn(warn_msg)
/Users/segevbin/Desktop/SensAI/Aiayer/.venv/lib/python3.13/site-packages/torch/utils/data/dataloader.py:683: UserWarning: 'pin_memory' argument is set as true but not supported on MPS now, then device pinned memory won't be used.
  warnings.warn(warn_msg)
/Users/segevbin/Desktop/SensAI/Aiayer/.venv/lib/python3.13/site-packages/torch/utils/data/dataloader.py:683: UserWarning: 'pin_memory' argument is set as true but not supported on MPS now, then device pinned memory won't be used.
  warnings.warn(warn_msg)
/Users/segevbin/Desktop/SensAI/Aiayer/.venv/lib/python3.13/site-packages/torch/utils/data/dataloader.py:683: UserWarning: 'pin_memory' argument is set as true but not supported on MPS now, then device pinned memory won't be used.
  warnings.warn(warn_msg)
/Users/segevbin/Desktop/SensAI/Aiayer/.venv/lib/python3.13/site-packages/torch/utils/data/dataloader.py:683: UserWarning: 'pin_memory' argument is set as true but not supported on MPS now, then device pinned memory won't be used.
  warnings.warn(warn_msg)
/Users/segevbin/Desktop/SensAI/Aiayer/.venv/lib/python3.13/site-packages/torch/utils/data/dataloader.py:683: UserWarning: 'pin_memory' argument is set as true but not supported on MPS now, then device pinned memory won't be used.
  warnings.warn(warn_msg)
/Users/segevbin/Desktop/SensAI/Aiayer/.venv/lib/python3.13/site-packages/torch/utils/data/dataloader.py:683: UserWarning: 'pin_memory' argument is set as true but not supported on MPS now, then device pinned memory won't be used.
  warnings.warn(warn_msg)
/Users/segevbin/Desktop/SensAI/Aiayer/.venv/lib/python3.13/site-packages/torch/utils/data/dataloader.py:683: UserWarning: 'pin_memory' argument is set as true but not supported on MPS now, then device pinned memory won't be used.
  warnings.warn(warn_msg)
/Users/segevbin/Desktop/SensAI/Aiayer/.venv/lib/python3.13/site-packages/torch/utils/data/dataloader.py:683: UserWarning: 'pin_memory' argument is set as true but not supported on MPS now, then device pinned memory won't be used.
  warnings.warn(warn_msg)
/Users/segevbin/Desktop/SensAI/Aiayer/.venv/lib/python3.13/site-packages/torch/utils/data/dataloader.py:683: UserWarning: 'pin_memory' argument is set as true but not supported on MPS now, then device pinned memory won't be used.
  warnings.warn(warn_msg)
/Users/segevbin/Desktop/SensAI/Aiayer/.venv/lib/python3.13/site-packages/torch/utils/data/dataloader.py:683: UserWarning: 'pin_memory' argument is set as true but not supported on MPS now, then device pinned memory won't be used.
  warnings.warn(warn_msg)
/Users/segevbin/Desktop/SensAI/Aiayer/.venv/lib/python3.13/site-packages/torch/utils/data/dataloader.py:683: UserWarning: 'pin_memory' argument is set as true but not supported on MPS now, then device pinned memory won't be used.
  warnings.warn(warn_msg)
/Users/segevbin/Desktop/SensAI/Aiayer/.venv/lib/python3.13/site-packages/torch/utils/data/dataloader.py:683: UserWarning: 'pin_memory' argument is set as true but not supported on MPS now, then device pinned memory won't be used.
  warnings.warn(warn_msg)
/Users/segevbin/Desktop/SensAI/Aiayer/.venv/lib/python3.13/site-packages/torch/utils/data/dataloader.py:683: UserWarning: 'pin_memory' argument is set as true but not supported on MPS now, then device pinned memory won't be used.
  warnings.warn(warn_msg)
/Users/segevbin/Desktop/SensAI/Aiayer/.venv/lib/python3.13/site-packages/torch/utils/data/dataloader.py:683: UserWarning: 'pin_memory' argument is set as true but not supported on MPS now, then device pinned memory won't be used.
  warnings.warn(warn_msg)
/Users/segevbin/Desktop/SensAI/Aiayer/.venv/lib/python3.13/site-packages/torch/utils/data/dataloader.py:683: UserWarning: 'pin_memory' argument is set as true but not supported on MPS now, then device pinned memory won't be used.
  warnings.warn(warn_msg)
/Users/segevbin/Desktop/SensAI/Aiayer/.venv/lib/python3.13/site-packages/torch/utils/data/dataloader.py:683: UserWarning: 'pin_memory' argument is set as true but not supported on MPS now, then device pinned memory won't be used.
  warnings.warn(warn_msg)
/Users/segevbin/Desktop/SensAI/Aiayer/.venv/lib/python3.13/site-packages/torch/utils/data/dataloader.py:683: UserWarning: 'pin_memory' argument is set as true but not supported on MPS now, then device pinned memory won't be used.
  warnings.warn(warn_msg)
/Users/segevbin/Desktop/SensAI/Aiayer/.venv/lib/python3.13/site-packages/torch/utils/data/dataloader.py:683: UserWarning: 'pin_memory' argument is set as true but not supported on MPS now, then device pinned memory won't be used.
  warnings.warn(warn_msg)
/Users/segevbin/Desktop/SensAI/Aiayer/.venv/lib/python3.13/site-packages/torch/utils/data/dataloader.py:683: UserWarning: 'pin_memory' argument is set as true but not supported on MPS now, then device pinned memory won't be used.
  warnings.warn(warn_msg)
/Users/segevbin/Desktop/SensAI/Aiayer/.venv/lib/python3.13/site-packages/torch/utils/data/dataloader.py:683: UserWarning: 'pin_memory' argument is set as true but not supported on MPS now, then device pinned memory won't be used.
  warnings.warn(warn_msg)
/Users/segevbin/Desktop/SensAI/Aiayer/.venv/lib/python3.13/site-packages/torch/utils/data/dataloader.py:683: UserWarning: 'pin_memory' argument is set as true but not supported on MPS now, then device pinned memory won't be used.
  warnings.warn(warn_msg)
/Users/segevbin/Desktop/SensAI/Aiayer/.venv/lib/python3.13/site-packages/torch/utils/data/dataloader.py:683: UserWarning: 'pin_memory' argument is set as true but not supported on MPS now, then device pinned memory won't be used.
  warnings.warn(warn_msg)
/Users/segevbin/Desktop/SensAI/Aiayer/.venv/lib/python3.13/site-packages/torch/utils/data/dataloader.py:683: UserWarning: 'pin_memory' argument is set as true but not supported on MPS now, then device pinned memory won't be used.
  warnings.warn(warn_msg)
/Users/segevbin/Desktop/SensAI/Aiayer/.venv/lib/python3.13/site-packages/torch/utils/data/dataloader.py:683: UserWarning: 'pin_memory' argument is set as true but not supported on MPS now, then device pinned memory won't be used.
  warnings.warn(warn_msg)
/Users/segevbin/Desktop/SensAI/Aiayer/.venv/lib/python3.13/site-packages/torch/utils/data/dataloader.py:683: UserWarning: 'pin_memory' argument is set as true but not supported on MPS now, then device pinned memory won't be used.
  warnings.warn(warn_msg)
/Users/segevbin/Desktop/SensAI/Aiayer/.venv/lib/python3.13/site-packages/torch/utils/data/dataloader.py:683: UserWarning: 'pin_memory' argument is set as true but not supported on MPS now, then device pinned memory won't be used.
  warnings.warn(warn_msg)
/Users/segevbin/Desktop/SensAI/Aiayer/.venv/lib/python3.13/site-packages/torch/utils/data/dataloader.py:683: UserWarning: 'pin_memory' argument is set as true but not supported on MPS now, then device pinned memory won't be used.
  warnings.warn(warn_msg)
/Users/segevbin/Desktop/SensAI/Aiayer/.venv/lib/python3.13/site-packages/torch/utils/data/dataloader.py:683: UserWarning: 'pin_memory' argument is set as true but not supported on MPS now, then device pinned memory won't be used.
  warnings.warn(warn_msg)
/Users/segevbin/Desktop/SensAI/Aiayer/.venv/lib/python3.13/site-packages/torch/utils/data/dataloader.py:683: UserWarning: 'pin_memory' argument is set as true but not supported on MPS now, then device pinned memory won't be used.
  warnings.warn(warn_msg)
/Users/segevbin/Desktop/SensAI/Aiayer/.venv/lib/python3.13/site-packages/torch/utils/data/dataloader.py:683: UserWarning: 'pin_memory' argument is set as true but not supported on MPS now, then device pinned memory won't be used.
  warnings.warn(warn_msg)
/Users/segevbin/Desktop/SensAI/Aiayer/.venv/lib/python3.13/site-packages/torch/utils/data/dataloader.py:683: UserWarning: 'pin_memory' argument is set as true but not supported on MPS now, then device pinned memory won't be used.
  warnings.warn(warn_msg)
/Users/segevbin/Desktop/SensAI/Aiayer/.venv/lib/python3.13/site-packages/torch/utils/data/dataloader.py:683: UserWarning: 'pin_memory' argument is set as true but not supported on MPS now, then device pinned memory won't be used.
  warnings.warn(warn_msg)
/Users/segevbin/Desktop/SensAI/Aiayer/.venv/lib/python3.13/site-packages/torch/utils/data/dataloader.py:683: UserWarning: 'pin_memory' argument is set as true but not supported on MPS now, then device pinned memory won't be used.
  warnings.warn(warn_msg)
/Users/segevbin/Desktop/SensAI/Aiayer/.venv/lib/python3.13/site-packages/torch/utils/data/dataloader.py:683: UserWarning: 'pin_memory' argument is set as true but not supported on MPS now, then device pinned memory won't be used.
  warnings.warn(warn_msg)
/Users/segevbin/Desktop/SensAI/Aiayer/.venv/lib/python3.13/site-packages/torch/utils/data/dataloader.py:683: UserWarning: 'pin_memory' argument is set as true but not supported on MPS now, then device pinned memory won't be used.
  warnings.warn(warn_msg)
/Users/segevbin/Desktop/SensAI/Aiayer/.venv/lib/python3.13/site-packages/torch/utils/data/dataloader.py:683: UserWarning: 'pin_memory' argument is set as true but not supported on MPS now, then device pinned memory won't be used.
  warnings.warn(warn_msg)
/Users/segevbin/Desktop/SensAI/Aiayer/.venv/lib/python3.13/site-packages/torch/utils/data/dataloader.py:683: UserWarning: 'pin_memory' argument is set as true but not supported on MPS now, then device pinned memory won't be used.
  warnings.warn(warn_msg)
/Users/segevbin/Desktop/SensAI/Aiayer/.venv/lib/python3.13/site-packages/torch/utils/data/dataloader.py:683: UserWarning: 'pin_memory' argument is set as true but not supported on MPS now, then device pinned memory won't be used.
  warnings.warn(warn_msg)
/Users/segevbin/Desktop/SensAI/Aiayer/.venv/lib/python3.13/site-packages/torch/utils/data/dataloader.py:683: UserWarning: 'pin_memory' argument is set as true but not supported on MPS now, then device pinned memory won't be used.
  warnings.warn(warn_msg)
/Users/segevbin/Desktop/SensAI/Aiayer/.venv/lib/python3.13/site-packages/torch/utils/data/dataloader.py:683: UserWarning: 'pin_memory' argument is set as true but not supported on MPS now, then device pinned memory won't be used.
  warnings.warn(warn_msg)
/Users/segevbin/Desktop/SensAI/Aiayer/.venv/lib/python3.13/site-packages/torch/utils/data/dataloader.py:683: UserWarning: 'pin_memory' argument is set as true but not supported on MPS now, then device pinned memory won't be used.
  warnings.warn(warn_msg)
/Users/segevbin/Desktop/SensAI/Aiayer/.venv/lib/python3.13/site-packages/torch/utils/data/dataloader.py:683: UserWarning: 'pin_memory' argument is set as true but not supported on MPS now, then device pinned memory won't be used.
  warnings.warn(warn_msg)
/Users/segevbin/Desktop/SensAI/Aiayer/.venv/lib/python3.13/site-packages/torch/utils/data/dataloader.py:683: UserWarning: 'pin_memory' argument is set as true but not supported on MPS now, then device pinned memory won't be used.
  warnings.warn(warn_msg)
/Users/segevbin/Desktop/SensAI/Aiayer/.venv/lib/python3.13/site-packages/torch/utils/data/dataloader.py:683: UserWarning: 'pin_memory' argument is set as true but not supported on MPS now, then device pinned memory won't be used.
  warnings.warn(warn_msg)
/Users/segevbin/Desktop/SensAI/Aiayer/.venv/lib/python3.13/site-packages/torch/utils/data/dataloader.py:683: UserWarning: 'pin_memory' argument is set as true but not supported on MPS now, then device pinned memory won't be used.
  warnings.warn(warn_msg)
/Users/segevbin/Desktop/SensAI/Aiayer/.venv/lib/python3.13/site-packages/torch/utils/data/dataloader.py:683: UserWarning: 'pin_memory' argument is set as true but not supported on MPS now, then device pinned memory won't be used.
  warnings.warn(warn_msg)
/Users/segevbin/Desktop/SensAI/Aiayer/.venv/lib/python3.13/site-packages/torch/utils/data/dataloader.py:683: UserWarning: 'pin_memory' argument is set as true but not supported on MPS now, then device pinned memory won't be used.
  warnings.warn(warn_msg)
/Users/segevbin/Desktop/SensAI/Aiayer/.venv/lib/python3.13/site-packages/torch/utils/data/dataloader.py:683: UserWarning: 'pin_memory' argument is set as true but not supported on MPS now, then device pinned memory won't be used.
  warnings.warn(warn_msg)
/Users/segevbin/Desktop/SensAI/Aiayer/.venv/lib/python3.13/site-packages/torch/utils/data/dataloader.py:683: UserWarning: 'pin_memory' argument is set as true but not supported on MPS now, then device pinned memory won't be used.
  warnings.warn(warn_msg)
/Users/segevbin/Desktop/SensAI/Aiayer/.venv/lib/python3.13/site-packages/torch/utils/data/dataloader.py:683: UserWarning: 'pin_memory' argument is set as true but not supported on MPS now, then device pinned memory won't be used.
  warnings.warn(warn_msg)
/Users/segevbin/Desktop/SensAI/Aiayer/.venv/lib/python3.13/site-packages/torch/utils/data/dataloader.py:683: UserWarning: 'pin_memory' argument is set as true but not supported on MPS now, then device pinned memory won't be used.
  warnings.warn(warn_msg)
/Users/segevbin/Desktop/SensAI/Aiayer/.venv/lib/python3.13/site-packages/torch/utils/data/dataloader.py:683: UserWarning: 'pin_memory' argument is set as true but not supported on MPS now, then device pinned memory won't be used.
  warnings.warn(warn_msg)
/Users/segevbin/Desktop/SensAI/Aiayer/.venv/lib/python3.13/site-packages/torch/utils/data/dataloader.py:683: UserWarning: 'pin_memory' argument is set as true but not supported on MPS now, then device pinned memory won't be used.
  warnings.warn(warn_msg)
/Users/segevbin/Desktop/SensAI/Aiayer/.venv/lib/python3.13/site-packages/torch/utils/data/dataloader.py:683: UserWarning: 'pin_memory' argument is set as true but not supported on MPS now, then device pinned memory won't be used.
  warnings.warn(warn_msg)
/Users/segevbin/Desktop/SensAI/Aiayer/.venv/lib/python3.13/site-packages/torch/utils/data/dataloader.py:683: UserWarning: 'pin_memory' argument is set as true but not supported on MPS now, then device pinned memory won't be used.
  warnings.warn(warn_msg)
/Users/segevbin/Desktop/SensAI/Aiayer/.venv/lib/python3.13/site-packages/torch/utils/data/dataloader.py:683: UserWarning: 'pin_memory' argument is set as true but not supported on MPS now, then device pinned memory won't be used.
  warnings.warn(warn_msg)
/Users/segevbin/Desktop/SensAI/Aiayer/.venv/lib/python3.13/site-packages/torch/utils/data/dataloader.py:683: UserWarning: 'pin_memory' argument is set as true but not supported on MPS now, then device pinned memory won't be used.
  warnings.warn(warn_msg)
/Users/segevbin/Desktop/SensAI/Aiayer/.venv/lib/python3.13/site-packages/torch/utils/data/dataloader.py:683: UserWarning: 'pin_memory' argument is set as true but not supported on MPS now, then device pinned memory won't be used.
  warnings.warn(warn_msg)
/Users/segevbin/Desktop/SensAI/Aiayer/.venv/lib/python3.13/site-packages/torch/utils/data/dataloader.py:683: UserWarning: 'pin_memory' argument is set as true but not supported on MPS now, then device pinned memory won't be used.
  warnings.warn(warn_msg)
/Users/segevbin/Desktop/SensAI/Aiayer/.venv/lib/python3.13/site-packages/torch/utils/data/dataloader.py:683: UserWarning: 'pin_memory' argument is set as true but not supported on MPS now, then device pinned memory won't be used.
  warnings.warn(warn_msg)
/Users/segevbin/Desktop/SensAI/Aiayer/.venv/lib/python3.13/site-packages/torch/utils/data/dataloader.py:683: UserWarning: 'pin_memory' argument is set as true but not supported on MPS now, then device pinned memory won't be used.
  warnings.warn(warn_msg)
/Users/segevbin/Desktop/SensAI/Aiayer/.venv/lib/python3.13/site-packages/torch/utils/data/dataloader.py:683: UserWarning: 'pin_memory' argument is set as true but not supported on MPS now, then device pinned memory won't be used.
  warnings.warn(warn_msg)
/Users/segevbin/Desktop/SensAI/Aiayer/.venv/lib/python3.13/site-packages/torch/utils/data/dataloader.py:683: UserWarning: 'pin_memory' argument is set as true but not supported on MPS now, then device pinned memory won't be used.
  warnings.warn(warn_msg)
/Users/segevbin/Desktop/SensAI/Aiayer/.venv/lib/python3.13/site-packages/torch/utils/data/dataloader.py:683: UserWarning: 'pin_memory' argument is set as true but not supported on MPS now, then device pinned memory won't be used.
  warnings.warn(warn_msg)
/Users/segevbin/Desktop/SensAI/Aiayer/.venv/lib/python3.13/site-packages/torch/utils/data/dataloader.py:683: UserWarning: 'pin_memory' argument is set as true but not supported on MPS now, then device pinned memory won't be used.
  warnings.warn(warn_msg)
/Users/segevbin/Desktop/SensAI/Aiayer/.venv/lib/python3.13/site-packages/torch/utils/data/dataloader.py:683: UserWarning: 'pin_memory' argument is set as true but not supported on MPS now, then device pinned memory won't be used.
  warnings.warn(warn_msg)
/Users/segevbin/Desktop/SensAI/Aiayer/.venv/lib/python3.13/site-packages/torch/utils/data/dataloader.py:683: UserWarning: 'pin_memory' argument is set as true but not supported on MPS now, then device pinned memory won't be used.
  warnings.warn(warn_msg)
/Users/segevbin/Desktop/SensAI/Aiayer/.venv/lib/python3.13/site-packages/torch/utils/data/dataloader.py:683: UserWarning: 'pin_memory' argument is set as true but not supported on MPS now, then device pinned memory won't be used.
  warnings.warn(warn_msg)
/Users/segevbin/Desktop/SensAI/Aiayer/.venv/lib/python3.13/site-packages/torch/utils/data/dataloader.py:683: UserWarning: 'pin_memory' argument is set as true but not supported on MPS now, then device pinned memory won't be used.
  warnings.warn(warn_msg)
/Users/segevbin/Desktop/SensAI/Aiayer/.venv/lib/python3.13/site-packages/torch/utils/data/dataloader.py:683: UserWarning: 'pin_memory' argument is set as true but not supported on MPS now, then device pinned memory won't be used.
  warnings.warn(warn_msg)
/Users/segevbin/Desktop/SensAI/Aiayer/.venv/lib/python3.13/site-packages/torch/utils/data/dataloader.py:683: UserWarning: 'pin_memory' argument is set as true but not supported on MPS now, then device pinned memory won't be used.
  warnings.warn(warn_msg)
/Users/segevbin/Desktop/SensAI/Aiayer/.venv/lib/python3.13/site-packages/torch/utils/data/dataloader.py:683: UserWarning: 'pin_memory' argument is set as true but not supported on MPS now, then device pinned memory won't be used.
  warnings.warn(warn_msg)
/Users/segevbin/Desktop/SensAI/Aiayer/.venv/lib/python3.13/site-packages/torch/utils/data/dataloader.py:683: UserWarning: 'pin_memory' argument is set as true but not supported on MPS now, then device pinned memory won't be used.
  warnings.warn(warn_msg)
/Users/segevbin/Desktop/SensAI/Aiayer/.venv/lib/python3.13/site-packages/torch/utils/data/dataloader.py:683: UserWarning: 'pin_memory' argument is set as true but not supported on MPS now, then device pinned memory won't be used.
  warnings.warn(warn_msg)
/Users/segevbin/Desktop/SensAI/Aiayer/.venv/lib/python3.13/site-packages/torch/utils/data/dataloader.py:683: UserWarning: 'pin_memory' argument is set as true but not supported on MPS now, then device pinned memory won't be used.
  warnings.warn(warn_msg)
/Users/segevbin/Desktop/SensAI/Aiayer/.venv/lib/python3.13/site-packages/torch/utils/data/dataloader.py:683: UserWarning: 'pin_memory' argument is set as true but not supported on MPS now, then device pinned memory won't be used.
  warnings.warn(warn_msg)
/Users/segevbin/Desktop/SensAI/Aiayer/.venv/lib/python3.13/site-packages/torch/utils/data/dataloader.py:683: UserWarning: 'pin_memory' argument is set as true but not supported on MPS now, then device pinned memory won't be used.
  warnings.warn(warn_msg)
/Users/segevbin/Desktop/SensAI/Aiayer/.venv/lib/python3.13/site-packages/torch/utils/data/dataloader.py:683: UserWarning: 'pin_memory' argument is set as true but not supported on MPS now, then device pinned memory won't be used.
  warnings.warn(warn_msg)
/Users/segevbin/Desktop/SensAI/Aiayer/.venv/lib/python3.13/site-packages/torch/utils/data/dataloader.py:683: UserWarning: 'pin_memory' argument is set as true but not supported on MPS now, then device pinned memory won't be used.
  warnings.warn(warn_msg)
/Users/segevbin/Desktop/SensAI/Aiayer/.venv/lib/python3.13/site-packages/torch/utils/data/dataloader.py:683: UserWarning: 'pin_memory' argument is set as true but not supported on MPS now, then device pinned memory won't be used.
  warnings.warn(warn_msg)
/Users/segevbin/Desktop/SensAI/Aiayer/.venv/lib/python3.13/site-packages/torch/utils/data/dataloader.py:683: UserWarning: 'pin_memory' argument is set as true but not supported on MPS now, then device pinned memory won't be used.
  warnings.warn(warn_msg)
/Users/segevbin/Desktop/SensAI/Aiayer/.venv/lib/python3.13/site-packages/torch/utils/data/dataloader.py:683: UserWarning: 'pin_memory' argument is set as true but not supported on MPS now, then device pinned memory won't be used.
  warnings.warn(warn_msg)
/Users/segevbin/Desktop/SensAI/Aiayer/.venv/lib/python3.13/site-packages/torch/utils/data/dataloader.py:683: UserWarning: 'pin_memory' argument is set as true but not supported on MPS now, then device pinned memory won't be used.
  warnings.warn(warn_msg)
/Users/segevbin/Desktop/SensAI/Aiayer/.venv/lib/python3.13/site-packages/torch/utils/data/dataloader.py:683: UserWarning: 'pin_memory' argument is set as true but not supported on MPS now, then device pinned memory won't be used.
  warnings.warn(warn_msg)
/Users/segevbin/Desktop/SensAI/Aiayer/.venv/lib/python3.13/site-packages/torch/utils/data/dataloader.py:683: UserWarning: 'pin_memory' argument is set as true but not supported on MPS now, then device pinned memory won't be used.
  warnings.warn(warn_msg)
/Users/segevbin/Desktop/SensAI/Aiayer/.venv/lib/python3.13/site-packages/torch/utils/data/dataloader.py:683: UserWarning: 'pin_memory' argument is set as true but not supported on MPS now, then device pinned memory won't be used.
  warnings.warn(warn_msg)
/Users/segevbin/Desktop/SensAI/Aiayer/.venv/lib/python3.13/site-packages/torch/utils/data/dataloader.py:683: UserWarning: 'pin_memory' argument is set as true but not supported on MPS now, then device pinned memory won't be used.
  warnings.warn(warn_msg)
/Users/segevbin/Desktop/SensAI/Aiayer/.venv/lib/python3.13/site-packages/torch/utils/data/dataloader.py:683: UserWarning: 'pin_memory' argument is set as true but not supported on MPS now, then device pinned memory won't be used.
  warnings.warn(warn_msg)
/Users/segevbin/Desktop/SensAI/Aiayer/.venv/lib/python3.13/site-packages/torch/utils/data/dataloader.py:683: UserWarning: 'pin_memory' argument is set as true but not supported on MPS now, then device pinned memory won't be used.
  warnings.warn(warn_msg)
/Users/segevbin/Desktop/SensAI/Aiayer/.venv/lib/python3.13/site-packages/torch/utils/data/dataloader.py:683: UserWarning: 'pin_memory' argument is set as true but not supported on MPS now, then device pinned memory won't be used.
  warnings.warn(warn_msg)
/Users/segevbin/Desktop/SensAI/Aiayer/.venv/lib/python3.13/site-packages/torch/utils/data/dataloader.py:683: UserWarning: 'pin_memory' argument is set as true but not supported on MPS now, then device pinned memory won't be used.
  warnings.warn(warn_msg)
/Users/segevbin/Desktop/SensAI/Aiayer/.venv/lib/python3.13/site-packages/torch/utils/data/dataloader.py:683: UserWarning: 'pin_memory' argument is set as true but not supported on MPS now, then device pinned memory won't be used.
  warnings.warn(warn_msg)
/Users/segevbin/Desktop/SensAI/Aiayer/.venv/lib/python3.13/site-packages/torch/utils/data/dataloader.py:683: UserWarning: 'pin_memory' argument is set as true but not supported on MPS now, then device pinned memory won't be used.
  warnings.warn(warn_msg)
/Users/segevbin/Desktop/SensAI/Aiayer/.venv/lib/python3.13/site-packages/torch/utils/data/dataloader.py:683: UserWarning: 'pin_memory' argument is set as true but not supported on MPS now, then device pinned memory won't be used.
  warnings.warn(warn_msg)
/Users/segevbin/Desktop/SensAI/Aiayer/.venv/lib/python3.13/site-packages/torch/utils/data/dataloader.py:683: UserWarning: 'pin_memory' argument is set as true but not supported on MPS now, then device pinned memory won't be used.
  warnings.warn(warn_msg)
/Users/segevbin/Desktop/SensAI/Aiayer/.venv/lib/python3.13/site-packages/torch/utils/data/dataloader.py:683: UserWarning: 'pin_memory' argument is set as true but not supported on MPS now, then device pinned memory won't be used.
  warnings.warn(warn_msg)
/Users/segevbin/Desktop/SensAI/Aiayer/.venv/lib/python3.13/site-packages/torch/utils/data/dataloader.py:683: UserWarning: 'pin_memory' argument is set as true but not supported on MPS now, then device pinned memory won't be used.
  warnings.warn(warn_msg)
/Users/segevbin/Desktop/SensAI/Aiayer/.venv/lib/python3.13/site-packages/torch/utils/data/dataloader.py:683: UserWarning: 'pin_memory' argument is set as true but not supported on MPS now, then device pinned memory won't be used.
  warnings.warn(warn_msg)
/Users/segevbin/Desktop/SensAI/Aiayer/.venv/lib/python3.13/site-packages/torch/utils/data/dataloader.py:683: UserWarning: 'pin_memory' argument is set as true but not supported on MPS now, then device pinned memory won't be used.
  warnings.warn(warn_msg)
/Users/segevbin/Desktop/SensAI/Aiayer/.venv/lib/python3.13/site-packages/torch/utils/data/dataloader.py:683: UserWarning: 'pin_memory' argument is set as true but not supported on MPS now, then device pinned memory won't be used.
  warnings.warn(warn_msg)
/Users/segevbin/Desktop/SensAI/Aiayer/.venv/lib/python3.13/site-packages/torch/utils/data/dataloader.py:683: UserWarning: 'pin_memory' argument is set as true but not supported on MPS now, then device pinned memory won't be used.
  warnings.warn(warn_msg)
/Users/segevbin/Desktop/SensAI/Aiayer/.venv/lib/python3.13/site-packages/torch/utils/data/dataloader.py:683: UserWarning: 'pin_memory' argument is set as true but not supported on MPS now, then device pinned memory won't be used.
  warnings.warn(warn_msg)
/Users/segevbin/Desktop/SensAI/Aiayer/.venv/lib/python3.13/site-packages/torch/utils/data/dataloader.py:683: UserWarning: 'pin_memory' argument is set as true but not supported on MPS now, then device pinned memory won't be used.
  warnings.warn(warn_msg)
/Users/segevbin/Desktop/SensAI/Aiayer/.venv/lib/python3.13/site-packages/torch/utils/data/dataloader.py:683: UserWarning: 'pin_memory' argument is set as true but not supported on MPS now, then device pinned memory won't be used.
  warnings.warn(warn_msg)
/Users/segevbin/Desktop/SensAI/Aiayer/.venv/lib/python3.13/site-packages/torch/utils/data/dataloader.py:683: UserWarning: 'pin_memory' argument is set as true but not supported on MPS now, then device pinned memory won't be used.
  warnings.warn(warn_msg)
/Users/segevbin/Desktop/SensAI/Aiayer/.venv/lib/python3.13/site-packages/torch/utils/data/dataloader.py:683: UserWarning: 'pin_memory' argument is set as true but not supported on MPS now, then device pinned memory won't be used.
  warnings.warn(warn_msg)
/Users/segevbin/Desktop/SensAI/Aiayer/.venv/lib/python3.13/site-packages/torch/utils/data/dataloader.py:683: UserWarning: 'pin_memory' argument is set as true but not supported on MPS now, then device pinned memory won't be used.
  warnings.warn(warn_msg)
/Users/segevbin/Desktop/SensAI/Aiayer/.venv/lib/python3.13/site-packages/torch/utils/data/dataloader.py:683: UserWarning: 'pin_memory' argument is set as true but not supported on MPS now, then device pinned memory won't be used.
  warnings.warn(warn_msg)
/Users/segevbin/Desktop/SensAI/Aiayer/.venv/lib/python3.13/site-packages/torch/utils/data/dataloader.py:683: UserWarning: 'pin_memory' argument is set as true but not supported on MPS now, then device pinned memory won't be used.
  warnings.warn(warn_msg)
/Users/segevbin/Desktop/SensAI/Aiayer/.venv/lib/python3.13/site-packages/torch/utils/data/dataloader.py:683: UserWarning: 'pin_memory' argument is set as true but not supported on MPS now, then device pinned memory won't be used.
  warnings.warn(warn_msg)
/Users/segevbin/Desktop/SensAI/Aiayer/.venv/lib/python3.13/site-packages/torch/utils/data/dataloader.py:683: UserWarning: 'pin_memory' argument is set as true but not supported on MPS now, then device pinned memory won't be used.
  warnings.warn(warn_msg)
/Users/segevbin/Desktop/SensAI/Aiayer/.venv/lib/python3.13/site-packages/torch/utils/data/dataloader.py:683: UserWarning: 'pin_memory' argument is set as true but not supported on MPS now, then device pinned memory won't be used.
  warnings.warn(warn_msg)
/Users/segevbin/Desktop/SensAI/Aiayer/.venv/lib/python3.13/site-packages/torch/utils/data/dataloader.py:683: UserWarning: 'pin_memory' argument is set as true but not supported on MPS now, then device pinned memory won't be used.
  warnings.warn(warn_msg)
/Users/segevbin/Desktop/SensAI/Aiayer/.venv/lib/python3.13/site-packages/torch/utils/data/dataloader.py:683: UserWarning: 'pin_memory' argument is set as true but not supported on MPS now, then device pinned memory won't be used.
  warnings.warn(warn_msg)
/Users/segevbin/Desktop/SensAI/Aiayer/.venv/lib/python3.13/site-packages/torch/utils/data/dataloader.py:683: UserWarning: 'pin_memory' argument is set as true but not supported on MPS now, then device pinned memory won't be used.
  warnings.warn(warn_msg)
/Users/segevbin/Desktop/SensAI/Aiayer/.venv/lib/python3.13/site-packages/torch/utils/data/dataloader.py:683: UserWarning: 'pin_memory' argument is set as true but not supported on MPS now, then device pinned memory won't be used.
  warnings.warn(warn_msg)
/Users/segevbin/Desktop/SensAI/Aiayer/.venv/lib/python3.13/site-packages/torch/utils/data/dataloader.py:683: UserWarning: 'pin_memory' argument is set as true but not supported on MPS now, then device pinned memory won't be used.
  warnings.warn(warn_msg)
/Users/segevbin/Desktop/SensAI/Aiayer/.venv/lib/python3.13/site-packages/torch/utils/data/dataloader.py:683: UserWarning: 'pin_memory' argument is set as true but not supported on MPS now, then device pinned memory won't be used.
  warnings.warn(warn_msg)
/Users/segevbin/Desktop/SensAI/Aiayer/.venv/lib/python3.13/site-packages/torch/utils/data/dataloader.py:683: UserWarning: 'pin_memory' argument is set as true but not supported on MPS now, then device pinned memory won't be used.
  warnings.warn(warn_msg)
/Users/segevbin/Desktop/SensAI/Aiayer/.venv/lib/python3.13/site-packages/torch/utils/data/dataloader.py:683: UserWarning: 'pin_memory' argument is set as true but not supported on MPS now, then device pinned memory won't be used.
  warnings.warn(warn_msg)
/Users/segevbin/Desktop/SensAI/Aiayer/.venv/lib/python3.13/site-packages/torch/utils/data/dataloader.py:683: UserWarning: 'pin_memory' argument is set as true but not supported on MPS now, then device pinned memory won't be used.
  warnings.warn(warn_msg)
/Users/segevbin/Desktop/SensAI/Aiayer/.venv/lib/python3.13/site-packages/torch/utils/data/dataloader.py:683: UserWarning: 'pin_memory' argument is set as true but not supported on MPS now, then device pinned memory won't be used.
  warnings.warn(warn_msg)
/Users/segevbin/Desktop/SensAI/Aiayer/.venv/lib/python3.13/site-packages/torch/utils/data/dataloader.py:683: UserWarning: 'pin_memory' argument is set as true but not supported on MPS now, then device pinned memory won't be used.
  warnings.warn(warn_msg)
2025-06-03 19:15:57,207 - INFO - Saved detection result: cache/neural_ui_detector/detection_1748992343.json
2025-06-03 19:15:57,212 - INFO - UI detection completed in 214.17s with 972 elements
2025-06-03 19:15:57,214 - INFO - Neural UI detection found 972 elements
2025-06-03 19:15:57,232 - INFO - Found best element: button with confidence 0.9998188534417123
2025-06-03 19:15:57,233 - ERROR - Neural UI detection failed: no close frame received or sent
2025-06-03 19:15:57,242 - ERROR - Traceback (most recent call last):
  File "/Users/segevbin/Desktop/SensAI/Aiayer/neural_ui_do_button_handler.py", line 106, in handle_do_button
    await websocket.send(json.dumps({
    ...<4 lines>...
    }))
  File "/Users/segevbin/Desktop/SensAI/Aiayer/.venv/lib/python3.13/site-packages/websockets/asyncio/connection.py", line 476, in send
    async with self.send_context():
               ~~~~~~~~~~~~~~~~~^^
  File "/opt/homebrew/Cellar/python@3.13/3.13.3/Frameworks/Python.framework/Versions/3.13/lib/python3.13/contextlib.py", line 214, in __aenter__
    return await anext(self.gen)
           ^^^^^^^^^^^^^^^^^^^^^
  File "/Users/segevbin/Desktop/SensAI/Aiayer/.venv/lib/python3.13/site-packages/websockets/asyncio/connection.py", line 957, in send_context
    raise self.protocol.close_exc from original_exc
websockets.exceptions.ConnectionClosedError: no close frame received or sent

2025-06-03 19:15:57,242 - INFO - Using universal automation handler for execute_plan
2025-06-03 19:15:57,242 - ERROR - Universal automation handler failed: no close frame received or sent
2025-06-03 19:15:57,243 - ERROR - Traceback (most recent call last):
  File "/Users/segevbin/Desktop/SensAI/Aiayer/neural_ui_do_button_handler.py", line 137, in handle_do_button
    await websocket.send(json.dumps({
    ...<4 lines>...
    }))
  File "/Users/segevbin/Desktop/SensAI/Aiayer/.venv/lib/python3.13/site-packages/websockets/asyncio/connection.py", line 476, in send
    async with self.send_context():
               ~~~~~~~~~~~~~~~~~^^
  File "/opt/homebrew/Cellar/python@3.13/3.13.3/Frameworks/Python.framework/Versions/3.13/lib/python3.13/contextlib.py", line 214, in __aenter__
    return await anext(self.gen)
           ^^^^^^^^^^^^^^^^^^^^^
  File "/Users/segevbin/Desktop/SensAI/Aiayer/.venv/lib/python3.13/site-packages/websockets/asyncio/connection.py", line 957, in send_context
    raise self.protocol.close_exc from original_exc
websockets.exceptions.ConnectionClosedError: no close frame received or sent

2025-06-03 19:15:57,243 - WARNING - All handlers failed, simulating success
2025-06-03 19:15:57,243 - ERROR - Error handling DO button: no close frame received or sent
2025-06-03 19:15:57,243 - ERROR - Traceback (most recent call last):
  File "/Users/segevbin/Desktop/SensAI/Aiayer/neural_ui_do_button_handler.py", line 174, in handle_do_button
    await websocket.send(json.dumps({
    ...<4 lines>...
    }))
  File "/Users/segevbin/Desktop/SensAI/Aiayer/.venv/lib/python3.13/site-packages/websockets/asyncio/connection.py", line 476, in send
    async with self.send_context():
               ~~~~~~~~~~~~~~~~~^^
  File "/opt/homebrew/Cellar/python@3.13/3.13.3/Frameworks/Python.framework/Versions/3.13/lib/python3.13/contextlib.py", line 214, in __aenter__
    return await anext(self.gen)
           ^^^^^^^^^^^^^^^^^^^^^
  File "/Users/segevbin/Desktop/SensAI/Aiayer/.venv/lib/python3.13/site-packages/websockets/asyncio/connection.py", line 957, in send_context
    raise self.protocol.close_exc from original_exc
websockets.exceptions.ConnectionClosedError: no close frame received or sent

2025-06-03 19:15:57,243 - ERROR - Error processing direct client message: no close frame received or sent
2025-06-03 19:15:57,245 - ERROR - Traceback (most recent call last):
  File "/Users/segevbin/Desktop/SensAI/Aiayer/neural_ui_do_button_handler.py", line 352, in direct_handler
    await handle_do_button(websocket, action, plan_id)
  File "/Users/segevbin/Desktop/SensAI/Aiayer/neural_ui_do_button_handler.py", line 196, in handle_do_button
    await websocket.send(json.dumps({
    ...<4 lines>...
    }))
  File "/Users/segevbin/Desktop/SensAI/Aiayer/.venv/lib/python3.13/site-packages/websockets/asyncio/connection.py", line 476, in send
    async with self.send_context():
               ~~~~~~~~~~~~~~~~~^^
  File "/opt/homebrew/Cellar/python@3.13/3.13.3/Frameworks/Python.framework/Versions/3.13/lib/python3.13/contextlib.py", line 214, in __aenter__
    return await anext(self.gen)
           ^^^^^^^^^^^^^^^^^^^^^
  File "/Users/segevbin/Desktop/SensAI/Aiayer/.venv/lib/python3.13/site-packages/websockets/asyncio/connection.py", line 957, in send_context
    raise self.protocol.close_exc from original_exc
websockets.exceptions.ConnectionClosedError: no close frame received or sent

2025-06-03 19:15:57,246 - INFO - Direct client client_10958110800 disconnected
2025-06-04 01:53:24 - neural_ui_do_button - INFO - neural_ui_do_button_handler.py:29 - ✅ Loaded logging configuration from config/neural_ui_do_button_logging.conf
2025-06-04 01:53:24 - neural_ui_do_button - INFO - neural_ui_do_button_handler.py:59 - ✅ Plan persistence module loaded successfully
2025-06-04 02:15:27 - neural_ui_do_button - INFO - neural_ui_do_button_handler.py:29 - ✅ Loaded logging configuration from config/neural_ui_do_button_logging.conf
2025-06-04 02:15:27 - neural_ui_do_button - INFO - neural_ui_do_button_handler.py:59 - ✅ Plan persistence module loaded successfully
2025-06-04 02:15:29 - neural_ui_do_button - INFO - neural_ui_do_button_handler.py:29 - ✅ Loaded logging configuration from config/neural_ui_do_button_logging.conf
2025-06-04 02:15:29 - neural_ui_do_button - INFO - neural_ui_do_button_handler.py:59 - ✅ Plan persistence module loaded successfully
2025-06-04 02:15:29 - neural_ui_do_button - INFO - neural_ui_do_button_handler.py:97 - ✅ Connected to backend at ws://localhost:8767/ws
2025-06-04 02:15:29 - neural_ui_do_button - INFO - neural_ui_do_button_handler.py:108 - ✅ Registered with backend: {"type": "connection_established", "client_id": "client_1749017729170", "message": "Connected to Enh...
2025-06-04 02:15:29 - neural_ui_do_button - INFO - neural_ui_do_button_handler.py:112 - ✅ Connected to DO button server at ws://localhost:8765
2025-06-04 02:15:29 - neural_ui_do_button - INFO - neural_ui_do_button_handler.py:114 - ✅ DO button server welcome: {"type": "welcome", "message": "Connected to direct coordinate automation server on port 8765", "ser...
2025-06-04 02:15:29 - neural_ui_do_button - WARNING - neural_ui_do_button_handler.py:123 - ⚠️ Could not connect to Neural UI server: Multiple exceptions: [Errno 61] Connect call failed ('::1', 8768, 0, 0), [Errno 61] Connect call failed ('127.0.0.1', 8768)
2025-06-04 02:15:29 - neural_ui_do_button - INFO - neural_ui_do_button_handler.py:127 - ✅ All connections established successfully
2025-06-04 02:15:29 - neural_ui_do_button - INFO - neural_ui_do_button_handler.py:165 - Checking for plan test_plan_4ff0cd54-b578-4f67-b3d5-6b00a21839e4 in backend
2025-06-04 02:15:29 - neural_ui_do_button - WARNING - neural_ui_do_button_handler.py:207 - Plan test_plan_4ff0cd54-b578-4f67-b3d5-6b00a21839e4 not found in any system, creating backup plan
2025-06-04 02:15:29 - neural_ui_do_button - INFO - neural_ui_do_button_handler.py:244 - ✅ Created and saved backup plan: True
2025-06-04 02:15:29 - neural_ui_do_button - INFO - neural_ui_do_button_handler.py:248 - ✅ Created backup plan for test_plan_4ff0cd54-b578-4f67-b3d5-6b00a21839e4
2025-06-04 02:15:29 - neural_ui_do_button - INFO - neural_ui_do_button_handler.py:282 - ✅ Added plan data to message for test_plan_4ff0cd54-b578-4f67-b3d5-6b00a21839e4
2025-06-04 02:15:29 - neural_ui_do_button - ERROR - neural_ui_do_button_handler.py:310 - ❌ Error forwarding to DO button server: 'ClientConnection' object has no attribute 'closed'
2025-06-04 02:28:08 - neural_ui_do_button - INFO - neural_ui_do_button_handler.py:29 - ✅ Loaded logging configuration from config/neural_ui_do_button_logging.conf
2025-06-04 02:28:08 - neural_ui_do_button - INFO - neural_ui_do_button_handler.py:59 - ✅ Plan persistence module loaded successfully
2025-06-04 02:29:32 - neural_ui_do_button - INFO - neural_ui_do_button_handler.py:29 - ✅ Loaded logging configuration from config/neural_ui_do_button_logging.conf
2025-06-04 02:29:32 - neural_ui_do_button - INFO - neural_ui_do_button_handler.py:59 - ✅ Plan persistence module loaded successfully
2025-06-04 10:55:15 - neural_ui_do_button - INFO - neural_ui_do_button_handler.py:29 - ✅ Loaded logging configuration from config/neural_ui_do_button_logging.conf
2025-06-04 10:55:15 - neural_ui_do_button - INFO - neural_ui_do_button_handler.py:58 - ✅ Plan persistence module loaded successfully
2025-06-04 10:55:15 - neural_ui_do_button - INFO - neural_ui_do_button_handler.py:94 - ✅ Using backend's shared_pending_plans dictionary
2025-06-04 12:13:38 - neural_ui_do_button - INFO - neural_ui_do_button_handler.py:29 - ✅ Loaded logging configuration from config/neural_ui_do_button_logging.conf
2025-06-04 12:13:38 - neural_ui_do_button - WARNING - neural_ui_do_button_handler.py:63 - ⚠️ Plan persistence module missing function: module 'plan_persistence' has no attribute 'delete_plan'
2025-06-04 12:13:41 - neural_ui_do_button - INFO - neural_ui_do_button_handler.py:94 - ✅ Using backend's shared_pending_plans dictionary
2025-06-04 12:13:41 - neural_ui_do_button - INFO - neural_ui_do_button_handler.py:114 - Connected to backend server: {"type": "connection_established", "client_id": "c...
2025-06-04 12:13:41 - neural_ui_do_button - INFO - neural_ui_do_button_handler.py:119 - Connected to DO button server: {"type": "connection_established", "server_version...
2025-06-04 12:13:41 - neural_ui_do_button - INFO - neural_ui_do_button_handler.py:125 - Connected to Neural UI server: {"type": "welcome", "message": "Connected to Neura...
2025-06-04 12:13:41 - neural_ui_do_button - INFO - neural_ui_do_button_handler.py:131 - ✅ Connected to all required servers
2025-06-04 12:13:41 - neural_ui_do_button - ERROR - neural_ui_do_button_handler.py:264 - ❌ No plan ID found in message
2025-06-04 23:57:31 - neural_ui_do_button - INFO - neural_ui_do_button_handler.py:29 - ✅ Loaded logging configuration from config/neural_ui_do_button_logging.conf
2025-06-04 23:57:31 - neural_ui_do_button - INFO - neural_ui_do_button_handler.py:58 - ✅ Plan persistence module loaded successfully
2025-06-04 23:57:32 - neural_ui_do_button - INFO - neural_ui_do_button_handler.py:94 - ✅ Using backend's shared_pending_plans dictionary
2025-06-04 23:57:32 - neural_ui_do_button - INFO - neural_ui_do_button_handler.py:532 - Starting Neural UI DO Button Handler
2025-06-04 23:57:32 - neural_ui_do_button - ERROR - neural_ui_do_button_handler.py:134 - ❌ Connection error: Multiple exceptions: [Errno 61] Connect call failed ('::1', 8767, 0, 0), [Errno 61] Connect call failed ('127.0.0.1', 8767)
2025-06-04 23:57:32 - neural_ui_do_button - INFO - neural_ui_do_button_handler.py:153 - Disconnected from all servers
2025-06-04 23:57:32 - neural_ui_do_button - ERROR - neural_ui_do_button_handler.py:537 - Failed to connect to servers, exiting
2025-06-05 00:09:13 - neural_ui_do_button - INFO - neural_ui_do_button_handler.py:29 - ✅ Loaded logging configuration from config/neural_ui_do_button_logging.conf
2025-06-05 00:09:13 - neural_ui_do_button - INFO - neural_ui_do_button_handler.py:58 - ✅ Plan persistence module loaded successfully
2025-06-05 00:09:14 - neural_ui_do_button - INFO - neural_ui_do_button_handler.py:94 - ✅ Using backend's shared_pending_plans dictionary
2025-06-05 00:09:14 - neural_ui_do_button - INFO - neural_ui_do_button_handler.py:532 - Starting Neural UI DO Button Handler
2025-06-05 00:09:14 - neural_ui_do_button - ERROR - neural_ui_do_button_handler.py:134 - ❌ Connection error: Multiple exceptions: [Errno 61] Connect call failed ('::1', 8767, 0, 0), [Errno 61] Connect call failed ('127.0.0.1', 8767)
2025-06-05 00:09:14 - neural_ui_do_button - INFO - neural_ui_do_button_handler.py:153 - Disconnected from all servers
2025-06-05 00:09:14 - neural_ui_do_button - ERROR - neural_ui_do_button_handler.py:537 - Failed to connect to servers, exiting
2025-06-05 00:16:31 - neural_ui_do_button - INFO - neural_ui_do_button_handler.py:29 - ✅ Loaded logging configuration from config/neural_ui_do_button_logging.conf
2025-06-05 00:16:31 - neural_ui_do_button - INFO - neural_ui_do_button_handler.py:58 - ✅ Plan persistence module loaded successfully
2025-06-05 00:16:32 - neural_ui_do_button - INFO - neural_ui_do_button_handler.py:94 - ✅ Using backend's shared_pending_plans dictionary
2025-06-05 00:16:32 - neural_ui_do_button - INFO - neural_ui_do_button_handler.py:532 - Starting Neural UI DO Button Handler
2025-06-05 00:16:32 - neural_ui_do_button - ERROR - neural_ui_do_button_handler.py:134 - ❌ Connection error: Multiple exceptions: [Errno 61] Connect call failed ('::1', 8767, 0, 0), [Errno 61] Connect call failed ('127.0.0.1', 8767)
2025-06-05 00:16:32 - neural_ui_do_button - INFO - neural_ui_do_button_handler.py:153 - Disconnected from all servers
2025-06-05 00:16:32 - neural_ui_do_button - ERROR - neural_ui_do_button_handler.py:537 - Failed to connect to servers, exiting
2025-06-05 00:36:42 - neural_ui_do_button - INFO - neural_ui_do_button_handler.py:29 - ✅ Loaded logging configuration from config/neural_ui_do_button_logging.conf
2025-06-05 00:36:42 - neural_ui_do_button - INFO - neural_ui_do_button_handler.py:58 - ✅ Plan persistence module loaded successfully
2025-06-05 00:36:44 - neural_ui_do_button - INFO - neural_ui_do_button_handler.py:94 - ✅ Using backend's shared_pending_plans dictionary
2025-06-05 00:36:44 - neural_ui_do_button - INFO - neural_ui_do_button_handler.py:532 - Starting Neural UI DO Button Handler
2025-06-05 00:36:44 - neural_ui_do_button - ERROR - neural_ui_do_button_handler.py:134 - ❌ Connection error: Multiple exceptions: [Errno 61] Connect call failed ('::1', 8767, 0, 0), [Errno 61] Connect call failed ('127.0.0.1', 8767)
2025-06-05 00:36:44 - neural_ui_do_button - INFO - neural_ui_do_button_handler.py:153 - Disconnected from all servers
2025-06-05 00:36:44 - neural_ui_do_button - ERROR - neural_ui_do_button_handler.py:537 - Failed to connect to servers, exiting
2025-06-05 01:41:02 - neural_ui_do_button - INFO - neural_ui_do_button_handler.py:29 - ✅ Loaded logging configuration from config/neural_ui_do_button_logging.conf
2025-06-05 01:41:02 - neural_ui_do_button - INFO - neural_ui_do_button_handler.py:58 - ✅ Plan persistence module loaded successfully
2025-06-05 01:41:04 - neural_ui_do_button - INFO - neural_ui_do_button_handler.py:94 - ✅ Using backend's shared_pending_plans dictionary
2025-06-05 01:41:04 - neural_ui_do_button - INFO - neural_ui_do_button_handler.py:532 - Starting Neural UI DO Button Handler
2025-06-05 01:41:04 - neural_ui_do_button - ERROR - neural_ui_do_button_handler.py:134 - ❌ Connection error: Multiple exceptions: [Errno 61] Connect call failed ('::1', 8767, 0, 0), [Errno 61] Connect call failed ('127.0.0.1', 8767)
2025-06-05 01:41:04 - neural_ui_do_button - INFO - neural_ui_do_button_handler.py:153 - Disconnected from all servers
2025-06-05 01:41:04 - neural_ui_do_button - ERROR - neural_ui_do_button_handler.py:537 - Failed to connect to servers, exiting
2025-06-05 01:51:39 - neural_ui_do_button - INFO - neural_ui_do_button_handler.py:29 - ✅ Loaded logging configuration from config/neural_ui_do_button_logging.conf
2025-06-05 01:51:39 - neural_ui_do_button - INFO - neural_ui_do_button_handler.py:58 - ✅ Plan persistence module loaded successfully
2025-06-05 01:51:41 - neural_ui_do_button - INFO - neural_ui_do_button_handler.py:94 - ✅ Using backend's shared_pending_plans dictionary
2025-06-05 01:51:41 - neural_ui_do_button - INFO - neural_ui_do_button_handler.py:532 - Starting Neural UI DO Button Handler
2025-06-05 01:51:41 - neural_ui_do_button - ERROR - neural_ui_do_button_handler.py:134 - ❌ Connection error: Multiple exceptions: [Errno 61] Connect call failed ('::1', 8767, 0, 0), [Errno 61] Connect call failed ('127.0.0.1', 8767)
2025-06-05 01:51:41 - neural_ui_do_button - INFO - neural_ui_do_button_handler.py:153 - Disconnected from all servers
2025-06-05 01:51:41 - neural_ui_do_button - ERROR - neural_ui_do_button_handler.py:537 - Failed to connect to servers, exiting
