/Users/segevbin/Desktop/SensAI/Aiayer/sensors/enhanced_fixed_process_sensor.py:16: DeprecationWarning: websockets.client.WebSocketClientProtocol is deprecated
  from websockets.client import WebSocketClientProtocol
2025-05-22 14:07:42,334 - __main__ - ERROR - Error connecting to bridge server: Multiple exceptions: [Errno 61] Connect call failed ('::1', 8765, 0, 0), [Errno 61] Connect call failed ('127.0.0.1', 8765)
2025-05-22 14:07:42,335 - __main__ - ERROR - Failed to connect to bridge server
2025-05-22 14:07:47,338 - __main__ - ERROR - Error connecting to bridge server: Multiple exceptions: [Errno 61] Connect call failed ('::1', 8765, 0, 0), [Errno 61] Connect call failed ('127.0.0.1', 8765)
2025-05-22 14:07:47,338 - __main__ - ERROR - Failed to connect to bridge server
2025-05-22 14:07:52,345 - __main__ - ERROR - Error connecting to bridge server: Multiple exceptions: [Errno 61] Connect call failed ('::1', 8765, 0, 0), [Errno 61] Connect call failed ('127.0.0.1', 8765)
2025-05-22 14:07:52,346 - __main__ - ERROR - Failed to connect to bridge server
2025-05-22 14:07:57,351 - __main__ - ERROR - Error connecting to bridge server: Multiple exceptions: [Errno 61] Connect call failed ('::1', 8765, 0, 0), [Errno 61] Connect call failed ('127.0.0.1', 8765)
2025-05-22 14:07:57,352 - __main__ - ERROR - Failed to connect to bridge server
2025-05-22 14:08:02,356 - __main__ - ERROR - Error connecting to bridge server: Multiple exceptions: [Errno 61] Connect call failed ('::1', 8765, 0, 0), [Errno 61] Connect call failed ('127.0.0.1', 8765)
2025-05-22 14:08:02,357 - __main__ - ERROR - Failed to connect to bridge server
2025-05-22 14:08:07,360 - __main__ - ERROR - Error connecting to bridge server: Multiple exceptions: [Errno 61] Connect call failed ('::1', 8765, 0, 0), [Errno 61] Connect call failed ('127.0.0.1', 8765)
2025-05-22 14:08:07,360 - __main__ - ERROR - Failed to connect to bridge server
2025-05-22 14:08:12,364 - __main__ - ERROR - Error connecting to bridge server: Multiple exceptions: [Errno 61] Connect call failed ('::1', 8765, 0, 0), [Errno 61] Connect call failed ('127.0.0.1', 8765)
2025-05-22 14:08:12,364 - __main__ - ERROR - Failed to connect to bridge server
2025-05-22 14:08:17,367 - __main__ - ERROR - Error connecting to bridge server: Multiple exceptions: [Errno 61] Connect call failed ('::1', 8765, 0, 0), [Errno 61] Connect call failed ('127.0.0.1', 8765)
2025-05-22 14:08:17,367 - __main__ - ERROR - Failed to connect to bridge server
2025-05-22 14:08:22,371 - __main__ - ERROR - Error connecting to bridge server: Multiple exceptions: [Errno 61] Connect call failed ('::1', 8765, 0, 0), [Errno 61] Connect call failed ('127.0.0.1', 8765)
2025-05-22 14:08:22,372 - __main__ - ERROR - Failed to connect to bridge server
2025-05-22 14:08:27,377 - __main__ - ERROR - Error connecting to bridge server: Multiple exceptions: [Errno 61] Connect call failed ('::1', 8765, 0, 0), [Errno 61] Connect call failed ('127.0.0.1', 8765)
2025-05-22 14:08:27,378 - __main__ - ERROR - Failed to connect to bridge server
2025-05-22 14:08:32,380 - __main__ - ERROR - Error connecting to bridge server: Multiple exceptions: [Errno 61] Connect call failed ('::1', 8765, 0, 0), [Errno 61] Connect call failed ('127.0.0.1', 8765)
2025-05-22 14:08:32,381 - __main__ - ERROR - Failed to connect to bridge server
2025-05-22 14:08:37,387 - __main__ - ERROR - Error connecting to bridge server: Multiple exceptions: [Errno 61] Connect call failed ('::1', 8765, 0, 0), [Errno 61] Connect call failed ('127.0.0.1', 8765)
2025-05-22 14:08:37,388 - __main__ - ERROR - Failed to connect to bridge server
2025-05-22 14:08:42,394 - __main__ - ERROR - Error connecting to bridge server: Multiple exceptions: [Errno 61] Connect call failed ('::1', 8765, 0, 0), [Errno 61] Connect call failed ('127.0.0.1', 8765)
2025-05-22 14:08:42,395 - __main__ - ERROR - Failed to connect to bridge server
2025-05-22 14:08:47,398 - __main__ - ERROR - Error connecting to bridge server: Multiple exceptions: [Errno 61] Connect call failed ('::1', 8765, 0, 0), [Errno 61] Connect call failed ('127.0.0.1', 8765)
2025-05-22 14:08:47,398 - __main__ - ERROR - Failed to connect to bridge server
2025-05-22 14:08:52,403 - __main__ - ERROR - Error connecting to bridge server: Multiple exceptions: [Errno 61] Connect call failed ('::1', 8765, 0, 0), [Errno 61] Connect call failed ('127.0.0.1', 8765)
2025-05-22 14:08:52,404 - __main__ - ERROR - Failed to connect to bridge server
2025-05-22 14:08:57,413 - __main__ - ERROR - Error connecting to bridge server: Multiple exceptions: [Errno 61] Connect call failed ('::1', 8765, 0, 0), [Errno 61] Connect call failed ('127.0.0.1', 8765)
2025-05-22 14:08:57,413 - __main__ - ERROR - Failed to connect to bridge server
2025-05-22 14:09:02,416 - __main__ - ERROR - Error connecting to bridge server: Multiple exceptions: [Errno 61] Connect call failed ('::1', 8765, 0, 0), [Errno 61] Connect call failed ('127.0.0.1', 8765)
2025-05-22 14:09:02,417 - __main__ - ERROR - Failed to connect to bridge server
2025-05-22 14:09:07,420 - __main__ - ERROR - Error connecting to bridge server: Multiple exceptions: [Errno 61] Connect call failed ('::1', 8765, 0, 0), [Errno 61] Connect call failed ('127.0.0.1', 8765)
2025-05-22 14:09:07,420 - __main__ - ERROR - Failed to connect to bridge server
2025-05-22 14:09:12,422 - __main__ - ERROR - Error connecting to bridge server: Multiple exceptions: [Errno 61] Connect call failed ('::1', 8765, 0, 0), [Errno 61] Connect call failed ('127.0.0.1', 8765)
2025-05-22 14:09:12,423 - __main__ - ERROR - Failed to connect to bridge server
2025-05-22 14:09:17,425 - __main__ - ERROR - Error connecting to bridge server: Multiple exceptions: [Errno 61] Connect call failed ('::1', 8765, 0, 0), [Errno 61] Connect call failed ('127.0.0.1', 8765)
2025-05-22 14:09:17,425 - __main__ - ERROR - Failed to connect to bridge server
2025-05-22 14:09:22,428 - __main__ - ERROR - Error connecting to bridge server: Multiple exceptions: [Errno 61] Connect call failed ('::1', 8765, 0, 0), [Errno 61] Connect call failed ('127.0.0.1', 8765)
2025-05-22 14:09:22,428 - __main__ - ERROR - Failed to connect to bridge server
2025-05-22 14:09:27,438 - __main__ - ERROR - Error connecting to bridge server: Multiple exceptions: [Errno 61] Connect call failed ('::1', 8765, 0, 0), [Errno 61] Connect call failed ('127.0.0.1', 8765)
2025-05-22 14:09:27,439 - __main__ - ERROR - Failed to connect to bridge server
2025-05-22 14:09:32,442 - __main__ - ERROR - Error connecting to bridge server: Multiple exceptions: [Errno 61] Connect call failed ('::1', 8765, 0, 0), [Errno 61] Connect call failed ('127.0.0.1', 8765)
2025-05-22 14:09:32,442 - __main__ - ERROR - Failed to connect to bridge server
2025-05-22 14:09:37,444 - __main__ - ERROR - Error connecting to bridge server: Multiple exceptions: [Errno 61] Connect call failed ('::1', 8765, 0, 0), [Errno 61] Connect call failed ('127.0.0.1', 8765)
2025-05-22 14:09:37,445 - __main__ - ERROR - Failed to connect to bridge server
2025-05-22 14:09:42,448 - __main__ - ERROR - Error connecting to bridge server: Multiple exceptions: [Errno 61] Connect call failed ('::1', 8765, 0, 0), [Errno 61] Connect call failed ('127.0.0.1', 8765)
2025-05-22 14:09:42,448 - __main__ - ERROR - Failed to connect to bridge server
2025-05-22 14:09:47,451 - __main__ - ERROR - Error connecting to bridge server: Multiple exceptions: [Errno 61] Connect call failed ('::1', 8765, 0, 0), [Errno 61] Connect call failed ('127.0.0.1', 8765)
2025-05-22 14:09:47,452 - __main__ - ERROR - Failed to connect to bridge server
2025-05-22 14:09:52,453 - __main__ - ERROR - Error connecting to bridge server: Multiple exceptions: [Errno 61] Connect call failed ('::1', 8765, 0, 0), [Errno 61] Connect call failed ('127.0.0.1', 8765)
2025-05-22 14:09:52,453 - __main__ - ERROR - Failed to connect to bridge server
2025-05-22 14:09:57,456 - __main__ - ERROR - Error connecting to bridge server: Multiple exceptions: [Errno 61] Connect call failed ('::1', 8765, 0, 0), [Errno 61] Connect call failed ('127.0.0.1', 8765)
2025-05-22 14:09:57,456 - __main__ - ERROR - Failed to connect to bridge server
2025-05-22 14:10:02,459 - __main__ - ERROR - Error connecting to bridge server: Multiple exceptions: [Errno 61] Connect call failed ('::1', 8765, 0, 0), [Errno 61] Connect call failed ('127.0.0.1', 8765)
2025-05-22 14:10:02,459 - __main__ - ERROR - Failed to connect to bridge server
2025-05-22 14:10:07,461 - __main__ - ERROR - Error connecting to bridge server: Multiple exceptions: [Errno 61] Connect call failed ('::1', 8765, 0, 0), [Errno 61] Connect call failed ('127.0.0.1', 8765)
2025-05-22 14:10:07,461 - __main__ - ERROR - Failed to connect to bridge server
2025-05-22 14:10:12,464 - __main__ - ERROR - Error connecting to bridge server: Multiple exceptions: [Errno 61] Connect call failed ('::1', 8765, 0, 0), [Errno 61] Connect call failed ('127.0.0.1', 8765)
2025-05-22 14:10:12,466 - __main__ - ERROR - Failed to connect to bridge server
2025-05-22 14:10:17,467 - __main__ - ERROR - Error connecting to bridge server: Multiple exceptions: [Errno 61] Connect call failed ('::1', 8765, 0, 0), [Errno 61] Connect call failed ('127.0.0.1', 8765)
2025-05-22 14:10:17,467 - __main__ - ERROR - Failed to connect to bridge server
2025-05-22 14:10:22,473 - __main__ - ERROR - Error connecting to bridge server: Multiple exceptions: [Errno 61] Connect call failed ('::1', 8765, 0, 0), [Errno 61] Connect call failed ('127.0.0.1', 8765)
2025-05-22 14:10:22,474 - __main__ - ERROR - Failed to connect to bridge server
2025-05-22 14:10:27,480 - __main__ - ERROR - Error connecting to bridge server: Multiple exceptions: [Errno 61] Connect call failed ('::1', 8765, 0, 0), [Errno 61] Connect call failed ('127.0.0.1', 8765)
2025-05-22 14:10:27,480 - __main__ - ERROR - Failed to connect to bridge server
2025-05-22 14:10:32,485 - __main__ - ERROR - Error connecting to bridge server: Multiple exceptions: [Errno 61] Connect call failed ('::1', 8765, 0, 0), [Errno 61] Connect call failed ('127.0.0.1', 8765)
2025-05-22 14:10:32,486 - __main__ - ERROR - Failed to connect to bridge server
2025-05-22 14:10:37,491 - __main__ - ERROR - Error connecting to bridge server: Multiple exceptions: [Errno 61] Connect call failed ('::1', 8765, 0, 0), [Errno 61] Connect call failed ('127.0.0.1', 8765)
2025-05-22 14:10:37,492 - __main__ - ERROR - Failed to connect to bridge server
2025-05-22 14:10:42,493 - __main__ - ERROR - Error connecting to bridge server: Multiple exceptions: [Errno 61] Connect call failed ('::1', 8765, 0, 0), [Errno 61] Connect call failed ('127.0.0.1', 8765)
2025-05-22 14:10:42,493 - __main__ - ERROR - Failed to connect to bridge server
2025-05-22 14:10:47,496 - __main__ - ERROR - Error connecting to bridge server: Multiple exceptions: [Errno 61] Connect call failed ('::1', 8765, 0, 0), [Errno 61] Connect call failed ('127.0.0.1', 8765)
2025-05-22 14:10:47,497 - __main__ - ERROR - Failed to connect to bridge server
2025-05-22 14:10:52,500 - __main__ - ERROR - Error connecting to bridge server: Multiple exceptions: [Errno 61] Connect call failed ('::1', 8765, 0, 0), [Errno 61] Connect call failed ('127.0.0.1', 8765)
2025-05-22 14:10:52,501 - __main__ - ERROR - Failed to connect to bridge server
2025-05-22 14:10:57,505 - __main__ - INFO - Connected to bridge server
2025-05-22 14:10:57,506 - __main__ - ERROR - Error during registration: received 1011 (internal error); then sent 1011 (internal error)
2025-05-22 14:10:57,506 - __main__ - ERROR - Failed to register with bridge server
2025-05-22 14:11:02,513 - __main__ - INFO - Connected to bridge server
2025-05-22 14:11:02,514 - __main__ - ERROR - Error during registration: received 1011 (internal error); then sent 1011 (internal error)
2025-05-22 14:11:02,514 - __main__ - ERROR - Failed to register with bridge server
2025-05-22 14:11:07,516 - __main__ - ERROR - Error connecting to bridge server: Multiple exceptions: [Errno 61] Connect call failed ('::1', 8765, 0, 0), [Errno 61] Connect call failed ('127.0.0.1', 8765)
2025-05-22 14:11:07,517 - __main__ - ERROR - Failed to connect to bridge server
2025-05-22 14:11:12,522 - __main__ - ERROR - Error connecting to bridge server: Multiple exceptions: [Errno 61] Connect call failed ('::1', 8765, 0, 0), [Errno 61] Connect call failed ('127.0.0.1', 8765)
2025-05-22 14:11:12,522 - __main__ - ERROR - Failed to connect to bridge server
2025-05-22 14:11:17,525 - __main__ - ERROR - Error connecting to bridge server: Multiple exceptions: [Errno 61] Connect call failed ('::1', 8765, 0, 0), [Errno 61] Connect call failed ('127.0.0.1', 8765)
2025-05-22 14:11:17,526 - __main__ - ERROR - Failed to connect to bridge server
2025-05-22 14:11:22,528 - __main__ - ERROR - Error connecting to bridge server: Multiple exceptions: [Errno 61] Connect call failed ('::1', 8765, 0, 0), [Errno 61] Connect call failed ('127.0.0.1', 8765)
2025-05-22 14:11:22,529 - __main__ - ERROR - Failed to connect to bridge server
2025-05-22 14:11:27,531 - __main__ - ERROR - Error connecting to bridge server: Multiple exceptions: [Errno 61] Connect call failed ('::1', 8765, 0, 0), [Errno 61] Connect call failed ('127.0.0.1', 8765)
2025-05-22 14:11:27,532 - __main__ - ERROR - Failed to connect to bridge server
2025-05-22 14:11:32,539 - __main__ - INFO - Connected to bridge server
2025-05-22 14:11:32,539 - __main__ - INFO - Received welcome: connection_established
2025-05-22 14:11:32,539 - __main__ - INFO - Sent registration message
2025-05-22 14:11:32,540 - __main__ - ERROR - Unexpected response to registration: {'type': 'error', 'error': 'Unknown message type: register', 'timestamp': '2025-05-22T14:11:32.539836'}
2025-05-22 14:11:32,540 - __main__ - ERROR - Failed to register with bridge server
2025-05-22 14:11:37,543 - __main__ - INFO - Connected to bridge server
2025-05-22 14:11:37,543 - __main__ - INFO - Received welcome: connection_established
2025-05-22 14:11:37,543 - __main__ - INFO - Sent registration message
2025-05-22 14:11:37,544 - __main__ - ERROR - Unexpected response to registration: {'type': 'error', 'error': 'Unknown message type: register', 'timestamp': '2025-05-22T14:11:37.544097'}
2025-05-22 14:11:37,544 - __main__ - ERROR - Failed to register with bridge server
2025-05-22 14:11:42,547 - __main__ - INFO - Connected to bridge server
2025-05-22 14:11:42,548 - __main__ - INFO - Received welcome: connection_established
2025-05-22 14:11:42,548 - __main__ - INFO - Sent registration message
2025-05-22 14:11:42,548 - __main__ - ERROR - Unexpected response to registration: {'type': 'error', 'error': 'Unknown message type: register', 'timestamp': '2025-05-22T14:11:42.548316'}
2025-05-22 14:11:42,548 - __main__ - ERROR - Failed to register with bridge server
2025-05-22 14:11:47,552 - __main__ - INFO - Connected to bridge server
2025-05-22 14:11:47,552 - __main__ - INFO - Received welcome: connection_established
2025-05-22 14:11:47,552 - __main__ - INFO - Sent registration message
2025-05-22 14:11:47,553 - __main__ - ERROR - Unexpected response to registration: {'type': 'error', 'error': 'Unknown message type: register', 'timestamp': '2025-05-22T14:11:47.552915'}
2025-05-22 14:11:47,553 - __main__ - ERROR - Failed to register with bridge server
2025-05-22 14:11:52,556 - __main__ - INFO - Connected to bridge server
2025-05-22 14:11:52,557 - __main__ - INFO - Received welcome: connection_established
2025-05-22 14:11:52,557 - __main__ - INFO - Sent registration message
2025-05-22 14:11:52,558 - __main__ - ERROR - Unexpected response to registration: {'type': 'error', 'error': 'Unknown message type: register', 'timestamp': '2025-05-22T14:11:52.557924'}
2025-05-22 14:11:52,558 - __main__ - ERROR - Failed to register with bridge server
2025-05-22 14:11:57,713 - __main__ - INFO - Connected to bridge server
2025-05-22 14:11:57,714 - __main__ - INFO - Received welcome: connection_established
2025-05-22 14:11:57,715 - __main__ - INFO - Sent registration message
2025-05-22 14:11:57,715 - __main__ - ERROR - Unexpected response to registration: {'type': 'error', 'error': 'Unknown message type: register', 'timestamp': '2025-05-22T14:11:57.715504'}
2025-05-22 14:11:57,715 - __main__ - ERROR - Failed to register with bridge server
2025-05-22 14:12:02,748 - __main__ - INFO - Connected to bridge server
2025-05-22 14:12:02,749 - __main__ - INFO - Received welcome: connection_established
2025-05-22 14:12:02,749 - __main__ - INFO - Sent registration message
2025-05-22 14:12:02,750 - __main__ - ERROR - Unexpected response to registration: {'type': 'error', 'error': 'Unknown message type: register', 'timestamp': '2025-05-22T14:12:02.749953'}
2025-05-22 14:12:02,750 - __main__ - ERROR - Failed to register with bridge server
2025-05-22 14:12:07,760 - __main__ - INFO - Connected to bridge server
2025-05-22 14:12:07,760 - __main__ - INFO - Received welcome: connection_established
2025-05-22 14:12:07,760 - __main__ - INFO - Sent registration message
2025-05-22 14:12:07,761 - __main__ - ERROR - Unexpected response to registration: {'type': 'error', 'error': 'Unknown message type: register', 'timestamp': '2025-05-22T14:12:07.761015'}
2025-05-22 14:12:07,761 - __main__ - ERROR - Failed to register with bridge server
2025-05-22 14:12:13,442 - __main__ - INFO - Connected to bridge server
2025-05-22 14:12:13,443 - __main__ - INFO - Received welcome: connection_established
2025-05-22 14:12:13,444 - __main__ - INFO - Sent registration message
2025-05-22 14:12:13,445 - __main__ - ERROR - Unexpected response to registration: {'type': 'error', 'error': 'Unknown message type: register', 'timestamp': '2025-05-22T14:12:13.444620'}
2025-05-22 14:12:13,445 - __main__ - ERROR - Failed to register with bridge server
2025-05-22 14:12:18,601 - __main__ - INFO - Connected to bridge server
2025-05-22 14:12:18,604 - __main__ - INFO - Received welcome: connection_established
2025-05-22 14:12:18,605 - __main__ - INFO - Sent registration message
2025-05-22 14:12:18,608 - __main__ - ERROR - Unexpected response to registration: {'type': 'error', 'error': 'Unknown message type: register', 'timestamp': '2025-05-22T14:12:18.607421'}
2025-05-22 14:12:18,608 - __main__ - ERROR - Failed to register with bridge server
2025-05-22 14:12:23,620 - __main__ - INFO - Connected to bridge server
2025-05-22 14:12:23,620 - __main__ - INFO - Received welcome: connection_established
2025-05-22 14:12:23,621 - __main__ - INFO - Sent registration message
2025-05-22 14:12:23,621 - __main__ - ERROR - Unexpected response to registration: {'type': 'error', 'error': 'Unknown message type: register', 'timestamp': '2025-05-22T14:12:23.621324'}
2025-05-22 14:12:23,621 - __main__ - ERROR - Failed to register with bridge server
2025-05-22 14:12:28,639 - __main__ - INFO - Connected to bridge server
2025-05-22 14:12:28,641 - __main__ - INFO - Received welcome: connection_established
2025-05-22 14:12:28,642 - __main__ - INFO - Sent registration message
2025-05-22 14:12:28,645 - __main__ - ERROR - Unexpected response to registration: {'type': 'error', 'error': 'Unknown message type: register', 'timestamp': '2025-05-22T14:12:28.645064'}
2025-05-22 14:12:28,648 - __main__ - ERROR - Failed to register with bridge server
2025-05-22 14:12:33,693 - __main__ - INFO - Connected to bridge server
2025-05-22 14:12:33,694 - __main__ - INFO - Received welcome: connection_established
2025-05-22 14:12:33,694 - __main__ - INFO - Sent registration message
2025-05-22 14:12:33,695 - __main__ - ERROR - Unexpected response to registration: {'type': 'error', 'error': 'Unknown message type: register', 'timestamp': '2025-05-22T14:12:33.695580'}
2025-05-22 14:12:33,696 - __main__ - ERROR - Failed to register with bridge server
2025-05-22 14:12:38,719 - __main__ - INFO - Connected to bridge server
2025-05-22 14:12:38,721 - __main__ - INFO - Received welcome: connection_established
2025-05-22 14:12:38,721 - __main__ - INFO - Sent registration message
2025-05-22 14:12:38,722 - __main__ - ERROR - Unexpected response to registration: {'type': 'error', 'error': 'Unknown message type: register', 'timestamp': '2025-05-22T14:12:38.722087'}
2025-05-22 14:12:38,722 - __main__ - ERROR - Failed to register with bridge server
2025-05-22 14:12:43,733 - __main__ - INFO - Connected to bridge server
2025-05-22 14:12:43,734 - __main__ - INFO - Received welcome: connection_established
2025-05-22 14:12:43,734 - __main__ - INFO - Sent registration message
2025-05-22 14:12:43,735 - __main__ - ERROR - Unexpected response to registration: {'type': 'error', 'error': 'Unknown message type: register', 'timestamp': '2025-05-22T14:12:43.735014'}
2025-05-22 14:12:43,735 - __main__ - ERROR - Failed to register with bridge server
2025-05-22 14:12:49,014 - __main__ - INFO - Connected to bridge server
2025-05-22 14:12:49,016 - __main__ - INFO - Received welcome: connection_established
2025-05-22 14:12:49,017 - __main__ - INFO - Sent registration message
2025-05-22 14:12:49,018 - __main__ - ERROR - Unexpected response to registration: {'type': 'error', 'error': 'Unknown message type: register', 'timestamp': '2025-05-22T14:12:49.017980'}
2025-05-22 14:12:49,018 - __main__ - ERROR - Failed to register with bridge server
2025-05-22 14:12:54,090 - __main__ - INFO - Connected to bridge server
2025-05-22 14:12:54,095 - __main__ - INFO - Received welcome: connection_established
2025-05-22 14:12:54,096 - __main__ - INFO - Sent registration message
2025-05-22 14:12:54,098 - __main__ - ERROR - Unexpected response to registration: {'type': 'error', 'error': 'Unknown message type: register', 'timestamp': '2025-05-22T14:12:54.097357'}
2025-05-22 14:12:54,098 - __main__ - ERROR - Failed to register with bridge server
2025-05-22 14:12:59,110 - __main__ - INFO - Connected to bridge server
2025-05-22 14:12:59,111 - __main__ - INFO - Received welcome: connection_established
2025-05-22 14:12:59,112 - __main__ - INFO - Sent registration message
2025-05-22 14:12:59,113 - __main__ - ERROR - Unexpected response to registration: {'type': 'error', 'error': 'Unknown message type: register', 'timestamp': '2025-05-22T14:12:59.112775'}
2025-05-22 14:12:59,113 - __main__ - ERROR - Failed to register with bridge server
2025-05-22 14:13:04,123 - __main__ - INFO - Connected to bridge server
2025-05-22 14:13:04,124 - __main__ - INFO - Received welcome: connection_established
2025-05-22 14:13:04,124 - __main__ - INFO - Sent registration message
2025-05-22 14:13:04,125 - __main__ - ERROR - Unexpected response to registration: {'type': 'error', 'error': 'Unknown message type: register', 'timestamp': '2025-05-22T14:13:04.125539'}
2025-05-22 14:13:04,126 - __main__ - ERROR - Failed to register with bridge server
2025-05-22 14:13:09,148 - __main__ - INFO - Connected to bridge server
2025-05-22 14:13:09,150 - __main__ - INFO - Received welcome: connection_established
2025-05-22 14:13:09,152 - __main__ - INFO - Sent registration message
2025-05-22 14:13:09,154 - __main__ - ERROR - Unexpected response to registration: {'type': 'error', 'error': 'Unknown message type: register', 'timestamp': '2025-05-22T14:13:09.153437'}
2025-05-22 14:13:09,154 - __main__ - ERROR - Failed to register with bridge server
2025-05-22 14:13:14,165 - __main__ - INFO - Connected to bridge server
2025-05-22 14:13:14,166 - __main__ - INFO - Received welcome: connection_established
2025-05-22 14:13:14,167 - __main__ - INFO - Sent registration message
2025-05-22 14:13:14,167 - __main__ - ERROR - Unexpected response to registration: {'type': 'error', 'error': 'Unknown message type: register', 'timestamp': '2025-05-22T14:13:14.167476'}
2025-05-22 14:13:14,167 - __main__ - ERROR - Failed to register with bridge server
2025-05-22 14:13:19,186 - __main__ - INFO - Connected to bridge server
2025-05-22 14:13:19,187 - __main__ - INFO - Received welcome: connection_established
2025-05-22 14:13:19,187 - __main__ - INFO - Sent registration message
2025-05-22 14:13:19,189 - __main__ - ERROR - Unexpected response to registration: {'type': 'error', 'error': 'Unknown message type: register', 'timestamp': '2025-05-22T14:13:19.188578'}
2025-05-22 14:13:19,189 - __main__ - ERROR - Failed to register with bridge server
2025-05-22 14:13:24,260 - __main__ - INFO - Connected to bridge server
2025-05-22 14:13:24,262 - __main__ - INFO - Received welcome: connection_established
2025-05-22 14:13:24,263 - __main__ - INFO - Sent registration message
2025-05-22 14:13:24,264 - __main__ - ERROR - Unexpected response to registration: {'type': 'error', 'error': 'Unknown message type: register', 'timestamp': '2025-05-22T14:13:24.264136'}
2025-05-22 14:13:24,264 - __main__ - ERROR - Failed to register with bridge server
2025-05-22 14:13:29,331 - __main__ - INFO - Connected to bridge server
2025-05-22 14:13:29,332 - __main__ - INFO - Received welcome: connection_established
2025-05-22 14:13:29,332 - __main__ - INFO - Sent registration message
2025-05-22 14:13:29,333 - __main__ - ERROR - Unexpected response to registration: {'type': 'error', 'error': 'Unknown message type: register', 'timestamp': '2025-05-22T14:13:29.333362'}
2025-05-22 14:13:29,333 - __main__ - ERROR - Failed to register with bridge server
2025-05-22 14:13:34,372 - __main__ - INFO - Connected to bridge server
2025-05-22 14:13:34,373 - __main__ - INFO - Received welcome: connection_established
2025-05-22 14:13:34,375 - __main__ - INFO - Sent registration message
2025-05-22 14:13:34,376 - __main__ - ERROR - Unexpected response to registration: {'type': 'error', 'error': 'Unknown message type: register', 'timestamp': '2025-05-22T14:13:34.375781'}
2025-05-22 14:13:34,376 - __main__ - ERROR - Failed to register with bridge server
2025-05-22 14:13:39,399 - __main__ - INFO - Connected to bridge server
2025-05-22 14:13:39,399 - __main__ - INFO - Received welcome: connection_established
2025-05-22 14:13:39,400 - __main__ - INFO - Sent registration message
2025-05-22 14:13:39,401 - __main__ - ERROR - Unexpected response to registration: {'type': 'error', 'error': 'Unknown message type: register', 'timestamp': '2025-05-22T14:13:39.400788'}
2025-05-22 14:13:39,401 - __main__ - ERROR - Failed to register with bridge server
2025-05-22 14:13:44,481 - __main__ - INFO - Connected to bridge server
2025-05-22 14:13:44,482 - __main__ - INFO - Received welcome: connection_established
2025-05-22 14:13:44,483 - __main__ - INFO - Sent registration message
2025-05-22 14:13:44,486 - __main__ - ERROR - Unexpected response to registration: {'type': 'error', 'error': 'Unknown message type: register', 'timestamp': '2025-05-22T14:13:44.484636'}
2025-05-22 14:13:44,486 - __main__ - ERROR - Failed to register with bridge server
2025-05-22 14:13:49,501 - __main__ - INFO - Connected to bridge server
2025-05-22 14:13:49,503 - __main__ - INFO - Received welcome: connection_established
2025-05-22 14:13:49,503 - __main__ - INFO - Sent registration message
2025-05-22 14:13:49,504 - __main__ - ERROR - Unexpected response to registration: {'type': 'error', 'error': 'Unknown message type: register', 'timestamp': '2025-05-22T14:13:49.503954'}
2025-05-22 14:13:49,504 - __main__ - ERROR - Failed to register with bridge server
2025-05-22 14:13:54,514 - __main__ - INFO - Connected to bridge server
2025-05-22 14:13:54,515 - __main__ - INFO - Received welcome: connection_established
2025-05-22 14:13:54,515 - __main__ - INFO - Sent registration message
2025-05-22 14:13:54,515 - __main__ - ERROR - Unexpected response to registration: {'type': 'error', 'error': 'Unknown message type: register', 'timestamp': '2025-05-22T14:13:54.515550'}
2025-05-22 14:13:54,515 - __main__ - ERROR - Failed to register with bridge server
2025-05-22 14:13:59,528 - __main__ - INFO - Connected to bridge server
2025-05-22 14:13:59,529 - __main__ - INFO - Received welcome: connection_established
2025-05-22 14:13:59,529 - __main__ - INFO - Sent registration message
2025-05-22 14:13:59,530 - __main__ - ERROR - Unexpected response to registration: {'type': 'error', 'error': 'Unknown message type: register', 'timestamp': '2025-05-22T14:13:59.530170'}
2025-05-22 14:13:59,530 - __main__ - ERROR - Failed to register with bridge server
2025-05-22 14:14:04,539 - __main__ - INFO - Connected to bridge server
2025-05-22 14:14:04,540 - __main__ - INFO - Received welcome: connection_established
2025-05-22 14:14:04,540 - __main__ - INFO - Sent registration message
2025-05-22 14:14:04,540 - __main__ - ERROR - Unexpected response to registration: {'type': 'error', 'error': 'Unknown message type: register', 'timestamp': '2025-05-22T14:14:04.540596'}
2025-05-22 14:14:04,540 - __main__ - ERROR - Failed to register with bridge server
2025-05-22 14:14:09,546 - __main__ - INFO - Connected to bridge server
2025-05-22 14:14:09,546 - __main__ - INFO - Received welcome: connection_established
2025-05-22 14:14:09,546 - __main__ - INFO - Sent registration message
2025-05-22 14:14:09,547 - __main__ - ERROR - Unexpected response to registration: {'type': 'error', 'error': 'Unknown message type: register', 'timestamp': '2025-05-22T14:14:09.547011'}
2025-05-22 14:14:09,547 - __main__ - ERROR - Failed to register with bridge server
2025-05-22 14:14:14,561 - __main__ - INFO - Connected to bridge server
2025-05-22 14:14:14,561 - __main__ - INFO - Received welcome: connection_established
2025-05-22 14:14:14,561 - __main__ - INFO - Sent registration message
2025-05-22 14:14:14,562 - __main__ - ERROR - Unexpected response to registration: {'type': 'error', 'error': 'Unknown message type: register', 'timestamp': '2025-05-22T14:14:14.561853'}
2025-05-22 14:14:14,562 - __main__ - ERROR - Failed to register with bridge server
2025-05-22 14:14:19,566 - __main__ - INFO - Connected to bridge server
2025-05-22 14:14:19,566 - __main__ - INFO - Received welcome: connection_established
2025-05-22 14:14:19,566 - __main__ - INFO - Sent registration message
2025-05-22 14:14:19,566 - __main__ - ERROR - Unexpected response to registration: {'type': 'error', 'error': 'Unknown message type: register', 'timestamp': '2025-05-22T14:14:19.566696'}
2025-05-22 14:14:19,566 - __main__ - ERROR - Failed to register with bridge server
2025-05-22 14:14:24,576 - __main__ - INFO - Connected to bridge server
2025-05-22 14:14:24,577 - __main__ - INFO - Received welcome: connection_established
2025-05-22 14:14:24,578 - __main__ - INFO - Sent registration message
2025-05-22 14:14:24,578 - __main__ - ERROR - Unexpected response to registration: {'type': 'error', 'error': 'Unknown message type: register', 'timestamp': '2025-05-22T14:14:24.578425'}
2025-05-22 14:14:24,578 - __main__ - ERROR - Failed to register with bridge server
2025-05-22 14:14:29,599 - __main__ - INFO - Connected to bridge server
2025-05-22 14:14:29,599 - __main__ - INFO - Received welcome: connection_established
2025-05-22 14:14:29,600 - __main__ - INFO - Sent registration message
2025-05-22 14:14:29,601 - __main__ - ERROR - Unexpected response to registration: {'type': 'error', 'error': 'Unknown message type: register', 'timestamp': '2025-05-22T14:14:29.601115'}
2025-05-22 14:14:29,601 - __main__ - ERROR - Failed to register with bridge server
2025-05-22 14:14:34,614 - __main__ - INFO - Connected to bridge server
2025-05-22 14:14:34,615 - __main__ - INFO - Received welcome: connection_established
2025-05-22 14:14:34,615 - __main__ - INFO - Sent registration message
2025-05-22 14:14:34,616 - __main__ - ERROR - Unexpected response to registration: {'type': 'error', 'error': 'Unknown message type: register', 'timestamp': '2025-05-22T14:14:34.616030'}
2025-05-22 14:14:34,616 - __main__ - ERROR - Failed to register with bridge server
2025-05-22 14:14:39,627 - __main__ - INFO - Connected to bridge server
2025-05-22 14:14:39,628 - __main__ - INFO - Received welcome: connection_established
2025-05-22 14:14:39,628 - __main__ - INFO - Sent registration message
2025-05-22 14:14:39,629 - __main__ - ERROR - Unexpected response to registration: {'type': 'error', 'error': 'Unknown message type: register', 'timestamp': '2025-05-22T14:14:39.629079'}
2025-05-22 14:14:39,629 - __main__ - ERROR - Failed to register with bridge server
2025-05-22 14:14:44,642 - __main__ - INFO - Connected to bridge server
2025-05-22 14:14:44,643 - __main__ - INFO - Received welcome: connection_established
2025-05-22 14:14:44,643 - __main__ - INFO - Sent registration message
2025-05-22 14:14:44,644 - __main__ - ERROR - Unexpected response to registration: {'type': 'error', 'error': 'Unknown message type: register', 'timestamp': '2025-05-22T14:14:44.644242'}
2025-05-22 14:14:44,644 - __main__ - ERROR - Failed to register with bridge server
2025-05-22 14:14:49,659 - __main__ - INFO - Connected to bridge server
2025-05-22 14:14:49,660 - __main__ - INFO - Received welcome: connection_established
2025-05-22 14:14:49,660 - __main__ - INFO - Sent registration message
2025-05-22 14:14:49,661 - __main__ - ERROR - Unexpected response to registration: {'type': 'error', 'error': 'Unknown message type: register', 'timestamp': '2025-05-22T14:14:49.661023'}
2025-05-22 14:14:49,661 - __main__ - ERROR - Failed to register with bridge server
2025-05-22 14:14:54,678 - __main__ - INFO - Connected to bridge server
2025-05-22 14:14:54,680 - __main__ - INFO - Received welcome: connection_established
2025-05-22 14:14:54,681 - __main__ - INFO - Sent registration message
2025-05-22 14:14:54,682 - __main__ - ERROR - Unexpected response to registration: {'type': 'error', 'error': 'Unknown message type: register', 'timestamp': '2025-05-22T14:14:54.681713'}
2025-05-22 14:14:54,682 - __main__ - ERROR - Failed to register with bridge server
2025-05-22 14:14:59,696 - __main__ - INFO - Connected to bridge server
2025-05-22 14:14:59,697 - __main__ - INFO - Received welcome: connection_established
2025-05-22 14:14:59,697 - __main__ - INFO - Sent registration message
2025-05-22 14:14:59,698 - __main__ - ERROR - Unexpected response to registration: {'type': 'error', 'error': 'Unknown message type: register', 'timestamp': '2025-05-22T14:14:59.698220'}
2025-05-22 14:14:59,698 - __main__ - ERROR - Failed to register with bridge server
2025-05-22 14:15:04,747 - __main__ - INFO - Connected to bridge server
2025-05-22 14:15:04,749 - __main__ - INFO - Received welcome: connection_established
2025-05-22 14:15:04,750 - __main__ - INFO - Sent registration message
2025-05-22 14:15:04,751 - __main__ - ERROR - Unexpected response to registration: {'type': 'error', 'error': 'Unknown message type: register', 'timestamp': '2025-05-22T14:15:04.751332'}
2025-05-22 14:15:04,751 - __main__ - ERROR - Failed to register with bridge server
2025-05-22 14:15:09,769 - __main__ - INFO - Connected to bridge server
2025-05-22 14:15:09,770 - __main__ - INFO - Received welcome: connection_established
2025-05-22 14:15:09,770 - __main__ - INFO - Sent registration message
2025-05-22 14:15:09,771 - __main__ - ERROR - Unexpected response to registration: {'type': 'error', 'error': 'Unknown message type: register', 'timestamp': '2025-05-22T14:15:09.770814'}
2025-05-22 14:15:09,771 - __main__ - ERROR - Failed to register with bridge server
2025-05-22 14:15:14,782 - __main__ - INFO - Connected to bridge server
2025-05-22 14:15:14,783 - __main__ - INFO - Received welcome: connection_established
2025-05-22 14:15:14,783 - __main__ - INFO - Sent registration message
2025-05-22 14:15:14,784 - __main__ - ERROR - Unexpected response to registration: {'type': 'error', 'error': 'Unknown message type: register', 'timestamp': '2025-05-22T14:15:14.783887'}
2025-05-22 14:15:14,784 - __main__ - ERROR - Failed to register with bridge server
2025-05-22 14:15:19,795 - __main__ - INFO - Connected to bridge server
2025-05-22 14:15:19,796 - __main__ - INFO - Received welcome: connection_established
2025-05-22 14:15:19,796 - __main__ - INFO - Sent registration message
2025-05-22 14:15:19,797 - __main__ - ERROR - Unexpected response to registration: {'type': 'error', 'error': 'Unknown message type: register', 'timestamp': '2025-05-22T14:15:19.797052'}
2025-05-22 14:15:19,797 - __main__ - ERROR - Failed to register with bridge server
2025-05-22 14:15:24,827 - __main__ - INFO - Connected to bridge server
2025-05-22 14:15:24,828 - __main__ - INFO - Received welcome: connection_established
2025-05-22 14:15:24,828 - __main__ - INFO - Sent registration message
2025-05-22 14:15:24,829 - __main__ - ERROR - Unexpected response to registration: {'type': 'error', 'error': 'Unknown message type: register', 'timestamp': '2025-05-22T14:15:24.829394'}
2025-05-22 14:15:24,829 - __main__ - ERROR - Failed to register with bridge server
2025-05-22 14:15:29,850 - __main__ - INFO - Connected to bridge server
2025-05-22 14:15:29,851 - __main__ - INFO - Received welcome: connection_established
2025-05-22 14:15:29,852 - __main__ - INFO - Sent registration message
2025-05-22 14:15:29,853 - __main__ - ERROR - Unexpected response to registration: {'type': 'error', 'error': 'Unknown message type: register', 'timestamp': '2025-05-22T14:15:29.853373'}
2025-05-22 14:15:29,854 - __main__ - ERROR - Failed to register with bridge server
2025-05-22 14:15:34,933 - __main__ - INFO - Connected to bridge server
2025-05-22 14:15:34,935 - __main__ - INFO - Received welcome: connection_established
2025-05-22 14:15:34,936 - __main__ - INFO - Sent registration message
2025-05-22 14:15:34,937 - __main__ - ERROR - Unexpected response to registration: {'type': 'error', 'error': 'Unknown message type: register', 'timestamp': '2025-05-22T14:15:34.937004'}
2025-05-22 14:15:34,937 - __main__ - ERROR - Failed to register with bridge server
2025-05-22 14:15:39,951 - __main__ - INFO - Connected to bridge server
2025-05-22 14:15:39,952 - __main__ - INFO - Received welcome: connection_established
2025-05-22 14:15:39,952 - __main__ - INFO - Sent registration message
2025-05-22 14:15:39,953 - __main__ - ERROR - Unexpected response to registration: {'type': 'error', 'error': 'Unknown message type: register', 'timestamp': '2025-05-22T14:15:39.952874'}
2025-05-22 14:15:39,953 - __main__ - ERROR - Failed to register with bridge server
2025-05-22 14:15:44,979 - __main__ - INFO - Connected to bridge server
2025-05-22 14:15:44,981 - __main__ - INFO - Received welcome: connection_established
2025-05-22 14:15:44,981 - __main__ - INFO - Sent registration message
2025-05-22 14:15:44,982 - __main__ - ERROR - Unexpected response to registration: {'type': 'error', 'error': 'Unknown message type: register', 'timestamp': '2025-05-22T14:15:44.982718'}
2025-05-22 14:15:44,982 - __main__ - ERROR - Failed to register with bridge server
2025-05-22 14:15:50,004 - __main__ - INFO - Connected to bridge server
2025-05-22 14:15:50,005 - __main__ - INFO - Received welcome: connection_established
2025-05-22 14:15:50,005 - __main__ - INFO - Sent registration message
2025-05-22 14:15:50,006 - __main__ - ERROR - Unexpected response to registration: {'type': 'error', 'error': 'Unknown message type: register', 'timestamp': '2025-05-22T14:15:50.006431'}
2025-05-22 14:15:50,006 - __main__ - ERROR - Failed to register with bridge server
2025-05-22 14:15:55,020 - __main__ - INFO - Connected to bridge server
2025-05-22 14:15:55,022 - __main__ - INFO - Received welcome: connection_established
2025-05-22 14:15:55,022 - __main__ - INFO - Sent registration message
2025-05-22 14:15:55,022 - __main__ - ERROR - Unexpected response to registration: {'type': 'error', 'error': 'Unknown message type: register', 'timestamp': '2025-05-22T14:15:55.022713'}
2025-05-22 14:15:55,023 - __main__ - ERROR - Failed to register with bridge server
2025-05-22 14:16:00,041 - __main__ - INFO - Connected to bridge server
2025-05-22 14:16:00,042 - __main__ - INFO - Received welcome: connection_established
2025-05-22 14:16:00,042 - __main__ - INFO - Sent registration message
2025-05-22 14:16:00,043 - __main__ - ERROR - Unexpected response to registration: {'type': 'error', 'error': 'Unknown message type: register', 'timestamp': '2025-05-22T14:16:00.043572'}
2025-05-22 14:16:00,043 - __main__ - ERROR - Failed to register with bridge server
2025-05-22 14:16:05,049 - __main__ - INFO - Connected to bridge server
2025-05-22 14:16:05,050 - __main__ - INFO - Received welcome: connection_established
2025-05-22 14:16:05,050 - __main__ - INFO - Sent registration message
2025-05-22 14:16:05,051 - __main__ - ERROR - Unexpected response to registration: {'type': 'error', 'error': 'Unknown message type: register', 'timestamp': '2025-05-22T14:16:05.051418'}
2025-05-22 14:16:05,051 - __main__ - ERROR - Failed to register with bridge server
2025-05-22 14:16:10,056 - __main__ - INFO - Connected to bridge server
2025-05-22 14:16:10,056 - __main__ - INFO - Received welcome: connection_established
2025-05-22 14:16:10,056 - __main__ - INFO - Sent registration message
2025-05-22 14:16:10,057 - __main__ - ERROR - Unexpected response to registration: {'type': 'error', 'error': 'Unknown message type: register', 'timestamp': '2025-05-22T14:16:10.057286'}
2025-05-22 14:16:10,057 - __main__ - ERROR - Failed to register with bridge server
2025-05-22 14:16:15,066 - __main__ - INFO - Connected to bridge server
2025-05-22 14:16:15,067 - __main__ - INFO - Received welcome: connection_established
2025-05-22 14:16:15,068 - __main__ - INFO - Sent registration message
2025-05-22 14:16:15,068 - __main__ - ERROR - Unexpected response to registration: {'type': 'error', 'error': 'Unknown message type: register', 'timestamp': '2025-05-22T14:16:15.068391'}
2025-05-22 14:16:15,068 - __main__ - ERROR - Failed to register with bridge server
2025-05-22 14:16:20,088 - __main__ - INFO - Connected to bridge server
2025-05-22 14:16:20,089 - __main__ - INFO - Received welcome: connection_established
2025-05-22 14:16:20,090 - __main__ - INFO - Sent registration message
2025-05-22 14:16:20,092 - __main__ - ERROR - Unexpected response to registration: {'type': 'error', 'error': 'Unknown message type: register', 'timestamp': '2025-05-22T14:16:20.091708'}
2025-05-22 14:16:20,092 - __main__ - ERROR - Failed to register with bridge server
2025-05-22 14:16:25,936 - __main__ - INFO - Connected to bridge server
2025-05-22 14:16:25,939 - __main__ - INFO - Received welcome: connection_established
2025-05-22 14:16:25,940 - __main__ - INFO - Sent registration message
2025-05-22 14:16:25,944 - __main__ - ERROR - Unexpected response to registration: {'type': 'error', 'error': 'Unknown message type: register', 'timestamp': '2025-05-22T14:16:25.942187'}
2025-05-22 14:16:25,944 - __main__ - ERROR - Failed to register with bridge server
2025-05-22 14:16:31,371 - __main__ - INFO - Connected to bridge server
2025-05-22 14:16:31,374 - __main__ - INFO - Received welcome: connection_established
2025-05-22 14:16:31,376 - __main__ - INFO - Sent registration message
2025-05-22 14:16:31,378 - __main__ - ERROR - Unexpected response to registration: {'type': 'error', 'error': 'Unknown message type: register', 'timestamp': '2025-05-22T14:16:31.377378'}
2025-05-22 14:16:31,379 - __main__ - ERROR - Failed to register with bridge server
2025-05-22 14:16:36,391 - __main__ - INFO - Connected to bridge server
2025-05-22 14:16:36,391 - __main__ - INFO - Received welcome: connection_established
2025-05-22 14:16:36,391 - __main__ - INFO - Sent registration message
2025-05-22 14:16:36,392 - __main__ - ERROR - Unexpected response to registration: {'type': 'error', 'error': 'Unknown message type: register', 'timestamp': '2025-05-22T14:16:36.392593'}
2025-05-22 14:16:36,392 - __main__ - ERROR - Failed to register with bridge server
2025-05-22 14:16:41,638 - __main__ - INFO - Connected to bridge server
2025-05-22 14:16:41,640 - __main__ - INFO - Received welcome: connection_established
2025-05-22 14:16:41,640 - __main__ - INFO - Sent registration message
2025-05-22 14:16:41,641 - __main__ - ERROR - Unexpected response to registration: {'type': 'error', 'error': 'Unknown message type: register', 'timestamp': '2025-05-22T14:16:41.640906'}
2025-05-22 14:16:41,641 - __main__ - ERROR - Failed to register with bridge server
2025-05-22 14:16:46,824 - __main__ - INFO - Connected to bridge server
2025-05-22 14:16:46,827 - __main__ - INFO - Received welcome: connection_established
2025-05-22 14:16:46,827 - __main__ - INFO - Sent registration message
2025-05-22 14:16:46,829 - __main__ - ERROR - Unexpected response to registration: {'type': 'error', 'error': 'Unknown message type: register', 'timestamp': '2025-05-22T14:16:46.828454'}
2025-05-22 14:16:46,829 - __main__ - ERROR - Failed to register with bridge server
2025-05-22 14:16:52,710 - __main__ - INFO - Connected to bridge server
2025-05-22 14:16:52,783 - __main__ - INFO - Received welcome: connection_established
2025-05-22 14:16:52,784 - __main__ - INFO - Sent registration message
2025-05-22 14:16:52,804 - __main__ - ERROR - Unexpected response to registration: {'type': 'error', 'error': 'Unknown message type: register', 'timestamp': '2025-05-22T14:16:52.795581'}
2025-05-22 14:16:52,814 - __main__ - ERROR - Failed to register with bridge server
2025-05-22 14:16:59,766 - __main__ - INFO - Connected to bridge server
2025-05-22 14:16:59,771 - __main__ - INFO - Received welcome: connection_established
2025-05-22 14:16:59,772 - __main__ - INFO - Sent registration message
2025-05-22 14:16:59,777 - __main__ - ERROR - Unexpected response to registration: {'type': 'error', 'error': 'Unknown message type: register', 'timestamp': '2025-05-22T14:16:59.774663'}
2025-05-22 14:16:59,777 - __main__ - ERROR - Failed to register with bridge server
2025-05-22 14:17:07,381 - __main__ - INFO - Connected to bridge server
2025-05-22 14:17:07,469 - __main__ - INFO - Received welcome: connection_established
2025-05-22 14:17:07,519 - __main__ - INFO - Sent registration message
2025-05-22 14:17:07,553 - __main__ - ERROR - Unexpected response to registration: {'type': 'error', 'error': 'Unknown message type: register', 'timestamp': '2025-05-22T14:17:07.545316'}
2025-05-22 14:17:07,554 - __main__ - ERROR - Failed to register with bridge server
2025-05-22 14:17:15,260 - __main__ - INFO - Connected to bridge server
2025-05-22 14:17:15,282 - __main__ - INFO - Received welcome: connection_established
2025-05-22 14:17:15,284 - __main__ - INFO - Sent registration message
2025-05-22 14:17:15,288 - __main__ - ERROR - Unexpected response to registration: {'type': 'error', 'error': 'Unknown message type: register', 'timestamp': '2025-05-22T14:17:15.287390'}
2025-05-22 14:17:15,288 - __main__ - ERROR - Failed to register with bridge server
2025-05-22 14:17:20,351 - __main__ - INFO - Connected to bridge server
2025-05-22 14:17:20,355 - __main__ - INFO - Received welcome: connection_established
2025-05-22 14:17:20,357 - __main__ - INFO - Sent registration message
2025-05-22 14:17:20,362 - __main__ - ERROR - Unexpected response to registration: {'type': 'error', 'error': 'Unknown message type: register', 'timestamp': '2025-05-22T14:17:20.360483'}
2025-05-22 14:17:20,362 - __main__ - ERROR - Failed to register with bridge server
2025-05-22 14:17:26,311 - __main__ - INFO - Connected to bridge server
2025-05-22 14:17:26,610 - __main__ - INFO - Received welcome: connection_established
2025-05-22 14:17:26,870 - __main__ - INFO - Sent registration message
2025-05-22 14:17:27,103 - __main__ - ERROR - Unexpected response to registration: {'type': 'error', 'error': 'Unknown message type: register', 'timestamp': '2025-05-22T14:17:27.095021'}
2025-05-22 14:17:27,104 - __main__ - ERROR - Failed to register with bridge server
2025-05-22 14:17:32,213 - __main__ - INFO - Connected to bridge server
2025-05-22 14:17:32,222 - __main__ - INFO - Received welcome: connection_established
2025-05-22 14:17:32,227 - __main__ - INFO - Sent registration message
2025-05-22 14:17:32,232 - __main__ - ERROR - Unexpected response to registration: {'type': 'error', 'error': 'Unknown message type: register', 'timestamp': '2025-05-22T14:17:32.231714'}
2025-05-22 14:17:32,232 - __main__ - ERROR - Failed to register with bridge server
2025-05-22 14:17:37,264 - __main__ - INFO - Connected to bridge server
2025-05-22 14:17:37,265 - __main__ - INFO - Received welcome: connection_established
2025-05-22 14:17:37,266 - __main__ - INFO - Sent registration message
2025-05-22 14:17:37,267 - __main__ - ERROR - Unexpected response to registration: {'type': 'error', 'error': 'Unknown message type: register', 'timestamp': '2025-05-22T14:17:37.267006'}
2025-05-22 14:17:37,267 - __main__ - ERROR - Failed to register with bridge server
2025-05-22 14:17:42,286 - __main__ - INFO - Connected to bridge server
2025-05-22 14:17:42,288 - __main__ - INFO - Received welcome: connection_established
2025-05-22 14:17:42,289 - __main__ - INFO - Sent registration message
2025-05-22 14:17:42,290 - __main__ - ERROR - Unexpected response to registration: {'type': 'error', 'error': 'Unknown message type: register', 'timestamp': '2025-05-22T14:17:42.289961'}
2025-05-22 14:17:42,290 - __main__ - ERROR - Failed to register with bridge server
2025-05-22 14:17:47,318 - __main__ - INFO - Connected to bridge server
2025-05-22 14:17:47,320 - __main__ - INFO - Received welcome: connection_established
2025-05-22 14:17:47,321 - __main__ - INFO - Sent registration message
2025-05-22 14:17:47,325 - __main__ - ERROR - Unexpected response to registration: {'type': 'error', 'error': 'Unknown message type: register', 'timestamp': '2025-05-22T14:17:47.325052'}
2025-05-22 14:17:47,326 - __main__ - ERROR - Failed to register with bridge server
2025-05-22 14:17:52,643 - __main__ - INFO - Connected to bridge server
2025-05-22 14:17:52,646 - __main__ - INFO - Received welcome: connection_established
2025-05-22 14:17:52,646 - __main__ - INFO - Sent registration message
2025-05-22 14:17:52,649 - __main__ - ERROR - Unexpected response to registration: {'type': 'error', 'error': 'Unknown message type: register', 'timestamp': '2025-05-22T14:17:52.648910'}
2025-05-22 14:17:52,649 - __main__ - ERROR - Failed to register with bridge server
2025-05-22 14:17:57,669 - __main__ - INFO - Connected to bridge server
2025-05-22 14:17:57,671 - __main__ - INFO - Received welcome: connection_established
2025-05-22 14:17:57,671 - __main__ - INFO - Sent registration message
2025-05-22 14:17:57,672 - __main__ - ERROR - Unexpected response to registration: {'type': 'error', 'error': 'Unknown message type: register', 'timestamp': '2025-05-22T14:17:57.671985'}
2025-05-22 14:17:57,672 - __main__ - ERROR - Failed to register with bridge server
2025-05-22 14:18:02,751 - __main__ - INFO - Connected to bridge server
2025-05-22 14:18:02,758 - __main__ - INFO - Received welcome: connection_established
2025-05-22 14:18:02,758 - __main__ - INFO - Sent registration message
2025-05-22 14:18:02,760 - __main__ - ERROR - Unexpected response to registration: {'type': 'error', 'error': 'Unknown message type: register', 'timestamp': '2025-05-22T14:18:02.760374'}
2025-05-22 14:18:02,760 - __main__ - ERROR - Failed to register with bridge server
2025-05-22 14:18:07,786 - __main__ - INFO - Connected to bridge server
2025-05-22 14:18:07,787 - __main__ - INFO - Received welcome: connection_established
2025-05-22 14:18:07,787 - __main__ - INFO - Sent registration message
2025-05-22 14:18:07,788 - __main__ - ERROR - Unexpected response to registration: {'type': 'error', 'error': 'Unknown message type: register', 'timestamp': '2025-05-22T14:18:07.787962'}
2025-05-22 14:18:07,788 - __main__ - ERROR - Failed to register with bridge server
2025-05-22 14:18:12,836 - __main__ - INFO - Connected to bridge server
2025-05-22 14:18:12,837 - __main__ - INFO - Received welcome: connection_established
2025-05-22 14:18:12,838 - __main__ - INFO - Sent registration message
2025-05-22 14:18:12,839 - __main__ - ERROR - Unexpected response to registration: {'type': 'error', 'error': 'Unknown message type: register', 'timestamp': '2025-05-22T14:18:12.839171'}
2025-05-22 14:18:12,839 - __main__ - ERROR - Failed to register with bridge server
2025-05-22 14:18:17,887 - __main__ - INFO - Connected to bridge server
2025-05-22 14:18:17,909 - __main__ - INFO - Received welcome: connection_established
2025-05-22 14:18:17,910 - __main__ - INFO - Sent registration message
2025-05-22 14:18:17,914 - __main__ - ERROR - Unexpected response to registration: {'type': 'error', 'error': 'Unknown message type: register', 'timestamp': '2025-05-22T14:18:17.914067'}
2025-05-22 14:18:17,914 - __main__ - ERROR - Failed to register with bridge server
2025-05-22 14:18:22,960 - __main__ - INFO - Connected to bridge server
2025-05-22 14:18:22,962 - __main__ - INFO - Received welcome: connection_established
2025-05-22 14:18:22,963 - __main__ - INFO - Sent registration message
2025-05-22 14:18:22,965 - __main__ - ERROR - Unexpected response to registration: {'type': 'error', 'error': 'Unknown message type: register', 'timestamp': '2025-05-22T14:18:22.964740'}
2025-05-22 14:18:22,965 - __main__ - ERROR - Failed to register with bridge server
2025-05-22 14:18:28,000 - __main__ - INFO - Connected to bridge server
2025-05-22 14:18:28,000 - __main__ - INFO - Received welcome: connection_established
2025-05-22 14:18:28,001 - __main__ - INFO - Sent registration message
2025-05-22 14:18:28,002 - __main__ - ERROR - Unexpected response to registration: {'type': 'error', 'error': 'Unknown message type: register', 'timestamp': '2025-05-22T14:18:28.002298'}
2025-05-22 14:18:28,002 - __main__ - ERROR - Failed to register with bridge server
2025-05-22 14:18:33,009 - __main__ - INFO - Connected to bridge server
2025-05-22 14:18:33,009 - __main__ - INFO - Received welcome: connection_established
2025-05-22 14:18:33,009 - __main__ - INFO - Sent registration message
2025-05-22 14:18:33,009 - __main__ - ERROR - Unexpected response to registration: {'type': 'error', 'error': 'Unknown message type: register', 'timestamp': '2025-05-22T14:18:33.009720'}
2025-05-22 14:18:33,010 - __main__ - ERROR - Failed to register with bridge server
2025-05-22 14:18:38,015 - __main__ - INFO - Connected to bridge server
2025-05-22 14:18:38,015 - __main__ - INFO - Received welcome: connection_established
2025-05-22 14:18:38,015 - __main__ - INFO - Sent registration message
2025-05-22 14:18:38,015 - __main__ - ERROR - Unexpected response to registration: {'type': 'error', 'error': 'Unknown message type: register', 'timestamp': '2025-05-22T14:18:38.015682'}
2025-05-22 14:18:38,015 - __main__ - ERROR - Failed to register with bridge server
2025-05-22 14:18:43,018 - __main__ - INFO - Connected to bridge server
2025-05-22 14:18:43,019 - __main__ - INFO - Received welcome: connection_established
2025-05-22 14:18:43,019 - __main__ - INFO - Sent registration message
2025-05-22 14:18:43,019 - __main__ - ERROR - Unexpected response to registration: {'type': 'error', 'error': 'Unknown message type: register', 'timestamp': '2025-05-22T14:18:43.019267'}
2025-05-22 14:18:43,019 - __main__ - ERROR - Failed to register with bridge server
2025-05-22 14:18:48,024 - __main__ - INFO - Connected to bridge server
2025-05-22 14:18:48,024 - __main__ - INFO - Received welcome: connection_established
2025-05-22 14:18:48,024 - __main__ - INFO - Sent registration message
2025-05-22 14:18:48,025 - __main__ - ERROR - Unexpected response to registration: {'type': 'error', 'error': 'Unknown message type: register', 'timestamp': '2025-05-22T14:18:48.025214'}
2025-05-22 14:18:48,025 - __main__ - ERROR - Failed to register with bridge server
2025-05-22 14:18:53,031 - __main__ - INFO - Connected to bridge server
2025-05-22 14:18:53,031 - __main__ - INFO - Received welcome: connection_established
2025-05-22 14:18:53,031 - __main__ - INFO - Sent registration message
2025-05-22 14:18:53,032 - __main__ - ERROR - Unexpected response to registration: {'type': 'error', 'error': 'Unknown message type: register', 'timestamp': '2025-05-22T14:18:53.031924'}
2025-05-22 14:18:53,032 - __main__ - ERROR - Failed to register with bridge server
2025-05-22 14:18:58,037 - __main__ - INFO - Connected to bridge server
2025-05-22 14:18:58,037 - __main__ - INFO - Received welcome: connection_established
2025-05-22 14:18:58,037 - __main__ - INFO - Sent registration message
2025-05-22 14:18:58,038 - __main__ - ERROR - Unexpected response to registration: {'type': 'error', 'error': 'Unknown message type: register', 'timestamp': '2025-05-22T14:18:58.038063'}
2025-05-22 14:18:58,038 - __main__ - ERROR - Failed to register with bridge server
2025-05-22 14:19:03,042 - __main__ - INFO - Connected to bridge server
2025-05-22 14:19:03,043 - __main__ - INFO - Received welcome: connection_established
2025-05-22 14:19:03,043 - __main__ - INFO - Sent registration message
2025-05-22 14:19:03,043 - __main__ - ERROR - Unexpected response to registration: {'type': 'error', 'error': 'Unknown message type: register', 'timestamp': '2025-05-22T14:19:03.043672'}
2025-05-22 14:19:03,044 - __main__ - ERROR - Failed to register with bridge server
2025-05-22 14:19:08,049 - __main__ - INFO - Connected to bridge server
2025-05-22 14:19:08,049 - __main__ - INFO - Received welcome: connection_established
2025-05-22 14:19:08,049 - __main__ - INFO - Sent registration message
2025-05-22 14:19:08,050 - __main__ - ERROR - Unexpected response to registration: {'type': 'error', 'error': 'Unknown message type: register', 'timestamp': '2025-05-22T14:19:08.050076'}
2025-05-22 14:19:08,050 - __main__ - ERROR - Failed to register with bridge server
2025-05-22 14:19:13,056 - __main__ - INFO - Connected to bridge server
2025-05-22 14:19:13,057 - __main__ - INFO - Received welcome: connection_established
2025-05-22 14:19:13,057 - __main__ - INFO - Sent registration message
2025-05-22 14:19:13,057 - __main__ - ERROR - Unexpected response to registration: {'type': 'error', 'error': 'Unknown message type: register', 'timestamp': '2025-05-22T14:19:13.057671'}
2025-05-22 14:19:13,058 - __main__ - ERROR - Failed to register with bridge server
2025-05-22 14:19:18,062 - __main__ - INFO - Connected to bridge server
2025-05-22 14:19:18,063 - __main__ - INFO - Received welcome: connection_established
2025-05-22 14:19:18,063 - __main__ - INFO - Sent registration message
2025-05-22 14:19:18,064 - __main__ - ERROR - Unexpected response to registration: {'type': 'error', 'error': 'Unknown message type: register', 'timestamp': '2025-05-22T14:19:18.063884'}
2025-05-22 14:19:18,064 - __main__ - ERROR - Failed to register with bridge server
2025-05-22 14:19:23,069 - __main__ - INFO - Connected to bridge server
2025-05-22 14:19:23,069 - __main__ - INFO - Received welcome: connection_established
2025-05-22 14:19:23,070 - __main__ - INFO - Sent registration message
2025-05-22 14:19:23,070 - __main__ - ERROR - Unexpected response to registration: {'type': 'error', 'error': 'Unknown message type: register', 'timestamp': '2025-05-22T14:19:23.070274'}
2025-05-22 14:19:23,070 - __main__ - ERROR - Failed to register with bridge server
2025-05-22 14:19:28,073 - __main__ - INFO - Connected to bridge server
2025-05-22 14:19:28,074 - __main__ - INFO - Received welcome: connection_established
2025-05-22 14:19:28,074 - __main__ - INFO - Sent registration message
2025-05-22 14:19:28,074 - __main__ - ERROR - Unexpected response to registration: {'type': 'error', 'error': 'Unknown message type: register', 'timestamp': '2025-05-22T14:19:28.074783'}
2025-05-22 14:19:28,075 - __main__ - ERROR - Failed to register with bridge server
2025-05-22 14:19:33,101 - __main__ - INFO - Connected to bridge server
2025-05-22 14:19:33,102 - __main__ - INFO - Received welcome: connection_established
2025-05-22 14:19:33,102 - __main__ - INFO - Sent registration message
2025-05-22 14:19:33,102 - __main__ - ERROR - Unexpected response to registration: {'type': 'error', 'error': 'Unknown message type: register', 'timestamp': '2025-05-22T14:19:33.102591'}
2025-05-22 14:19:33,102 - __main__ - ERROR - Failed to register with bridge server
2025-05-22 14:19:38,131 - __main__ - INFO - Connected to bridge server
2025-05-22 14:19:38,133 - __main__ - INFO - Received welcome: connection_established
2025-05-22 14:19:38,134 - __main__ - INFO - Sent registration message
2025-05-22 14:19:38,136 - __main__ - ERROR - Unexpected response to registration: {'type': 'error', 'error': 'Unknown message type: register', 'timestamp': '2025-05-22T14:19:38.136417'}
2025-05-22 14:19:38,136 - __main__ - ERROR - Failed to register with bridge server
2025-05-22 14:19:43,147 - __main__ - INFO - Connected to bridge server
2025-05-22 14:19:43,148 - __main__ - INFO - Received welcome: connection_established
2025-05-22 14:19:43,148 - __main__ - INFO - Sent registration message
2025-05-22 14:19:43,149 - __main__ - ERROR - Unexpected response to registration: {'type': 'error', 'error': 'Unknown message type: register', 'timestamp': '2025-05-22T14:19:43.149051'}
2025-05-22 14:19:43,149 - __main__ - ERROR - Failed to register with bridge server
2025-05-22 14:19:48,156 - __main__ - INFO - Connected to bridge server
2025-05-22 14:19:48,157 - __main__ - INFO - Received welcome: connection_established
2025-05-22 14:19:48,157 - __main__ - INFO - Sent registration message
2025-05-22 14:19:48,158 - __main__ - ERROR - Unexpected response to registration: {'type': 'error', 'error': 'Unknown message type: register', 'timestamp': '2025-05-22T14:19:48.157985'}
2025-05-22 14:19:48,158 - __main__ - ERROR - Failed to register with bridge server
2025-05-22 14:19:53,215 - __main__ - INFO - Connected to bridge server
2025-05-22 14:19:53,216 - __main__ - INFO - Received welcome: connection_established
2025-05-22 14:19:53,217 - __main__ - INFO - Sent registration message
2025-05-22 14:19:53,219 - __main__ - ERROR - Unexpected response to registration: {'type': 'error', 'error': 'Unknown message type: register', 'timestamp': '2025-05-22T14:19:53.218064'}
2025-05-22 14:19:53,219 - __main__ - ERROR - Failed to register with bridge server
2025-05-22 14:19:58,313 - __main__ - INFO - Connected to bridge server
2025-05-22 14:19:58,315 - __main__ - INFO - Received welcome: connection_established
2025-05-22 14:19:58,315 - __main__ - INFO - Sent registration message
2025-05-22 14:19:58,317 - __main__ - ERROR - Unexpected response to registration: {'type': 'error', 'error': 'Unknown message type: register', 'timestamp': '2025-05-22T14:19:58.317108'}
2025-05-22 14:19:58,317 - __main__ - ERROR - Failed to register with bridge server
2025-05-22 14:20:04,863 - __main__ - INFO - Connected to bridge server
2025-05-22 14:20:04,873 - __main__ - INFO - Received welcome: connection_established
2025-05-22 14:20:04,875 - __main__ - INFO - Sent registration message
2025-05-22 14:20:04,882 - __main__ - ERROR - Unexpected response to registration: {'type': 'error', 'error': 'Unknown message type: register', 'timestamp': '2025-05-22T14:20:04.880233'}
2025-05-22 14:20:04,883 - __main__ - ERROR - Failed to register with bridge server
2025-05-22 14:20:10,030 - __main__ - INFO - Connected to bridge server
2025-05-22 14:20:10,043 - __main__ - INFO - Received welcome: connection_established
2025-05-22 14:20:10,044 - __main__ - INFO - Sent registration message
2025-05-22 14:20:10,054 - __main__ - ERROR - Unexpected response to registration: {'type': 'error', 'error': 'Unknown message type: register', 'timestamp': '2025-05-22T14:20:10.047612'}
2025-05-22 14:20:10,054 - __main__ - ERROR - Failed to register with bridge server
2025-05-22 14:20:15,123 - __main__ - INFO - Connected to bridge server
2025-05-22 14:20:15,125 - __main__ - INFO - Received welcome: connection_established
2025-05-22 14:20:15,126 - __main__ - INFO - Sent registration message
2025-05-22 14:20:15,127 - __main__ - ERROR - Unexpected response to registration: {'type': 'error', 'error': 'Unknown message type: register', 'timestamp': '2025-05-22T14:20:15.127328'}
2025-05-22 14:20:15,128 - __main__ - ERROR - Failed to register with bridge server
2025-05-22 14:20:21,130 - __main__ - INFO - Connected to bridge server
2025-05-22 14:20:21,141 - __main__ - INFO - Received welcome: connection_established
2025-05-22 14:20:21,147 - __main__ - INFO - Sent registration message
2025-05-22 14:20:21,157 - __main__ - ERROR - Unexpected response to registration: {'type': 'error', 'error': 'Unknown message type: register', 'timestamp': '2025-05-22T14:20:21.154671'}
2025-05-22 14:20:21,158 - __main__ - ERROR - Failed to register with bridge server
2025-05-22 14:20:26,313 - __main__ - INFO - Connected to bridge server
2025-05-22 14:20:26,316 - __main__ - INFO - Received welcome: connection_established
2025-05-22 14:20:26,316 - __main__ - INFO - Sent registration message
2025-05-22 14:20:26,330 - __main__ - ERROR - Unexpected response to registration: {'type': 'error', 'error': 'Unknown message type: register', 'timestamp': '2025-05-22T14:20:26.328757'}
2025-05-22 14:20:26,330 - __main__ - ERROR - Failed to register with bridge server
2025-05-22 14:20:31,392 - __main__ - INFO - Connected to bridge server
2025-05-22 14:20:31,393 - __main__ - INFO - Received welcome: connection_established
2025-05-22 14:20:31,393 - __main__ - INFO - Sent registration message
2025-05-22 14:20:31,395 - __main__ - ERROR - Unexpected response to registration: {'type': 'error', 'error': 'Unknown message type: register', 'timestamp': '2025-05-22T14:20:31.394533'}
2025-05-22 14:20:31,395 - __main__ - ERROR - Failed to register with bridge server
2025-05-22 14:20:36,472 - __main__ - INFO - Connected to bridge server
2025-05-22 14:20:36,477 - __main__ - INFO - Received welcome: connection_established
2025-05-22 14:20:36,478 - __main__ - INFO - Sent registration message
2025-05-22 14:20:36,480 - __main__ - ERROR - Unexpected response to registration: {'type': 'error', 'error': 'Unknown message type: register', 'timestamp': '2025-05-22T14:20:36.479068'}
2025-05-22 14:20:36,480 - __main__ - ERROR - Failed to register with bridge server
2025-05-22 14:20:41,783 - __main__ - INFO - Connected to bridge server
2025-05-22 14:20:41,792 - __main__ - INFO - Received welcome: connection_established
2025-05-22 14:20:41,794 - __main__ - INFO - Sent registration message
2025-05-22 14:20:41,799 - __main__ - ERROR - Unexpected response to registration: {'type': 'error', 'error': 'Unknown message type: register', 'timestamp': '2025-05-22T14:20:41.798680'}
2025-05-22 14:20:41,807 - __main__ - ERROR - Failed to register with bridge server
2025-05-22 14:20:46,921 - __main__ - INFO - Connected to bridge server
2025-05-22 14:20:46,922 - __main__ - INFO - Received welcome: connection_established
2025-05-22 14:20:46,923 - __main__ - INFO - Sent registration message
2025-05-22 14:20:46,925 - __main__ - ERROR - Unexpected response to registration: {'type': 'error', 'error': 'Unknown message type: register', 'timestamp': '2025-05-22T14:20:46.924391'}
2025-05-22 14:20:46,925 - __main__ - ERROR - Failed to register with bridge server
2025-05-22 14:20:52,100 - __main__ - INFO - Connected to bridge server
2025-05-22 14:20:52,104 - __main__ - INFO - Received welcome: connection_established
2025-05-22 14:20:52,106 - __main__ - INFO - Sent registration message
2025-05-22 14:20:52,108 - __main__ - ERROR - Unexpected response to registration: {'type': 'error', 'error': 'Unknown message type: register', 'timestamp': '2025-05-22T14:20:52.107971'}
2025-05-22 14:20:52,108 - __main__ - ERROR - Failed to register with bridge server
2025-05-22 14:20:57,613 - __main__ - INFO - Connected to bridge server
2025-05-22 14:20:57,624 - __main__ - INFO - Received welcome: connection_established
2025-05-22 14:20:57,648 - __main__ - INFO - Sent registration message
2025-05-22 14:20:57,680 - __main__ - ERROR - Unexpected response to registration: {'type': 'error', 'error': 'Unknown message type: register', 'timestamp': '2025-05-22T14:20:57.678385'}
2025-05-22 14:20:57,680 - __main__ - ERROR - Failed to register with bridge server
2025-05-22 14:21:02,747 - __main__ - INFO - Connected to bridge server
2025-05-22 14:21:02,748 - __main__ - INFO - Received welcome: connection_established
2025-05-22 14:21:02,749 - __main__ - INFO - Sent registration message
2025-05-22 14:21:02,750 - __main__ - ERROR - Unexpected response to registration: {'type': 'error', 'error': 'Unknown message type: register', 'timestamp': '2025-05-22T14:21:02.749663'}
2025-05-22 14:21:02,750 - __main__ - ERROR - Failed to register with bridge server
2025-05-22 14:21:08,171 - __main__ - INFO - Connected to bridge server
2025-05-22 14:21:08,185 - __main__ - INFO - Received welcome: connection_established
2025-05-22 14:21:08,189 - __main__ - INFO - Sent registration message
2025-05-22 14:21:08,190 - __main__ - ERROR - Unexpected response to registration: {'type': 'error', 'error': 'Unknown message type: register', 'timestamp': '2025-05-22T14:21:08.189734'}
2025-05-22 14:21:08,190 - __main__ - ERROR - Failed to register with bridge server
2025-05-22 14:21:13,228 - __main__ - INFO - Connected to bridge server
2025-05-22 14:21:13,236 - __main__ - INFO - Received welcome: connection_established
2025-05-22 14:21:13,236 - __main__ - INFO - Sent registration message
2025-05-22 14:21:13,237 - __main__ - ERROR - Unexpected response to registration: {'type': 'error', 'error': 'Unknown message type: register', 'timestamp': '2025-05-22T14:21:13.237276'}
2025-05-22 14:21:13,237 - __main__ - ERROR - Failed to register with bridge server
2025-05-22 14:21:18,803 - __main__ - INFO - Connected to bridge server
2025-05-22 14:21:18,814 - __main__ - INFO - Received welcome: connection_established
2025-05-22 14:21:18,833 - __main__ - INFO - Sent registration message
2025-05-22 14:21:18,858 - __main__ - ERROR - Unexpected response to registration: {'type': 'error', 'error': 'Unknown message type: register', 'timestamp': '2025-05-22T14:21:18.845768'}
2025-05-22 14:21:18,858 - __main__ - ERROR - Failed to register with bridge server
2025-05-22 14:21:24,105 - __main__ - INFO - Connected to bridge server
2025-05-22 14:21:24,117 - __main__ - INFO - Received welcome: connection_established
2025-05-22 14:21:24,120 - __main__ - INFO - Sent registration message
2025-05-22 14:21:24,123 - __main__ - ERROR - Unexpected response to registration: {'type': 'error', 'error': 'Unknown message type: register', 'timestamp': '2025-05-22T14:21:24.121919'}
2025-05-22 14:21:24,123 - __main__ - ERROR - Failed to register with bridge server
2025-05-22 14:21:29,725 - __main__ - INFO - Connected to bridge server
2025-05-22 14:21:29,738 - __main__ - INFO - Received welcome: connection_established
2025-05-22 14:21:29,740 - __main__ - INFO - Sent registration message
2025-05-22 14:21:29,757 - __main__ - ERROR - Unexpected response to registration: {'type': 'error', 'error': 'Unknown message type: register', 'timestamp': '2025-05-22T14:21:29.752612'}
2025-05-22 14:21:29,758 - __main__ - ERROR - Failed to register with bridge server
2025-05-22 14:21:34,793 - __main__ - INFO - Connected to bridge server
2025-05-22 14:21:34,794 - __main__ - INFO - Received welcome: connection_established
2025-05-22 14:21:34,795 - __main__ - INFO - Sent registration message
2025-05-22 14:21:34,795 - __main__ - ERROR - Unexpected response to registration: {'type': 'error', 'error': 'Unknown message type: register', 'timestamp': '2025-05-22T14:21:34.795430'}
2025-05-22 14:21:34,795 - __main__ - ERROR - Failed to register with bridge server
2025-05-22 14:21:39,857 - __main__ - INFO - Connected to bridge server
2025-05-22 14:21:39,859 - __main__ - INFO - Received welcome: connection_established
2025-05-22 14:21:39,860 - __main__ - INFO - Sent registration message
2025-05-22 14:21:39,862 - __main__ - ERROR - Unexpected response to registration: {'type': 'error', 'error': 'Unknown message type: register', 'timestamp': '2025-05-22T14:21:39.861596'}
2025-05-22 14:21:39,862 - __main__ - ERROR - Failed to register with bridge server
2025-05-22 14:21:44,896 - __main__ - INFO - Connected to bridge server
2025-05-22 14:21:44,897 - __main__ - INFO - Received welcome: connection_established
2025-05-22 14:21:44,898 - __main__ - INFO - Sent registration message
2025-05-22 14:21:44,899 - __main__ - ERROR - Unexpected response to registration: {'type': 'error', 'error': 'Unknown message type: register', 'timestamp': '2025-05-22T14:21:44.899054'}
2025-05-22 14:21:44,899 - __main__ - ERROR - Failed to register with bridge server
2025-05-22 14:21:49,952 - __main__ - INFO - Connected to bridge server
2025-05-22 14:21:49,956 - __main__ - INFO - Received welcome: connection_established
2025-05-22 14:21:49,957 - __main__ - INFO - Sent registration message
2025-05-22 14:21:49,958 - __main__ - ERROR - Unexpected response to registration: {'type': 'error', 'error': 'Unknown message type: register', 'timestamp': '2025-05-22T14:21:49.958178'}
2025-05-22 14:21:49,959 - __main__ - ERROR - Failed to register with bridge server
2025-05-22 14:21:55,086 - __main__ - INFO - Connected to bridge server
2025-05-22 14:21:55,091 - __main__ - INFO - Received welcome: connection_established
2025-05-22 14:21:55,096 - __main__ - INFO - Sent registration message
2025-05-22 14:21:55,099 - __main__ - ERROR - Unexpected response to registration: {'type': 'error', 'error': 'Unknown message type: register', 'timestamp': '2025-05-22T14:21:55.098915'}
2025-05-22 14:21:55,099 - __main__ - ERROR - Failed to register with bridge server
2025-05-22 14:22:00,128 - __main__ - INFO - Connected to bridge server
2025-05-22 14:22:00,130 - __main__ - INFO - Received welcome: connection_established
2025-05-22 14:22:00,131 - __main__ - INFO - Sent registration message
2025-05-22 14:22:00,132 - __main__ - ERROR - Unexpected response to registration: {'type': 'error', 'error': 'Unknown message type: register', 'timestamp': '2025-05-22T14:22:00.131823'}
2025-05-22 14:22:00,132 - __main__ - ERROR - Failed to register with bridge server
2025-05-22 14:22:05,285 - __main__ - INFO - Connected to bridge server
2025-05-22 14:22:05,293 - __main__ - INFO - Received welcome: connection_established
2025-05-22 14:22:05,296 - __main__ - INFO - Sent registration message
2025-05-22 14:22:05,305 - __main__ - ERROR - Unexpected response to registration: {'type': 'error', 'error': 'Unknown message type: register', 'timestamp': '2025-05-22T14:22:05.304940'}
2025-05-22 14:22:05,305 - __main__ - ERROR - Failed to register with bridge server
2025-05-22 14:22:10,499 - __main__ - INFO - Connected to bridge server
2025-05-22 14:22:10,501 - __main__ - INFO - Received welcome: connection_established
2025-05-22 14:22:10,502 - __main__ - INFO - Sent registration message
2025-05-22 14:22:10,504 - __main__ - ERROR - Unexpected response to registration: {'type': 'error', 'error': 'Unknown message type: register', 'timestamp': '2025-05-22T14:22:10.503463'}
2025-05-22 14:22:10,505 - __main__ - ERROR - Failed to register with bridge server
2025-05-22 14:22:15,655 - __main__ - INFO - Connected to bridge server
2025-05-22 14:22:15,690 - __main__ - INFO - Received welcome: connection_established
2025-05-22 14:22:15,691 - __main__ - INFO - Sent registration message
2025-05-22 14:22:15,698 - __main__ - ERROR - Unexpected response to registration: {'type': 'error', 'error': 'Unknown message type: register', 'timestamp': '2025-05-22T14:22:15.696093'}
2025-05-22 14:22:15,699 - __main__ - ERROR - Failed to register with bridge server
2025-05-22 14:22:20,889 - __main__ - INFO - Connected to bridge server
2025-05-22 14:22:20,899 - __main__ - INFO - Received welcome: connection_established
2025-05-22 14:22:20,901 - __main__ - INFO - Sent registration message
2025-05-22 14:22:20,906 - __main__ - ERROR - Unexpected response to registration: {'type': 'error', 'error': 'Unknown message type: register', 'timestamp': '2025-05-22T14:22:20.904082'}
2025-05-22 14:22:20,906 - __main__ - ERROR - Failed to register with bridge server
2025-05-22 14:22:25,972 - __main__ - INFO - Connected to bridge server
2025-05-22 14:22:25,975 - __main__ - INFO - Received welcome: connection_established
2025-05-22 14:22:25,977 - __main__ - INFO - Sent registration message
2025-05-22 14:22:25,978 - __main__ - ERROR - Unexpected response to registration: {'type': 'error', 'error': 'Unknown message type: register', 'timestamp': '2025-05-22T14:22:25.978458'}
2025-05-22 14:22:25,979 - __main__ - ERROR - Failed to register with bridge server
2025-05-22 14:22:31,158 - __main__ - INFO - Connected to bridge server
2025-05-22 14:22:31,165 - __main__ - INFO - Received welcome: connection_established
2025-05-22 14:22:31,167 - __main__ - INFO - Sent registration message
2025-05-22 14:22:31,172 - __main__ - ERROR - Unexpected response to registration: {'type': 'error', 'error': 'Unknown message type: register', 'timestamp': '2025-05-22T14:22:31.170316'}
2025-05-22 14:22:31,172 - __main__ - ERROR - Failed to register with bridge server
2025-05-22 14:22:36,308 - __main__ - INFO - Connected to bridge server
2025-05-22 14:22:36,312 - __main__ - INFO - Received welcome: connection_established
2025-05-22 14:22:36,326 - __main__ - INFO - Sent registration message
2025-05-22 14:22:36,339 - __main__ - ERROR - Unexpected response to registration: {'type': 'error', 'error': 'Unknown message type: register', 'timestamp': '2025-05-22T14:22:36.338632'}
2025-05-22 14:22:36,339 - __main__ - ERROR - Failed to register with bridge server
2025-05-22 14:22:41,523 - __main__ - INFO - Connected to bridge server
2025-05-22 14:22:41,525 - __main__ - INFO - Received welcome: connection_established
2025-05-22 14:22:41,526 - __main__ - INFO - Sent registration message
2025-05-22 14:22:41,527 - __main__ - ERROR - Unexpected response to registration: {'type': 'error', 'error': 'Unknown message type: register', 'timestamp': '2025-05-22T14:22:41.527205'}
2025-05-22 14:22:41,527 - __main__ - ERROR - Failed to register with bridge server
2025-05-22 14:22:46,557 - __main__ - INFO - Connected to bridge server
2025-05-22 14:22:46,560 - __main__ - INFO - Received welcome: connection_established
2025-05-22 14:22:46,562 - __main__ - INFO - Sent registration message
2025-05-22 14:22:46,567 - __main__ - ERROR - Unexpected response to registration: {'type': 'error', 'error': 'Unknown message type: register', 'timestamp': '2025-05-22T14:22:46.565755'}
2025-05-22 14:22:46,567 - __main__ - ERROR - Failed to register with bridge server
2025-05-22 14:22:51,653 - __main__ - INFO - Connected to bridge server
2025-05-22 14:22:51,687 - __main__ - INFO - Received welcome: connection_established
2025-05-22 14:22:51,689 - __main__ - INFO - Sent registration message
2025-05-22 14:22:51,693 - __main__ - ERROR - Unexpected response to registration: {'type': 'error', 'error': 'Unknown message type: register', 'timestamp': '2025-05-22T14:22:51.691298'}
2025-05-22 14:22:51,693 - __main__ - ERROR - Failed to register with bridge server
2025-05-22 14:22:56,907 - __main__ - INFO - Connected to bridge server
2025-05-22 14:22:56,972 - __main__ - INFO - Received welcome: connection_established
2025-05-22 14:22:56,976 - __main__ - INFO - Sent registration message
2025-05-22 14:22:56,982 - __main__ - ERROR - Unexpected response to registration: {'type': 'error', 'error': 'Unknown message type: register', 'timestamp': '2025-05-22T14:22:56.982286'}
2025-05-22 14:22:56,982 - __main__ - ERROR - Failed to register with bridge server
2025-05-22 14:23:02,210 - __main__ - INFO - Connected to bridge server
2025-05-22 14:23:02,223 - __main__ - INFO - Received welcome: connection_established
2025-05-22 14:23:02,231 - __main__ - INFO - Sent registration message
2025-05-22 14:23:02,236 - __main__ - ERROR - Unexpected response to registration: {'type': 'error', 'error': 'Unknown message type: register', 'timestamp': '2025-05-22T14:23:02.236319'}
2025-05-22 14:23:02,237 - __main__ - ERROR - Failed to register with bridge server
2025-05-22 14:23:08,146 - __main__ - INFO - Connected to bridge server
2025-05-22 14:23:08,197 - __main__ - INFO - Received welcome: connection_established
2025-05-22 14:23:08,220 - __main__ - INFO - Sent registration message
2025-05-22 14:23:08,226 - __main__ - ERROR - Unexpected response to registration: {'type': 'error', 'error': 'Unknown message type: register', 'timestamp': '2025-05-22T14:23:08.225135'}
2025-05-22 14:23:08,226 - __main__ - ERROR - Failed to register with bridge server
2025-05-22 14:23:14,634 - __main__ - INFO - Connected to bridge server
2025-05-22 14:23:14,720 - __main__ - INFO - Received welcome: connection_established
2025-05-22 14:23:14,756 - __main__ - INFO - Sent registration message
2025-05-22 14:23:14,929 - __main__ - ERROR - Unexpected response to registration: {'type': 'error', 'error': 'Unknown message type: register', 'timestamp': '2025-05-22T14:23:14.919603'}
2025-05-22 14:23:14,930 - __main__ - ERROR - Failed to register with bridge server
2025-05-22 14:23:21,885 - __main__ - INFO - Connected to bridge server
2025-05-22 14:23:21,930 - __main__ - INFO - Received welcome: connection_established
2025-05-22 14:23:21,931 - __main__ - INFO - Sent registration message
2025-05-22 14:23:22,038 - __main__ - ERROR - Unexpected response to registration: {'type': 'error', 'error': 'Unknown message type: register', 'timestamp': '2025-05-22T14:23:22.035752'}
2025-05-22 14:23:22,038 - __main__ - ERROR - Failed to register with bridge server
2025-05-22 14:23:27,080 - __main__ - INFO - Connected to bridge server
2025-05-22 14:23:27,080 - __main__ - INFO - Received welcome: connection_established
2025-05-22 14:23:27,085 - __main__ - INFO - Sent registration message
2025-05-22 14:23:27,089 - __main__ - ERROR - Unexpected response to registration: {'type': 'error', 'error': 'Unknown message type: register', 'timestamp': '2025-05-22T14:23:27.087978'}
2025-05-22 14:23:27,090 - __main__ - ERROR - Failed to register with bridge server
2025-05-22 14:23:32,113 - __main__ - INFO - Connected to bridge server
2025-05-22 14:23:32,114 - __main__ - INFO - Received welcome: connection_established
2025-05-22 14:23:32,114 - __main__ - INFO - Sent registration message
2025-05-22 14:23:32,115 - __main__ - ERROR - Unexpected response to registration: {'type': 'error', 'error': 'Unknown message type: register', 'timestamp': '2025-05-22T14:23:32.115670'}
2025-05-22 14:23:32,115 - __main__ - ERROR - Failed to register with bridge server
2025-05-22 14:23:37,194 - __main__ - INFO - Connected to bridge server
2025-05-22 14:23:37,200 - __main__ - INFO - Received welcome: connection_established
2025-05-22 14:23:37,202 - __main__ - INFO - Sent registration message
2025-05-22 14:23:37,204 - __main__ - ERROR - Unexpected response to registration: {'type': 'error', 'error': 'Unknown message type: register', 'timestamp': '2025-05-22T14:23:37.203399'}
2025-05-22 14:23:37,204 - __main__ - ERROR - Failed to register with bridge server
2025-05-22 14:23:42,524 - __main__ - INFO - Connected to bridge server
2025-05-22 14:23:42,545 - __main__ - INFO - Received welcome: connection_established
2025-05-22 14:23:42,553 - __main__ - INFO - Sent registration message
2025-05-22 14:23:42,579 - __main__ - ERROR - Unexpected response to registration: {'type': 'error', 'error': 'Unknown message type: register', 'timestamp': '2025-05-22T14:23:42.557523'}
2025-05-22 14:23:42,583 - __main__ - ERROR - Failed to register with bridge server
2025-05-22 14:23:47,636 - __main__ - INFO - Connected to bridge server
2025-05-22 14:23:47,638 - __main__ - INFO - Received welcome: connection_established
2025-05-22 14:23:47,638 - __main__ - INFO - Sent registration message
2025-05-22 14:23:47,640 - __main__ - ERROR - Unexpected response to registration: {'type': 'error', 'error': 'Unknown message type: register', 'timestamp': '2025-05-22T14:23:47.639840'}
2025-05-22 14:23:47,640 - __main__ - ERROR - Failed to register with bridge server
2025-05-22 14:23:52,677 - __main__ - INFO - Connected to bridge server
2025-05-22 14:23:52,685 - __main__ - INFO - Received welcome: connection_established
2025-05-22 14:23:52,692 - __main__ - INFO - Sent registration message
2025-05-22 14:23:52,699 - __main__ - ERROR - Unexpected response to registration: {'type': 'error', 'error': 'Unknown message type: register', 'timestamp': '2025-05-22T14:23:52.697964'}
2025-05-22 14:23:52,699 - __main__ - ERROR - Failed to register with bridge server
2025-05-22 14:23:57,976 - __main__ - INFO - Connected to bridge server
2025-05-22 14:23:57,977 - __main__ - INFO - Received welcome: connection_established
2025-05-22 14:23:57,978 - __main__ - INFO - Sent registration message
2025-05-22 14:23:57,980 - __main__ - ERROR - Unexpected response to registration: {'type': 'error', 'error': 'Unknown message type: register', 'timestamp': '2025-05-22T14:23:57.978946'}
2025-05-22 14:23:57,980 - __main__ - ERROR - Failed to register with bridge server
2025-05-22 14:24:03,123 - __main__ - INFO - Connected to bridge server
2025-05-22 14:24:03,128 - __main__ - INFO - Received welcome: connection_established
2025-05-22 14:24:03,130 - __main__ - INFO - Sent registration message
2025-05-22 14:24:03,133 - __main__ - ERROR - Unexpected response to registration: {'type': 'error', 'error': 'Unknown message type: register', 'timestamp': '2025-05-22T14:24:03.133346'}
2025-05-22 14:24:03,134 - __main__ - ERROR - Failed to register with bridge server
2025-05-22 14:24:08,709 - __main__ - INFO - Connected to bridge server
2025-05-22 14:24:08,722 - __main__ - INFO - Received welcome: connection_established
2025-05-22 14:24:08,729 - __main__ - INFO - Sent registration message
2025-05-22 14:24:08,746 - __main__ - ERROR - Unexpected response to registration: {'type': 'error', 'error': 'Unknown message type: register', 'timestamp': '2025-05-22T14:24:08.740806'}
2025-05-22 14:24:08,747 - __main__ - ERROR - Failed to register with bridge server
2025-05-22 14:24:13,862 - __main__ - INFO - Connected to bridge server
2025-05-22 14:24:13,871 - __main__ - INFO - Received welcome: connection_established
2025-05-22 14:24:13,874 - __main__ - INFO - Sent registration message
2025-05-22 14:24:13,877 - __main__ - ERROR - Unexpected response to registration: {'type': 'error', 'error': 'Unknown message type: register', 'timestamp': '2025-05-22T14:24:13.876393'}
2025-05-22 14:24:13,877 - __main__ - ERROR - Failed to register with bridge server
2025-05-22 14:24:18,910 - __main__ - INFO - Connected to bridge server
2025-05-22 14:24:18,911 - __main__ - INFO - Received welcome: connection_established
2025-05-22 14:24:18,912 - __main__ - INFO - Sent registration message
2025-05-22 14:24:18,913 - __main__ - ERROR - Unexpected response to registration: {'type': 'error', 'error': 'Unknown message type: register', 'timestamp': '2025-05-22T14:24:18.913080'}
2025-05-22 14:24:18,913 - __main__ - ERROR - Failed to register with bridge server
2025-05-22 14:24:24,011 - __main__ - INFO - Connected to bridge server
2025-05-22 14:24:24,014 - __main__ - INFO - Received welcome: connection_established
2025-05-22 14:24:24,015 - __main__ - INFO - Sent registration message
2025-05-22 14:24:24,018 - __main__ - ERROR - Unexpected response to registration: {'type': 'error', 'error': 'Unknown message type: register', 'timestamp': '2025-05-22T14:24:24.017651'}
2025-05-22 14:24:24,019 - __main__ - ERROR - Failed to register with bridge server
2025-05-22 14:24:29,074 - __main__ - INFO - Connected to bridge server
2025-05-22 14:24:29,075 - __main__ - INFO - Received welcome: connection_established
2025-05-22 14:24:29,076 - __main__ - INFO - Sent registration message
2025-05-22 14:24:29,077 - __main__ - ERROR - Unexpected response to registration: {'type': 'error', 'error': 'Unknown message type: register', 'timestamp': '2025-05-22T14:24:29.076942'}
2025-05-22 14:24:29,077 - __main__ - ERROR - Failed to register with bridge server
2025-05-22 14:24:34,436 - __main__ - INFO - Connected to bridge server
2025-05-22 14:24:34,453 - __main__ - INFO - Received welcome: connection_established
2025-05-22 14:24:34,462 - __main__ - INFO - Sent registration message
2025-05-22 14:24:34,484 - __main__ - ERROR - Unexpected response to registration: {'type': 'error', 'error': 'Unknown message type: register', 'timestamp': '2025-05-22T14:24:34.479901'}
2025-05-22 14:24:34,484 - __main__ - ERROR - Failed to register with bridge server
2025-05-22 14:24:39,642 - __main__ - INFO - Connected to bridge server
2025-05-22 14:24:39,645 - __main__ - INFO - Received welcome: connection_established
2025-05-22 14:24:39,646 - __main__ - INFO - Sent registration message
2025-05-22 14:24:39,648 - __main__ - ERROR - Unexpected response to registration: {'type': 'error', 'error': 'Unknown message type: register', 'timestamp': '2025-05-22T14:24:39.648180'}
2025-05-22 14:24:39,648 - __main__ - ERROR - Failed to register with bridge server
2025-05-22 14:24:44,666 - __main__ - INFO - Connected to bridge server
2025-05-22 14:24:44,667 - __main__ - INFO - Received welcome: connection_established
2025-05-22 14:24:44,668 - __main__ - INFO - Sent registration message
2025-05-22 14:24:44,668 - __main__ - ERROR - Unexpected response to registration: {'type': 'error', 'error': 'Unknown message type: register', 'timestamp': '2025-05-22T14:24:44.668674'}
2025-05-22 14:24:44,668 - __main__ - ERROR - Failed to register with bridge server
2025-05-22 14:24:49,783 - __main__ - INFO - Connected to bridge server
2025-05-22 14:24:49,784 - __main__ - INFO - Received welcome: connection_established
2025-05-22 14:24:49,784 - __main__ - INFO - Sent registration message
2025-05-22 14:24:49,785 - __main__ - ERROR - Unexpected response to registration: {'type': 'error', 'error': 'Unknown message type: register', 'timestamp': '2025-05-22T14:24:49.785527'}
2025-05-22 14:24:49,786 - __main__ - ERROR - Failed to register with bridge server
2025-05-22 14:24:54,804 - __main__ - INFO - Connected to bridge server
2025-05-22 14:24:54,804 - __main__ - INFO - Received welcome: connection_established
2025-05-22 14:24:54,805 - __main__ - INFO - Sent registration message
2025-05-22 14:24:54,805 - __main__ - ERROR - Unexpected response to registration: {'type': 'error', 'error': 'Unknown message type: register', 'timestamp': '2025-05-22T14:24:54.805498'}
2025-05-22 14:24:54,805 - __main__ - ERROR - Failed to register with bridge server
2025-05-22 14:24:59,834 - __main__ - INFO - Connected to bridge server
2025-05-22 14:24:59,835 - __main__ - INFO - Received welcome: connection_established
2025-05-22 14:24:59,836 - __main__ - INFO - Sent registration message
2025-05-22 14:24:59,837 - __main__ - ERROR - Unexpected response to registration: {'type': 'error', 'error': 'Unknown message type: register', 'timestamp': '2025-05-22T14:24:59.836808'}
2025-05-22 14:24:59,837 - __main__ - ERROR - Failed to register with bridge server
2025-05-22 14:25:04,883 - __main__ - INFO - Connected to bridge server
2025-05-22 14:25:04,885 - __main__ - INFO - Received welcome: connection_established
2025-05-22 14:25:04,885 - __main__ - INFO - Sent registration message
2025-05-22 14:25:04,885 - __main__ - ERROR - Unexpected response to registration: {'type': 'error', 'error': 'Unknown message type: register', 'timestamp': '2025-05-22T14:25:04.885810'}
2025-05-22 14:25:04,886 - __main__ - ERROR - Failed to register with bridge server
2025-05-22 14:25:09,915 - __main__ - INFO - Connected to bridge server
2025-05-22 14:25:09,916 - __main__ - INFO - Received welcome: connection_established
2025-05-22 14:25:09,916 - __main__ - INFO - Sent registration message
2025-05-22 14:25:09,917 - __main__ - ERROR - Unexpected response to registration: {'type': 'error', 'error': 'Unknown message type: register', 'timestamp': '2025-05-22T14:25:09.917193'}
2025-05-22 14:25:09,917 - __main__ - ERROR - Failed to register with bridge server
2025-05-22 14:25:14,939 - __main__ - INFO - Connected to bridge server
2025-05-22 14:25:14,942 - __main__ - INFO - Received welcome: connection_established
2025-05-22 14:25:14,945 - __main__ - INFO - Sent registration message
2025-05-22 14:25:14,951 - __main__ - ERROR - Unexpected response to registration: {'type': 'error', 'error': 'Unknown message type: register', 'timestamp': '2025-05-22T14:25:14.950961'}
2025-05-22 14:25:14,951 - __main__ - ERROR - Failed to register with bridge server
2025-05-22 14:25:19,970 - __main__ - INFO - Connected to bridge server
2025-05-22 14:25:19,973 - __main__ - INFO - Received welcome: connection_established
2025-05-22 14:25:19,974 - __main__ - INFO - Sent registration message
2025-05-22 14:25:19,978 - __main__ - ERROR - Unexpected response to registration: {'type': 'error', 'error': 'Unknown message type: register', 'timestamp': '2025-05-22T14:25:19.977135'}
2025-05-22 14:25:19,978 - __main__ - ERROR - Failed to register with bridge server
2025-05-22 14:25:25,022 - __main__ - INFO - Connected to bridge server
2025-05-22 14:25:25,023 - __main__ - INFO - Received welcome: connection_established
2025-05-22 14:25:25,023 - __main__ - INFO - Sent registration message
2025-05-22 14:25:25,024 - __main__ - ERROR - Unexpected response to registration: {'type': 'error', 'error': 'Unknown message type: register', 'timestamp': '2025-05-22T14:25:25.024383'}
2025-05-22 14:25:25,024 - __main__ - ERROR - Failed to register with bridge server
2025-05-22 14:25:30,049 - __main__ - INFO - Connected to bridge server
2025-05-22 14:25:30,050 - __main__ - INFO - Received welcome: connection_established
2025-05-22 14:25:30,050 - __main__ - INFO - Sent registration message
2025-05-22 14:25:30,052 - __main__ - ERROR - Unexpected response to registration: {'type': 'error', 'error': 'Unknown message type: register', 'timestamp': '2025-05-22T14:25:30.051401'}
2025-05-22 14:25:30,052 - __main__ - ERROR - Failed to register with bridge server
2025-05-22 14:25:35,067 - __main__ - INFO - Connected to bridge server
2025-05-22 14:25:35,069 - __main__ - INFO - Received welcome: connection_established
2025-05-22 14:25:35,069 - __main__ - INFO - Sent registration message
2025-05-22 14:25:35,071 - __main__ - ERROR - Unexpected response to registration: {'type': 'error', 'error': 'Unknown message type: register', 'timestamp': '2025-05-22T14:25:35.070481'}
2025-05-22 14:25:35,071 - __main__ - ERROR - Failed to register with bridge server
2025-05-22 14:25:40,124 - __main__ - INFO - Connected to bridge server
2025-05-22 14:25:40,125 - __main__ - INFO - Received welcome: connection_established
2025-05-22 14:25:40,126 - __main__ - INFO - Sent registration message
2025-05-22 14:25:40,127 - __main__ - ERROR - Unexpected response to registration: {'type': 'error', 'error': 'Unknown message type: register', 'timestamp': '2025-05-22T14:25:40.127322'}
2025-05-22 14:25:40,127 - __main__ - ERROR - Failed to register with bridge server
2025-05-22 14:25:45,167 - __main__ - INFO - Connected to bridge server
2025-05-22 14:25:45,168 - __main__ - INFO - Received welcome: connection_established
2025-05-22 14:25:45,168 - __main__ - INFO - Sent registration message
2025-05-22 14:25:45,169 - __main__ - ERROR - Unexpected response to registration: {'type': 'error', 'error': 'Unknown message type: register', 'timestamp': '2025-05-22T14:25:45.169083'}
2025-05-22 14:25:45,169 - __main__ - ERROR - Failed to register with bridge server
2025-05-22 14:25:50,176 - __main__ - INFO - Connected to bridge server
2025-05-22 14:25:50,176 - __main__ - INFO - Received welcome: connection_established
2025-05-22 14:25:50,177 - __main__ - INFO - Sent registration message
2025-05-22 14:25:50,178 - __main__ - ERROR - Unexpected response to registration: {'type': 'error', 'error': 'Unknown message type: register', 'timestamp': '2025-05-22T14:25:50.177463'}
2025-05-22 14:25:50,178 - __main__ - ERROR - Failed to register with bridge server
2025-05-22 14:25:55,201 - __main__ - INFO - Connected to bridge server
2025-05-22 14:25:55,201 - __main__ - INFO - Received welcome: connection_established
2025-05-22 14:25:55,201 - __main__ - INFO - Sent registration message
2025-05-22 14:25:55,202 - __main__ - ERROR - Unexpected response to registration: {'type': 'error', 'error': 'Unknown message type: register', 'timestamp': '2025-05-22T14:25:55.201983'}
2025-05-22 14:25:55,202 - __main__ - ERROR - Failed to register with bridge server
2025-05-22 14:26:00,337 - __main__ - INFO - Connected to bridge server
2025-05-22 14:26:00,345 - __main__ - INFO - Received welcome: connection_established
2025-05-22 14:26:00,347 - __main__ - INFO - Sent registration message
2025-05-22 14:26:00,355 - __main__ - ERROR - Unexpected response to registration: {'type': 'error', 'error': 'Unknown message type: register', 'timestamp': '2025-05-22T14:26:00.353952'}
2025-05-22 14:26:00,357 - __main__ - ERROR - Failed to register with bridge server
2025-05-22 14:26:05,445 - __main__ - INFO - Connected to bridge server
2025-05-22 14:26:05,446 - __main__ - INFO - Received welcome: connection_established
2025-05-22 14:26:05,446 - __main__ - INFO - Sent registration message
2025-05-22 14:26:05,447 - __main__ - ERROR - Unexpected response to registration: {'type': 'error', 'error': 'Unknown message type: register', 'timestamp': '2025-05-22T14:26:05.447185'}
2025-05-22 14:26:05,447 - __main__ - ERROR - Failed to register with bridge server
2025-05-22 14:26:10,459 - __main__ - INFO - Connected to bridge server
2025-05-22 14:26:10,460 - __main__ - INFO - Received welcome: connection_established
2025-05-22 14:26:10,460 - __main__ - INFO - Sent registration message
2025-05-22 14:26:10,461 - __main__ - ERROR - Unexpected response to registration: {'type': 'error', 'error': 'Unknown message type: register', 'timestamp': '2025-05-22T14:26:10.460810'}
2025-05-22 14:26:10,461 - __main__ - ERROR - Failed to register with bridge server
2025-05-22 14:26:15,701 - __main__ - INFO - Connected to bridge server
2025-05-22 14:26:15,708 - __main__ - INFO - Received welcome: connection_established
2025-05-22 14:26:15,710 - __main__ - INFO - Sent registration message
2025-05-22 14:26:15,711 - __main__ - ERROR - Unexpected response to registration: {'type': 'error', 'error': 'Unknown message type: register', 'timestamp': '2025-05-22T14:26:15.711497'}
2025-05-22 14:26:15,712 - __main__ - ERROR - Failed to register with bridge server
2025-05-22 14:26:20,814 - __main__ - INFO - Connected to bridge server
2025-05-22 14:26:20,820 - __main__ - INFO - Received welcome: connection_established
2025-05-22 14:26:20,822 - __main__ - INFO - Sent registration message
2025-05-22 14:26:20,824 - __main__ - ERROR - Unexpected response to registration: {'type': 'error', 'error': 'Unknown message type: register', 'timestamp': '2025-05-22T14:26:20.824078'}
2025-05-22 14:26:20,824 - __main__ - ERROR - Failed to register with bridge server
2025-05-22 14:26:25,836 - __main__ - INFO - Connected to bridge server
2025-05-22 14:26:25,836 - __main__ - INFO - Received welcome: connection_established
2025-05-22 14:26:25,837 - __main__ - INFO - Sent registration message
2025-05-22 14:26:25,837 - __main__ - ERROR - Unexpected response to registration: {'type': 'error', 'error': 'Unknown message type: register', 'timestamp': '2025-05-22T14:26:25.837327'}
2025-05-22 14:26:25,837 - __main__ - ERROR - Failed to register with bridge server
2025-05-22 14:26:30,849 - __main__ - INFO - Connected to bridge server
2025-05-22 14:26:30,849 - __main__ - INFO - Received welcome: connection_established
2025-05-22 14:26:30,850 - __main__ - INFO - Sent registration message
2025-05-22 14:26:30,850 - __main__ - ERROR - Unexpected response to registration: {'type': 'error', 'error': 'Unknown message type: register', 'timestamp': '2025-05-22T14:26:30.850544'}
2025-05-22 14:26:30,850 - __main__ - ERROR - Failed to register with bridge server
2025-05-22 14:26:35,860 - __main__ - INFO - Connected to bridge server
2025-05-22 14:26:35,861 - __main__ - INFO - Received welcome: connection_established
2025-05-22 14:26:35,861 - __main__ - INFO - Sent registration message
2025-05-22 14:26:35,862 - __main__ - ERROR - Unexpected response to registration: {'type': 'error', 'error': 'Unknown message type: register', 'timestamp': '2025-05-22T14:26:35.862249'}
2025-05-22 14:26:35,862 - __main__ - ERROR - Failed to register with bridge server
2025-05-22 14:26:40,873 - __main__ - INFO - Connected to bridge server
2025-05-22 14:26:40,874 - __main__ - INFO - Received welcome: connection_established
2025-05-22 14:26:40,874 - __main__ - INFO - Sent registration message
2025-05-22 14:26:40,874 - __main__ - ERROR - Unexpected response to registration: {'type': 'error', 'error': 'Unknown message type: register', 'timestamp': '2025-05-22T14:26:40.874483'}
2025-05-22 14:26:40,874 - __main__ - ERROR - Failed to register with bridge server
2025-05-22 14:26:45,889 - __main__ - INFO - Connected to bridge server
2025-05-22 14:26:45,890 - __main__ - INFO - Received welcome: connection_established
2025-05-22 14:26:45,890 - __main__ - INFO - Sent registration message
2025-05-22 14:26:45,891 - __main__ - ERROR - Unexpected response to registration: {'type': 'error', 'error': 'Unknown message type: register', 'timestamp': '2025-05-22T14:26:45.890933'}
2025-05-22 14:26:45,891 - __main__ - ERROR - Failed to register with bridge server
2025-05-22 14:26:50,936 - __main__ - INFO - Connected to bridge server
2025-05-22 14:26:50,941 - __main__ - INFO - Received welcome: connection_established
2025-05-22 14:26:50,942 - __main__ - INFO - Sent registration message
2025-05-22 14:26:50,954 - __main__ - ERROR - Unexpected response to registration: {'type': 'error', 'error': 'Unknown message type: register', 'timestamp': '2025-05-22T14:26:50.944793'}
2025-05-22 14:26:50,954 - __main__ - ERROR - Failed to register with bridge server
2025-05-22 14:26:56,002 - __main__ - INFO - Connected to bridge server
2025-05-22 14:26:56,003 - __main__ - INFO - Received welcome: connection_established
2025-05-22 14:26:56,004 - __main__ - INFO - Sent registration message
2025-05-22 14:26:56,005 - __main__ - ERROR - Unexpected response to registration: {'type': 'error', 'error': 'Unknown message type: register', 'timestamp': '2025-05-22T14:26:56.004691'}
2025-05-22 14:26:56,005 - __main__ - ERROR - Failed to register with bridge server
2025-05-22 14:27:01,023 - __main__ - INFO - Connected to bridge server
2025-05-22 14:27:01,025 - __main__ - INFO - Received welcome: connection_established
2025-05-22 14:27:01,025 - __main__ - INFO - Sent registration message
2025-05-22 14:27:01,025 - __main__ - ERROR - Unexpected response to registration: {'type': 'error', 'error': 'Unknown message type: register', 'timestamp': '2025-05-22T14:27:01.025652'}
2025-05-22 14:27:01,025 - __main__ - ERROR - Failed to register with bridge server
2025-05-22 14:27:06,038 - __main__ - INFO - Connected to bridge server
2025-05-22 14:27:06,039 - __main__ - INFO - Received welcome: connection_established
2025-05-22 14:27:06,039 - __main__ - INFO - Sent registration message
2025-05-22 14:27:06,040 - __main__ - ERROR - Unexpected response to registration: {'type': 'error', 'error': 'Unknown message type: register', 'timestamp': '2025-05-22T14:27:06.039643'}
2025-05-22 14:27:06,040 - __main__ - ERROR - Failed to register with bridge server
2025-05-22 14:27:11,080 - __main__ - INFO - Connected to bridge server
2025-05-22 14:27:11,082 - __main__ - INFO - Received welcome: connection_established
2025-05-22 14:27:11,082 - __main__ - INFO - Sent registration message
2025-05-22 14:27:11,084 - __main__ - ERROR - Unexpected response to registration: {'type': 'error', 'error': 'Unknown message type: register', 'timestamp': '2025-05-22T14:27:11.083592'}
2025-05-22 14:27:11,084 - __main__ - ERROR - Failed to register with bridge server
2025-05-22 14:27:16,101 - __main__ - INFO - Connected to bridge server
2025-05-22 14:27:16,102 - __main__ - INFO - Received welcome: connection_established
2025-05-22 14:27:16,102 - __main__ - INFO - Sent registration message
2025-05-22 14:27:16,103 - __main__ - ERROR - Unexpected response to registration: {'type': 'error', 'error': 'Unknown message type: register', 'timestamp': '2025-05-22T14:27:16.102970'}
2025-05-22 14:27:16,103 - __main__ - ERROR - Failed to register with bridge server
2025-05-22 14:27:21,115 - __main__ - INFO - Connected to bridge server
2025-05-22 14:27:21,116 - __main__ - INFO - Received welcome: connection_established
2025-05-22 14:27:21,116 - __main__ - INFO - Sent registration message
2025-05-22 14:27:21,117 - __main__ - ERROR - Unexpected response to registration: {'type': 'error', 'error': 'Unknown message type: register', 'timestamp': '2025-05-22T14:27:21.116868'}
2025-05-22 14:27:21,117 - __main__ - ERROR - Failed to register with bridge server
2025-05-22 14:27:26,155 - __main__ - INFO - Connected to bridge server
2025-05-22 14:27:26,156 - __main__ - INFO - Received welcome: connection_established
2025-05-22 14:27:26,157 - __main__ - INFO - Sent registration message
2025-05-22 14:27:26,157 - __main__ - ERROR - Unexpected response to registration: {'type': 'error', 'error': 'Unknown message type: register', 'timestamp': '2025-05-22T14:27:26.157772'}
2025-05-22 14:27:26,158 - __main__ - ERROR - Failed to register with bridge server
2025-05-22 14:27:31,164 - __main__ - INFO - Connected to bridge server
2025-05-22 14:27:31,165 - __main__ - INFO - Received welcome: connection_established
2025-05-22 14:27:31,165 - __main__ - INFO - Sent registration message
2025-05-22 14:27:31,166 - __main__ - ERROR - Unexpected response to registration: {'type': 'error', 'error': 'Unknown message type: register', 'timestamp': '2025-05-22T14:27:31.166117'}
2025-05-22 14:27:31,166 - __main__ - ERROR - Failed to register with bridge server
2025-05-22 14:27:36,184 - __main__ - INFO - Connected to bridge server
2025-05-22 14:27:36,185 - __main__ - INFO - Received welcome: connection_established
2025-05-22 14:27:36,185 - __main__ - INFO - Sent registration message
2025-05-22 14:27:36,186 - __main__ - ERROR - Unexpected response to registration: {'type': 'error', 'error': 'Unknown message type: register', 'timestamp': '2025-05-22T14:27:36.186101'}
2025-05-22 14:27:36,186 - __main__ - ERROR - Failed to register with bridge server
2025-05-22 14:27:41,200 - __main__ - INFO - Connected to bridge server
2025-05-22 14:27:41,201 - __main__ - INFO - Received welcome: connection_established
2025-05-22 14:27:41,201 - __main__ - INFO - Sent registration message
2025-05-22 14:27:41,202 - __main__ - ERROR - Unexpected response to registration: {'type': 'error', 'error': 'Unknown message type: register', 'timestamp': '2025-05-22T14:27:41.202564'}
2025-05-22 14:27:41,203 - __main__ - ERROR - Failed to register with bridge server
2025-05-22 14:27:46,233 - __main__ - INFO - Connected to bridge server
2025-05-22 14:27:46,234 - __main__ - INFO - Received welcome: connection_established
2025-05-22 14:27:46,235 - __main__ - INFO - Sent registration message
2025-05-22 14:27:46,235 - __main__ - ERROR - Unexpected response to registration: {'type': 'error', 'error': 'Unknown message type: register', 'timestamp': '2025-05-22T14:27:46.235371'}
2025-05-22 14:27:46,235 - __main__ - ERROR - Failed to register with bridge server
2025-05-22 14:27:51,259 - __main__ - INFO - Connected to bridge server
2025-05-22 14:27:51,260 - __main__ - INFO - Received welcome: connection_established
2025-05-22 14:27:51,260 - __main__ - INFO - Sent registration message
2025-05-22 14:27:51,262 - __main__ - ERROR - Unexpected response to registration: {'type': 'error', 'error': 'Unknown message type: register', 'timestamp': '2025-05-22T14:27:51.262049'}
2025-05-22 14:27:51,262 - __main__ - ERROR - Failed to register with bridge server
2025-05-22 14:27:56,290 - __main__ - INFO - Connected to bridge server
2025-05-22 14:27:56,291 - __main__ - INFO - Received welcome: connection_established
2025-05-22 14:27:56,291 - __main__ - INFO - Sent registration message
2025-05-22 14:27:56,292 - __main__ - ERROR - Unexpected response to registration: {'type': 'error', 'error': 'Unknown message type: register', 'timestamp': '2025-05-22T14:27:56.291867'}
2025-05-22 14:27:56,292 - __main__ - ERROR - Failed to register with bridge server
2025-05-22 14:28:01,308 - __main__ - INFO - Connected to bridge server
2025-05-22 14:28:01,309 - __main__ - INFO - Received welcome: connection_established
2025-05-22 14:28:01,310 - __main__ - INFO - Sent registration message
2025-05-22 14:28:01,310 - __main__ - ERROR - Unexpected response to registration: {'type': 'error', 'error': 'Unknown message type: register', 'timestamp': '2025-05-22T14:28:01.310672'}
2025-05-22 14:28:01,310 - __main__ - ERROR - Failed to register with bridge server
2025-05-22 14:28:06,333 - __main__ - INFO - Connected to bridge server
2025-05-22 14:28:06,341 - __main__ - INFO - Received welcome: connection_established
2025-05-22 14:28:06,341 - __main__ - INFO - Sent registration message
2025-05-22 14:28:06,342 - __main__ - ERROR - Unexpected response to registration: {'type': 'error', 'error': 'Unknown message type: register', 'timestamp': '2025-05-22T14:28:06.342468'}
2025-05-22 14:28:06,342 - __main__ - ERROR - Failed to register with bridge server
2025-05-22 14:28:11,359 - __main__ - INFO - Connected to bridge server
2025-05-22 14:28:11,359 - __main__ - INFO - Received welcome: connection_established
2025-05-22 14:28:11,360 - __main__ - INFO - Sent registration message
2025-05-22 14:28:11,360 - __main__ - ERROR - Unexpected response to registration: {'type': 'error', 'error': 'Unknown message type: register', 'timestamp': '2025-05-22T14:28:11.360457'}
2025-05-22 14:28:11,360 - __main__ - ERROR - Failed to register with bridge server
2025-05-22 14:28:16,370 - __main__ - INFO - Connected to bridge server
2025-05-22 14:28:16,371 - __main__ - INFO - Received welcome: connection_established
2025-05-22 14:28:16,375 - __main__ - INFO - Sent registration message
2025-05-22 14:28:16,376 - __main__ - ERROR - Unexpected response to registration: {'type': 'error', 'error': 'Unknown message type: register', 'timestamp': '2025-05-22T14:28:16.376370'}
2025-05-22 14:28:16,377 - __main__ - ERROR - Failed to register with bridge server
2025-05-22 14:28:21,431 - __main__ - INFO - Connected to bridge server
2025-05-22 14:28:21,432 - __main__ - INFO - Received welcome: connection_established
2025-05-22 14:28:21,432 - __main__ - INFO - Sent registration message
2025-05-22 14:28:21,433 - __main__ - ERROR - Unexpected response to registration: {'type': 'error', 'error': 'Unknown message type: register', 'timestamp': '2025-05-22T14:28:21.433462'}
2025-05-22 14:28:21,434 - __main__ - ERROR - Failed to register with bridge server
2025-05-22 14:28:26,485 - __main__ - INFO - Connected to bridge server
2025-05-22 14:28:26,486 - __main__ - INFO - Received welcome: connection_established
2025-05-22 14:28:26,487 - __main__ - INFO - Sent registration message
2025-05-22 14:28:26,487 - __main__ - ERROR - Unexpected response to registration: {'type': 'error', 'error': 'Unknown message type: register', 'timestamp': '2025-05-22T14:28:26.487732'}
2025-05-22 14:28:26,487 - __main__ - ERROR - Failed to register with bridge server
2025-05-22 14:28:31,497 - __main__ - INFO - Connected to bridge server
2025-05-22 14:28:31,498 - __main__ - INFO - Received welcome: connection_established
2025-05-22 14:28:31,499 - __main__ - INFO - Sent registration message
2025-05-22 14:28:31,499 - __main__ - ERROR - Unexpected response to registration: {'type': 'error', 'error': 'Unknown message type: register', 'timestamp': '2025-05-22T14:28:31.499574'}
2025-05-22 14:28:31,499 - __main__ - ERROR - Failed to register with bridge server
2025-05-22 14:28:36,530 - __main__ - INFO - Connected to bridge server
2025-05-22 14:28:36,531 - __main__ - INFO - Received welcome: connection_established
2025-05-22 14:28:36,531 - __main__ - INFO - Sent registration message
2025-05-22 14:28:36,532 - __main__ - ERROR - Unexpected response to registration: {'type': 'error', 'error': 'Unknown message type: register', 'timestamp': '2025-05-22T14:28:36.532031'}
2025-05-22 14:28:36,532 - __main__ - ERROR - Failed to register with bridge server
2025-05-22 14:28:41,634 - __main__ - INFO - Connected to bridge server
2025-05-22 14:28:41,638 - __main__ - INFO - Received welcome: connection_established
2025-05-22 14:28:41,638 - __main__ - INFO - Sent registration message
2025-05-22 14:28:41,639 - __main__ - ERROR - Unexpected response to registration: {'type': 'error', 'error': 'Unknown message type: register', 'timestamp': '2025-05-22T14:28:41.639422'}
2025-05-22 14:28:41,640 - __main__ - ERROR - Failed to register with bridge server
2025-05-22 14:28:46,712 - __main__ - INFO - Connected to bridge server
2025-05-22 14:28:46,717 - __main__ - INFO - Received welcome: connection_established
2025-05-22 14:28:46,719 - __main__ - INFO - Sent registration message
2025-05-22 14:28:46,722 - __main__ - ERROR - Unexpected response to registration: {'type': 'error', 'error': 'Unknown message type: register', 'timestamp': '2025-05-22T14:28:46.721463'}
2025-05-22 14:28:46,722 - __main__ - ERROR - Failed to register with bridge server
2025-05-22 14:28:51,770 - __main__ - INFO - Connected to bridge server
2025-05-22 14:28:51,771 - __main__ - INFO - Received welcome: connection_established
2025-05-22 14:28:51,771 - __main__ - INFO - Sent registration message
2025-05-22 14:28:51,773 - __main__ - ERROR - Unexpected response to registration: {'type': 'error', 'error': 'Unknown message type: register', 'timestamp': '2025-05-22T14:28:51.772859'}
2025-05-22 14:28:51,773 - __main__ - ERROR - Failed to register with bridge server
2025-05-22 14:28:56,795 - __main__ - INFO - Connected to bridge server
2025-05-22 14:28:56,796 - __main__ - INFO - Received welcome: connection_established
2025-05-22 14:28:56,796 - __main__ - INFO - Sent registration message
2025-05-22 14:28:56,797 - __main__ - ERROR - Unexpected response to registration: {'type': 'error', 'error': 'Unknown message type: register', 'timestamp': '2025-05-22T14:28:56.797304'}
2025-05-22 14:28:56,797 - __main__ - ERROR - Failed to register with bridge server
2025-05-22 14:29:01,841 - __main__ - INFO - Connected to bridge server
2025-05-22 14:29:01,842 - __main__ - INFO - Received welcome: connection_established
2025-05-22 14:29:01,843 - __main__ - INFO - Sent registration message
2025-05-22 14:29:01,844 - __main__ - ERROR - Unexpected response to registration: {'type': 'error', 'error': 'Unknown message type: register', 'timestamp': '2025-05-22T14:29:01.843822'}
2025-05-22 14:29:01,844 - __main__ - ERROR - Failed to register with bridge server
2025-05-22 14:29:07,125 - __main__ - INFO - Connected to bridge server
2025-05-22 14:29:07,126 - __main__ - INFO - Received welcome: connection_established
2025-05-22 14:29:07,128 - __main__ - INFO - Sent registration message
2025-05-22 14:29:07,129 - __main__ - ERROR - Unexpected response to registration: {'type': 'error', 'error': 'Unknown message type: register', 'timestamp': '2025-05-22T14:29:07.129179'}
2025-05-22 14:29:07,129 - __main__ - ERROR - Failed to register with bridge server
2025-05-22 14:29:12,178 - __main__ - INFO - Connected to bridge server
2025-05-22 14:29:12,178 - __main__ - INFO - Received welcome: connection_established
2025-05-22 14:29:12,179 - __main__ - INFO - Sent registration message
2025-05-22 14:29:12,179 - __main__ - ERROR - Unexpected response to registration: {'type': 'error', 'error': 'Unknown message type: register', 'timestamp': '2025-05-22T14:29:12.179486'}
2025-05-22 14:29:12,179 - __main__ - ERROR - Failed to register with bridge server
2025-05-22 14:29:17,208 - __main__ - INFO - Connected to bridge server
2025-05-22 14:29:17,209 - __main__ - INFO - Received welcome: connection_established
2025-05-22 14:29:17,210 - __main__ - INFO - Sent registration message
2025-05-22 14:29:17,211 - __main__ - ERROR - Unexpected response to registration: {'type': 'error', 'error': 'Unknown message type: register', 'timestamp': '2025-05-22T14:29:17.210952'}
2025-05-22 14:29:17,211 - __main__ - ERROR - Failed to register with bridge server
2025-05-22 14:29:22,241 - __main__ - INFO - Connected to bridge server
2025-05-22 14:29:22,243 - __main__ - INFO - Received welcome: connection_established
2025-05-22 14:29:22,244 - __main__ - INFO - Sent registration message
2025-05-22 14:29:22,249 - __main__ - ERROR - Unexpected response to registration: {'type': 'error', 'error': 'Unknown message type: register', 'timestamp': '2025-05-22T14:29:22.247103'}
2025-05-22 14:29:22,250 - __main__ - ERROR - Failed to register with bridge server
2025-05-22 14:29:28,030 - __main__ - INFO - Connected to bridge server
2025-05-22 14:29:28,032 - __main__ - INFO - Received welcome: connection_established
2025-05-22 14:29:28,034 - __main__ - INFO - Sent registration message
2025-05-22 14:29:28,036 - __main__ - ERROR - Unexpected response to registration: {'type': 'error', 'error': 'Unknown message type: register', 'timestamp': '2025-05-22T14:29:28.036283'}
2025-05-22 14:29:28,037 - __main__ - ERROR - Failed to register with bridge server
2025-05-22 14:29:33,060 - __main__ - INFO - Connected to bridge server
2025-05-22 14:29:33,060 - __main__ - INFO - Received welcome: connection_established
2025-05-22 14:29:33,063 - __main__ - INFO - Sent registration message
2025-05-22 14:29:33,065 - __main__ - ERROR - Unexpected response to registration: {'type': 'error', 'error': 'Unknown message type: register', 'timestamp': '2025-05-22T14:29:33.065339'}
2025-05-22 14:29:33,065 - __main__ - ERROR - Failed to register with bridge server
2025-05-22 14:29:38,078 - __main__ - INFO - Connected to bridge server
2025-05-22 14:29:38,079 - __main__ - INFO - Received welcome: connection_established
2025-05-22 14:29:38,079 - __main__ - INFO - Sent registration message
2025-05-22 14:29:38,081 - __main__ - ERROR - Unexpected response to registration: {'type': 'error', 'error': 'Unknown message type: register', 'timestamp': '2025-05-22T14:29:38.080647'}
2025-05-22 14:29:38,081 - __main__ - ERROR - Failed to register with bridge server
2025-05-22 14:29:43,118 - __main__ - INFO - Connected to bridge server
2025-05-22 14:29:43,119 - __main__ - INFO - Received welcome: connection_established
2025-05-22 14:29:43,120 - __main__ - INFO - Sent registration message
2025-05-22 14:29:43,121 - __main__ - ERROR - Unexpected response to registration: {'type': 'error', 'error': 'Unknown message type: register', 'timestamp': '2025-05-22T14:29:43.121168'}
2025-05-22 14:29:43,121 - __main__ - ERROR - Failed to register with bridge server
2025-05-22 14:29:48,176 - __main__ - INFO - Connected to bridge server
2025-05-22 14:29:48,177 - __main__ - INFO - Received welcome: connection_established
2025-05-22 14:29:48,178 - __main__ - INFO - Sent registration message
2025-05-22 14:29:48,179 - __main__ - ERROR - Unexpected response to registration: {'type': 'error', 'error': 'Unknown message type: register', 'timestamp': '2025-05-22T14:29:48.179134'}
2025-05-22 14:29:48,179 - __main__ - ERROR - Failed to register with bridge server
2025-05-22 14:29:53,194 - __main__ - INFO - Connected to bridge server
2025-05-22 14:29:53,194 - __main__ - INFO - Received welcome: connection_established
2025-05-22 14:29:53,195 - __main__ - INFO - Sent registration message
2025-05-22 14:29:53,195 - __main__ - ERROR - Unexpected response to registration: {'type': 'error', 'error': 'Unknown message type: register', 'timestamp': '2025-05-22T14:29:53.195675'}
2025-05-22 14:29:53,195 - __main__ - ERROR - Failed to register with bridge server
2025-05-22 14:29:58,212 - __main__ - INFO - Connected to bridge server
2025-05-22 14:29:58,214 - __main__ - INFO - Received welcome: connection_established
2025-05-22 14:29:58,214 - __main__ - INFO - Sent registration message
2025-05-22 14:29:58,215 - __main__ - ERROR - Unexpected response to registration: {'type': 'error', 'error': 'Unknown message type: register', 'timestamp': '2025-05-22T14:29:58.215174'}
2025-05-22 14:29:58,215 - __main__ - ERROR - Failed to register with bridge server
2025-05-22 14:30:03,264 - __main__ - INFO - Connected to bridge server
2025-05-22 14:30:03,265 - __main__ - INFO - Received welcome: connection_established
2025-05-22 14:30:03,266 - __main__ - INFO - Sent registration message
2025-05-22 14:30:03,267 - __main__ - ERROR - Unexpected response to registration: {'type': 'error', 'error': 'Unknown message type: register', 'timestamp': '2025-05-22T14:30:03.267126'}
2025-05-22 14:30:03,267 - __main__ - ERROR - Failed to register with bridge server
2025-05-22 14:30:08,632 - __main__ - INFO - Connected to bridge server
2025-05-22 14:30:08,636 - __main__ - INFO - Received welcome: connection_established
2025-05-22 14:30:08,637 - __main__ - INFO - Sent registration message
2025-05-22 14:30:08,639 - __main__ - ERROR - Unexpected response to registration: {'type': 'error', 'error': 'Unknown message type: register', 'timestamp': '2025-05-22T14:30:08.639359'}
2025-05-22 14:30:08,640 - __main__ - ERROR - Failed to register with bridge server
2025-05-22 14:30:13,665 - __main__ - INFO - Connected to bridge server
2025-05-22 14:30:13,667 - __main__ - INFO - Received welcome: connection_established
2025-05-22 14:30:13,667 - __main__ - INFO - Sent registration message
2025-05-22 14:30:13,668 - __main__ - ERROR - Unexpected response to registration: {'type': 'error', 'error': 'Unknown message type: register', 'timestamp': '2025-05-22T14:30:13.668209'}
2025-05-22 14:30:13,668 - __main__ - ERROR - Failed to register with bridge server
2025-05-22 14:30:18,788 - __main__ - INFO - Connected to bridge server
2025-05-22 14:30:18,789 - __main__ - INFO - Received welcome: connection_established
2025-05-22 14:30:18,790 - __main__ - INFO - Sent registration message
2025-05-22 14:30:18,791 - __main__ - ERROR - Unexpected response to registration: {'type': 'error', 'error': 'Unknown message type: register', 'timestamp': '2025-05-22T14:30:18.790910'}
2025-05-22 14:30:18,791 - __main__ - ERROR - Failed to register with bridge server
2025-05-22 14:30:23,915 - __main__ - INFO - Connected to bridge server
2025-05-22 14:30:23,920 - __main__ - INFO - Received welcome: connection_established
2025-05-22 14:30:23,920 - __main__ - INFO - Sent registration message
2025-05-22 14:30:23,925 - __main__ - ERROR - Unexpected response to registration: {'type': 'error', 'error': 'Unknown message type: register', 'timestamp': '2025-05-22T14:30:23.923278'}
2025-05-22 14:30:23,925 - __main__ - ERROR - Failed to register with bridge server
2025-05-22 14:30:29,443 - __main__ - INFO - Connected to bridge server
2025-05-22 14:30:29,470 - __main__ - INFO - Received welcome: connection_established
2025-05-22 14:30:29,493 - __main__ - INFO - Sent registration message
2025-05-22 14:30:29,501 - __main__ - ERROR - Unexpected response to registration: {'type': 'error', 'error': 'Unknown message type: register', 'timestamp': '2025-05-22T14:30:29.497335'}
2025-05-22 14:30:29,501 - __main__ - ERROR - Failed to register with bridge server
2025-05-22 14:30:34,545 - __main__ - INFO - Connected to bridge server
2025-05-22 14:30:34,548 - __main__ - INFO - Received welcome: connection_established
2025-05-22 14:30:34,551 - __main__ - INFO - Sent registration message
2025-05-22 14:30:34,555 - __main__ - ERROR - Unexpected response to registration: {'type': 'error', 'error': 'Unknown message type: register', 'timestamp': '2025-05-22T14:30:34.554709'}
2025-05-22 14:30:34,556 - __main__ - ERROR - Failed to register with bridge server
2025-05-22 14:30:39,671 - __main__ - INFO - Connected to bridge server
2025-05-22 14:30:39,684 - __main__ - INFO - Received welcome: connection_established
2025-05-22 14:30:39,685 - __main__ - INFO - Sent registration message
2025-05-22 14:30:39,686 - __main__ - ERROR - Unexpected response to registration: {'type': 'error', 'error': 'Unknown message type: register', 'timestamp': '2025-05-22T14:30:39.685929'}
2025-05-22 14:30:39,686 - __main__ - ERROR - Failed to register with bridge server
2025-05-22 14:30:44,776 - __main__ - INFO - Connected to bridge server
2025-05-22 14:30:44,778 - __main__ - INFO - Received welcome: connection_established
2025-05-22 14:30:44,778 - __main__ - INFO - Sent registration message
2025-05-22 14:30:44,780 - __main__ - ERROR - Unexpected response to registration: {'type': 'error', 'error': 'Unknown message type: register', 'timestamp': '2025-05-22T14:30:44.779135'}
2025-05-22 14:30:44,780 - __main__ - ERROR - Failed to register with bridge server
2025-05-22 14:30:49,868 - __main__ - ERROR - Error connecting to bridge server: Multiple exceptions: [Errno 61] Connect call failed ('::1', 8765, 0, 0), [Errno 61] Connect call failed ('127.0.0.1', 8765)
2025-05-22 14:30:49,878 - __main__ - ERROR - Failed to connect to bridge server
2025-05-22 14:30:57,462 - __main__ - ERROR - Error connecting to bridge server: Multiple exceptions: [Errno 61] Connect call failed ('::1', 8765, 0, 0), [Errno 61] Connect call failed ('127.0.0.1', 8765)
2025-05-22 14:30:57,602 - __main__ - ERROR - Failed to connect to bridge server
2025-05-22 14:31:02,768 - __main__ - ERROR - Error connecting to bridge server: Multiple exceptions: [Errno 61] Connect call failed ('::1', 8765, 0, 0), [Errno 61] Connect call failed ('127.0.0.1', 8765)
2025-05-22 14:31:02,774 - __main__ - ERROR - Failed to connect to bridge server
2025-05-22 14:31:08,098 - __main__ - INFO - Connected to bridge server
2025-05-22 14:31:08,112 - __main__ - INFO - Received welcome: connection_established
2025-05-22 14:31:08,121 - __main__ - INFO - Sent registration message
2025-05-22 14:31:08,126 - __main__ - ERROR - Unexpected response to registration: {'type': 'error', 'error': 'Unknown message type: register', 'timestamp': '2025-05-22T14:31:08.121919'}
2025-05-22 14:31:08,126 - __main__ - ERROR - Failed to register with bridge server
2025-05-22 14:31:13,565 - __main__ - INFO - Connected to bridge server
2025-05-22 14:31:13,574 - __main__ - INFO - Received welcome: connection_established
2025-05-22 14:31:13,582 - __main__ - INFO - Sent registration message
2025-05-22 14:31:13,584 - __main__ - ERROR - Unexpected response to registration: {'type': 'error', 'error': 'Unknown message type: register', 'timestamp': '2025-05-22T14:31:13.583841'}
2025-05-22 14:31:13,585 - __main__ - ERROR - Failed to register with bridge server
2025-05-22 14:31:18,771 - __main__ - INFO - Connected to bridge server
2025-05-22 14:31:18,798 - __main__ - INFO - Received welcome: connection_established
2025-05-22 14:31:18,803 - __main__ - INFO - Sent registration message
2025-05-22 14:31:18,813 - __main__ - ERROR - Unexpected response to registration: {'type': 'error', 'error': 'Unknown message type: register', 'timestamp': '2025-05-22T14:31:18.812251'}
2025-05-22 14:31:18,813 - __main__ - ERROR - Failed to register with bridge server
2025-05-22 14:31:24,198 - __main__ - INFO - Connected to bridge server
2025-05-22 14:31:24,210 - __main__ - INFO - Received welcome: connection_established
2025-05-22 14:31:24,215 - __main__ - INFO - Sent registration message
2025-05-22 14:31:24,221 - __main__ - ERROR - Unexpected response to registration: {'type': 'error', 'error': 'Unknown message type: register', 'timestamp': '2025-05-22T14:31:24.221054'}
2025-05-22 14:31:24,221 - __main__ - ERROR - Failed to register with bridge server
2025-05-22 14:31:29,343 - __main__ - INFO - Connected to bridge server
2025-05-22 14:31:29,345 - __main__ - INFO - Received welcome: connection_established
2025-05-22 14:31:29,347 - __main__ - INFO - Sent registration message
2025-05-22 14:31:29,347 - __main__ - ERROR - Unexpected response to registration: {'type': 'error', 'error': 'Unknown message type: register', 'timestamp': '2025-05-22T14:31:29.347655'}
2025-05-22 14:31:29,347 - __main__ - ERROR - Failed to register with bridge server
2025-05-22 14:31:39,272 - __main__ - INFO - Connected to bridge server
2025-05-22 14:31:39,278 - __main__ - INFO - Received welcome: connection_established
2025-05-22 14:31:39,281 - __main__ - INFO - Sent registration message
2025-05-22 14:31:39,286 - __main__ - ERROR - Unexpected response to registration: {'type': 'error', 'error': 'Unknown message type: register', 'timestamp': '2025-05-22T14:31:39.285975'}
2025-05-22 14:31:39,286 - __main__ - ERROR - Failed to register with bridge server
2025-05-22 14:31:44,468 - __main__ - INFO - Connected to bridge server
2025-05-22 14:31:44,470 - __main__ - INFO - Received welcome: connection_established
2025-05-22 14:31:44,472 - __main__ - INFO - Sent registration message
2025-05-22 14:31:44,472 - __main__ - ERROR - Unexpected response to registration: {'type': 'error', 'error': 'Unknown message type: register', 'timestamp': '2025-05-22T14:31:44.472589'}
2025-05-22 14:31:44,472 - __main__ - ERROR - Failed to register with bridge server
2025-05-22 14:31:49,743 - __main__ - INFO - Connected to bridge server
2025-05-22 14:31:49,750 - __main__ - INFO - Received welcome: connection_established
2025-05-22 14:31:49,755 - __main__ - INFO - Sent registration message
2025-05-22 14:31:49,812 - __main__ - ERROR - Unexpected response to registration: {'type': 'error', 'error': 'Unknown message type: register', 'timestamp': '2025-05-22T14:31:49.811050'}
2025-05-22 14:31:49,812 - __main__ - ERROR - Failed to register with bridge server
2025-05-22 14:31:54,988 - __main__ - INFO - Connected to bridge server
2025-05-22 14:31:54,990 - __main__ - INFO - Received welcome: connection_established
2025-05-22 14:31:54,990 - __main__ - INFO - Sent registration message
2025-05-22 14:31:54,993 - __main__ - ERROR - Unexpected response to registration: {'type': 'error', 'error': 'Unknown message type: register', 'timestamp': '2025-05-22T14:31:54.991763'}
2025-05-22 14:31:54,993 - __main__ - ERROR - Failed to register with bridge server
2025-05-22 14:32:01,282 - __main__ - INFO - Connected to bridge server
2025-05-22 14:32:01,286 - __main__ - INFO - Received welcome: connection_established
2025-05-22 14:32:01,289 - __main__ - INFO - Sent registration message
2025-05-22 14:32:01,294 - __main__ - ERROR - Unexpected response to registration: {'type': 'error', 'error': 'Unknown message type: register', 'timestamp': '2025-05-22T14:32:01.291416'}
2025-05-22 14:32:01,296 - __main__ - ERROR - Failed to register with bridge server
2025-05-22 14:32:08,465 - __main__ - INFO - Connected to bridge server
2025-05-22 14:32:08,475 - __main__ - INFO - Received welcome: connection_established
2025-05-22 14:32:08,489 - __main__ - INFO - Sent registration message
2025-05-22 14:32:08,498 - __main__ - ERROR - Unexpected response to registration: {'type': 'error', 'error': 'Unknown message type: register', 'timestamp': '2025-05-22T14:32:08.496436'}
2025-05-22 14:32:08,498 - __main__ - ERROR - Failed to register with bridge server
2025-05-22 14:32:13,705 - __main__ - INFO - Connected to bridge server
2025-05-22 14:32:13,713 - __main__ - INFO - Received welcome: connection_established
2025-05-22 14:32:13,718 - __main__ - INFO - Sent registration message
2025-05-22 14:32:13,721 - __main__ - ERROR - Unexpected response to registration: {'type': 'error', 'error': 'Unknown message type: register', 'timestamp': '2025-05-22T14:32:13.720376'}
2025-05-22 14:32:13,721 - __main__ - ERROR - Failed to register with bridge server
2025-05-22 14:32:18,874 - __main__ - INFO - Connected to bridge server
2025-05-22 14:32:18,877 - __main__ - INFO - Received welcome: connection_established
2025-05-22 14:32:18,877 - __main__ - INFO - Sent registration message
2025-05-22 14:32:18,878 - __main__ - ERROR - Unexpected response to registration: {'type': 'error', 'error': 'Unknown message type: register', 'timestamp': '2025-05-22T14:32:18.878173'}
2025-05-22 14:32:18,878 - __main__ - ERROR - Failed to register with bridge server
2025-05-22 14:32:25,688 - __main__ - INFO - Connected to bridge server
2025-05-22 14:32:25,692 - __main__ - INFO - Received welcome: connection_established
2025-05-22 14:32:25,692 - __main__ - INFO - Sent registration message
2025-05-22 14:32:25,695 - __main__ - ERROR - Unexpected response to registration: {'type': 'error', 'error': 'Unknown message type: register', 'timestamp': '2025-05-22T14:32:25.694649'}
2025-05-22 14:32:25,695 - __main__ - ERROR - Failed to register with bridge server
2025-05-22 14:32:30,809 - __main__ - INFO - Connected to bridge server
2025-05-22 14:32:30,811 - __main__ - INFO - Received welcome: connection_established
2025-05-22 14:32:30,812 - __main__ - INFO - Sent registration message
2025-05-22 14:32:30,813 - __main__ - ERROR - Unexpected response to registration: {'type': 'error', 'error': 'Unknown message type: register', 'timestamp': '2025-05-22T14:32:30.813174'}
2025-05-22 14:32:30,813 - __main__ - ERROR - Failed to register with bridge server
2025-05-22 14:32:36,008 - __main__ - INFO - Connected to bridge server
2025-05-22 14:32:36,019 - __main__ - INFO - Received welcome: connection_established
2025-05-22 14:32:36,027 - __main__ - INFO - Sent registration message
2025-05-22 14:32:36,034 - __main__ - ERROR - Unexpected response to registration: {'type': 'error', 'error': 'Unknown message type: register', 'timestamp': '2025-05-22T14:32:36.032887'}
2025-05-22 14:32:36,034 - __main__ - ERROR - Failed to register with bridge server
2025-05-22 14:32:41,154 - __main__ - INFO - Connected to bridge server
2025-05-22 14:32:41,157 - __main__ - INFO - Received welcome: connection_established
2025-05-22 14:32:41,159 - __main__ - INFO - Sent registration message
2025-05-22 14:32:41,162 - __main__ - ERROR - Unexpected response to registration: {'type': 'error', 'error': 'Unknown message type: register', 'timestamp': '2025-05-22T14:32:41.160376'}
2025-05-22 14:32:41,163 - __main__ - ERROR - Failed to register with bridge server
2025-05-22 14:32:46,316 - __main__ - INFO - Connected to bridge server
2025-05-22 14:32:46,318 - __main__ - INFO - Received welcome: connection_established
2025-05-22 14:32:46,321 - __main__ - INFO - Sent registration message
2025-05-22 14:32:46,323 - __main__ - ERROR - Unexpected response to registration: {'type': 'error', 'error': 'Unknown message type: register', 'timestamp': '2025-05-22T14:32:46.322935'}
2025-05-22 14:32:46,323 - __main__ - ERROR - Failed to register with bridge server
2025-05-22 14:33:00,809 - __main__ - INFO - Connected to bridge server
2025-05-22 14:33:00,816 - __main__ - INFO - Received welcome: connection_established
2025-05-22 14:33:00,820 - __main__ - INFO - Sent registration message
2025-05-22 14:33:00,823 - __main__ - ERROR - Unexpected response to registration: {'type': 'error', 'error': 'Unknown message type: register', 'timestamp': '2025-05-22T14:33:00.821368'}
2025-05-22 14:33:00,823 - __main__ - ERROR - Failed to register with bridge server
2025-05-22 14:33:05,918 - __main__ - INFO - Connected to bridge server
2025-05-22 14:33:05,920 - __main__ - INFO - Received welcome: connection_established
2025-05-22 14:33:05,920 - __main__ - INFO - Sent registration message
2025-05-22 14:33:05,921 - __main__ - ERROR - Unexpected response to registration: {'type': 'error', 'error': 'Unknown message type: register', 'timestamp': '2025-05-22T14:33:05.921114'}
2025-05-22 14:33:05,921 - __main__ - ERROR - Failed to register with bridge server
2025-05-22 14:33:11,004 - __main__ - INFO - Connected to bridge server
2025-05-22 14:33:11,008 - __main__ - INFO - Received welcome: connection_established
2025-05-22 14:33:11,009 - __main__ - INFO - Sent registration message
2025-05-22 14:33:11,010 - __main__ - ERROR - Unexpected response to registration: {'type': 'error', 'error': 'Unknown message type: register', 'timestamp': '2025-05-22T14:33:11.009870'}
2025-05-22 14:33:11,010 - __main__ - ERROR - Failed to register with bridge server
2025-05-22 14:33:16,842 - __main__ - INFO - Connected to bridge server
2025-05-22 14:33:16,845 - __main__ - INFO - Received welcome: connection_established
2025-05-22 14:33:16,847 - __main__ - INFO - Sent registration message
2025-05-22 14:33:16,854 - __main__ - ERROR - Unexpected response to registration: {'type': 'error', 'error': 'Unknown message type: register', 'timestamp': '2025-05-22T14:33:16.852691'}
2025-05-22 14:33:16,854 - __main__ - ERROR - Failed to register with bridge server
2025-05-22 14:33:22,662 - __main__ - INFO - Connected to bridge server
2025-05-22 14:33:22,665 - __main__ - INFO - Received welcome: connection_established
2025-05-22 14:33:22,666 - __main__ - INFO - Sent registration message
2025-05-22 14:33:22,670 - __main__ - ERROR - Unexpected response to registration: {'type': 'error', 'error': 'Unknown message type: register', 'timestamp': '2025-05-22T14:33:22.669667'}
2025-05-22 14:33:22,670 - __main__ - ERROR - Failed to register with bridge server
2025-05-22 14:33:27,730 - __main__ - INFO - Connected to bridge server
2025-05-22 14:33:27,752 - __main__ - INFO - Received welcome: connection_established
2025-05-22 14:33:27,752 - __main__ - INFO - Sent registration message
2025-05-22 14:33:27,763 - __main__ - ERROR - Unexpected response to registration: {'type': 'error', 'error': 'Unknown message type: register', 'timestamp': '2025-05-22T14:33:27.761495'}
2025-05-22 14:33:27,764 - __main__ - ERROR - Failed to register with bridge server
2025-05-22 14:33:33,068 - __main__ - INFO - Connected to bridge server
2025-05-22 14:33:33,112 - __main__ - INFO - Received welcome: connection_established
2025-05-22 14:33:33,132 - __main__ - INFO - Sent registration message
2025-05-22 14:33:33,150 - __main__ - ERROR - Unexpected response to registration: {'type': 'error', 'error': 'Unknown message type: register', 'timestamp': '2025-05-22T14:33:33.135498'}
2025-05-22 14:33:33,151 - __main__ - ERROR - Failed to register with bridge server
2025-05-22 14:33:38,310 - __main__ - INFO - Connected to bridge server
2025-05-22 14:33:38,337 - __main__ - INFO - Received welcome: connection_established
2025-05-22 14:33:38,339 - __main__ - INFO - Sent registration message
2025-05-22 14:33:38,353 - __main__ - ERROR - Unexpected response to registration: {'type': 'error', 'error': 'Unknown message type: register', 'timestamp': '2025-05-22T14:33:38.351205'}
2025-05-22 14:33:38,353 - __main__ - ERROR - Failed to register with bridge server
2025-05-22 14:33:43,632 - __main__ - INFO - Connected to bridge server
2025-05-22 14:33:43,638 - __main__ - INFO - Received welcome: connection_established
2025-05-22 14:33:43,639 - __main__ - INFO - Sent registration message
2025-05-22 14:33:43,645 - __main__ - ERROR - Unexpected response to registration: {'type': 'error', 'error': 'Unknown message type: register', 'timestamp': '2025-05-22T14:33:43.639888'}
2025-05-22 14:33:43,649 - __main__ - ERROR - Failed to register with bridge server
2025-05-22 14:33:48,778 - __main__ - INFO - Connected to bridge server
2025-05-22 14:33:48,785 - __main__ - INFO - Received welcome: connection_established
2025-05-22 14:33:48,786 - __main__ - INFO - Sent registration message
2025-05-22 14:33:48,796 - __main__ - ERROR - Unexpected response to registration: {'type': 'error', 'error': 'Unknown message type: register', 'timestamp': '2025-05-22T14:33:48.795250'}
2025-05-22 14:33:48,798 - __main__ - ERROR - Failed to register with bridge server
2025-05-22 14:33:53,855 - __main__ - INFO - Connected to bridge server
2025-05-22 14:33:53,857 - __main__ - INFO - Received welcome: connection_established
2025-05-22 14:33:53,857 - __main__ - INFO - Sent registration message
2025-05-22 14:33:53,864 - __main__ - ERROR - Unexpected response to registration: {'type': 'error', 'error': 'Unknown message type: register', 'timestamp': '2025-05-22T14:33:53.862052'}
2025-05-22 14:33:53,864 - __main__ - ERROR - Failed to register with bridge server
2025-05-22 14:33:58,879 - __main__ - INFO - Connected to bridge server
2025-05-22 14:33:58,881 - __main__ - INFO - Received welcome: connection_established
2025-05-22 14:33:58,881 - __main__ - INFO - Sent registration message
2025-05-22 14:33:58,882 - __main__ - ERROR - Unexpected response to registration: {'type': 'error', 'error': 'Unknown message type: register', 'timestamp': '2025-05-22T14:33:58.881897'}
2025-05-22 14:33:58,882 - __main__ - ERROR - Failed to register with bridge server
2025-05-22 14:34:03,892 - __main__ - INFO - Connected to bridge server
2025-05-22 14:34:03,893 - __main__ - INFO - Received welcome: connection_established
2025-05-22 14:34:03,893 - __main__ - INFO - Sent registration message
2025-05-22 14:34:03,894 - __main__ - ERROR - Unexpected response to registration: {'type': 'error', 'error': 'Unknown message type: register', 'timestamp': '2025-05-22T14:34:03.894055'}
2025-05-22 14:34:03,894 - __main__ - ERROR - Failed to register with bridge server
2025-05-22 14:34:08,915 - __main__ - ERROR - Error connecting to bridge server: Multiple exceptions: [Errno 61] Connect call failed ('::1', 8765, 0, 0), [Errno 61] Connect call failed ('127.0.0.1', 8765)
2025-05-22 14:34:08,917 - __main__ - ERROR - Failed to connect to bridge server
2025-05-22 14:34:14,338 - __main__ - INFO - Connected to bridge server
2025-05-22 14:34:14,339 - __main__ - INFO - Received welcome: connection_established
2025-05-22 14:34:14,339 - __main__ - INFO - Sent registration message
2025-05-22 14:34:14,340 - __main__ - ERROR - Unexpected response to registration: {'type': 'error', 'error': 'Unknown message type: register', 'timestamp': '2025-05-22T14:34:14.339976'}
2025-05-22 14:34:14,340 - __main__ - ERROR - Failed to register with bridge server
2025-05-22 14:34:19,390 - __main__ - INFO - Connected to bridge server
2025-05-22 14:34:19,391 - __main__ - INFO - Received welcome: connection_established
2025-05-22 14:34:19,392 - __main__ - INFO - Sent registration message
2025-05-22 14:34:19,393 - __main__ - ERROR - Unexpected response to registration: {'type': 'error', 'error': 'Unknown message type: register', 'timestamp': '2025-05-22T14:34:19.392822'}
2025-05-22 14:34:19,393 - __main__ - ERROR - Failed to register with bridge server
2025-05-22 14:34:24,426 - __main__ - INFO - Connected to bridge server
2025-05-22 14:34:24,428 - __main__ - INFO - Received welcome: connection_established
2025-05-22 14:34:24,431 - __main__ - INFO - Sent registration message
2025-05-22 14:34:24,435 - __main__ - ERROR - Unexpected response to registration: {'type': 'error', 'error': 'Unknown message type: register', 'timestamp': '2025-05-22T14:34:24.434729'}
2025-05-22 14:34:24,435 - __main__ - ERROR - Failed to register with bridge server
2025-05-22 14:34:29,475 - __main__ - INFO - Connected to bridge server
2025-05-22 14:34:29,476 - __main__ - INFO - Received welcome: connection_established
2025-05-22 14:34:29,478 - __main__ - INFO - Sent registration message
2025-05-22 14:34:29,479 - __main__ - ERROR - Unexpected response to registration: {'type': 'error', 'error': 'Unknown message type: register', 'timestamp': '2025-05-22T14:34:29.479227'}
2025-05-22 14:34:29,479 - __main__ - ERROR - Failed to register with bridge server
2025-05-22 14:34:34,537 - __main__ - INFO - Connected to bridge server
2025-05-22 14:34:34,540 - __main__ - INFO - Received welcome: connection_established
2025-05-22 14:34:34,541 - __main__ - INFO - Sent registration message
2025-05-22 14:34:34,544 - __main__ - ERROR - Unexpected response to registration: {'type': 'error', 'error': 'Unknown message type: register', 'timestamp': '2025-05-22T14:34:34.543457'}
2025-05-22 14:34:34,544 - __main__ - ERROR - Failed to register with bridge server
2025-05-22 14:34:39,598 - __main__ - INFO - Connected to bridge server
2025-05-22 14:34:39,601 - __main__ - INFO - Received welcome: connection_established
2025-05-22 14:34:39,603 - __main__ - INFO - Sent registration message
2025-05-22 14:34:39,607 - __main__ - ERROR - Unexpected response to registration: {'type': 'error', 'error': 'Unknown message type: register', 'timestamp': '2025-05-22T14:34:39.606068'}
2025-05-22 14:34:39,607 - __main__ - ERROR - Failed to register with bridge server
2025-05-22 14:34:44,766 - __main__ - INFO - Connected to bridge server
2025-05-22 14:34:44,768 - __main__ - INFO - Received welcome: connection_established
2025-05-22 14:34:44,769 - __main__ - INFO - Sent registration message
2025-05-22 14:34:44,783 - __main__ - ERROR - Unexpected response to registration: {'type': 'error', 'error': 'Unknown message type: register', 'timestamp': '2025-05-22T14:34:44.783108'}
2025-05-22 14:34:44,784 - __main__ - ERROR - Failed to register with bridge server
2025-05-22 14:34:49,847 - __main__ - INFO - Connected to bridge server
2025-05-22 14:34:49,854 - __main__ - INFO - Received welcome: connection_established
2025-05-22 14:34:49,858 - __main__ - INFO - Sent registration message
2025-05-22 14:34:49,860 - __main__ - ERROR - Unexpected response to registration: {'type': 'error', 'error': 'Unknown message type: register', 'timestamp': '2025-05-22T14:34:49.859328'}
2025-05-22 14:34:49,860 - __main__ - ERROR - Failed to register with bridge server
2025-05-22 14:34:54,915 - __main__ - INFO - Connected to bridge server
2025-05-22 14:34:54,916 - __main__ - INFO - Received welcome: connection_established
2025-05-22 14:34:54,916 - __main__ - INFO - Sent registration message
2025-05-22 14:34:54,917 - __main__ - ERROR - Unexpected response to registration: {'type': 'error', 'error': 'Unknown message type: register', 'timestamp': '2025-05-22T14:34:54.917132'}
2025-05-22 14:34:54,917 - __main__ - ERROR - Failed to register with bridge server
2025-05-22 14:35:00,185 - __main__ - INFO - Connected to bridge server
2025-05-22 14:35:00,188 - __main__ - INFO - Received welcome: connection_established
2025-05-22 14:35:00,189 - __main__ - INFO - Sent registration message
2025-05-22 14:35:00,191 - __main__ - ERROR - Unexpected response to registration: {'type': 'error', 'error': 'Unknown message type: register', 'timestamp': '2025-05-22T14:35:00.190335'}
2025-05-22 14:35:00,192 - __main__ - ERROR - Failed to register with bridge server
2025-05-22 14:35:05,323 - __main__ - INFO - Connected to bridge server
2025-05-22 14:35:05,326 - __main__ - INFO - Received welcome: connection_established
2025-05-22 14:35:05,327 - __main__ - INFO - Sent registration message
2025-05-22 14:35:05,329 - __main__ - ERROR - Unexpected response to registration: {'type': 'error', 'error': 'Unknown message type: register', 'timestamp': '2025-05-22T14:35:05.328451'}
2025-05-22 14:35:05,329 - __main__ - ERROR - Failed to register with bridge server
2025-05-22 14:35:10,387 - __main__ - INFO - Connected to bridge server
2025-05-22 14:35:10,388 - __main__ - INFO - Received welcome: connection_established
2025-05-22 14:35:10,389 - __main__ - INFO - Sent registration message
2025-05-22 14:35:10,390 - __main__ - ERROR - Unexpected response to registration: {'type': 'error', 'error': 'Unknown message type: register', 'timestamp': '2025-05-22T14:35:10.389854'}
2025-05-22 14:35:10,390 - __main__ - ERROR - Failed to register with bridge server
2025-05-22 14:35:15,460 - __main__ - ERROR - Error connecting to bridge server: Multiple exceptions: [Errno 61] Connect call failed ('::1', 8765, 0, 0), [Errno 61] Connect call failed ('127.0.0.1', 8765)
2025-05-22 14:35:15,466 - __main__ - ERROR - Failed to connect to bridge server
2025-05-22 14:35:20,480 - __main__ - ERROR - Error connecting to bridge server: Multiple exceptions: [Errno 61] Connect call failed ('::1', 8765, 0, 0), [Errno 61] Connect call failed ('127.0.0.1', 8765)
2025-05-22 14:35:20,487 - __main__ - ERROR - Failed to connect to bridge server
2025-05-22 14:35:25,495 - __main__ - ERROR - Error connecting to bridge server: Multiple exceptions: [Errno 61] Connect call failed ('::1', 8765, 0, 0), [Errno 61] Connect call failed ('127.0.0.1', 8765)
2025-05-22 14:35:25,503 - __main__ - ERROR - Failed to connect to bridge server
2025-05-22 14:35:30,509 - __main__ - ERROR - Error connecting to bridge server: Multiple exceptions: [Errno 61] Connect call failed ('::1', 8765, 0, 0), [Errno 61] Connect call failed ('127.0.0.1', 8765)
2025-05-22 14:35:30,510 - __main__ - ERROR - Failed to connect to bridge server
2025-05-22 14:35:35,528 - __main__ - ERROR - Error connecting to bridge server: Multiple exceptions: [Errno 61] Connect call failed ('::1', 8765, 0, 0), [Errno 61] Connect call failed ('127.0.0.1', 8765)
2025-05-22 14:35:35,530 - __main__ - ERROR - Failed to connect to bridge server
2025-05-22 14:35:40,536 - __main__ - ERROR - Error connecting to bridge server: Multiple exceptions: [Errno 61] Connect call failed ('::1', 8765, 0, 0), [Errno 61] Connect call failed ('127.0.0.1', 8765)
2025-05-22 14:35:40,537 - __main__ - ERROR - Failed to connect to bridge server
2025-05-22 14:35:45,547 - __main__ - ERROR - Error connecting to bridge server: Multiple exceptions: [Errno 61] Connect call failed ('::1', 8765, 0, 0), [Errno 61] Connect call failed ('127.0.0.1', 8765)
2025-05-22 14:35:45,547 - __main__ - ERROR - Failed to connect to bridge server
2025-05-22 14:35:50,566 - __main__ - ERROR - Error connecting to bridge server: Multiple exceptions: [Errno 61] Connect call failed ('::1', 8765, 0, 0), [Errno 61] Connect call failed ('127.0.0.1', 8765)
2025-05-22 14:35:50,568 - __main__ - ERROR - Failed to connect to bridge server
2025-05-22 14:35:55,577 - __main__ - ERROR - Error connecting to bridge server: Multiple exceptions: [Errno 61] Connect call failed ('::1', 8765, 0, 0), [Errno 61] Connect call failed ('127.0.0.1', 8765)
2025-05-22 14:35:55,578 - __main__ - ERROR - Failed to connect to bridge server
2025-05-22 14:36:00,592 - __main__ - ERROR - Error connecting to bridge server: Multiple exceptions: [Errno 61] Connect call failed ('::1', 8765, 0, 0), [Errno 61] Connect call failed ('127.0.0.1', 8765)
2025-05-22 14:36:00,594 - __main__ - ERROR - Failed to connect to bridge server
2025-05-22 14:36:05,643 - __main__ - ERROR - Error connecting to bridge server: Multiple exceptions: [Errno 61] Connect call failed ('::1', 8765, 0, 0), [Errno 61] Connect call failed ('127.0.0.1', 8765)
2025-05-22 14:36:05,644 - __main__ - ERROR - Failed to connect to bridge server
2025-05-22 14:36:10,698 - __main__ - ERROR - Error connecting to bridge server: Multiple exceptions: [Errno 61] Connect call failed ('::1', 8765, 0, 0), [Errno 61] Connect call failed ('127.0.0.1', 8765)
2025-05-22 14:36:10,702 - __main__ - ERROR - Failed to connect to bridge server
2025-05-22 14:36:15,706 - __main__ - ERROR - Error connecting to bridge server: Multiple exceptions: [Errno 61] Connect call failed ('::1', 8765, 0, 0), [Errno 61] Connect call failed ('127.0.0.1', 8765)
2025-05-22 14:36:15,706 - __main__ - ERROR - Failed to connect to bridge server
2025-05-22 14:36:20,709 - __main__ - ERROR - Error connecting to bridge server: Multiple exceptions: [Errno 61] Connect call failed ('::1', 8765, 0, 0), [Errno 61] Connect call failed ('127.0.0.1', 8765)
2025-05-22 14:36:20,709 - __main__ - ERROR - Failed to connect to bridge server
2025-05-22 14:36:25,714 - __main__ - ERROR - Error connecting to bridge server: Multiple exceptions: [Errno 61] Connect call failed ('::1', 8765, 0, 0), [Errno 61] Connect call failed ('127.0.0.1', 8765)
2025-05-22 14:36:25,714 - __main__ - ERROR - Failed to connect to bridge server
2025-05-22 14:36:30,720 - __main__ - ERROR - Error connecting to bridge server: Multiple exceptions: [Errno 61] Connect call failed ('::1', 8765, 0, 0), [Errno 61] Connect call failed ('127.0.0.1', 8765)
2025-05-22 14:36:30,720 - __main__ - ERROR - Failed to connect to bridge server
2025-05-22 14:36:35,724 - __main__ - ERROR - Error connecting to bridge server: Multiple exceptions: [Errno 61] Connect call failed ('::1', 8765, 0, 0), [Errno 61] Connect call failed ('127.0.0.1', 8765)
2025-05-22 14:36:35,724 - __main__ - ERROR - Failed to connect to bridge server
2025-05-22 14:36:40,730 - __main__ - ERROR - Error connecting to bridge server: Multiple exceptions: [Errno 61] Connect call failed ('::1', 8765, 0, 0), [Errno 61] Connect call failed ('127.0.0.1', 8765)
2025-05-22 14:36:40,732 - __main__ - ERROR - Failed to connect to bridge server
2025-05-22 14:36:45,735 - __main__ - ERROR - Error connecting to bridge server: Multiple exceptions: [Errno 61] Connect call failed ('::1', 8765, 0, 0), [Errno 61] Connect call failed ('127.0.0.1', 8765)
2025-05-22 14:36:45,735 - __main__ - ERROR - Failed to connect to bridge server
2025-05-22 14:36:50,739 - __main__ - ERROR - Error connecting to bridge server: Multiple exceptions: [Errno 61] Connect call failed ('::1', 8765, 0, 0), [Errno 61] Connect call failed ('127.0.0.1', 8765)
2025-05-22 14:36:50,740 - __main__ - ERROR - Failed to connect to bridge server
2025-05-22 14:36:55,745 - __main__ - ERROR - Error connecting to bridge server: Multiple exceptions: [Errno 61] Connect call failed ('::1', 8765, 0, 0), [Errno 61] Connect call failed ('127.0.0.1', 8765)
2025-05-22 14:36:55,745 - __main__ - ERROR - Failed to connect to bridge server
2025-05-22 14:37:00,751 - __main__ - ERROR - Error connecting to bridge server: Multiple exceptions: [Errno 61] Connect call failed ('::1', 8765, 0, 0), [Errno 61] Connect call failed ('127.0.0.1', 8765)
2025-05-22 14:37:00,752 - __main__ - ERROR - Failed to connect to bridge server
2025-05-22 14:37:05,758 - __main__ - ERROR - Error connecting to bridge server: Multiple exceptions: [Errno 61] Connect call failed ('::1', 8765, 0, 0), [Errno 61] Connect call failed ('127.0.0.1', 8765)
2025-05-22 14:37:05,758 - __main__ - ERROR - Failed to connect to bridge server
2025-05-22 14:37:10,762 - __main__ - ERROR - Error connecting to bridge server: Multiple exceptions: [Errno 61] Connect call failed ('::1', 8765, 0, 0), [Errno 61] Connect call failed ('127.0.0.1', 8765)
2025-05-22 14:37:10,763 - __main__ - ERROR - Failed to connect to bridge server
2025-05-22 14:37:15,767 - __main__ - ERROR - Error connecting to bridge server: Multiple exceptions: [Errno 61] Connect call failed ('::1', 8765, 0, 0), [Errno 61] Connect call failed ('127.0.0.1', 8765)
2025-05-22 14:37:15,768 - __main__ - ERROR - Failed to connect to bridge server
2025-05-22 14:37:20,776 - __main__ - INFO - Connected to bridge server
2025-05-22 14:37:20,777 - __main__ - INFO - Received welcome: connection_established
2025-05-22 14:37:20,778 - __main__ - INFO - Sent registration message
2025-05-22 14:37:20,779 - __main__ - ERROR - Unexpected response to registration: {'type': 'error', 'error': 'Unknown message type: register', 'timestamp': '2025-05-22T14:37:20.778797'}
2025-05-22 14:37:20,779 - __main__ - ERROR - Failed to register with bridge server
2025-05-22 14:37:25,784 - __main__ - INFO - Connected to bridge server
2025-05-22 14:37:25,784 - __main__ - INFO - Received welcome: connection_established
2025-05-22 14:37:25,784 - __main__ - INFO - Sent registration message
2025-05-22 14:37:25,785 - __main__ - ERROR - Unexpected response to registration: {'type': 'error', 'error': 'Unknown message type: register', 'timestamp': '2025-05-22T14:37:25.785047'}
2025-05-22 14:37:25,785 - __main__ - ERROR - Failed to register with bridge server
2025-05-22 14:37:30,788 - __main__ - INFO - Connected to bridge server
2025-05-22 14:37:30,789 - __main__ - INFO - Received welcome: connection_established
2025-05-22 14:37:30,789 - __main__ - INFO - Sent registration message
2025-05-22 14:37:30,789 - __main__ - ERROR - Unexpected response to registration: {'type': 'error', 'error': 'Unknown message type: register', 'timestamp': '2025-05-22T14:37:30.789338'}
2025-05-22 14:37:30,789 - __main__ - ERROR - Failed to register with bridge server
2025-05-22 14:37:35,793 - __main__ - INFO - Connected to bridge server
2025-05-22 14:37:35,793 - __main__ - INFO - Received welcome: connection_established
2025-05-22 14:37:35,794 - __main__ - INFO - Sent registration message
2025-05-22 14:37:35,794 - __main__ - ERROR - Unexpected response to registration: {'type': 'error', 'error': 'Unknown message type: register', 'timestamp': '2025-05-22T14:37:35.794214'}
2025-05-22 14:37:35,794 - __main__ - ERROR - Failed to register with bridge server
2025-05-22 14:37:40,798 - __main__ - INFO - Connected to bridge server
2025-05-22 14:37:40,799 - __main__ - INFO - Received welcome: connection_established
2025-05-22 14:37:40,799 - __main__ - INFO - Sent registration message
2025-05-22 14:37:40,799 - __main__ - ERROR - Unexpected response to registration: {'type': 'error', 'error': 'Unknown message type: register', 'timestamp': '2025-05-22T14:37:40.799514'}
2025-05-22 14:37:40,799 - __main__ - ERROR - Failed to register with bridge server
2025-05-22 14:37:45,818 - __main__ - INFO - Connected to bridge server
2025-05-22 14:37:45,819 - __main__ - INFO - Received welcome: connection_established
2025-05-22 14:37:45,819 - __main__ - INFO - Sent registration message
2025-05-22 14:37:45,820 - __main__ - ERROR - Unexpected response to registration: {'type': 'error', 'error': 'Unknown message type: register', 'timestamp': '2025-05-22T14:37:45.820240'}
2025-05-22 14:37:45,820 - __main__ - ERROR - Failed to register with bridge server
2025-05-22 14:37:50,835 - __main__ - INFO - Connected to bridge server
2025-05-22 14:37:50,836 - __main__ - INFO - Received welcome: connection_established
2025-05-22 14:37:50,836 - __main__ - INFO - Sent registration message
2025-05-22 14:37:50,837 - __main__ - ERROR - Unexpected response to registration: {'type': 'error', 'error': 'Unknown message type: register', 'timestamp': '2025-05-22T14:37:50.837001'}
2025-05-22 14:37:50,837 - __main__ - ERROR - Failed to register with bridge server
2025-05-22 14:37:55,884 - __main__ - INFO - Connected to bridge server
2025-05-22 14:37:55,886 - __main__ - INFO - Received welcome: connection_established
2025-05-22 14:37:55,887 - __main__ - INFO - Sent registration message
2025-05-22 14:37:55,888 - __main__ - ERROR - Unexpected response to registration: {'type': 'error', 'error': 'Unknown message type: register', 'timestamp': '2025-05-22T14:37:55.888111'}
2025-05-22 14:37:55,888 - __main__ - ERROR - Failed to register with bridge server
2025-05-22 14:38:00,911 - __main__ - INFO - Connected to bridge server
2025-05-22 14:38:00,912 - __main__ - INFO - Received welcome: connection_established
2025-05-22 14:38:00,913 - __main__ - INFO - Sent registration message
2025-05-22 14:38:00,913 - __main__ - ERROR - Unexpected response to registration: {'type': 'error', 'error': 'Unknown message type: register', 'timestamp': '2025-05-22T14:38:00.913689'}
2025-05-22 14:38:00,913 - __main__ - ERROR - Failed to register with bridge server
2025-05-22 14:38:05,920 - __main__ - INFO - Connected to bridge server
2025-05-22 14:38:05,921 - __main__ - INFO - Received welcome: connection_established
2025-05-22 14:38:05,921 - __main__ - INFO - Sent registration message
2025-05-22 14:38:05,922 - __main__ - ERROR - Unexpected response to registration: {'type': 'error', 'error': 'Unknown message type: register', 'timestamp': '2025-05-22T14:38:05.921915'}
2025-05-22 14:38:05,922 - __main__ - ERROR - Failed to register with bridge server
2025-05-22 14:38:10,947 - __main__ - INFO - Connected to bridge server
2025-05-22 14:38:10,948 - __main__ - INFO - Received welcome: connection_established
2025-05-22 14:38:10,948 - __main__ - INFO - Sent registration message
2025-05-22 14:38:10,949 - __main__ - ERROR - Unexpected response to registration: {'type': 'error', 'error': 'Unknown message type: register', 'timestamp': '2025-05-22T14:38:10.949024'}
2025-05-22 14:38:10,949 - __main__ - ERROR - Failed to register with bridge server
2025-05-22 14:38:15,958 - __main__ - INFO - Connected to bridge server
2025-05-22 14:38:15,959 - __main__ - INFO - Received welcome: connection_established
2025-05-22 14:38:15,959 - __main__ - INFO - Sent registration message
2025-05-22 14:38:15,959 - __main__ - ERROR - Unexpected response to registration: {'type': 'error', 'error': 'Unknown message type: register', 'timestamp': '2025-05-22T14:38:15.959592'}
2025-05-22 14:38:15,959 - __main__ - ERROR - Failed to register with bridge server
2025-05-22 14:38:20,991 - __main__ - INFO - Connected to bridge server
2025-05-22 14:38:20,994 - __main__ - INFO - Received welcome: connection_established
2025-05-22 14:38:20,994 - __main__ - INFO - Sent registration message
2025-05-22 14:38:20,996 - __main__ - ERROR - Unexpected response to registration: {'type': 'error', 'error': 'Unknown message type: register', 'timestamp': '2025-05-22T14:38:20.995440'}
2025-05-22 14:38:20,996 - __main__ - ERROR - Failed to register with bridge server
2025-05-22 14:38:26,019 - __main__ - INFO - Connected to bridge server
2025-05-22 14:38:26,025 - __main__ - INFO - Received welcome: connection_established
2025-05-22 14:38:26,026 - __main__ - INFO - Sent registration message
2025-05-22 14:38:26,031 - __main__ - ERROR - Unexpected response to registration: {'type': 'error', 'error': 'Unknown message type: register', 'timestamp': '2025-05-22T14:38:26.031420'}
2025-05-22 14:38:26,031 - __main__ - ERROR - Failed to register with bridge server
2025-05-22 14:38:31,109 - __main__ - INFO - Connected to bridge server
2025-05-22 14:38:31,110 - __main__ - INFO - Received welcome: connection_established
2025-05-22 14:38:31,111 - __main__ - INFO - Sent registration message
2025-05-22 14:38:31,121 - __main__ - ERROR - Unexpected response to registration: {'type': 'error', 'error': 'Unknown message type: register', 'timestamp': '2025-05-22T14:38:31.118891'}
2025-05-22 14:38:31,121 - __main__ - ERROR - Failed to register with bridge server
2025-05-22 14:38:36,173 - __main__ - INFO - Connected to bridge server
2025-05-22 14:38:36,176 - __main__ - INFO - Received welcome: connection_established
2025-05-22 14:38:36,178 - __main__ - INFO - Sent registration message
2025-05-22 14:38:36,179 - __main__ - ERROR - Unexpected response to registration: {'type': 'error', 'error': 'Unknown message type: register', 'timestamp': '2025-05-22T14:38:36.179588'}
2025-05-22 14:38:36,180 - __main__ - ERROR - Failed to register with bridge server
2025-05-22 14:38:41,207 - __main__ - INFO - Connected to bridge server
2025-05-22 14:38:41,209 - __main__ - INFO - Received welcome: connection_established
2025-05-22 14:38:41,209 - __main__ - INFO - Sent registration message
2025-05-22 14:38:41,210 - __main__ - ERROR - Unexpected response to registration: {'type': 'error', 'error': 'Unknown message type: register', 'timestamp': '2025-05-22T14:38:41.210388'}
2025-05-22 14:38:41,211 - __main__ - ERROR - Failed to register with bridge server
2025-05-22 14:38:46,244 - __main__ - INFO - Connected to bridge server
2025-05-22 14:38:46,246 - __main__ - INFO - Received welcome: connection_established
2025-05-22 14:38:46,246 - __main__ - INFO - Sent registration message
2025-05-22 14:38:46,247 - __main__ - ERROR - Unexpected response to registration: {'type': 'error', 'error': 'Unknown message type: register', 'timestamp': '2025-05-22T14:38:46.247076'}
2025-05-22 14:38:46,247 - __main__ - ERROR - Failed to register with bridge server
2025-05-22 14:38:51,254 - __main__ - INFO - Connected to bridge server
2025-05-22 14:38:51,254 - __main__ - INFO - Received welcome: connection_established
2025-05-22 14:38:51,255 - __main__ - INFO - Sent registration message
2025-05-22 14:38:51,255 - __main__ - ERROR - Unexpected response to registration: {'type': 'error', 'error': 'Unknown message type: register', 'timestamp': '2025-05-22T14:38:51.255594'}
2025-05-22 14:38:51,255 - __main__ - ERROR - Failed to register with bridge server
2025-05-22 14:38:56,266 - __main__ - INFO - Connected to bridge server
2025-05-22 14:38:56,267 - __main__ - INFO - Received welcome: connection_established
2025-05-22 14:38:56,267 - __main__ - INFO - Sent registration message
2025-05-22 14:38:56,268 - __main__ - ERROR - Unexpected response to registration: {'type': 'error', 'error': 'Unknown message type: register', 'timestamp': '2025-05-22T14:38:56.267850'}
2025-05-22 14:38:56,268 - __main__ - ERROR - Failed to register with bridge server
2025-05-22 14:39:01,307 - __main__ - INFO - Connected to bridge server
2025-05-22 14:39:01,309 - __main__ - INFO - Received welcome: connection_established
2025-05-22 14:39:01,310 - __main__ - INFO - Sent registration message
2025-05-22 14:39:01,310 - __main__ - ERROR - Unexpected response to registration: {'type': 'error', 'error': 'Unknown message type: register', 'timestamp': '2025-05-22T14:39:01.310526'}
2025-05-22 14:39:01,310 - __main__ - ERROR - Failed to register with bridge server
2025-05-22 14:39:06,382 - __main__ - INFO - Connected to bridge server
2025-05-22 14:39:06,386 - __main__ - INFO - Received welcome: connection_established
2025-05-22 14:39:06,388 - __main__ - INFO - Sent registration message
2025-05-22 14:39:06,391 - __main__ - ERROR - Unexpected response to registration: {'type': 'error', 'error': 'Unknown message type: register', 'timestamp': '2025-05-22T14:39:06.390111'}
2025-05-22 14:39:06,391 - __main__ - ERROR - Failed to register with bridge server
2025-05-22 14:39:11,548 - __main__ - INFO - Connected to bridge server
2025-05-22 14:39:11,559 - __main__ - INFO - Received welcome: connection_established
2025-05-22 14:39:11,563 - __main__ - INFO - Sent registration message
2025-05-22 14:39:11,566 - __main__ - ERROR - Unexpected response to registration: {'type': 'error', 'error': 'Unknown message type: register', 'timestamp': '2025-05-22T14:39:11.565892'}
2025-05-22 14:39:11,566 - __main__ - ERROR - Failed to register with bridge server
2025-05-22 14:39:16,599 - __main__ - INFO - Connected to bridge server
2025-05-22 14:39:16,601 - __main__ - INFO - Received welcome: connection_established
2025-05-22 14:39:16,602 - __main__ - INFO - Sent registration message
2025-05-22 14:39:16,603 - __main__ - ERROR - Unexpected response to registration: {'type': 'error', 'error': 'Unknown message type: register', 'timestamp': '2025-05-22T14:39:16.602844'}
2025-05-22 14:39:16,603 - __main__ - ERROR - Failed to register with bridge server
2025-05-22 14:39:21,632 - __main__ - ERROR - Error connecting to bridge server: Multiple exceptions: [Errno 61] Connect call failed ('::1', 8765, 0, 0), [Errno 61] Connect call failed ('127.0.0.1', 8765)
2025-05-22 14:39:21,634 - __main__ - ERROR - Failed to connect to bridge server
2025-05-22 14:39:26,685 - __main__ - ERROR - Error connecting to bridge server: Multiple exceptions: [Errno 61] Connect call failed ('::1', 8765, 0, 0), [Errno 61] Connect call failed ('127.0.0.1', 8765)
2025-05-22 14:39:26,687 - __main__ - ERROR - Failed to connect to bridge server
2025-05-22 14:39:31,703 - __main__ - ERROR - Error connecting to bridge server: Multiple exceptions: [Errno 61] Connect call failed ('::1', 8765, 0, 0), [Errno 61] Connect call failed ('127.0.0.1', 8765)
2025-05-22 14:39:31,704 - __main__ - ERROR - Failed to connect to bridge server
2025-05-22 14:39:36,726 - __main__ - ERROR - Error connecting to bridge server: Multiple exceptions: [Errno 61] Connect call failed ('::1', 8765, 0, 0), [Errno 61] Connect call failed ('127.0.0.1', 8765)
2025-05-22 14:39:36,727 - __main__ - ERROR - Failed to connect to bridge server
2025-05-22 14:39:41,732 - __main__ - ERROR - Error connecting to bridge server: Multiple exceptions: [Errno 61] Connect call failed ('::1', 8765, 0, 0), [Errno 61] Connect call failed ('127.0.0.1', 8765)
2025-05-22 14:39:41,733 - __main__ - ERROR - Failed to connect to bridge server
2025-05-22 14:39:46,735 - __main__ - ERROR - Error connecting to bridge server: Multiple exceptions: [Errno 61] Connect call failed ('::1', 8765, 0, 0), [Errno 61] Connect call failed ('127.0.0.1', 8765)
2025-05-22 14:39:46,735 - __main__ - ERROR - Failed to connect to bridge server
2025-05-22 14:39:51,737 - __main__ - ERROR - Error connecting to bridge server: Multiple exceptions: [Errno 61] Connect call failed ('::1', 8765, 0, 0), [Errno 61] Connect call failed ('127.0.0.1', 8765)
2025-05-22 14:39:51,737 - __main__ - ERROR - Failed to connect to bridge server
2025-05-22 14:39:56,739 - __main__ - ERROR - Error connecting to bridge server: Multiple exceptions: [Errno 61] Connect call failed ('::1', 8765, 0, 0), [Errno 61] Connect call failed ('127.0.0.1', 8765)
2025-05-22 14:39:56,739 - __main__ - ERROR - Failed to connect to bridge server
2025-05-22 14:40:01,741 - __main__ - ERROR - Error connecting to bridge server: Multiple exceptions: [Errno 61] Connect call failed ('::1', 8765, 0, 0), [Errno 61] Connect call failed ('127.0.0.1', 8765)
2025-05-22 14:40:01,742 - __main__ - ERROR - Failed to connect to bridge server
2025-05-22 14:40:06,747 - __main__ - ERROR - Error connecting to bridge server: Multiple exceptions: [Errno 61] Connect call failed ('::1', 8765, 0, 0), [Errno 61] Connect call failed ('127.0.0.1', 8765)
2025-05-22 14:40:06,748 - __main__ - ERROR - Failed to connect to bridge server
2025-05-22 14:40:11,792 - __main__ - ERROR - Error connecting to bridge server: Multiple exceptions: [Errno 61] Connect call failed ('::1', 8765, 0, 0), [Errno 61] Connect call failed ('127.0.0.1', 8765)
2025-05-22 14:40:11,794 - __main__ - ERROR - Failed to connect to bridge server
2025-05-22 14:40:16,808 - __main__ - ERROR - Error connecting to bridge server: Multiple exceptions: [Errno 61] Connect call failed ('::1', 8765, 0, 0), [Errno 61] Connect call failed ('127.0.0.1', 8765)
2025-05-22 14:40:16,809 - __main__ - ERROR - Failed to connect to bridge server
2025-05-22 14:40:21,853 - __main__ - ERROR - Error connecting to bridge server: Multiple exceptions: [Errno 61] Connect call failed ('::1', 8765, 0, 0), [Errno 61] Connect call failed ('127.0.0.1', 8765)
2025-05-22 14:40:21,857 - __main__ - ERROR - Failed to connect to bridge server
2025-05-22 14:40:26,897 - __main__ - ERROR - Error connecting to bridge server: Multiple exceptions: [Errno 61] Connect call failed ('::1', 8765, 0, 0), [Errno 61] Connect call failed ('127.0.0.1', 8765)
2025-05-22 14:40:26,900 - __main__ - ERROR - Failed to connect to bridge server
2025-05-22 14:40:32,049 - __main__ - ERROR - Error connecting to bridge server: Multiple exceptions: [Errno 61] Connect call failed ('::1', 8765, 0, 0), [Errno 61] Connect call failed ('127.0.0.1', 8765)
2025-05-22 14:40:32,097 - __main__ - ERROR - Failed to connect to bridge server
2025-05-22 14:40:37,117 - __main__ - ERROR - Error connecting to bridge server: Multiple exceptions: [Errno 61] Connect call failed ('::1', 8765, 0, 0), [Errno 61] Connect call failed ('127.0.0.1', 8765)
2025-05-22 14:40:37,118 - __main__ - ERROR - Failed to connect to bridge server
2025-05-22 14:40:42,130 - __main__ - ERROR - Error connecting to bridge server: Multiple exceptions: [Errno 61] Connect call failed ('::1', 8765, 0, 0), [Errno 61] Connect call failed ('127.0.0.1', 8765)
2025-05-22 14:40:42,131 - __main__ - ERROR - Failed to connect to bridge server
2025-05-22 14:40:47,169 - __main__ - ERROR - Error connecting to bridge server: Multiple exceptions: [Errno 61] Connect call failed ('::1', 8765, 0, 0), [Errno 61] Connect call failed ('127.0.0.1', 8765)
2025-05-22 14:40:47,172 - __main__ - ERROR - Failed to connect to bridge server
2025-05-22 14:40:52,241 - __main__ - ERROR - Error connecting to bridge server: Multiple exceptions: [Errno 61] Connect call failed ('::1', 8765, 0, 0), [Errno 61] Connect call failed ('127.0.0.1', 8765)
2025-05-22 14:40:52,243 - __main__ - ERROR - Failed to connect to bridge server
2025-05-22 14:40:57,249 - __main__ - ERROR - Error connecting to bridge server: Multiple exceptions: [Errno 61] Connect call failed ('::1', 8765, 0, 0), [Errno 61] Connect call failed ('127.0.0.1', 8765)
2025-05-22 14:40:57,249 - __main__ - ERROR - Failed to connect to bridge server
2025-05-22 14:41:02,269 - __main__ - ERROR - Error connecting to bridge server: Multiple exceptions: [Errno 61] Connect call failed ('::1', 8765, 0, 0), [Errno 61] Connect call failed ('127.0.0.1', 8765)
2025-05-22 14:41:02,271 - __main__ - ERROR - Failed to connect to bridge server
2025-05-22 14:41:07,281 - __main__ - ERROR - Error connecting to bridge server: Multiple exceptions: [Errno 61] Connect call failed ('::1', 8765, 0, 0), [Errno 61] Connect call failed ('127.0.0.1', 8765)
2025-05-22 14:41:07,282 - __main__ - ERROR - Failed to connect to bridge server
2025-05-22 14:41:12,331 - __main__ - ERROR - Error connecting to bridge server: Multiple exceptions: [Errno 61] Connect call failed ('::1', 8765, 0, 0), [Errno 61] Connect call failed ('127.0.0.1', 8765)
2025-05-22 14:41:12,335 - __main__ - ERROR - Failed to connect to bridge server
2025-05-22 14:41:17,385 - __main__ - ERROR - Error connecting to bridge server: Multiple exceptions: [Errno 61] Connect call failed ('::1', 8765, 0, 0), [Errno 61] Connect call failed ('127.0.0.1', 8765)
2025-05-22 14:41:17,388 - __main__ - ERROR - Failed to connect to bridge server
2025-05-22 14:41:22,425 - __main__ - ERROR - Error connecting to bridge server: Multiple exceptions: [Errno 61] Connect call failed ('::1', 8765, 0, 0), [Errno 61] Connect call failed ('127.0.0.1', 8765)
2025-05-22 14:41:22,426 - __main__ - ERROR - Failed to connect to bridge server
2025-05-22 14:41:27,461 - __main__ - ERROR - Error connecting to bridge server: Multiple exceptions: [Errno 61] Connect call failed ('::1', 8765, 0, 0), [Errno 61] Connect call failed ('127.0.0.1', 8765)
2025-05-22 14:41:27,464 - __main__ - ERROR - Failed to connect to bridge server
