/Users/segevbin/Desktop/SensAI/Aiayer/ultimate_do_button_server.py:214: SyntaxWarning: invalid escape sequence '\!'
  "message": "Execution complete\!",
2025-06-03 18:25:36,860 - INFO - Detected screen size: 1470x956
2025-06-03 18:25:36,862 - INFO - Standard mouse listener started successfully
2025-06-03 18:25:36,863 - INFO - Keyboard listener started successfully
2025-06-03 18:25:36,863 - INFO - Input controller initialized (safe mode)
2025-06-03 18:25:36,863 - INFO - 🚨 Emergency shutdown: Press Ctrl+1 to immediately stop agent
2025-06-03 18:25:36,864 - INFO - ✅ Input controller loaded successfully
2025-06-03 18:25:36,874 - INFO - Plan persistence manager initialized with 40 stored plans
2025-06-03 18:25:36,875 - INFO - Plan persistence service initialized
2025-06-03 18:25:36,875 - INFO - ✅ Plan persistence module loaded successfully
2025-06-03 18:25:37,907 - INFO - Standard mouse listener started successfully
2025-06-03 18:25:37,907 - INFO - Keyboard listener started successfully
2025-06-03 18:25:37,908 - INFO - Input controller initialized (safe mode)
2025-06-03 18:25:37,908 - INFO - 🚨 Emergency shutdown: Press Ctrl+1 to immediately stop agent
2025-06-03 18:25:38,759 - INFO - Connected to Ollama API v0.6.8
2025-06-03 18:25:38,759 - INFO - LLaVA visual processor initialized for total screen analysis
2025-06-03 18:25:38,759 - INFO - Total Screen Analyzer initialized with 8s interval
2025-06-03 18:25:38,759 - INFO - 🤖 Real automation components loaded successfully
2025-06-03 18:25:38,760 - INFO - Standard mouse listener started successfully
2025-06-03 18:25:38,760 - INFO - Keyboard listener started successfully
2025-06-03 18:25:38,760 - INFO - Input controller initialized (safe mode)
2025-06-03 18:25:38,760 - INFO - 🚨 Emergency shutdown: Press Ctrl+1 to immediately stop agent
2025-06-03 18:25:38,765 - INFO - Connected to Ollama API v0.6.8
2025-06-03 18:25:38,765 - INFO - LLaVA visual processor initialized for total screen analysis
2025-06-03 18:25:38,765 - INFO - Total Screen Analyzer initialized with 8s interval
2025-06-03 18:25:38,765 - INFO - 🤖 Real automation components loaded successfully
2025-06-03 18:25:38,765 - INFO - ✅ Real agent automation handler loaded successfully
2025-06-03 18:25:38,768 - INFO - Standard mouse listener started successfully
2025-06-03 18:25:38,768 - INFO - Keyboard listener started successfully
2025-06-03 18:25:38,768 - INFO - Input controller initialized (safe mode)
2025-06-03 18:25:38,768 - INFO - 🚨 Emergency shutdown: Press Ctrl+1 to immediately stop agent
2025-06-03 18:25:38,771 - INFO - Connected to Ollama API v0.6.8
2025-06-03 18:25:38,771 - INFO - LLaVA visual processor initialized for total screen analysis
2025-06-03 18:25:38,771 - INFO - Total Screen Analyzer initialized with 8s interval
2025-06-03 18:25:38,771 - INFO - 🔄 Adaptive retry automation system loaded
2025-06-03 18:25:38,771 - INFO - ✅ Adaptive retry automation handler loaded successfully
2025-06-03 18:25:38,771 - INFO - ✅ Plan persistence module loaded successfully
2025-06-03 18:25:38,773 - INFO - Standard mouse listener started successfully
2025-06-03 18:25:38,774 - INFO - Keyboard listener started successfully
2025-06-03 18:25:38,774 - INFO - Input controller initialized (safe mode)
2025-06-03 18:25:38,774 - INFO - 🚨 Emergency shutdown: Press Ctrl+1 to immediately stop agent
2025-06-03 18:25:38,776 - INFO - Connected to Ollama API v0.6.8
2025-06-03 18:25:38,776 - INFO - LLaVA visual processor initialized for total screen analysis
2025-06-03 18:25:38,776 - INFO - Total Screen Analyzer initialized with 8s interval
2025-06-03 18:25:38,776 - INFO - 🤖 Universal automation components loaded successfully
2025-06-03 18:25:38,776 - INFO - ✅ Universal automation handler loaded successfully
2025-06-03 18:25:38,776 - INFO - Port 8765 is available
2025-06-03 18:25:38,776 - INFO - Starting ultimate DO button server on localhost:8765
2025-06-03 18:25:38,791 - INFO - server listening on 127.0.0.1:8765
2025-06-03 18:25:38,791 - INFO - server listening on [::1]:8765
2025-06-03 18:25:38,791 - INFO - ✅ Ultimate DO Button Server running on ws://localhost:8765
2025-06-03 18:25:38,791 - INFO - 📋 Server supports all three message formats: agent_confirmation, button_action, and do_button
2025-06-03 18:53:51,089 - INFO - Detected screen size: 1470x956
2025-06-03 18:53:51,090 - INFO - Standard mouse listener started successfully
2025-06-03 18:53:51,090 - INFO - Keyboard listener started successfully
2025-06-03 18:53:51,090 - INFO - Input controller initialized (safe mode)
2025-06-03 18:53:51,090 - INFO - 🚨 Emergency shutdown: Press Ctrl+1 to immediately stop agent
2025-06-03 18:53:51,090 - INFO - ✅ Input controller loaded successfully
2025-06-03 18:53:51,095 - INFO - Plan persistence manager initialized with 44 stored plans
2025-06-03 18:53:51,095 - INFO - Plan persistence service initialized
2025-06-03 18:53:51,095 - INFO - ✅ Plan persistence module loaded successfully
2025-06-03 18:53:51,485 - INFO - Standard mouse listener started successfully
2025-06-03 18:53:51,485 - INFO - Keyboard listener started successfully
2025-06-03 18:53:51,486 - INFO - Input controller initialized (safe mode)
2025-06-03 18:53:51,486 - INFO - 🚨 Emergency shutdown: Press Ctrl+1 to immediately stop agent
2025-06-03 18:53:51,541 - INFO - Connected to Ollama API v0.6.8
2025-06-03 18:53:51,541 - INFO - LLaVA visual processor initialized for total screen analysis
2025-06-03 18:53:51,541 - INFO - Total Screen Analyzer initialized with 8s interval
2025-06-03 18:53:51,541 - INFO - 🤖 Real automation components loaded successfully
2025-06-03 18:53:51,542 - INFO - Standard mouse listener started successfully
2025-06-03 18:53:51,542 - INFO - Keyboard listener started successfully
2025-06-03 18:53:51,542 - INFO - Input controller initialized (safe mode)
2025-06-03 18:53:51,542 - INFO - 🚨 Emergency shutdown: Press Ctrl+1 to immediately stop agent
2025-06-03 18:53:51,544 - INFO - Connected to Ollama API v0.6.8
2025-06-03 18:53:51,544 - INFO - LLaVA visual processor initialized for total screen analysis
2025-06-03 18:53:51,544 - INFO - Total Screen Analyzer initialized with 8s interval
2025-06-03 18:53:51,544 - INFO - 🤖 Real automation components loaded successfully
2025-06-03 18:53:51,544 - INFO - ✅ Real agent automation handler loaded successfully
2025-06-03 18:53:51,546 - INFO - Standard mouse listener started successfully
2025-06-03 18:53:51,546 - INFO - Keyboard listener started successfully
2025-06-03 18:53:51,546 - INFO - Input controller initialized (safe mode)
2025-06-03 18:53:51,546 - INFO - 🚨 Emergency shutdown: Press Ctrl+1 to immediately stop agent
2025-06-03 18:53:51,549 - INFO - Connected to Ollama API v0.6.8
2025-06-03 18:53:51,549 - INFO - LLaVA visual processor initialized for total screen analysis
2025-06-03 18:53:51,549 - INFO - Total Screen Analyzer initialized with 8s interval
2025-06-03 18:53:51,549 - INFO - 🔄 Adaptive retry automation system loaded
2025-06-03 18:53:51,549 - INFO - ✅ Adaptive retry automation handler loaded successfully
2025-06-03 18:53:51,549 - INFO - ✅ Plan persistence module loaded successfully
2025-06-03 18:53:51,550 - INFO - Standard mouse listener started successfully
2025-06-03 18:53:51,551 - INFO - Keyboard listener started successfully
2025-06-03 18:53:51,551 - INFO - Input controller initialized (safe mode)
2025-06-03 18:53:51,551 - INFO - 🚨 Emergency shutdown: Press Ctrl+1 to immediately stop agent
2025-06-03 18:53:51,552 - INFO - Connected to Ollama API v0.6.8
2025-06-03 18:53:51,552 - INFO - LLaVA visual processor initialized for total screen analysis
2025-06-03 18:53:51,552 - INFO - Total Screen Analyzer initialized with 8s interval
2025-06-03 18:53:51,552 - INFO - 🤖 Universal automation components loaded successfully
2025-06-03 18:53:51,552 - INFO - ✅ Universal automation handler loaded successfully
2025-06-03 18:53:51,553 - WARNING - Port 8765 is already in use. Killing existing process...
2025-06-03 18:53:51,577 - INFO - Killed process on port 8765
2025-06-03 18:53:53,578 - INFO - Starting ultimate DO button server on localhost:8765
2025-06-03 18:53:53,589 - INFO - server listening on 127.0.0.1:8765
2025-06-03 18:53:53,589 - INFO - server listening on [::1]:8765
2025-06-03 18:53:53,589 - INFO - ✅ Ultimate DO Button Server running on ws://localhost:8765
2025-06-03 18:53:53,589 - INFO - 📋 Server supports all three message formats: agent_confirmation, button_action, and do_button
2025-06-03 18:54:00,256 - ERROR - opening handshake failed
Traceback (most recent call last):
  File "/Users/segevbin/Desktop/SensAI/Aiayer/.venv/lib/python3.13/site-packages/websockets/http11.py", line 138, in parse
    request_line = yield from parse_line(read_line)
                   ^^^^^^^^^^^^^^^^^^^^^^^^^^^^^^^^
  File "/Users/segevbin/Desktop/SensAI/Aiayer/.venv/lib/python3.13/site-packages/websockets/http11.py", line 309, in parse_line
    line = yield from read_line(MAX_LINE_LENGTH)
           ^^^^^^^^^^^^^^^^^^^^^^^^^^^^^^^^^^^^^
  File "/Users/segevbin/Desktop/SensAI/Aiayer/.venv/lib/python3.13/site-packages/websockets/streams.py", line 46, in read_line
    raise EOFError(f"stream ends after {p} bytes, before end of line")
EOFError: stream ends after 0 bytes, before end of line

The above exception was the direct cause of the following exception:

Traceback (most recent call last):
  File "/Users/segevbin/Desktop/SensAI/Aiayer/.venv/lib/python3.13/site-packages/websockets/server.py", line 545, in parse
    request = yield from Request.parse(
              ^^^^^^^^^^^^^^^^^^^^^^^^^
        self.reader.read_line,
        ^^^^^^^^^^^^^^^^^^^^^^
    )
    ^
  File "/Users/segevbin/Desktop/SensAI/Aiayer/.venv/lib/python3.13/site-packages/websockets/http11.py", line 140, in parse
    raise EOFError("connection closed while reading HTTP request line") from exc
EOFError: connection closed while reading HTTP request line

The above exception was the direct cause of the following exception:

Traceback (most recent call last):
  File "/Users/segevbin/Desktop/SensAI/Aiayer/.venv/lib/python3.13/site-packages/websockets/asyncio/server.py", line 356, in conn_handler
    await connection.handshake(
    ...<3 lines>...
    )
  File "/Users/segevbin/Desktop/SensAI/Aiayer/.venv/lib/python3.13/site-packages/websockets/asyncio/server.py", line 207, in handshake
    raise self.protocol.handshake_exc
websockets.exceptions.InvalidMessage: did not receive a valid HTTP request
2025-06-03 18:54:00,285 - INFO - connection open
2025-06-03 18:54:00,285 - INFO - Client client_4806151696 connected
2025-06-03 18:54:00,285 - INFO - Received message type: ping
2025-06-03 18:54:00,287 - INFO - connection open
2025-06-03 18:54:00,287 - INFO - Client client_4806152976 connected
2025-06-03 18:54:00,287 - INFO - Received message type: agent_confirmation
2025-06-03 18:54:00,287 - INFO - Agent confirmation received: {'type': 'agent_confirmation', 'action': 'DO', 'session_id': 'test_session_1748991240'}
2025-06-03 18:54:00,287 - INFO - Using universal automation handler for execute_plan on plan test_session_1748991240
2025-06-03 18:54:00,287 - INFO - 🔘 Handling button action: execute_plan for plan: test_session_1748991240
2025-06-03 18:54:00,287 - WARNING - Plan test_session_1748991240 not found in metadata
2025-06-03 18:54:00,288 - WARNING - ❌ Plan not found for button action: test_session_1748991240
2025-06-03 18:54:00,288 - INFO - Universal handler result: {'success': False, 'response': '❌ Plan not found. It may have expired or been cancelled.', 'interactive': False}
2025-06-03 18:54:01,296 - INFO - connection open
2025-06-03 18:54:01,296 - INFO - Client client_4805962512 connected
2025-06-03 18:54:01,298 - INFO - Received message type: button_action
2025-06-03 18:54:01,298 - INFO - Button action received: {'type': 'button_action', 'action': 'EXECUTE_PLAN', 'plan_id': 'test_plan_1748991241'}
2025-06-03 18:54:01,298 - INFO - Using universal automation handler for execute_plan on plan test_plan_1748991241
2025-06-03 18:54:01,298 - INFO - 🔘 Handling button action: execute_plan for plan: test_plan_1748991241
2025-06-03 18:54:01,298 - WARNING - Plan test_plan_1748991241 not found in metadata
2025-06-03 18:54:01,299 - WARNING - ❌ Plan not found for button action: test_plan_1748991241
2025-06-03 18:54:01,299 - INFO - Universal handler result: {'success': False, 'response': '❌ Plan not found. It may have expired or been cancelled.', 'interactive': False}
2025-06-03 18:54:02,303 - INFO - connection open
2025-06-03 18:54:02,303 - INFO - Client client_4805964640 connected
2025-06-03 18:54:02,303 - INFO - Received message type: do_button
2025-06-03 18:54:02,303 - INFO - DO button message received: {'type': 'do_button', 'button': 'DO', 'plan_id': 'test_plan_1748991242'}
2025-06-03 18:54:02,303 - INFO - Using universal automation handler for execute_plan on plan test_plan_1748991242
2025-06-03 18:54:02,303 - INFO - 🔘 Handling button action: execute_plan for plan: test_plan_1748991242
2025-06-03 18:54:02,303 - WARNING - Plan test_plan_1748991242 not found in metadata
2025-06-03 18:54:02,303 - WARNING - ❌ Plan not found for button action: test_plan_1748991242
2025-06-03 18:54:02,303 - INFO - Universal handler result: {'success': False, 'response': '❌ Plan not found. It may have expired or been cancelled.', 'interactive': False}
2025-06-03 18:54:03,307 - INFO - connection open
2025-06-03 18:54:03,307 - INFO - Client client_4805967376 connected
2025-06-03 18:54:03,307 - INFO - Received message type: agent_confirmation
2025-06-03 18:54:03,307 - INFO - Agent confirmation received: {'type': 'agent_confirmation', 'action': 'DISMISS', 'session_id': 'test_session_dismiss_1748991243'}
2025-06-03 18:54:03,308 - INFO - Using universal automation handler for cancel_plan on plan test_session_dismiss_1748991243
2025-06-03 18:54:03,308 - INFO - 🔘 Handling button action: cancel_plan for plan: test_session_dismiss_1748991243
2025-06-03 18:54:03,308 - WARNING - Plan test_session_dismiss_1748991243 not found in metadata
2025-06-03 18:54:03,308 - WARNING - ❌ Plan not found for button action: test_session_dismiss_1748991243
2025-06-03 18:54:03,308 - INFO - Universal handler result: {'success': False, 'response': '❌ Plan not found. It may have expired or been cancelled.', 'interactive': False}
2025-06-03 18:54:19,429 - INFO - connection open
2025-06-03 18:54:19,429 - INFO - Client client_4807771712 connected
2025-06-03 18:54:19,430 - INFO - Received message type: unknown
2025-06-03 18:54:19,430 - WARNING - Unknown message type: unknown
2025-06-03 18:56:15,002 - INFO - Detected screen size: 1470x956
2025-06-03 18:56:15,004 - INFO - Standard mouse listener started successfully
2025-06-03 18:56:15,004 - INFO - Keyboard listener started successfully
2025-06-03 18:56:15,004 - INFO - Input controller initialized (safe mode)
2025-06-03 18:56:15,004 - INFO - 🚨 Emergency shutdown: Press Ctrl+1 to immediately stop agent
2025-06-03 18:56:15,004 - INFO - ✅ Input controller loaded successfully
2025-06-03 18:56:15,010 - INFO - Plan persistence manager initialized with 44 stored plans
2025-06-03 18:56:15,010 - INFO - Plan persistence service initialized
2025-06-03 18:56:15,011 - INFO - ✅ Plan persistence module loaded successfully
2025-06-03 18:56:15,409 - INFO - Standard mouse listener started successfully
2025-06-03 18:56:15,410 - INFO - Keyboard listener started successfully
2025-06-03 18:56:15,410 - INFO - Input controller initialized (safe mode)
2025-06-03 18:56:15,410 - INFO - 🚨 Emergency shutdown: Press Ctrl+1 to immediately stop agent
2025-06-03 18:56:15,470 - INFO - Connected to Ollama API v0.6.8
2025-06-03 18:56:15,470 - INFO - LLaVA visual processor initialized for total screen analysis
2025-06-03 18:56:15,470 - INFO - Total Screen Analyzer initialized with 8s interval
2025-06-03 18:56:15,470 - INFO - 🤖 Real automation components loaded successfully
2025-06-03 18:56:15,471 - INFO - Standard mouse listener started successfully
2025-06-03 18:56:15,471 - INFO - Keyboard listener started successfully
2025-06-03 18:56:15,471 - INFO - Input controller initialized (safe mode)
2025-06-03 18:56:15,471 - INFO - 🚨 Emergency shutdown: Press Ctrl+1 to immediately stop agent
2025-06-03 18:56:15,474 - INFO - Connected to Ollama API v0.6.8
2025-06-03 18:56:15,474 - INFO - LLaVA visual processor initialized for total screen analysis
2025-06-03 18:56:15,474 - INFO - Total Screen Analyzer initialized with 8s interval
2025-06-03 18:56:15,474 - INFO - 🤖 Real automation components loaded successfully
2025-06-03 18:56:15,474 - INFO - ✅ Real agent automation handler loaded successfully
2025-06-03 18:56:15,477 - INFO - Standard mouse listener started successfully
2025-06-03 18:56:15,477 - INFO - Keyboard listener started successfully
2025-06-03 18:56:15,477 - INFO - Input controller initialized (safe mode)
2025-06-03 18:56:15,477 - INFO - 🚨 Emergency shutdown: Press Ctrl+1 to immediately stop agent
2025-06-03 18:56:15,479 - INFO - Connected to Ollama API v0.6.8
2025-06-03 18:56:15,479 - INFO - LLaVA visual processor initialized for total screen analysis
2025-06-03 18:56:15,479 - INFO - Total Screen Analyzer initialized with 8s interval
2025-06-03 18:56:15,479 - INFO - 🔄 Adaptive retry automation system loaded
2025-06-03 18:56:15,479 - INFO - ✅ Adaptive retry automation handler loaded successfully
2025-06-03 18:56:15,479 - INFO - ✅ Plan persistence module loaded successfully
2025-06-03 18:56:15,480 - INFO - Standard mouse listener started successfully
2025-06-03 18:56:15,480 - INFO - Keyboard listener started successfully
2025-06-03 18:56:15,480 - INFO - Input controller initialized (safe mode)
2025-06-03 18:56:15,480 - INFO - 🚨 Emergency shutdown: Press Ctrl+1 to immediately stop agent
2025-06-03 18:56:15,482 - INFO - Connected to Ollama API v0.6.8
2025-06-03 18:56:15,482 - INFO - LLaVA visual processor initialized for total screen analysis
2025-06-03 18:56:15,482 - INFO - Total Screen Analyzer initialized with 8s interval
2025-06-03 18:56:15,482 - INFO - 🤖 Universal automation components loaded successfully
2025-06-03 18:56:15,482 - INFO - ✅ Universal automation handler loaded successfully
2025-06-03 18:56:15,482 - INFO - Port 8765 is available
2025-06-03 18:56:15,482 - INFO - Starting ultimate DO button server on localhost:8765
2025-06-03 18:56:15,493 - INFO - server listening on 127.0.0.1:8765
2025-06-03 18:56:15,493 - INFO - server listening on [::1]:8765
2025-06-03 18:56:15,493 - INFO - ✅ Ultimate DO Button Server running on ws://localhost:8765
2025-06-03 18:56:15,493 - INFO - 📋 Server supports all three message formats: agent_confirmation, button_action, and do_button
2025-06-03 18:56:20,349 - ERROR - opening handshake failed
Traceback (most recent call last):
  File "/Users/segevbin/Desktop/SensAI/Aiayer/.venv/lib/python3.13/site-packages/websockets/http11.py", line 138, in parse
    request_line = yield from parse_line(read_line)
                   ^^^^^^^^^^^^^^^^^^^^^^^^^^^^^^^^
  File "/Users/segevbin/Desktop/SensAI/Aiayer/.venv/lib/python3.13/site-packages/websockets/http11.py", line 309, in parse_line
    line = yield from read_line(MAX_LINE_LENGTH)
           ^^^^^^^^^^^^^^^^^^^^^^^^^^^^^^^^^^^^^
  File "/Users/segevbin/Desktop/SensAI/Aiayer/.venv/lib/python3.13/site-packages/websockets/streams.py", line 46, in read_line
    raise EOFError(f"stream ends after {p} bytes, before end of line")
EOFError: stream ends after 0 bytes, before end of line

The above exception was the direct cause of the following exception:

Traceback (most recent call last):
  File "/Users/segevbin/Desktop/SensAI/Aiayer/.venv/lib/python3.13/site-packages/websockets/server.py", line 545, in parse
    request = yield from Request.parse(
              ^^^^^^^^^^^^^^^^^^^^^^^^^
        self.reader.read_line,
        ^^^^^^^^^^^^^^^^^^^^^^
    )
    ^
  File "/Users/segevbin/Desktop/SensAI/Aiayer/.venv/lib/python3.13/site-packages/websockets/http11.py", line 140, in parse
    raise EOFError("connection closed while reading HTTP request line") from exc
EOFError: connection closed while reading HTTP request line

The above exception was the direct cause of the following exception:

Traceback (most recent call last):
  File "/Users/segevbin/Desktop/SensAI/Aiayer/.venv/lib/python3.13/site-packages/websockets/asyncio/server.py", line 356, in conn_handler
    await connection.handshake(
    ...<3 lines>...
    )
  File "/Users/segevbin/Desktop/SensAI/Aiayer/.venv/lib/python3.13/site-packages/websockets/asyncio/server.py", line 207, in handshake
    raise self.protocol.handshake_exc
websockets.exceptions.InvalidMessage: did not receive a valid HTTP request
2025-06-03 18:56:20,376 - INFO - connection open
2025-06-03 18:56:20,376 - INFO - Client client_4961324240 connected
2025-06-03 18:56:20,377 - INFO - Received message type: ping
2025-06-03 18:56:20,378 - INFO - connection open
2025-06-03 18:56:20,378 - INFO - Client client_4961325840 connected
2025-06-03 18:56:20,379 - INFO - Received message type: agent_confirmation
2025-06-03 18:56:20,379 - INFO - Agent confirmation received: {'type': 'agent_confirmation', 'action': 'DO', 'session_id': 'test_session_1748991380'}
2025-06-03 18:56:20,379 - INFO - Using universal automation handler for execute_plan on plan test_session_1748991380
2025-06-03 18:56:20,379 - INFO - 🔘 Handling button action: execute_plan for plan: test_session_1748991380
2025-06-03 18:56:20,379 - WARNING - Plan test_session_1748991380 not found in metadata
2025-06-03 18:56:20,379 - WARNING - ❌ Plan not found for button action: test_session_1748991380
2025-06-03 18:56:20,379 - INFO - Universal handler result: {'success': False, 'response': '❌ Plan not found. It may have expired or been cancelled.', 'interactive': False}
2025-06-03 18:56:21,383 - INFO - connection open
2025-06-03 18:56:21,383 - INFO - Client client_4961118992 connected
2025-06-03 18:56:21,384 - INFO - Received message type: button_action
2025-06-03 18:56:21,384 - INFO - Button action received: {'type': 'button_action', 'action': 'EXECUTE_PLAN', 'plan_id': 'test_plan_1748991381'}
2025-06-03 18:56:21,384 - INFO - Using universal automation handler for execute_plan on plan test_plan_1748991381
2025-06-03 18:56:21,384 - INFO - 🔘 Handling button action: execute_plan for plan: test_plan_1748991381
2025-06-03 18:56:21,384 - WARNING - Plan test_plan_1748991381 not found in metadata
2025-06-03 18:56:21,384 - WARNING - ❌ Plan not found for button action: test_plan_1748991381
2025-06-03 18:56:21,384 - INFO - Universal handler result: {'success': False, 'response': '❌ Plan not found. It may have expired or been cancelled.', 'interactive': False}
2025-06-03 18:56:22,388 - INFO - connection open
2025-06-03 18:56:22,388 - INFO - Client client_4961121120 connected
2025-06-03 18:56:22,388 - INFO - Received message type: do_button
2025-06-03 18:56:22,388 - INFO - DO button message received: {'type': 'do_button', 'button': 'DO', 'plan_id': 'test_plan_1748991382'}
2025-06-03 18:56:22,389 - INFO - Using universal automation handler for execute_plan on plan test_plan_1748991382
2025-06-03 18:56:22,389 - INFO - 🔘 Handling button action: execute_plan for plan: test_plan_1748991382
2025-06-03 18:56:22,389 - WARNING - Plan test_plan_1748991382 not found in metadata
2025-06-03 18:56:22,389 - WARNING - ❌ Plan not found for button action: test_plan_1748991382
2025-06-03 18:56:22,389 - INFO - Universal handler result: {'success': False, 'response': '❌ Plan not found. It may have expired or been cancelled.', 'interactive': False}
2025-06-03 18:56:23,393 - INFO - connection open
2025-06-03 18:56:23,393 - INFO - Client client_4961123856 connected
2025-06-03 18:56:23,394 - INFO - Received message type: agent_confirmation
2025-06-03 18:56:23,394 - INFO - Agent confirmation received: {'type': 'agent_confirmation', 'action': 'DISMISS', 'session_id': 'test_session_dismiss_1748991383'}
2025-06-03 18:56:23,394 - INFO - Using universal automation handler for cancel_plan on plan test_session_dismiss_1748991383
2025-06-03 18:56:23,394 - INFO - 🔘 Handling button action: cancel_plan for plan: test_session_dismiss_1748991383
2025-06-03 18:56:23,394 - WARNING - Plan test_session_dismiss_1748991383 not found in metadata
2025-06-03 18:56:23,394 - WARNING - ❌ Plan not found for button action: test_session_dismiss_1748991383
2025-06-03 18:56:23,394 - INFO - Universal handler result: {'success': False, 'response': '❌ Plan not found. It may have expired or been cancelled.', 'interactive': False}
2025-06-03 18:57:32,194 - INFO - connection open
2025-06-03 18:57:32,194 - INFO - Client client_4961123856 connected
2025-06-03 18:57:32,195 - INFO - Received message type: unknown
2025-06-03 18:57:32,195 - WARNING - Unknown message type: unknown
2025-06-03 19:11:24,503 - ERROR - opening handshake failed
Traceback (most recent call last):
  File "/Users/segevbin/Desktop/SensAI/Aiayer/.venv/lib/python3.13/site-packages/websockets/http11.py", line 138, in parse
    request_line = yield from parse_line(read_line)
                   ^^^^^^^^^^^^^^^^^^^^^^^^^^^^^^^^
  File "/Users/segevbin/Desktop/SensAI/Aiayer/.venv/lib/python3.13/site-packages/websockets/http11.py", line 309, in parse_line
    line = yield from read_line(MAX_LINE_LENGTH)
           ^^^^^^^^^^^^^^^^^^^^^^^^^^^^^^^^^^^^^
  File "/Users/segevbin/Desktop/SensAI/Aiayer/.venv/lib/python3.13/site-packages/websockets/streams.py", line 46, in read_line
    raise EOFError(f"stream ends after {p} bytes, before end of line")
EOFError: stream ends after 0 bytes, before end of line

The above exception was the direct cause of the following exception:

Traceback (most recent call last):
  File "/Users/segevbin/Desktop/SensAI/Aiayer/.venv/lib/python3.13/site-packages/websockets/server.py", line 545, in parse
    request = yield from Request.parse(
              ^^^^^^^^^^^^^^^^^^^^^^^^^
        self.reader.read_line,
        ^^^^^^^^^^^^^^^^^^^^^^
    )
    ^
  File "/Users/segevbin/Desktop/SensAI/Aiayer/.venv/lib/python3.13/site-packages/websockets/http11.py", line 140, in parse
    raise EOFError("connection closed while reading HTTP request line") from exc
EOFError: connection closed while reading HTTP request line

The above exception was the direct cause of the following exception:

Traceback (most recent call last):
  File "/Users/segevbin/Desktop/SensAI/Aiayer/.venv/lib/python3.13/site-packages/websockets/asyncio/server.py", line 356, in conn_handler
    await connection.handshake(
    ...<3 lines>...
    )
  File "/Users/segevbin/Desktop/SensAI/Aiayer/.venv/lib/python3.13/site-packages/websockets/asyncio/server.py", line 207, in handshake
    raise self.protocol.handshake_exc
websockets.exceptions.InvalidMessage: did not receive a valid HTTP request
2025-06-03 19:11:24,551 - INFO - connection open
2025-06-03 19:11:24,551 - INFO - Client client_4961122944 connected
2025-06-03 19:11:24,552 - INFO - Received message type: ping
2025-06-03 19:11:24,588 - ERROR - opening handshake failed
Traceback (most recent call last):
  File "/Users/segevbin/Desktop/SensAI/Aiayer/.venv/lib/python3.13/site-packages/websockets/http11.py", line 138, in parse
    request_line = yield from parse_line(read_line)
                   ^^^^^^^^^^^^^^^^^^^^^^^^^^^^^^^^
  File "/Users/segevbin/Desktop/SensAI/Aiayer/.venv/lib/python3.13/site-packages/websockets/http11.py", line 309, in parse_line
    line = yield from read_line(MAX_LINE_LENGTH)
           ^^^^^^^^^^^^^^^^^^^^^^^^^^^^^^^^^^^^^
  File "/Users/segevbin/Desktop/SensAI/Aiayer/.venv/lib/python3.13/site-packages/websockets/streams.py", line 46, in read_line
    raise EOFError(f"stream ends after {p} bytes, before end of line")
EOFError: stream ends after 0 bytes, before end of line

The above exception was the direct cause of the following exception:

Traceback (most recent call last):
  File "/Users/segevbin/Desktop/SensAI/Aiayer/.venv/lib/python3.13/site-packages/websockets/server.py", line 545, in parse
    request = yield from Request.parse(
              ^^^^^^^^^^^^^^^^^^^^^^^^^
        self.reader.read_line,
        ^^^^^^^^^^^^^^^^^^^^^^
    )
    ^
  File "/Users/segevbin/Desktop/SensAI/Aiayer/.venv/lib/python3.13/site-packages/websockets/http11.py", line 140, in parse
    raise EOFError("connection closed while reading HTTP request line") from exc
EOFError: connection closed while reading HTTP request line

The above exception was the direct cause of the following exception:

Traceback (most recent call last):
  File "/Users/segevbin/Desktop/SensAI/Aiayer/.venv/lib/python3.13/site-packages/websockets/asyncio/server.py", line 356, in conn_handler
    await connection.handshake(
    ...<3 lines>...
    )
  File "/Users/segevbin/Desktop/SensAI/Aiayer/.venv/lib/python3.13/site-packages/websockets/asyncio/server.py", line 207, in handshake
    raise self.protocol.handshake_exc
websockets.exceptions.InvalidMessage: did not receive a valid HTTP request
2025-06-03 19:11:38,255 - ERROR - opening handshake failed
Traceback (most recent call last):
  File "/Users/segevbin/Desktop/SensAI/Aiayer/.venv/lib/python3.13/site-packages/websockets/http11.py", line 138, in parse
    request_line = yield from parse_line(read_line)
                   ^^^^^^^^^^^^^^^^^^^^^^^^^^^^^^^^
  File "/Users/segevbin/Desktop/SensAI/Aiayer/.venv/lib/python3.13/site-packages/websockets/http11.py", line 309, in parse_line
    line = yield from read_line(MAX_LINE_LENGTH)
           ^^^^^^^^^^^^^^^^^^^^^^^^^^^^^^^^^^^^^
  File "/Users/segevbin/Desktop/SensAI/Aiayer/.venv/lib/python3.13/site-packages/websockets/streams.py", line 46, in read_line
    raise EOFError(f"stream ends after {p} bytes, before end of line")
EOFError: stream ends after 0 bytes, before end of line

The above exception was the direct cause of the following exception:

Traceback (most recent call last):
  File "/Users/segevbin/Desktop/SensAI/Aiayer/.venv/lib/python3.13/site-packages/websockets/server.py", line 545, in parse
    request = yield from Request.parse(
              ^^^^^^^^^^^^^^^^^^^^^^^^^
        self.reader.read_line,
        ^^^^^^^^^^^^^^^^^^^^^^
    )
    ^
  File "/Users/segevbin/Desktop/SensAI/Aiayer/.venv/lib/python3.13/site-packages/websockets/http11.py", line 140, in parse
    raise EOFError("connection closed while reading HTTP request line") from exc
EOFError: connection closed while reading HTTP request line

The above exception was the direct cause of the following exception:

Traceback (most recent call last):
  File "/Users/segevbin/Desktop/SensAI/Aiayer/.venv/lib/python3.13/site-packages/websockets/asyncio/server.py", line 356, in conn_handler
    await connection.handshake(
    ...<3 lines>...
    )
  File "/Users/segevbin/Desktop/SensAI/Aiayer/.venv/lib/python3.13/site-packages/websockets/asyncio/server.py", line 207, in handshake
    raise self.protocol.handshake_exc
websockets.exceptions.InvalidMessage: did not receive a valid HTTP request
2025-06-03 19:11:38,380 - INFO - connection open
2025-06-03 19:11:38,380 - INFO - Client client_4961119600 connected
2025-06-03 19:11:38,381 - INFO - Received message type: ping
2025-06-03 19:11:38,386 - ERROR - opening handshake failed
Traceback (most recent call last):
  File "/Users/segevbin/Desktop/SensAI/Aiayer/.venv/lib/python3.13/site-packages/websockets/http11.py", line 138, in parse
    request_line = yield from parse_line(read_line)
                   ^^^^^^^^^^^^^^^^^^^^^^^^^^^^^^^^
  File "/Users/segevbin/Desktop/SensAI/Aiayer/.venv/lib/python3.13/site-packages/websockets/http11.py", line 309, in parse_line
    line = yield from read_line(MAX_LINE_LENGTH)
           ^^^^^^^^^^^^^^^^^^^^^^^^^^^^^^^^^^^^^
  File "/Users/segevbin/Desktop/SensAI/Aiayer/.venv/lib/python3.13/site-packages/websockets/streams.py", line 46, in read_line
    raise EOFError(f"stream ends after {p} bytes, before end of line")
EOFError: stream ends after 0 bytes, before end of line

The above exception was the direct cause of the following exception:

Traceback (most recent call last):
  File "/Users/segevbin/Desktop/SensAI/Aiayer/.venv/lib/python3.13/site-packages/websockets/server.py", line 545, in parse
    request = yield from Request.parse(
              ^^^^^^^^^^^^^^^^^^^^^^^^^
        self.reader.read_line,
        ^^^^^^^^^^^^^^^^^^^^^^
    )
    ^
  File "/Users/segevbin/Desktop/SensAI/Aiayer/.venv/lib/python3.13/site-packages/websockets/http11.py", line 140, in parse
    raise EOFError("connection closed while reading HTTP request line") from exc
EOFError: connection closed while reading HTTP request line

The above exception was the direct cause of the following exception:

Traceback (most recent call last):
  File "/Users/segevbin/Desktop/SensAI/Aiayer/.venv/lib/python3.13/site-packages/websockets/asyncio/server.py", line 356, in conn_handler
    await connection.handshake(
    ...<3 lines>...
    )
  File "/Users/segevbin/Desktop/SensAI/Aiayer/.venv/lib/python3.13/site-packages/websockets/asyncio/server.py", line 207, in handshake
    raise self.protocol.handshake_exc
websockets.exceptions.InvalidMessage: did not receive a valid HTTP request
2025-06-03 19:12:20,942 - INFO - connection open
2025-06-03 19:12:20,943 - INFO - Client client_4961118688 connected
2025-06-03 19:12:20,944 - INFO - Received message type: do_button
2025-06-03 19:12:20,944 - INFO - DO button message received: {'type': 'do_button', 'action': 'display', 'content': {'title': 'Test Suggestion', 'message': 'This is a test suggestion for the DO button. Would you like to execute this action?', 'buttons': [{'id': 'do_it', 'text': 'Yes, do it', 'type': 'primary'}, {'id': 'dismiss', 'text': 'No thanks', 'type': 'secondary'}]}, 'notification': True, 'play_sound': True, 'importance': 'high'}
2025-06-03 19:12:20,945 - INFO - Using universal automation handler for  on plan 
2025-06-03 19:12:20,945 - INFO - 🔘 Handling button action:  for plan: 
2025-06-03 19:12:20,946 - WARNING - Plan  not found in metadata
2025-06-03 19:12:20,946 - WARNING - ❌ Plan not found for button action: 
2025-06-03 19:12:20,946 - INFO - Universal handler result: {'success': False, 'response': '❌ Plan not found. It may have expired or been cancelled.', 'interactive': False}
2025-06-03 19:12:22,947 - INFO - Received message type: agent_confirmation
2025-06-03 19:12:22,947 - INFO - Agent confirmation received: {'type': 'agent_confirmation', 'action': 'EXECUTE', 'session_id': 'test_session_1748992342', 'timestamp': '2025-06-03T19:12:22.945656'}
2025-06-03 19:12:22,947 - INFO - Using universal automation handler for execute_plan on plan test_session_1748992342
2025-06-03 19:12:22,947 - INFO - 🔘 Handling button action: execute_plan for plan: test_session_1748992342
2025-06-03 19:12:22,948 - WARNING - Plan test_session_1748992342 not found in metadata
2025-06-03 19:12:22,948 - WARNING - ❌ Plan not found for button action: test_session_1748992342
2025-06-03 19:12:22,948 - INFO - Universal handler result: {'success': False, 'response': '❌ Plan not found. It may have expired or been cancelled.', 'interactive': False}
2025-06-03 19:17:10,758 - ERROR - opening handshake failed
Traceback (most recent call last):
  File "/Users/segevbin/Desktop/SensAI/Aiayer/.venv/lib/python3.13/site-packages/websockets/http11.py", line 138, in parse
    request_line = yield from parse_line(read_line)
                   ^^^^^^^^^^^^^^^^^^^^^^^^^^^^^^^^
  File "/Users/segevbin/Desktop/SensAI/Aiayer/.venv/lib/python3.13/site-packages/websockets/http11.py", line 309, in parse_line
    line = yield from read_line(MAX_LINE_LENGTH)
           ^^^^^^^^^^^^^^^^^^^^^^^^^^^^^^^^^^^^^
  File "/Users/segevbin/Desktop/SensAI/Aiayer/.venv/lib/python3.13/site-packages/websockets/streams.py", line 46, in read_line
    raise EOFError(f"stream ends after {p} bytes, before end of line")
EOFError: stream ends after 0 bytes, before end of line

The above exception was the direct cause of the following exception:

Traceback (most recent call last):
  File "/Users/segevbin/Desktop/SensAI/Aiayer/.venv/lib/python3.13/site-packages/websockets/server.py", line 545, in parse
    request = yield from Request.parse(
              ^^^^^^^^^^^^^^^^^^^^^^^^^
        self.reader.read_line,
        ^^^^^^^^^^^^^^^^^^^^^^
    )
    ^
  File "/Users/segevbin/Desktop/SensAI/Aiayer/.venv/lib/python3.13/site-packages/websockets/http11.py", line 140, in parse
    raise EOFError("connection closed while reading HTTP request line") from exc
EOFError: connection closed while reading HTTP request line

The above exception was the direct cause of the following exception:

Traceback (most recent call last):
  File "/Users/segevbin/Desktop/SensAI/Aiayer/.venv/lib/python3.13/site-packages/websockets/asyncio/server.py", line 356, in conn_handler
    await connection.handshake(
    ...<3 lines>...
    )
  File "/Users/segevbin/Desktop/SensAI/Aiayer/.venv/lib/python3.13/site-packages/websockets/asyncio/server.py", line 207, in handshake
    raise self.protocol.handshake_exc
websockets.exceptions.InvalidMessage: did not receive a valid HTTP request
2025-06-03 19:17:10,785 - INFO - connection open
2025-06-03 19:17:10,786 - INFO - Client client_4963188816 connected
2025-06-03 19:17:10,787 - INFO - Received message type: ping
2025-06-03 19:17:10,788 - INFO - connection open
2025-06-03 19:17:10,788 - INFO - Client client_4963189424 connected
2025-06-03 19:17:10,789 - INFO - Received message type: agent_confirmation
2025-06-03 19:17:10,789 - INFO - Agent confirmation received: {'type': 'agent_confirmation', 'action': 'DO', 'session_id': 'test_session_1748992630'}
2025-06-03 19:17:10,789 - INFO - Using universal automation handler for execute_plan on plan test_session_1748992630
2025-06-03 19:17:10,789 - INFO - 🔘 Handling button action: execute_plan for plan: test_session_1748992630
2025-06-03 19:17:10,789 - WARNING - Plan test_session_1748992630 not found in metadata
2025-06-03 19:17:10,789 - WARNING - ❌ Plan not found for button action: test_session_1748992630
2025-06-03 19:17:10,789 - INFO - Universal handler result: {'success': False, 'response': '❌ Plan not found. It may have expired or been cancelled.', 'interactive': False}
2025-06-03 19:17:11,799 - INFO - connection open
2025-06-03 19:17:11,799 - INFO - Client client_4963190032 connected
2025-06-03 19:17:11,801 - INFO - Received message type: button_action
2025-06-03 19:17:11,801 - INFO - Button action received: {'type': 'button_action', 'action': 'EXECUTE_PLAN', 'plan_id': 'test_plan_1748992631'}
2025-06-03 19:17:11,801 - INFO - Using universal automation handler for execute_plan on plan test_plan_1748992631
2025-06-03 19:17:11,801 - INFO - 🔘 Handling button action: execute_plan for plan: test_plan_1748992631
2025-06-03 19:17:11,801 - WARNING - Plan test_plan_1748992631 not found in metadata
2025-06-03 19:17:11,801 - WARNING - ❌ Plan not found for button action: test_plan_1748992631
2025-06-03 19:17:11,801 - INFO - Universal handler result: {'success': False, 'response': '❌ Plan not found. It may have expired or been cancelled.', 'interactive': False}
2025-06-03 19:17:12,806 - INFO - connection open
2025-06-03 19:17:12,806 - INFO - Client client_4963190640 connected
2025-06-03 19:17:12,807 - INFO - Received message type: do_button
2025-06-03 19:17:12,807 - INFO - DO button message received: {'type': 'do_button', 'button': 'DO', 'plan_id': 'test_plan_1748992632'}
2025-06-03 19:17:12,807 - INFO - Using universal automation handler for execute_plan on plan test_plan_1748992632
2025-06-03 19:17:12,807 - INFO - 🔘 Handling button action: execute_plan for plan: test_plan_1748992632
2025-06-03 19:17:12,807 - WARNING - Plan test_plan_1748992632 not found in metadata
2025-06-03 19:17:12,807 - WARNING - ❌ Plan not found for button action: test_plan_1748992632
2025-06-03 19:17:12,807 - INFO - Universal handler result: {'success': False, 'response': '❌ Plan not found. It may have expired or been cancelled.', 'interactive': False}
2025-06-03 19:17:13,811 - INFO - connection open
2025-06-03 19:17:13,811 - INFO - Client client_4963191248 connected
2025-06-03 19:17:13,811 - INFO - Received message type: agent_confirmation
2025-06-03 19:17:13,811 - INFO - Agent confirmation received: {'type': 'agent_confirmation', 'action': 'DISMISS', 'session_id': 'test_session_dismiss_1748992633'}
2025-06-03 19:17:13,811 - INFO - Using universal automation handler for cancel_plan on plan test_session_dismiss_1748992633
2025-06-03 19:17:13,811 - INFO - 🔘 Handling button action: cancel_plan for plan: test_session_dismiss_1748992633
2025-06-03 19:17:13,811 - WARNING - Plan test_session_dismiss_1748992633 not found in metadata
2025-06-03 19:17:13,811 - WARNING - ❌ Plan not found for button action: test_session_dismiss_1748992633
2025-06-03 19:17:13,811 - INFO - Universal handler result: {'success': False, 'response': '❌ Plan not found. It may have expired or been cancelled.', 'interactive': False}
2025-06-03 19:36:00,205 - INFO - Detected screen size: 1470x956
2025-06-03 19:36:00,206 - INFO - Standard mouse listener started successfully
2025-06-03 19:36:00,206 - INFO - Keyboard listener started successfully
2025-06-03 19:36:00,206 - INFO - Input controller initialized (safe mode)
2025-06-03 19:36:00,206 - INFO - 🚨 Emergency shutdown: Press Ctrl+1 to immediately stop agent
2025-06-03 19:36:00,206 - INFO - ✅ Input controller loaded successfully
2025-06-03 19:36:00,210 - INFO - Plan persistence manager initialized with 47 stored plans
2025-06-03 19:36:00,210 - INFO - Plan persistence service initialized
2025-06-03 19:36:00,210 - INFO - ✅ Plan persistence module loaded successfully
2025-06-03 19:36:00,508 - INFO - Standard mouse listener started successfully
2025-06-03 19:36:00,508 - INFO - Keyboard listener started successfully
2025-06-03 19:36:00,508 - INFO - Input controller initialized (safe mode)
2025-06-03 19:36:00,509 - INFO - 🚨 Emergency shutdown: Press Ctrl+1 to immediately stop agent
2025-06-03 19:36:00,561 - INFO - Connected to Ollama API v0.6.8
2025-06-03 19:36:00,561 - INFO - LLaVA visual processor initialized for total screen analysis
2025-06-03 19:36:00,561 - INFO - Total Screen Analyzer initialized with 8s interval
2025-06-03 19:36:00,561 - INFO - 🤖 Real automation components loaded successfully
2025-06-03 19:36:00,561 - INFO - Standard mouse listener started successfully
2025-06-03 19:36:00,561 - INFO - Keyboard listener started successfully
2025-06-03 19:36:00,561 - INFO - Input controller initialized (safe mode)
2025-06-03 19:36:00,562 - INFO - 🚨 Emergency shutdown: Press Ctrl+1 to immediately stop agent
2025-06-03 19:36:00,564 - INFO - Connected to Ollama API v0.6.8
2025-06-03 19:36:00,564 - INFO - LLaVA visual processor initialized for total screen analysis
2025-06-03 19:36:00,564 - INFO - Total Screen Analyzer initialized with 8s interval
2025-06-03 19:36:00,564 - INFO - 🤖 Real automation components loaded successfully
2025-06-03 19:36:00,564 - INFO - ✅ Real agent automation handler loaded successfully
2025-06-03 19:36:00,566 - INFO - Standard mouse listener started successfully
2025-06-03 19:36:00,566 - INFO - Keyboard listener started successfully
2025-06-03 19:36:00,566 - INFO - Input controller initialized (safe mode)
2025-06-03 19:36:00,566 - INFO - 🚨 Emergency shutdown: Press Ctrl+1 to immediately stop agent
2025-06-03 19:36:00,568 - INFO - Connected to Ollama API v0.6.8
2025-06-03 19:36:00,568 - INFO - LLaVA visual processor initialized for total screen analysis
2025-06-03 19:36:00,568 - INFO - Total Screen Analyzer initialized with 8s interval
2025-06-03 19:36:00,568 - INFO - 🔄 Adaptive retry automation system loaded
2025-06-03 19:36:00,568 - INFO - ✅ Adaptive retry automation handler loaded successfully
2025-06-03 19:36:00,568 - INFO - ✅ Plan persistence module loaded successfully
2025-06-03 19:36:00,569 - INFO - Standard mouse listener started successfully
2025-06-03 19:36:00,569 - INFO - Keyboard listener started successfully
2025-06-03 19:36:00,569 - INFO - Input controller initialized (safe mode)
2025-06-03 19:36:00,569 - INFO - 🚨 Emergency shutdown: Press Ctrl+1 to immediately stop agent
2025-06-03 19:36:00,570 - INFO - Connected to Ollama API v0.6.8
2025-06-03 19:36:00,570 - INFO - LLaVA visual processor initialized for total screen analysis
2025-06-03 19:36:00,570 - INFO - Total Screen Analyzer initialized with 8s interval
2025-06-03 19:36:00,570 - INFO - 🤖 Universal automation components loaded successfully
2025-06-03 19:36:00,570 - INFO - ✅ Universal automation handler loaded successfully
2025-06-03 19:36:00,571 - INFO - Port 8765 is available
2025-06-03 19:36:00,571 - INFO - Starting ultimate DO button server on localhost:8765
2025-06-03 19:36:00,580 - INFO - server listening on [::1]:8765
2025-06-03 19:36:00,580 - INFO - server listening on 127.0.0.1:8765
2025-06-03 19:36:00,580 - INFO - ✅ Ultimate DO Button Server running on ws://localhost:8765
2025-06-03 19:36:00,580 - INFO - 📋 Server supports all three message formats: agent_confirmation, button_action, and do_button
2025-06-03 19:45:50,289 - INFO - Detected screen size: 1470x956
2025-06-03 19:45:50,296 - INFO - Standard mouse listener started successfully
2025-06-03 19:45:50,298 - INFO - Keyboard listener started successfully
2025-06-03 19:45:50,298 - INFO - Input controller initialized (safe mode)
2025-06-03 19:45:50,298 - INFO - 🚨 Emergency shutdown: Press Ctrl+1 to immediately stop agent
2025-06-03 19:45:50,298 - INFO - ✅ Input controller loaded successfully
2025-06-03 19:45:50,319 - INFO - Plan persistence manager initialized with 48 stored plans
2025-06-03 19:45:50,320 - INFO - Plan persistence service initialized
2025-06-03 19:45:50,320 - INFO - ✅ Plan persistence module loaded successfully
2025-06-03 19:45:51,803 - INFO - Standard mouse listener started successfully
2025-06-03 19:45:51,807 - INFO - Keyboard listener started successfully
2025-06-03 19:45:51,808 - INFO - Input controller initialized (safe mode)
2025-06-03 19:45:51,808 - INFO - 🚨 Emergency shutdown: Press Ctrl+1 to immediately stop agent
2025-06-03 19:45:53,308 - INFO - Connected to Ollama API v0.6.8
2025-06-03 19:45:53,309 - INFO - LLaVA visual processor initialized for total screen analysis
2025-06-03 19:45:53,309 - INFO - Total Screen Analyzer initialized with 8s interval
2025-06-03 19:45:53,309 - INFO - 🤖 Real automation components loaded successfully
2025-06-03 19:45:53,310 - INFO - Standard mouse listener started successfully
2025-06-03 19:45:53,311 - INFO - Keyboard listener started successfully
2025-06-03 19:45:53,311 - INFO - Input controller initialized (safe mode)
2025-06-03 19:45:53,311 - INFO - 🚨 Emergency shutdown: Press Ctrl+1 to immediately stop agent
2025-06-03 19:45:53,354 - INFO - Connected to Ollama API v0.6.8
2025-06-03 19:45:53,354 - INFO - LLaVA visual processor initialized for total screen analysis
2025-06-03 19:45:53,354 - INFO - Total Screen Analyzer initialized with 8s interval
2025-06-03 19:45:53,354 - INFO - 🤖 Real automation components loaded successfully
2025-06-03 19:45:53,354 - INFO - ✅ Real agent automation handler loaded successfully
2025-06-03 19:45:53,361 - INFO - Standard mouse listener started successfully
2025-06-03 19:45:53,362 - INFO - Keyboard listener started successfully
2025-06-03 19:45:53,362 - INFO - Input controller initialized (safe mode)
2025-06-03 19:45:53,362 - INFO - 🚨 Emergency shutdown: Press Ctrl+1 to immediately stop agent
2025-06-03 19:45:53,432 - INFO - Connected to Ollama API v0.6.8
2025-06-03 19:45:53,432 - INFO - LLaVA visual processor initialized for total screen analysis
2025-06-03 19:45:53,433 - INFO - Total Screen Analyzer initialized with 8s interval
2025-06-03 19:45:53,433 - INFO - 🔄 Adaptive retry automation system loaded
2025-06-03 19:45:53,433 - INFO - ✅ Adaptive retry automation handler loaded successfully
2025-06-03 19:45:53,433 - INFO - ✅ Plan persistence module loaded successfully
2025-06-03 19:45:53,448 - INFO - Standard mouse listener started successfully
2025-06-03 19:45:53,450 - INFO - Keyboard listener started successfully
2025-06-03 19:45:53,450 - INFO - Input controller initialized (safe mode)
2025-06-03 19:45:53,450 - INFO - 🚨 Emergency shutdown: Press Ctrl+1 to immediately stop agent
2025-06-03 19:45:53,479 - INFO - Connected to Ollama API v0.6.8
2025-06-03 19:45:53,479 - INFO - LLaVA visual processor initialized for total screen analysis
2025-06-03 19:45:53,479 - INFO - Total Screen Analyzer initialized with 8s interval
2025-06-03 19:45:53,480 - INFO - 🤖 Universal automation components loaded successfully
2025-06-03 19:45:53,480 - INFO - ✅ Universal automation handler loaded successfully
2025-06-03 19:45:53,481 - INFO - Port 8765 is available
2025-06-03 19:45:53,481 - INFO - Starting ultimate DO button server on localhost:8765
2025-06-03 19:45:53,516 - INFO - server listening on 127.0.0.1:8765
2025-06-03 19:45:53,516 - INFO - server listening on [::1]:8765
2025-06-03 19:45:53,516 - INFO - ✅ Ultimate DO Button Server running on ws://localhost:8765
2025-06-03 19:45:53,516 - INFO - 📋 Server supports all three message formats: agent_confirmation, button_action, and do_button
2025-06-03 19:45:56,503 - ERROR - opening handshake failed
Traceback (most recent call last):
  File "/Users/segevbin/Desktop/SensAI/Aiayer/.venv/lib/python3.13/site-packages/websockets/http11.py", line 138, in parse
    request_line = yield from parse_line(read_line)
                   ^^^^^^^^^^^^^^^^^^^^^^^^^^^^^^^^
  File "/Users/segevbin/Desktop/SensAI/Aiayer/.venv/lib/python3.13/site-packages/websockets/http11.py", line 309, in parse_line
    line = yield from read_line(MAX_LINE_LENGTH)
           ^^^^^^^^^^^^^^^^^^^^^^^^^^^^^^^^^^^^^
  File "/Users/segevbin/Desktop/SensAI/Aiayer/.venv/lib/python3.13/site-packages/websockets/streams.py", line 46, in read_line
    raise EOFError(f"stream ends after {p} bytes, before end of line")
EOFError: stream ends after 0 bytes, before end of line

The above exception was the direct cause of the following exception:

Traceback (most recent call last):
  File "/Users/segevbin/Desktop/SensAI/Aiayer/.venv/lib/python3.13/site-packages/websockets/server.py", line 545, in parse
    request = yield from Request.parse(
              ^^^^^^^^^^^^^^^^^^^^^^^^^
        self.reader.read_line,
        ^^^^^^^^^^^^^^^^^^^^^^
    )
    ^
  File "/Users/segevbin/Desktop/SensAI/Aiayer/.venv/lib/python3.13/site-packages/websockets/http11.py", line 140, in parse
    raise EOFError("connection closed while reading HTTP request line") from exc
EOFError: connection closed while reading HTTP request line

The above exception was the direct cause of the following exception:

Traceback (most recent call last):
  File "/Users/segevbin/Desktop/SensAI/Aiayer/.venv/lib/python3.13/site-packages/websockets/asyncio/server.py", line 356, in conn_handler
    await connection.handshake(
    ...<3 lines>...
    )
  File "/Users/segevbin/Desktop/SensAI/Aiayer/.venv/lib/python3.13/site-packages/websockets/asyncio/server.py", line 207, in handshake
    raise self.protocol.handshake_exc
websockets.exceptions.InvalidMessage: did not receive a valid HTTP request
2025-06-03 19:46:07,464 - INFO - connection open
2025-06-03 19:46:07,465 - INFO - Client client_5796007120 connected
2025-06-03 19:48:31,262 - INFO - Detected screen size: 1470x956
2025-06-03 19:48:31,267 - INFO - Standard mouse listener started successfully
2025-06-03 19:48:31,270 - INFO - Keyboard listener started successfully
2025-06-03 19:48:31,270 - INFO - Input controller initialized (safe mode)
2025-06-03 19:48:31,270 - INFO - 🚨 Emergency shutdown: Press Ctrl+1 to immediately stop agent
2025-06-03 19:48:31,270 - INFO - ✅ Input controller loaded successfully
2025-06-03 19:48:31,284 - INFO - Plan persistence manager initialized with 49 stored plans
2025-06-03 19:48:31,284 - INFO - Plan persistence service initialized
2025-06-03 19:48:31,284 - INFO - ✅ Plan persistence module loaded successfully
2025-06-03 19:48:32,819 - INFO - Standard mouse listener started successfully
2025-06-03 19:48:32,821 - INFO - Keyboard listener started successfully
2025-06-03 19:48:32,821 - INFO - Input controller initialized (safe mode)
2025-06-03 19:48:32,821 - INFO - 🚨 Emergency shutdown: Press Ctrl+1 to immediately stop agent
2025-06-03 19:48:33,062 - INFO - Connected to Ollama API v0.6.8
2025-06-03 19:48:33,063 - INFO - LLaVA visual processor initialized for total screen analysis
2025-06-03 19:48:33,063 - INFO - Total Screen Analyzer initialized with 8s interval
2025-06-03 19:48:33,063 - INFO - 🤖 Real automation components loaded successfully
2025-06-03 19:48:33,064 - INFO - Standard mouse listener started successfully
2025-06-03 19:48:33,064 - INFO - Keyboard listener started successfully
2025-06-03 19:48:33,065 - INFO - Input controller initialized (safe mode)
2025-06-03 19:48:33,065 - INFO - 🚨 Emergency shutdown: Press Ctrl+1 to immediately stop agent
2025-06-03 19:48:33,070 - INFO - Connected to Ollama API v0.6.8
2025-06-03 19:48:33,070 - INFO - LLaVA visual processor initialized for total screen analysis
2025-06-03 19:48:33,070 - INFO - Total Screen Analyzer initialized with 8s interval
2025-06-03 19:48:33,070 - INFO - 🤖 Real automation components loaded successfully
2025-06-03 19:48:33,070 - INFO - ✅ Real agent automation handler loaded successfully
2025-06-03 19:48:33,075 - INFO - Standard mouse listener started successfully
2025-06-03 19:48:33,076 - INFO - Keyboard listener started successfully
2025-06-03 19:48:33,076 - INFO - Input controller initialized (safe mode)
2025-06-03 19:48:33,076 - INFO - 🚨 Emergency shutdown: Press Ctrl+1 to immediately stop agent
2025-06-03 19:48:33,080 - INFO - Connected to Ollama API v0.6.8
2025-06-03 19:48:33,080 - INFO - LLaVA visual processor initialized for total screen analysis
2025-06-03 19:48:33,080 - INFO - Total Screen Analyzer initialized with 8s interval
2025-06-03 19:48:33,080 - INFO - 🔄 Adaptive retry automation system loaded
2025-06-03 19:48:33,080 - INFO - ✅ Adaptive retry automation handler loaded successfully
2025-06-03 19:48:33,080 - INFO - ✅ Plan persistence module loaded successfully
2025-06-03 19:48:33,083 - INFO - Standard mouse listener started successfully
2025-06-03 19:48:33,085 - INFO - Keyboard listener started successfully
2025-06-03 19:48:33,085 - INFO - Input controller initialized (safe mode)
2025-06-03 19:48:33,085 - INFO - 🚨 Emergency shutdown: Press Ctrl+1 to immediately stop agent
2025-06-03 19:48:33,088 - INFO - Connected to Ollama API v0.6.8
2025-06-03 19:48:33,089 - INFO - LLaVA visual processor initialized for total screen analysis
2025-06-03 19:48:33,089 - INFO - Total Screen Analyzer initialized with 8s interval
2025-06-03 19:48:33,089 - INFO - 🤖 Universal automation components loaded successfully
2025-06-03 19:48:33,089 - INFO - ✅ Universal automation handler loaded successfully
2025-06-03 19:48:33,089 - WARNING - Port 8765 is already in use. Killing existing process...
2025-06-03 19:48:33,167 - INFO - Killed process on port 8765
2025-06-03 19:48:35,168 - INFO - Starting ultimate DO button server on localhost:8765
2025-06-03 19:48:35,193 - INFO - server listening on 127.0.0.1:8765
2025-06-03 19:48:35,193 - INFO - server listening on [::1]:8765
2025-06-03 19:48:35,193 - INFO - ✅ Ultimate DO Button Server running on ws://localhost:8765
2025-06-03 19:48:35,193 - INFO - 📋 Server supports all three message formats: agent_confirmation, button_action, and do_button
2025-06-03 19:48:51,144 - ERROR - opening handshake failed
Traceback (most recent call last):
  File "/Users/segevbin/Desktop/SensAI/Aiayer/.venv/lib/python3.13/site-packages/websockets/http11.py", line 138, in parse
    request_line = yield from parse_line(read_line)
                   ^^^^^^^^^^^^^^^^^^^^^^^^^^^^^^^^
  File "/Users/segevbin/Desktop/SensAI/Aiayer/.venv/lib/python3.13/site-packages/websockets/http11.py", line 309, in parse_line
    line = yield from read_line(MAX_LINE_LENGTH)
           ^^^^^^^^^^^^^^^^^^^^^^^^^^^^^^^^^^^^^
  File "/Users/segevbin/Desktop/SensAI/Aiayer/.venv/lib/python3.13/site-packages/websockets/streams.py", line 46, in read_line
    raise EOFError(f"stream ends after {p} bytes, before end of line")
EOFError: stream ends after 0 bytes, before end of line

The above exception was the direct cause of the following exception:

Traceback (most recent call last):
  File "/Users/segevbin/Desktop/SensAI/Aiayer/.venv/lib/python3.13/site-packages/websockets/server.py", line 545, in parse
    request = yield from Request.parse(
              ^^^^^^^^^^^^^^^^^^^^^^^^^
        self.reader.read_line,
        ^^^^^^^^^^^^^^^^^^^^^^
    )
    ^
  File "/Users/segevbin/Desktop/SensAI/Aiayer/.venv/lib/python3.13/site-packages/websockets/http11.py", line 140, in parse
    raise EOFError("connection closed while reading HTTP request line") from exc
EOFError: connection closed while reading HTTP request line

The above exception was the direct cause of the following exception:

Traceback (most recent call last):
  File "/Users/segevbin/Desktop/SensAI/Aiayer/.venv/lib/python3.13/site-packages/websockets/asyncio/server.py", line 356, in conn_handler
    await connection.handshake(
    ...<3 lines>...
    )
  File "/Users/segevbin/Desktop/SensAI/Aiayer/.venv/lib/python3.13/site-packages/websockets/asyncio/server.py", line 207, in handshake
    raise self.protocol.handshake_exc
websockets.exceptions.InvalidMessage: did not receive a valid HTTP request
2025-06-03 19:50:39,141 - ERROR - opening handshake failed
Traceback (most recent call last):
  File "/Users/segevbin/Desktop/SensAI/Aiayer/.venv/lib/python3.13/site-packages/websockets/http11.py", line 138, in parse
    request_line = yield from parse_line(read_line)
                   ^^^^^^^^^^^^^^^^^^^^^^^^^^^^^^^^
  File "/Users/segevbin/Desktop/SensAI/Aiayer/.venv/lib/python3.13/site-packages/websockets/http11.py", line 309, in parse_line
    line = yield from read_line(MAX_LINE_LENGTH)
           ^^^^^^^^^^^^^^^^^^^^^^^^^^^^^^^^^^^^^
  File "/Users/segevbin/Desktop/SensAI/Aiayer/.venv/lib/python3.13/site-packages/websockets/streams.py", line 46, in read_line
    raise EOFError(f"stream ends after {p} bytes, before end of line")
EOFError: stream ends after 0 bytes, before end of line

The above exception was the direct cause of the following exception:

Traceback (most recent call last):
  File "/Users/segevbin/Desktop/SensAI/Aiayer/.venv/lib/python3.13/site-packages/websockets/server.py", line 545, in parse
    request = yield from Request.parse(
              ^^^^^^^^^^^^^^^^^^^^^^^^^
        self.reader.read_line,
        ^^^^^^^^^^^^^^^^^^^^^^
    )
    ^
  File "/Users/segevbin/Desktop/SensAI/Aiayer/.venv/lib/python3.13/site-packages/websockets/http11.py", line 140, in parse
    raise EOFError("connection closed while reading HTTP request line") from exc
EOFError: connection closed while reading HTTP request line

The above exception was the direct cause of the following exception:

Traceback (most recent call last):
  File "/Users/segevbin/Desktop/SensAI/Aiayer/.venv/lib/python3.13/site-packages/websockets/asyncio/server.py", line 356, in conn_handler
    await connection.handshake(
    ...<3 lines>...
    )
  File "/Users/segevbin/Desktop/SensAI/Aiayer/.venv/lib/python3.13/site-packages/websockets/asyncio/server.py", line 207, in handshake
    raise self.protocol.handshake_exc
websockets.exceptions.InvalidMessage: did not receive a valid HTTP request
2025-06-03 19:50:39,204 - INFO - connection open
2025-06-03 19:50:39,204 - INFO - Client client_4680340560 connected
2025-06-03 19:50:39,205 - INFO - Received message type: ping
2025-06-03 19:53:40,096 - INFO - Detected screen size: 1470x956
2025-06-03 19:53:40,097 - INFO - Standard mouse listener started successfully
2025-06-03 19:53:40,097 - INFO - Keyboard listener started successfully
2025-06-03 19:53:40,097 - INFO - Input controller initialized (safe mode)
2025-06-03 19:53:40,098 - INFO - 🚨 Emergency shutdown: Press Ctrl+1 to immediately stop agent
2025-06-03 19:53:40,098 - INFO - ✅ Input controller loaded successfully
2025-06-03 19:53:40,102 - INFO - Plan persistence manager initialized with 49 stored plans
2025-06-03 19:53:40,102 - INFO - Plan persistence service initialized
2025-06-03 19:53:40,102 - INFO - ✅ Plan persistence module loaded successfully
2025-06-03 19:53:40,455 - INFO - Standard mouse listener started successfully
2025-06-03 19:53:40,455 - INFO - Keyboard listener started successfully
2025-06-03 19:53:40,456 - INFO - Input controller initialized (safe mode)
2025-06-03 19:53:40,456 - INFO - 🚨 Emergency shutdown: Press Ctrl+1 to immediately stop agent
2025-06-03 19:53:40,540 - INFO - Connected to Ollama API v0.6.8
2025-06-03 19:53:40,540 - INFO - LLaVA visual processor initialized for total screen analysis
2025-06-03 19:53:40,540 - INFO - Total Screen Analyzer initialized with 8s interval
2025-06-03 19:53:40,540 - INFO - 🤖 Real automation components loaded successfully
2025-06-03 19:53:40,541 - INFO - Standard mouse listener started successfully
2025-06-03 19:53:40,541 - INFO - Keyboard listener started successfully
2025-06-03 19:53:40,541 - INFO - Input controller initialized (safe mode)
2025-06-03 19:53:40,541 - INFO - 🚨 Emergency shutdown: Press Ctrl+1 to immediately stop agent
2025-06-03 19:53:40,544 - INFO - Connected to Ollama API v0.6.8
2025-06-03 19:53:40,544 - INFO - LLaVA visual processor initialized for total screen analysis
2025-06-03 19:53:40,544 - INFO - Total Screen Analyzer initialized with 8s interval
2025-06-03 19:53:40,544 - INFO - 🤖 Real automation components loaded successfully
2025-06-03 19:53:40,544 - INFO - ✅ Real agent automation handler loaded successfully
2025-06-03 19:53:40,546 - INFO - Standard mouse listener started successfully
2025-06-03 19:53:40,547 - INFO - Keyboard listener started successfully
2025-06-03 19:53:40,547 - INFO - Input controller initialized (safe mode)
2025-06-03 19:53:40,547 - INFO - 🚨 Emergency shutdown: Press Ctrl+1 to immediately stop agent
2025-06-03 19:53:40,548 - INFO - Connected to Ollama API v0.6.8
2025-06-03 19:53:40,548 - INFO - LLaVA visual processor initialized for total screen analysis
2025-06-03 19:53:40,548 - INFO - Total Screen Analyzer initialized with 8s interval
2025-06-03 19:53:40,548 - INFO - 🔄 Adaptive retry automation system loaded
2025-06-03 19:53:40,548 - INFO - ✅ Adaptive retry automation handler loaded successfully
2025-06-03 19:53:40,548 - INFO - ✅ Plan persistence module loaded successfully
2025-06-03 19:53:40,549 - INFO - Standard mouse listener started successfully
2025-06-03 19:53:40,549 - INFO - Keyboard listener started successfully
2025-06-03 19:53:40,549 - INFO - Input controller initialized (safe mode)
2025-06-03 19:53:40,549 - INFO - 🚨 Emergency shutdown: Press Ctrl+1 to immediately stop agent
2025-06-03 19:53:40,550 - INFO - Connected to Ollama API v0.6.8
2025-06-03 19:53:40,550 - INFO - LLaVA visual processor initialized for total screen analysis
2025-06-03 19:53:40,550 - INFO - Total Screen Analyzer initialized with 8s interval
2025-06-03 19:53:40,550 - INFO - 🤖 Universal automation components loaded successfully
2025-06-03 19:53:40,551 - INFO - ✅ Universal automation handler loaded successfully
2025-06-03 19:53:40,551 - INFO - Port 8765 is available
2025-06-03 19:53:40,551 - INFO - Starting ultimate DO button server on localhost:8765
2025-06-03 19:53:40,560 - INFO - server listening on 127.0.0.1:8765
2025-06-03 19:53:40,560 - INFO - server listening on [::1]:8765
2025-06-03 19:53:40,560 - INFO - ✅ Ultimate DO Button Server running on ws://localhost:8765
2025-06-03 19:53:40,560 - INFO - 📋 Server supports all three message formats: agent_confirmation, button_action, and do_button
2025-06-03 20:06:52,247 - INFO - Detected screen size: 1470x956
2025-06-03 20:06:52,248 - INFO - Standard mouse listener started successfully
2025-06-03 20:06:52,248 - INFO - Keyboard listener started successfully
2025-06-03 20:06:52,248 - INFO - Input controller initialized (safe mode)
2025-06-03 20:06:52,248 - INFO - 🚨 Emergency shutdown: Press Ctrl+1 to immediately stop agent
2025-06-03 20:06:52,248 - INFO - ✅ Input controller loaded successfully
2025-06-03 20:06:52,252 - INFO - Plan persistence manager initialized with 50 stored plans
2025-06-03 20:06:52,252 - INFO - Plan persistence service initialized
2025-06-03 20:06:52,252 - INFO - ✅ Plan persistence module loaded successfully
2025-06-03 20:06:52,552 - INFO - Standard mouse listener started successfully
2025-06-03 20:06:52,552 - INFO - Keyboard listener started successfully
2025-06-03 20:06:52,552 - INFO - Input controller initialized (safe mode)
2025-06-03 20:06:52,552 - INFO - 🚨 Emergency shutdown: Press Ctrl+1 to immediately stop agent
2025-06-03 20:06:52,600 - INFO - Connected to Ollama API v0.6.8
2025-06-03 20:06:52,600 - INFO - LLaVA visual processor initialized for total screen analysis
2025-06-03 20:06:52,600 - INFO - Total Screen Analyzer initialized with 8s interval
2025-06-03 20:06:52,600 - INFO - 🤖 Real automation components loaded successfully
2025-06-03 20:06:52,602 - INFO - Standard mouse listener started successfully
2025-06-03 20:06:52,603 - INFO - Keyboard listener started successfully
2025-06-03 20:06:52,603 - INFO - Input controller initialized (safe mode)
2025-06-03 20:06:52,603 - INFO - 🚨 Emergency shutdown: Press Ctrl+1 to immediately stop agent
2025-06-03 20:06:52,606 - INFO - Connected to Ollama API v0.6.8
2025-06-03 20:06:52,606 - INFO - LLaVA visual processor initialized for total screen analysis
2025-06-03 20:06:52,606 - INFO - Total Screen Analyzer initialized with 8s interval
2025-06-03 20:06:52,606 - INFO - 🤖 Real automation components loaded successfully
2025-06-03 20:06:52,606 - INFO - ✅ Real agent automation handler loaded successfully
2025-06-03 20:06:52,608 - INFO - Standard mouse listener started successfully
2025-06-03 20:06:52,608 - INFO - Keyboard listener started successfully
2025-06-03 20:06:52,608 - INFO - Input controller initialized (safe mode)
2025-06-03 20:06:52,608 - INFO - 🚨 Emergency shutdown: Press Ctrl+1 to immediately stop agent
2025-06-03 20:06:52,609 - INFO - Connected to Ollama API v0.6.8
2025-06-03 20:06:52,609 - INFO - LLaVA visual processor initialized for total screen analysis
2025-06-03 20:06:52,609 - INFO - Total Screen Analyzer initialized with 8s interval
2025-06-03 20:06:52,609 - INFO - 🔄 Adaptive retry automation system loaded
2025-06-03 20:06:52,609 - INFO - ✅ Adaptive retry automation handler loaded successfully
2025-06-03 20:06:52,609 - INFO - ✅ Plan persistence module loaded successfully
2025-06-03 20:06:52,610 - INFO - Standard mouse listener started successfully
2025-06-03 20:06:52,611 - INFO - Keyboard listener started successfully
2025-06-03 20:06:52,611 - INFO - Input controller initialized (safe mode)
2025-06-03 20:06:52,611 - INFO - 🚨 Emergency shutdown: Press Ctrl+1 to immediately stop agent
2025-06-03 20:06:52,612 - INFO - Connected to Ollama API v0.6.8
2025-06-03 20:06:52,612 - INFO - LLaVA visual processor initialized for total screen analysis
2025-06-03 20:06:52,612 - INFO - Total Screen Analyzer initialized with 8s interval
2025-06-03 20:06:52,612 - INFO - 🤖 Universal automation components loaded successfully
2025-06-03 20:06:52,612 - INFO - ✅ Universal automation handler loaded successfully
2025-06-03 20:06:52,613 - INFO - Port 8765 is available
2025-06-03 20:06:52,613 - INFO - Starting ultimate DO button server on localhost:8765
2025-06-03 20:06:52,621 - INFO - server listening on [::1]:8765
2025-06-03 20:06:52,622 - INFO - server listening on 127.0.0.1:8765
2025-06-03 20:06:52,622 - INFO - ✅ Ultimate DO Button Server running on ws://localhost:8765
2025-06-03 20:06:52,622 - INFO - 📋 Server supports all three message formats: agent_confirmation, button_action, and do_button
2025-06-03 20:22:29,796 - INFO - Detected screen size: 1470x956
2025-06-03 20:22:29,797 - INFO - Standard mouse listener started successfully
2025-06-03 20:22:29,797 - INFO - Keyboard listener started successfully
2025-06-03 20:22:29,797 - INFO - Input controller initialized (safe mode)
2025-06-03 20:22:29,797 - INFO - 🚨 Emergency shutdown: Press Ctrl+1 to immediately stop agent
2025-06-03 20:22:29,797 - INFO - ✅ Input controller loaded successfully
2025-06-03 20:22:29,802 - INFO - Loaded 53 plans from metadata
2025-06-03 20:22:29,803 - INFO - Plan persistence manager initialized with 53 stored plans
2025-06-03 20:22:29,803 - INFO - Plan persistence system initialized
2025-06-03 20:22:29,803 - WARNING - ⚠️ Plan persistence not available, plans will not persist: cannot import name 'save_plan' from 'plan_persistence' (/Users/segevbin/Desktop/SensAI/Aiayer/plan_persistence.py)
2025-06-03 20:22:30,129 - INFO - Standard mouse listener started successfully
2025-06-03 20:22:30,130 - INFO - Keyboard listener started successfully
2025-06-03 20:22:30,130 - INFO - Input controller initialized (safe mode)
2025-06-03 20:22:30,130 - INFO - 🚨 Emergency shutdown: Press Ctrl+1 to immediately stop agent
2025-06-03 20:22:30,196 - INFO - Connected to Ollama API v0.6.8
2025-06-03 20:22:30,196 - INFO - LLaVA visual processor initialized for total screen analysis
2025-06-03 20:22:30,196 - INFO - Total Screen Analyzer initialized with 8s interval
2025-06-03 20:22:30,196 - INFO - 🤖 Real automation components loaded successfully
2025-06-03 20:22:30,197 - INFO - Standard mouse listener started successfully
2025-06-03 20:22:30,197 - INFO - Keyboard listener started successfully
2025-06-03 20:22:30,197 - INFO - Input controller initialized (safe mode)
2025-06-03 20:22:30,197 - INFO - 🚨 Emergency shutdown: Press Ctrl+1 to immediately stop agent
2025-06-03 20:22:30,200 - INFO - Connected to Ollama API v0.6.8
2025-06-03 20:22:30,200 - INFO - LLaVA visual processor initialized for total screen analysis
2025-06-03 20:22:30,200 - INFO - Total Screen Analyzer initialized with 8s interval
2025-06-03 20:22:30,200 - INFO - 🤖 Real automation components loaded successfully
2025-06-03 20:22:30,200 - INFO - ✅ Real agent automation handler loaded successfully
2025-06-03 20:22:30,202 - INFO - Standard mouse listener started successfully
2025-06-03 20:22:30,202 - INFO - Keyboard listener started successfully
2025-06-03 20:22:30,203 - INFO - Input controller initialized (safe mode)
2025-06-03 20:22:30,203 - INFO - 🚨 Emergency shutdown: Press Ctrl+1 to immediately stop agent
2025-06-03 20:22:30,204 - INFO - Connected to Ollama API v0.6.8
2025-06-03 20:22:30,204 - INFO - LLaVA visual processor initialized for total screen analysis
2025-06-03 20:22:30,204 - INFO - Total Screen Analyzer initialized with 8s interval
2025-06-03 20:22:30,204 - INFO - 🔄 Adaptive retry automation system loaded
2025-06-03 20:22:30,204 - INFO - ✅ Adaptive retry automation handler loaded successfully
2025-06-03 20:22:30,204 - WARNING - ⚠️ Plan persistence not available, plans will not persist: cannot import name 'save_plan' from 'plan_persistence' (/Users/segevbin/Desktop/SensAI/Aiayer/plan_persistence.py)
2025-06-03 20:22:30,205 - INFO - Standard mouse listener started successfully
2025-06-03 20:22:30,206 - INFO - Keyboard listener started successfully
2025-06-03 20:22:30,206 - INFO - Input controller initialized (safe mode)
2025-06-03 20:22:30,206 - INFO - 🚨 Emergency shutdown: Press Ctrl+1 to immediately stop agent
2025-06-03 20:22:30,208 - INFO - Connected to Ollama API v0.6.8
2025-06-03 20:22:30,208 - INFO - LLaVA visual processor initialized for total screen analysis
2025-06-03 20:22:30,208 - INFO - Total Screen Analyzer initialized with 8s interval
2025-06-03 20:22:30,208 - INFO - 🤖 Universal automation components loaded successfully
2025-06-03 20:22:30,208 - INFO - ✅ Universal automation handler loaded successfully
2025-06-03 20:22:30,208 - INFO - Port 8765 is available
2025-06-03 20:22:30,208 - INFO - Starting ultimate DO button server on localhost:8765
2025-06-03 20:22:30,217 - INFO - server listening on [::1]:8765
2025-06-03 20:22:30,217 - INFO - server listening on 127.0.0.1:8765
2025-06-03 20:22:30,217 - INFO - ✅ Ultimate DO Button Server running on ws://localhost:8765
2025-06-03 20:22:30,217 - INFO - 📋 Server supports all three message formats: agent_confirmation, button_action, and do_button
2025-06-03 20:29:06,738 - INFO - Detected screen size: 1470x956
2025-06-03 20:29:06,739 - INFO - Standard mouse listener started successfully
2025-06-03 20:29:06,740 - INFO - Keyboard listener started successfully
2025-06-03 20:29:06,740 - INFO - Input controller initialized (safe mode)
2025-06-03 20:29:06,740 - INFO - 🚨 Emergency shutdown: Press Ctrl+1 to immediately stop agent
2025-06-03 20:29:06,740 - INFO - ✅ Input controller loaded successfully
2025-06-03 20:29:06,758 - INFO - Loaded 53 plans from metadata
2025-06-03 20:29:06,758 - INFO - Plan persistence manager initialized with 53 stored plans
2025-06-03 20:29:06,758 - INFO - Plan persistence system initialized
2025-06-03 20:29:06,758 - WARNING - ⚠️ Plan persistence not available, plans will not persist: cannot import name 'save_plan' from 'plan_persistence' (/Users/segevbin/Desktop/SensAI/Aiayer/plan_persistence.py)
2025-06-03 20:29:07,092 - INFO - Standard mouse listener started successfully
2025-06-03 20:29:07,092 - INFO - Keyboard listener started successfully
2025-06-03 20:29:07,092 - INFO - Input controller initialized (safe mode)
2025-06-03 20:29:07,092 - INFO - 🚨 Emergency shutdown: Press Ctrl+1 to immediately stop agent
2025-06-03 20:29:07,159 - INFO - Connected to Ollama API v0.6.8
2025-06-03 20:29:07,159 - INFO - LLaVA visual processor initialized for total screen analysis
2025-06-03 20:29:07,159 - INFO - Total Screen Analyzer initialized with 8s interval
2025-06-03 20:29:07,159 - INFO - 🤖 Real automation components loaded successfully
2025-06-03 20:29:07,160 - INFO - Standard mouse listener started successfully
2025-06-03 20:29:07,160 - INFO - Keyboard listener started successfully
2025-06-03 20:29:07,160 - INFO - Input controller initialized (safe mode)
2025-06-03 20:29:07,160 - INFO - 🚨 Emergency shutdown: Press Ctrl+1 to immediately stop agent
2025-06-03 20:29:07,163 - INFO - Connected to Ollama API v0.6.8
2025-06-03 20:29:07,163 - INFO - LLaVA visual processor initialized for total screen analysis
2025-06-03 20:29:07,163 - INFO - Total Screen Analyzer initialized with 8s interval
2025-06-03 20:29:07,163 - INFO - 🤖 Real automation components loaded successfully
2025-06-03 20:29:07,163 - INFO - ✅ Real agent automation handler loaded successfully
2025-06-03 20:29:07,165 - INFO - Standard mouse listener started successfully
2025-06-03 20:29:07,165 - INFO - Keyboard listener started successfully
2025-06-03 20:29:07,165 - INFO - Input controller initialized (safe mode)
2025-06-03 20:29:07,165 - INFO - 🚨 Emergency shutdown: Press Ctrl+1 to immediately stop agent
2025-06-03 20:29:07,167 - INFO - Connected to Ollama API v0.6.8
2025-06-03 20:29:07,167 - INFO - LLaVA visual processor initialized for total screen analysis
2025-06-03 20:29:07,167 - INFO - Total Screen Analyzer initialized with 8s interval
2025-06-03 20:29:07,167 - INFO - 🔄 Adaptive retry automation system loaded
2025-06-03 20:29:07,167 - INFO - ✅ Adaptive retry automation handler loaded successfully
2025-06-03 20:29:07,167 - WARNING - ⚠️ Plan persistence not available, plans will not persist: cannot import name 'save_plan' from 'plan_persistence' (/Users/segevbin/Desktop/SensAI/Aiayer/plan_persistence.py)
2025-06-03 20:29:07,168 - INFO - Standard mouse listener started successfully
2025-06-03 20:29:07,168 - INFO - Keyboard listener started successfully
2025-06-03 20:29:07,168 - INFO - Input controller initialized (safe mode)
2025-06-03 20:29:07,168 - INFO - 🚨 Emergency shutdown: Press Ctrl+1 to immediately stop agent
2025-06-03 20:29:07,169 - INFO - Connected to Ollama API v0.6.8
2025-06-03 20:29:07,169 - INFO - LLaVA visual processor initialized for total screen analysis
2025-06-03 20:29:07,169 - INFO - Total Screen Analyzer initialized with 8s interval
2025-06-03 20:29:07,169 - INFO - 🤖 Universal automation components loaded successfully
2025-06-03 20:29:07,170 - INFO - ✅ Universal automation handler loaded successfully
2025-06-03 20:29:07,170 - INFO - Port 8765 is available
2025-06-03 20:29:07,170 - INFO - Starting ultimate DO button server on localhost:8765
2025-06-03 20:29:07,180 - INFO - server listening on [::1]:8765
2025-06-03 20:29:07,180 - INFO - server listening on 127.0.0.1:8765
2025-06-03 20:29:07,180 - INFO - ✅ Ultimate DO Button Server running on ws://localhost:8765
2025-06-03 20:29:07,180 - INFO - 📋 Server supports all three message formats: agent_confirmation, button_action, and do_button
2025-06-04 02:00:36,892 - INFO - Detected screen size: 1470x956
2025-06-04 02:00:36,894 - INFO - Standard mouse listener started successfully
2025-06-04 02:00:36,894 - INFO - Keyboard listener started successfully
2025-06-04 02:00:36,894 - INFO - Input controller initialized (safe mode)
2025-06-04 02:00:36,894 - INFO - 🚨 Emergency shutdown: Press Ctrl+1 to immediately stop agent
2025-06-04 02:00:36,894 - INFO - ✅ Input controller loaded successfully
2025-06-04 02:00:36,898 - INFO - No existing plan metadata found
2025-06-04 02:00:36,898 - INFO - Plan persistence manager initialized with 0 stored plans
2025-06-04 02:00:36,899 - INFO - Plan persistence system initialized
2025-06-04 02:00:36,899 - WARNING - ⚠️ Plan persistence not available, plans will not persist: cannot import name 'delete_plan' from 'plan_persistence' (/Users/segevbin/Desktop/SensAI/Aiayer/plan_persistence.py)
2025-06-04 02:00:37,342 - INFO - Standard mouse listener started successfully
2025-06-04 02:00:37,342 - INFO - Keyboard listener started successfully
2025-06-04 02:00:37,342 - INFO - Input controller initialized (safe mode)
2025-06-04 02:00:37,342 - INFO - 🚨 Emergency shutdown: Press Ctrl+1 to immediately stop agent
2025-06-04 02:00:37,424 - INFO - Connected to Ollama API v0.6.8
2025-06-04 02:00:37,424 - INFO - LLaVA visual processor initialized for total screen analysis
2025-06-04 02:00:37,424 - INFO - Total Screen Analyzer initialized with 8s interval
2025-06-04 02:00:37,424 - INFO - 🤖 Real automation components loaded successfully
2025-06-04 02:00:37,425 - INFO - Standard mouse listener started successfully
2025-06-04 02:00:37,425 - INFO - Keyboard listener started successfully
2025-06-04 02:00:37,425 - INFO - Input controller initialized (safe mode)
2025-06-04 02:00:37,425 - INFO - 🚨 Emergency shutdown: Press Ctrl+1 to immediately stop agent
2025-06-04 02:00:37,428 - INFO - Connected to Ollama API v0.6.8
2025-06-04 02:00:37,428 - INFO - LLaVA visual processor initialized for total screen analysis
2025-06-04 02:00:37,428 - INFO - Total Screen Analyzer initialized with 8s interval
2025-06-04 02:00:37,428 - INFO - 🤖 Real automation components loaded successfully
2025-06-04 02:00:37,428 - INFO - ✅ Real agent automation handler loaded successfully
2025-06-04 02:00:37,441 - INFO - Standard mouse listener started successfully
2025-06-04 02:00:37,441 - INFO - Keyboard listener started successfully
2025-06-04 02:00:37,441 - INFO - Input controller initialized (safe mode)
2025-06-04 02:00:37,442 - INFO - 🚨 Emergency shutdown: Press Ctrl+1 to immediately stop agent
2025-06-04 02:00:37,444 - INFO - Connected to Ollama API v0.6.8
2025-06-04 02:00:37,444 - INFO - LLaVA visual processor initialized for total screen analysis
2025-06-04 02:00:37,444 - INFO - Total Screen Analyzer initialized with 8s interval
2025-06-04 02:00:37,444 - INFO - 🔄 Adaptive retry automation system loaded
2025-06-04 02:00:37,444 - INFO - ✅ Adaptive retry automation handler loaded successfully
2025-06-04 02:00:37,444 - WARNING - ⚠️ Plan persistence not available, plans will not persist: cannot import name 'delete_plan' from 'plan_persistence' (/Users/segevbin/Desktop/SensAI/Aiayer/plan_persistence.py)
2025-06-04 02:00:37,446 - INFO - Standard mouse listener started successfully
2025-06-04 02:00:37,446 - INFO - Keyboard listener started successfully
2025-06-04 02:00:37,446 - INFO - Input controller initialized (safe mode)
2025-06-04 02:00:37,446 - INFO - 🚨 Emergency shutdown: Press Ctrl+1 to immediately stop agent
2025-06-04 02:00:37,448 - INFO - Connected to Ollama API v0.6.8
2025-06-04 02:00:37,448 - INFO - LLaVA visual processor initialized for total screen analysis
2025-06-04 02:00:37,448 - INFO - Total Screen Analyzer initialized with 8s interval
2025-06-04 02:00:37,448 - INFO - 🤖 Universal automation components loaded successfully
2025-06-04 02:00:37,448 - INFO - ✅ Universal automation handler loaded successfully
2025-06-04 02:00:37,449 - INFO - Port 8765 is available
2025-06-04 02:00:37,449 - INFO - Starting ultimate DO button server on localhost:8765
2025-06-04 02:00:37,461 - INFO - server listening on 127.0.0.1:8765
2025-06-04 02:00:37,461 - INFO - server listening on [::1]:8765
2025-06-04 02:00:37,461 - INFO - ✅ Ultimate DO Button Server running on ws://localhost:8765
2025-06-04 02:00:37,462 - INFO - 📋 Server supports all three message formats: agent_confirmation, button_action, and do_button
2025-06-04 02:01:59,388 - INFO - Detected screen size: 1470x956
2025-06-04 02:01:59,389 - INFO - Standard mouse listener started successfully
2025-06-04 02:01:59,390 - INFO - Keyboard listener started successfully
2025-06-04 02:01:59,390 - INFO - Input controller initialized (safe mode)
2025-06-04 02:01:59,390 - INFO - 🚨 Emergency shutdown: Press Ctrl+1 to immediately stop agent
2025-06-04 02:01:59,390 - INFO - ✅ Input controller loaded successfully
2025-06-04 02:01:59,395 - INFO - No existing plan metadata found
2025-06-04 02:01:59,395 - INFO - Plan persistence manager initialized with 0 stored plans
2025-06-04 02:01:59,396 - INFO - Plan persistence system initialized
2025-06-04 02:01:59,396 - WARNING - ⚠️ Plan persistence not available, plans will not persist: cannot import name 'delete_plan' from 'plan_persistence' (/Users/segevbin/Desktop/SensAI/Aiayer/plan_persistence.py)
2025-06-04 02:01:59,847 - INFO - Standard mouse listener started successfully
2025-06-04 02:01:59,847 - INFO - Keyboard listener started successfully
2025-06-04 02:01:59,847 - INFO - Input controller initialized (safe mode)
2025-06-04 02:01:59,847 - INFO - 🚨 Emergency shutdown: Press Ctrl+1 to immediately stop agent
2025-06-04 02:01:59,920 - INFO - Connected to Ollama API v0.6.8
2025-06-04 02:01:59,920 - INFO - LLaVA visual processor initialized for total screen analysis
2025-06-04 02:01:59,920 - INFO - Total Screen Analyzer initialized with 8s interval
2025-06-04 02:01:59,920 - INFO - 🤖 Real automation components loaded successfully
2025-06-04 02:01:59,921 - INFO - Standard mouse listener started successfully
2025-06-04 02:01:59,921 - INFO - Keyboard listener started successfully
2025-06-04 02:01:59,921 - INFO - Input controller initialized (safe mode)
2025-06-04 02:01:59,921 - INFO - 🚨 Emergency shutdown: Press Ctrl+1 to immediately stop agent
2025-06-04 02:01:59,924 - INFO - Connected to Ollama API v0.6.8
2025-06-04 02:01:59,924 - INFO - LLaVA visual processor initialized for total screen analysis
2025-06-04 02:01:59,924 - INFO - Total Screen Analyzer initialized with 8s interval
2025-06-04 02:01:59,924 - INFO - 🤖 Real automation components loaded successfully
2025-06-04 02:01:59,924 - INFO - ✅ Real agent automation handler loaded successfully
2025-06-04 02:01:59,927 - INFO - Standard mouse listener started successfully
2025-06-04 02:01:59,927 - INFO - Keyboard listener started successfully
2025-06-04 02:01:59,927 - INFO - Input controller initialized (safe mode)
2025-06-04 02:01:59,927 - INFO - 🚨 Emergency shutdown: Press Ctrl+1 to immediately stop agent
2025-06-04 02:01:59,929 - INFO - Connected to Ollama API v0.6.8
2025-06-04 02:01:59,929 - INFO - LLaVA visual processor initialized for total screen analysis
2025-06-04 02:01:59,930 - INFO - Total Screen Analyzer initialized with 8s interval
2025-06-04 02:01:59,930 - INFO - 🔄 Adaptive retry automation system loaded
2025-06-04 02:01:59,930 - INFO - ✅ Adaptive retry automation handler loaded successfully
2025-06-04 02:01:59,930 - WARNING - ⚠️ Plan persistence not available, plans will not persist: cannot import name 'delete_plan' from 'plan_persistence' (/Users/segevbin/Desktop/SensAI/Aiayer/plan_persistence.py)
2025-06-04 02:01:59,931 - INFO - Standard mouse listener started successfully
2025-06-04 02:01:59,931 - INFO - Keyboard listener started successfully
2025-06-04 02:01:59,932 - INFO - Input controller initialized (safe mode)
2025-06-04 02:01:59,932 - INFO - 🚨 Emergency shutdown: Press Ctrl+1 to immediately stop agent
2025-06-04 02:01:59,934 - INFO - Connected to Ollama API v0.6.8
2025-06-04 02:01:59,934 - INFO - LLaVA visual processor initialized for total screen analysis
2025-06-04 02:01:59,934 - INFO - Total Screen Analyzer initialized with 8s interval
2025-06-04 02:01:59,934 - INFO - 🤖 Universal automation components loaded successfully
2025-06-04 02:01:59,934 - INFO - ✅ Universal automation handler loaded successfully
2025-06-04 02:01:59,935 - INFO - Port 8765 is available
2025-06-04 02:01:59,935 - INFO - Starting ultimate DO button server on localhost:8765
2025-06-04 02:01:59,948 - INFO - server listening on [::1]:8765
2025-06-04 02:01:59,948 - INFO - server listening on 127.0.0.1:8765
2025-06-04 02:01:59,948 - INFO - ✅ Ultimate DO Button Server running on ws://localhost:8765
2025-06-04 02:01:59,948 - INFO - 📋 Server supports all three message formats: agent_confirmation, button_action, and do_button
2025-06-04 02:07:01,479 - INFO - Detected screen size: 1470x956
2025-06-04 02:07:01,480 - INFO - Standard mouse listener started successfully
2025-06-04 02:07:01,480 - INFO - Keyboard listener started successfully
2025-06-04 02:07:01,480 - INFO - Input controller initialized (safe mode)
2025-06-04 02:07:01,480 - INFO - 🚨 Emergency shutdown: Press Ctrl+1 to immediately stop agent
2025-06-04 02:07:01,481 - INFO - ✅ Input controller loaded successfully
2025-06-04 02:07:01,485 - INFO - No existing plan metadata found
2025-06-04 02:07:01,485 - INFO - Plan persistence manager initialized with 0 stored plans
2025-06-04 02:07:01,485 - INFO - Plan persistence system initialized
2025-06-04 02:07:01,485 - WARNING - ⚠️ Plan persistence not available, plans will not persist: cannot import name 'delete_plan' from 'plan_persistence' (/Users/segevbin/Desktop/SensAI/Aiayer/plan_persistence.py)
2025-06-04 02:07:01,919 - INFO - Standard mouse listener started successfully
2025-06-04 02:07:01,920 - INFO - Keyboard listener started successfully
2025-06-04 02:07:01,920 - INFO - Input controller initialized (safe mode)
2025-06-04 02:07:01,920 - INFO - 🚨 Emergency shutdown: Press Ctrl+1 to immediately stop agent
2025-06-04 02:07:01,989 - INFO - Connected to Ollama API v0.6.8
2025-06-04 02:07:01,989 - INFO - LLaVA visual processor initialized for total screen analysis
2025-06-04 02:07:01,989 - INFO - Total Screen Analyzer initialized with 8s interval
2025-06-04 02:07:01,989 - INFO - 🤖 Real automation components loaded successfully
2025-06-04 02:07:01,989 - INFO - Standard mouse listener started successfully
2025-06-04 02:07:01,990 - INFO - Keyboard listener started successfully
2025-06-04 02:07:01,990 - INFO - Input controller initialized (safe mode)
2025-06-04 02:07:01,990 - INFO - 🚨 Emergency shutdown: Press Ctrl+1 to immediately stop agent
2025-06-04 02:07:01,993 - INFO - Connected to Ollama API v0.6.8
2025-06-04 02:07:01,993 - INFO - LLaVA visual processor initialized for total screen analysis
2025-06-04 02:07:01,993 - INFO - Total Screen Analyzer initialized with 8s interval
2025-06-04 02:07:01,993 - INFO - 🤖 Real automation components loaded successfully
2025-06-04 02:07:01,993 - INFO - ✅ Real agent automation handler loaded successfully
2025-06-04 02:07:01,996 - INFO - Standard mouse listener started successfully
2025-06-04 02:07:01,996 - INFO - Keyboard listener started successfully
2025-06-04 02:07:01,996 - INFO - Input controller initialized (safe mode)
2025-06-04 02:07:01,996 - INFO - 🚨 Emergency shutdown: Press Ctrl+1 to immediately stop agent
2025-06-04 02:07:01,999 - INFO - Connected to Ollama API v0.6.8
2025-06-04 02:07:01,999 - INFO - LLaVA visual processor initialized for total screen analysis
2025-06-04 02:07:01,999 - INFO - Total Screen Analyzer initialized with 8s interval
2025-06-04 02:07:01,999 - INFO - 🔄 Adaptive retry automation system loaded
2025-06-04 02:07:01,999 - INFO - ✅ Adaptive retry automation handler loaded successfully
2025-06-04 02:07:01,999 - WARNING - ⚠️ Plan persistence not available, plans will not persist: cannot import name 'delete_plan' from 'plan_persistence' (/Users/segevbin/Desktop/SensAI/Aiayer/plan_persistence.py)
2025-06-04 02:07:02,001 - INFO - Standard mouse listener started successfully
2025-06-04 02:07:02,001 - INFO - Keyboard listener started successfully
2025-06-04 02:07:02,001 - INFO - Input controller initialized (safe mode)
2025-06-04 02:07:02,001 - INFO - 🚨 Emergency shutdown: Press Ctrl+1 to immediately stop agent
2025-06-04 02:07:02,004 - INFO - Connected to Ollama API v0.6.8
2025-06-04 02:07:02,004 - INFO - LLaVA visual processor initialized for total screen analysis
2025-06-04 02:07:02,004 - INFO - Total Screen Analyzer initialized with 8s interval
2025-06-04 02:07:02,004 - INFO - 🤖 Universal automation components loaded successfully
2025-06-04 02:07:02,004 - INFO - ✅ Universal automation handler loaded successfully
2025-06-04 02:07:02,004 - INFO - Port 8765 is available
2025-06-04 02:07:02,004 - INFO - Starting ultimate DO button server on localhost:8765
2025-06-04 02:07:02,017 - INFO - server listening on [::1]:8765
2025-06-04 02:07:02,017 - INFO - server listening on 127.0.0.1:8765
2025-06-04 02:07:02,017 - INFO - ✅ Ultimate DO Button Server running on ws://localhost:8765
2025-06-04 02:07:02,017 - INFO - 📋 Server supports all three message formats: agent_confirmation, button_action, and do_button
2025-06-04 02:16:04,301 - INFO - Detected screen size: 1470x956
2025-06-04 02:16:04,303 - INFO - Standard mouse listener started successfully
2025-06-04 02:16:04,303 - INFO - Keyboard listener started successfully
2025-06-04 02:16:04,303 - INFO - Input controller initialized (safe mode)
2025-06-04 02:16:04,303 - INFO - 🚨 Emergency shutdown: Press Ctrl+1 to immediately stop agent
2025-06-04 02:16:04,303 - INFO - ✅ Input controller loaded successfully
2025-06-04 02:16:04,310 - INFO - Loaded 1 plans from metadata
2025-06-04 02:16:04,310 - INFO - Plan persistence manager initialized with 1 stored plans
2025-06-04 02:16:04,311 - INFO - Plan persistence system initialized
2025-06-04 02:16:04,311 - WARNING - ⚠️ Plan persistence not available, plans will not persist: cannot import name 'delete_plan' from 'plan_persistence' (/Users/segevbin/Desktop/SensAI/Aiayer/plan_persistence.py)
2025-06-04 02:16:04,931 - INFO - Standard mouse listener started successfully
2025-06-04 02:16:04,932 - INFO - Keyboard listener started successfully
2025-06-04 02:16:04,932 - INFO - Input controller initialized (safe mode)
2025-06-04 02:16:04,932 - INFO - 🚨 Emergency shutdown: Press Ctrl+1 to immediately stop agent
2025-06-04 02:16:05,251 - INFO - Connected to Ollama API v0.6.8
2025-06-04 02:16:05,251 - INFO - LLaVA visual processor initialized for total screen analysis
2025-06-04 02:16:05,251 - INFO - Total Screen Analyzer initialized with 8s interval
2025-06-04 02:16:05,252 - INFO - 🤖 Real automation components loaded successfully
2025-06-04 02:16:05,252 - INFO - Standard mouse listener started successfully
2025-06-04 02:16:05,253 - INFO - Keyboard listener started successfully
2025-06-04 02:16:05,253 - INFO - Input controller initialized (safe mode)
2025-06-04 02:16:05,253 - INFO - 🚨 Emergency shutdown: Press Ctrl+1 to immediately stop agent
2025-06-04 02:16:05,257 - INFO - Connected to Ollama API v0.6.8
2025-06-04 02:16:05,258 - INFO - LLaVA visual processor initialized for total screen analysis
2025-06-04 02:16:05,258 - INFO - Total Screen Analyzer initialized with 8s interval
2025-06-04 02:16:05,258 - INFO - 🤖 Real automation components loaded successfully
2025-06-04 02:16:05,258 - INFO - ✅ Real agent automation handler loaded successfully
2025-06-04 02:16:05,262 - INFO - Standard mouse listener started successfully
2025-06-04 02:16:05,262 - INFO - Keyboard listener started successfully
2025-06-04 02:16:05,262 - INFO - Input controller initialized (safe mode)
2025-06-04 02:16:05,262 - INFO - 🚨 Emergency shutdown: Press Ctrl+1 to immediately stop agent
2025-06-04 02:16:05,265 - INFO - Connected to Ollama API v0.6.8
2025-06-04 02:16:05,266 - INFO - LLaVA visual processor initialized for total screen analysis
2025-06-04 02:16:05,266 - INFO - Total Screen Analyzer initialized with 8s interval
2025-06-04 02:16:05,266 - INFO - 🔄 Adaptive retry automation system loaded
2025-06-04 02:16:05,266 - INFO - ✅ Adaptive retry automation handler loaded successfully
2025-06-04 02:16:05,266 - WARNING - ⚠️ Plan persistence not available, plans will not persist: cannot import name 'delete_plan' from 'plan_persistence' (/Users/segevbin/Desktop/SensAI/Aiayer/plan_persistence.py)
2025-06-04 02:16:05,268 - INFO - Standard mouse listener started successfully
2025-06-04 02:16:05,269 - INFO - Keyboard listener started successfully
2025-06-04 02:16:05,269 - INFO - Input controller initialized (safe mode)
2025-06-04 02:16:05,269 - INFO - 🚨 Emergency shutdown: Press Ctrl+1 to immediately stop agent
2025-06-04 02:16:05,272 - INFO - Connected to Ollama API v0.6.8
2025-06-04 02:16:05,272 - INFO - LLaVA visual processor initialized for total screen analysis
2025-06-04 02:16:05,272 - INFO - Total Screen Analyzer initialized with 8s interval
2025-06-04 02:16:05,272 - INFO - 🤖 Universal automation components loaded successfully
2025-06-04 02:16:05,273 - INFO - ✅ Universal automation handler loaded successfully
2025-06-04 02:16:05,273 - WARNING - Port 8765 is already in use. Killing existing process...
2025-06-04 02:16:05,335 - INFO - Killed process on port 8765
2025-06-04 02:16:07,342 - INFO - Starting ultimate DO button server on localhost:8765
2025-06-04 02:16:07,368 - INFO - server listening on 127.0.0.1:8765
2025-06-04 02:16:07,369 - INFO - server listening on [::1]:8765
2025-06-04 02:16:07,369 - INFO - ✅ Ultimate DO Button Server running on ws://localhost:8765
2025-06-04 02:16:07,369 - INFO - 📋 Server supports all three message formats: agent_confirmation, button_action, and do_button
2025-06-04 02:16:20,060 - INFO - connection open
2025-06-04 02:16:20,061 - INFO - Client client_5832713488 connected
2025-06-04 02:24:41,674 - INFO - connection open
2025-06-04 02:24:41,679 - INFO - Client client_5832936336 connected
2025-06-04 02:24:41,682 - INFO - Received message type: suggestion
2025-06-04 02:24:41,682 - WARNING - Unknown message type: suggestion
2025-06-04 02:27:48,579 - INFO - connection open
2025-06-04 02:27:48,580 - INFO - Client client_5832939536 connected
2025-06-04 02:27:48,581 - INFO - Received message type: unknown
2025-06-04 02:27:48,581 - WARNING - Unknown message type: unknown
2025-06-04 02:28:07,001 - UltimateDoButtonFix - INFO - 🚀 Starting Ultimate DO Button Fix
2025-06-04 02:28:07,055 - UltimateDoButtonFix - INFO - ✅ WebSocket server running on port 8768
2025-06-04 02:28:07,056 - UltimateDoButtonFix - INFO - ✅ Neural UI Detector Server is running on port 8768
2025-06-04 02:28:07,059 - INFO - connection open
2025-06-04 02:28:07,060 - INFO - Client client_5832697728 connected
2025-06-04 02:28:07,060 - UltimateDoButtonFix - INFO - ✅ WebSocket server running on port 8765
2025-06-04 02:28:07,061 - UltimateDoButtonFix - INFO - ✅ DO Button Server is running on port 8765
2025-06-04 02:28:07,071 - UltimateDoButtonFix - INFO - ✅ WebSocket server running on port 8766
2025-06-04 02:28:07,071 - UltimateDoButtonFix - INFO - ✅ WebSocket Bridge is running on port 8766
2025-06-04 02:28:07,075 - UltimateDoButtonFix - INFO - ✅ WebSocket server running on port 8767
2025-06-04 02:28:07,075 - UltimateDoButtonFix - INFO - ✅ Backend Server is running on port 8767
2025-06-04 02:28:07,855 - memory.enhanced_semantic_search - INFO - Enhanced semantic search initialized with embedding dim: 384
2025-06-04 02:28:07,856 - memory.enhanced_semantic_search - INFO - Hybrid retrieval enabled: True
2025-06-04 02:28:08,262 - memory.semantic_search_agent - INFO - Loading 1782 existing documents from storage
2025-06-04 02:28:08,443 - memory.semantic_search_agent - INFO - EnterpriseVectorStore initialized with enterprise-grade features
2025-06-04 02:28:08,446 - memory.semantic_search_agent - INFO - SemanticSearchAgent initialized with enterprise-grade capabilities
2025-06-04 02:28:08,448 - plan_persistence - INFO - Loaded 1 plans from metadata
2025-06-04 02:28:08,448 - plan_persistence - INFO - Plan persistence manager initialized with 1 stored plans
2025-06-04 02:28:08,448 - plan_persistence - INFO - Plan persistence system initialized
2025-06-04 02:28:08,448 - real_agent_automation_handler - WARNING - ⚠️ Plan persistence not available, plans will not persist: cannot import name 'delete_plan' from 'plan_persistence' (/Users/segevbin/Desktop/SensAI/Aiayer/plan_persistence.py)
2025-06-04 02:28:08,594 - agent_workflow.input_controller - INFO - Detected screen size: 1470x956
2025-06-04 02:28:08,599 - agent_workflow.input_controller - INFO - Standard mouse listener started successfully
2025-06-04 02:28:08,599 - agent_workflow.input_controller - INFO - Keyboard listener started successfully
2025-06-04 02:28:08,599 - agent_workflow.input_controller - INFO - Input controller initialized (safe mode)
2025-06-04 02:28:08,599 - agent_workflow.input_controller - INFO - 🚨 Emergency shutdown: Press Ctrl+1 to immediately stop agent
2025-06-04 02:28:08,662 - llava_processor - INFO - Connected to Ollama API v0.6.8
2025-06-04 02:28:08,662 - total_screen_analyzer - INFO - LLaVA visual processor initialized for total screen analysis
2025-06-04 02:28:08,662 - total_screen_analyzer - INFO - Total Screen Analyzer initialized with 8s interval
2025-06-04 02:28:08,662 - real_agent_automation_handler - INFO - 🤖 Real automation components loaded successfully
2025-06-04 02:28:08,690 - agent_workflow.input_controller - INFO - Standard mouse listener started successfully
2025-06-04 02:28:08,690 - agent_workflow.input_controller - INFO - Keyboard listener started successfully
2025-06-04 02:28:08,690 - agent_workflow.input_controller - INFO - Input controller initialized (safe mode)
2025-06-04 02:28:08,690 - agent_workflow.input_controller - INFO - 🚨 Emergency shutdown: Press Ctrl+1 to immediately stop agent
2025-06-04 02:28:08,698 - llava_processor - INFO - Connected to Ollama API v0.6.8
2025-06-04 02:28:08,698 - total_screen_analyzer - INFO - LLaVA visual processor initialized for total screen analysis
2025-06-04 02:28:08,698 - total_screen_analyzer - INFO - Total Screen Analyzer initialized with 8s interval
2025-06-04 02:28:08,698 - adaptive_retry_automation_handler - INFO - 🔄 Adaptive retry automation system loaded
2025-06-04 02:28:08,698 - universal_intelligent_automation_handler - INFO - ✅ Adaptive retry automation handler loaded successfully
2025-06-04 02:28:08,698 - universal_intelligent_automation_handler - WARNING - ⚠️ Plan persistence not available, plans will not persist: cannot import name 'delete_plan' from 'plan_persistence' (/Users/segevbin/Desktop/SensAI/Aiayer/plan_persistence.py)
2025-06-04 02:28:08,700 - agent_workflow.input_controller - INFO - Standard mouse listener started successfully
2025-06-04 02:28:08,700 - agent_workflow.input_controller - INFO - Keyboard listener started successfully
2025-06-04 02:28:08,700 - agent_workflow.input_controller - INFO - Input controller initialized (safe mode)
2025-06-04 02:28:08,700 - agent_workflow.input_controller - INFO - 🚨 Emergency shutdown: Press Ctrl+1 to immediately stop agent
2025-06-04 02:28:08,702 - llava_processor - INFO - Connected to Ollama API v0.6.8
2025-06-04 02:28:08,702 - total_screen_analyzer - INFO - LLaVA visual processor initialized for total screen analysis
2025-06-04 02:28:08,702 - total_screen_analyzer - INFO - Total Screen Analyzer initialized with 8s interval
2025-06-04 02:28:08,702 - universal_intelligent_automation_handler - INFO - 🤖 Universal automation components loaded successfully
2025-06-04 02:28:08,703 - UltimateDoButtonFix - INFO - ✅ Created shared_pending_plans in backend module
2025-06-04 02:28:08,703 - UltimateDoButtonFix - ERROR - ❌ Error patching backend module: module 'enhanced_enterprise_backend_with_context' has no attribute 'EnterpriseBackendServer'
2025-06-04 02:28:08,704 - UltimateDoButtonFix - ERROR - ❌ Failed to patch Backend module
2025-06-04 02:28:52,236 - INFO - connection open
2025-06-04 02:28:52,237 - INFO - Client client_5832700768 connected
2025-06-04 02:28:52,239 - INFO - Received message type: unknown
2025-06-04 02:28:52,239 - WARNING - Unknown message type: unknown
2025-06-04 02:28:52,240 - INFO - Received message type: suggestion
2025-06-04 02:28:52,240 - WARNING - Unknown message type: suggestion
2025-06-04 02:29:20,425 - UltimateDoButtonFix - INFO - 🚀 Starting Ultimate DO Button Fix
2025-06-04 02:29:20,627 - UltimateDoButtonFix - INFO - ✅ WebSocket server running on port 8768
2025-06-04 02:29:20,646 - UltimateDoButtonFix - INFO - ✅ Neural UI Detector Server is running on port 8768
2025-06-04 02:29:20,688 - INFO - connection open
2025-06-04 02:29:20,689 - INFO - Client client_5832703504 connected
2025-06-04 02:29:20,704 - UltimateDoButtonFix - INFO - ✅ WebSocket server running on port 8765
2025-06-04 02:29:20,724 - UltimateDoButtonFix - INFO - ✅ DO Button Server is running on port 8765
2025-06-04 02:29:20,764 - UltimateDoButtonFix - INFO - ✅ WebSocket server running on port 8766
2025-06-04 02:29:20,769 - UltimateDoButtonFix - INFO - ✅ WebSocket Bridge is running on port 8766
2025-06-04 02:29:20,827 - UltimateDoButtonFix - INFO - ✅ WebSocket server running on port 8767
2025-06-04 02:29:20,830 - UltimateDoButtonFix - INFO - ✅ Backend Server is running on port 8767
2025-06-04 02:29:22,464 - memory.enhanced_semantic_search - INFO - Enhanced semantic search initialized with embedding dim: 384
2025-06-04 02:29:22,465 - memory.enhanced_semantic_search - INFO - Hybrid retrieval enabled: True
2025-06-04 02:29:23,261 - memory.semantic_search_agent - INFO - Loading 1782 existing documents from storage
2025-06-04 02:29:23,617 - memory.semantic_search_agent - INFO - EnterpriseVectorStore initialized with enterprise-grade features
2025-06-04 02:29:23,619 - memory.semantic_search_agent - INFO - SemanticSearchAgent initialized with enterprise-grade capabilities
2025-06-04 02:29:23,622 - plan_persistence - INFO - Loaded 1 plans from metadata
2025-06-04 02:29:23,623 - plan_persistence - INFO - Plan persistence manager initialized with 1 stored plans
2025-06-04 02:29:23,623 - plan_persistence - INFO - Plan persistence system initialized
2025-06-04 02:29:23,623 - real_agent_automation_handler - WARNING - ⚠️ Plan persistence not available, plans will not persist: cannot import name 'delete_plan' from 'plan_persistence' (/Users/segevbin/Desktop/SensAI/Aiayer/plan_persistence.py)
2025-06-04 02:29:23,792 - agent_workflow.input_controller - INFO - Detected screen size: 1470x956
2025-06-04 02:29:23,797 - agent_workflow.input_controller - INFO - Standard mouse listener started successfully
2025-06-04 02:29:23,797 - agent_workflow.input_controller - INFO - Keyboard listener started successfully
2025-06-04 02:29:23,797 - agent_workflow.input_controller - INFO - Input controller initialized (safe mode)
2025-06-04 02:29:23,797 - agent_workflow.input_controller - INFO - 🚨 Emergency shutdown: Press Ctrl+1 to immediately stop agent
2025-06-04 02:29:23,844 - llava_processor - INFO - Connected to Ollama API v0.6.8
2025-06-04 02:29:23,844 - total_screen_analyzer - INFO - LLaVA visual processor initialized for total screen analysis
2025-06-04 02:29:23,844 - total_screen_analyzer - INFO - Total Screen Analyzer initialized with 8s interval
2025-06-04 02:29:23,844 - real_agent_automation_handler - INFO - 🤖 Real automation components loaded successfully
2025-06-04 02:29:23,882 - agent_workflow.input_controller - INFO - Standard mouse listener started successfully
2025-06-04 02:29:23,888 - agent_workflow.input_controller - INFO - Keyboard listener started successfully
2025-06-04 02:29:23,888 - agent_workflow.input_controller - INFO - Input controller initialized (safe mode)
2025-06-04 02:29:23,888 - agent_workflow.input_controller - INFO - 🚨 Emergency shutdown: Press Ctrl+1 to immediately stop agent
2025-06-04 02:29:23,893 - llava_processor - INFO - Connected to Ollama API v0.6.8
2025-06-04 02:29:23,893 - total_screen_analyzer - INFO - LLaVA visual processor initialized for total screen analysis
2025-06-04 02:29:23,893 - total_screen_analyzer - INFO - Total Screen Analyzer initialized with 8s interval
2025-06-04 02:29:23,893 - adaptive_retry_automation_handler - INFO - 🔄 Adaptive retry automation system loaded
2025-06-04 02:29:23,893 - universal_intelligent_automation_handler - INFO - ✅ Adaptive retry automation handler loaded successfully
2025-06-04 02:29:23,893 - universal_intelligent_automation_handler - WARNING - ⚠️ Plan persistence not available, plans will not persist: cannot import name 'delete_plan' from 'plan_persistence' (/Users/segevbin/Desktop/SensAI/Aiayer/plan_persistence.py)
2025-06-04 02:29:23,896 - agent_workflow.input_controller - INFO - Standard mouse listener started successfully
2025-06-04 02:29:23,897 - agent_workflow.input_controller - INFO - Keyboard listener started successfully
2025-06-04 02:29:23,897 - agent_workflow.input_controller - INFO - Input controller initialized (safe mode)
2025-06-04 02:29:23,897 - agent_workflow.input_controller - INFO - 🚨 Emergency shutdown: Press Ctrl+1 to immediately stop agent
2025-06-04 02:29:23,900 - llava_processor - INFO - Connected to Ollama API v0.6.8
2025-06-04 02:29:23,900 - total_screen_analyzer - INFO - LLaVA visual processor initialized for total screen analysis
2025-06-04 02:29:23,900 - total_screen_analyzer - INFO - Total Screen Analyzer initialized with 8s interval
2025-06-04 02:29:23,900 - universal_intelligent_automation_handler - INFO - 🤖 Universal automation components loaded successfully
2025-06-04 02:29:23,901 - UltimateDoButtonFix - INFO - ✅ Created shared_pending_plans in backend module
2025-06-04 02:29:23,901 - UltimateDoButtonFix - ERROR - ❌ Error patching backend module: module 'enhanced_enterprise_backend_with_context' has no attribute 'EnterpriseBackendServer'
2025-06-04 02:29:23,903 - UltimateDoButtonFix - ERROR - ❌ Unhandled exception in main: [Errno 32] Broken pipe
2025-06-04 02:29:28,742 - UltimateDoButtonFix - INFO - 🚀 Starting Ultimate DO Button Fix
2025-06-04 02:29:28,844 - UltimateDoButtonFix - INFO - ✅ WebSocket server running on port 8768
2025-06-04 02:29:28,845 - UltimateDoButtonFix - INFO - ✅ Neural UI Detector Server is running on port 8768
2025-06-04 02:29:28,850 - INFO - connection open
2025-06-04 02:29:28,851 - INFO - Client client_5836522160 connected
2025-06-04 02:29:28,852 - UltimateDoButtonFix - INFO - ✅ WebSocket server running on port 8765
2025-06-04 02:29:28,853 - UltimateDoButtonFix - INFO - ✅ DO Button Server is running on port 8765
2025-06-04 02:29:28,862 - UltimateDoButtonFix - INFO - ✅ WebSocket server running on port 8766
2025-06-04 02:29:28,863 - UltimateDoButtonFix - INFO - ✅ WebSocket Bridge is running on port 8766
2025-06-04 02:29:28,872 - UltimateDoButtonFix - INFO - ✅ WebSocket server running on port 8767
2025-06-04 02:29:28,873 - UltimateDoButtonFix - INFO - ✅ Backend Server is running on port 8767
2025-06-04 02:29:30,535 - memory.enhanced_semantic_search - INFO - Enhanced semantic search initialized with embedding dim: 384
2025-06-04 02:29:30,536 - memory.enhanced_semantic_search - INFO - Hybrid retrieval enabled: True
2025-06-04 02:29:31,304 - memory.semantic_search_agent - INFO - Loading 1782 existing documents from storage
2025-06-04 02:29:31,675 - memory.semantic_search_agent - INFO - EnterpriseVectorStore initialized with enterprise-grade features
2025-06-04 02:29:31,676 - memory.semantic_search_agent - INFO - SemanticSearchAgent initialized with enterprise-grade capabilities
2025-06-04 02:29:31,683 - plan_persistence - INFO - Loaded 1 plans from metadata
2025-06-04 02:29:31,683 - plan_persistence - INFO - Plan persistence manager initialized with 1 stored plans
2025-06-04 02:29:31,683 - plan_persistence - INFO - Plan persistence system initialized
2025-06-04 02:29:31,683 - real_agent_automation_handler - WARNING - ⚠️ Plan persistence not available, plans will not persist: cannot import name 'delete_plan' from 'plan_persistence' (/Users/segevbin/Desktop/SensAI/Aiayer/plan_persistence.py)
2025-06-04 02:29:31,900 - agent_workflow.input_controller - INFO - Detected screen size: 1470x956
2025-06-04 02:29:31,915 - agent_workflow.input_controller - INFO - Standard mouse listener started successfully
2025-06-04 02:29:31,919 - agent_workflow.input_controller - INFO - Keyboard listener started successfully
2025-06-04 02:29:31,919 - agent_workflow.input_controller - INFO - Input controller initialized (safe mode)
2025-06-04 02:29:31,919 - agent_workflow.input_controller - INFO - 🚨 Emergency shutdown: Press Ctrl+1 to immediately stop agent
2025-06-04 02:29:32,042 - llava_processor - INFO - Connected to Ollama API v0.6.8
2025-06-04 02:29:32,042 - total_screen_analyzer - INFO - LLaVA visual processor initialized for total screen analysis
2025-06-04 02:29:32,042 - total_screen_analyzer - INFO - Total Screen Analyzer initialized with 8s interval
2025-06-04 02:29:32,042 - real_agent_automation_handler - INFO - 🤖 Real automation components loaded successfully
2025-06-04 02:29:32,073 - agent_workflow.input_controller - INFO - Standard mouse listener started successfully
2025-06-04 02:29:32,074 - agent_workflow.input_controller - INFO - Keyboard listener started successfully
2025-06-04 02:29:32,074 - agent_workflow.input_controller - INFO - Input controller initialized (safe mode)
2025-06-04 02:29:32,074 - agent_workflow.input_controller - INFO - 🚨 Emergency shutdown: Press Ctrl+1 to immediately stop agent
2025-06-04 02:29:32,092 - llava_processor - INFO - Connected to Ollama API v0.6.8
2025-06-04 02:29:32,092 - total_screen_analyzer - INFO - LLaVA visual processor initialized for total screen analysis
2025-06-04 02:29:32,092 - total_screen_analyzer - INFO - Total Screen Analyzer initialized with 8s interval
2025-06-04 02:29:32,092 - adaptive_retry_automation_handler - INFO - 🔄 Adaptive retry automation system loaded
2025-06-04 02:29:32,092 - universal_intelligent_automation_handler - INFO - ✅ Adaptive retry automation handler loaded successfully
2025-06-04 02:29:32,092 - universal_intelligent_automation_handler - WARNING - ⚠️ Plan persistence not available, plans will not persist: cannot import name 'delete_plan' from 'plan_persistence' (/Users/segevbin/Desktop/SensAI/Aiayer/plan_persistence.py)
2025-06-04 02:29:32,095 - agent_workflow.input_controller - INFO - Standard mouse listener started successfully
2025-06-04 02:29:32,095 - agent_workflow.input_controller - INFO - Keyboard listener started successfully
2025-06-04 02:29:32,096 - agent_workflow.input_controller - INFO - Input controller initialized (safe mode)
2025-06-04 02:29:32,096 - agent_workflow.input_controller - INFO - 🚨 Emergency shutdown: Press Ctrl+1 to immediately stop agent
2025-06-04 02:29:32,101 - llava_processor - INFO - Connected to Ollama API v0.6.8
2025-06-04 02:29:32,101 - total_screen_analyzer - INFO - LLaVA visual processor initialized for total screen analysis
2025-06-04 02:29:32,101 - total_screen_analyzer - INFO - Total Screen Analyzer initialized with 8s interval
2025-06-04 02:29:32,101 - universal_intelligent_automation_handler - INFO - 🤖 Universal automation components loaded successfully
2025-06-04 02:29:32,102 - UltimateDoButtonFix - INFO - ✅ Created shared_pending_plans in backend module
2025-06-04 02:29:32,102 - UltimateDoButtonFix - ERROR - ❌ Error patching backend module: module 'enhanced_enterprise_backend_with_context' has no attribute 'EnterpriseBackendServer'
2025-06-04 02:29:32,103 - UltimateDoButtonFix - ERROR - ❌ Failed to patch Backend module
2025-06-04 02:29:42,858 - INFO - connection open
2025-06-04 02:29:42,861 - INFO - Client client_5836522768 connected
2025-06-04 02:29:43,083 - INFO - Received message type: ping
2025-06-04 02:29:43,088 - INFO - Received message type: get_system_stats
2025-06-04 02:29:43,095 - WARNING - Unknown message type: get_system_stats
2025-06-04 02:29:50,038 - INFO - Received message type: get_system_stats
2025-06-04 02:29:50,039 - WARNING - Unknown message type: get_system_stats
2025-06-04 02:30:11,596 - INFO - connection open
2025-06-04 02:30:11,597 - INFO - Client client_5836523072 connected
2025-06-04 02:30:11,599 - INFO - Received message type: button_action
2025-06-04 02:30:11,601 - INFO - Button action received: {'type': 'button_action', 'action': 'DO', 'plan_id': 'test_plan_f1bcb1d9-9f00-4ae1-99fd-d66d94db8b07', 'timestamp': '2025-06-04T02:30:11.598675'}
2025-06-04 02:30:11,601 - INFO - Using universal automation handler for execute_plan on plan test_plan_f1bcb1d9-9f00-4ae1-99fd-d66d94db8b07
2025-06-04 02:30:11,602 - INFO - 🔘 Handling button action: execute_plan for plan: test_plan_f1bcb1d9-9f00-4ae1-99fd-d66d94db8b07
2025-06-04 02:30:11,603 - WARNING - ❌ Plan not found for button action: test_plan_f1bcb1d9-9f00-4ae1-99fd-d66d94db8b07
2025-06-04 02:30:11,603 - INFO - Universal handler result: {'success': False, 'response': '❌ Plan not found. It may have expired or been cancelled.', 'interactive': False}
2025-06-04 02:30:28,604 - INFO - Received message type: search_memory
2025-06-04 02:30:28,605 - WARNING - Unknown message type: search_memory
2025-06-04 02:30:30,614 - INFO - Received message type: search_memory
2025-06-04 02:30:30,614 - WARNING - Unknown message type: search_memory
2025-06-04 02:30:32,638 - INFO - Received message type: search_memory
2025-06-04 02:30:32,639 - WARNING - Unknown message type: search_memory
2025-06-04 02:37:47,544 - INFO - connection open
2025-06-04 02:37:47,547 - INFO - Client client_5836523680 connected
2025-06-04 02:37:47,550 - INFO - Received message type: button_action
2025-06-04 02:37:47,551 - INFO - Button action received: {'type': 'button_action', 'action': 'DO', 'plan_id': 'test_plan_42475389-5baf-4482-9e46-038dd1e7695a', 'display_notification': True, 'notification_text': '🛑 DO BUTTON TEST 🛑\n\nThis is a test of the notification system via DO button server.', 'timestamp': '2025-06-04T02:37:47.549391'}
2025-06-04 02:37:47,552 - INFO - Using universal automation handler for execute_plan on plan test_plan_42475389-5baf-4482-9e46-038dd1e7695a
2025-06-04 02:37:47,552 - INFO - 🔘 Handling button action: execute_plan for plan: test_plan_42475389-5baf-4482-9e46-038dd1e7695a
2025-06-04 02:37:47,552 - WARNING - ❌ Plan not found for button action: test_plan_42475389-5baf-4482-9e46-038dd1e7695a
2025-06-04 02:37:47,552 - INFO - Universal handler result: {'success': False, 'response': '❌ Plan not found. It may have expired or been cancelled.', 'interactive': False}
2025-06-04 02:44:25,543 - INFO - connection open
2025-06-04 02:44:25,549 - INFO - Client client_5836524288 connected
2025-06-04 02:44:25,551 - INFO - Received message type: chat_message
2025-06-04 02:44:25,552 - WARNING - Unknown message type: chat_message
2025-06-04 02:44:26,055 - INFO - Received message type: suggestion
2025-06-04 02:44:26,056 - WARNING - Unknown message type: suggestion
2025-06-04 02:44:26,561 - INFO - Received message type: message
2025-06-04 02:44:26,561 - WARNING - Unknown message type: message
2025-06-04 02:44:27,066 - INFO - Received message type: unknown
2025-06-04 02:44:27,066 - WARNING - Unknown message type: unknown
2025-06-04 02:48:26,466 - INFO - Detected screen size: 1470x956
2025-06-04 02:48:26,469 - INFO - Standard mouse listener started successfully
2025-06-04 02:48:26,469 - INFO - Keyboard listener started successfully
2025-06-04 02:48:26,470 - INFO - Input controller initialized (safe mode)
2025-06-04 02:48:26,470 - INFO - 🚨 Emergency shutdown: Press Ctrl+1 to immediately stop agent
2025-06-04 02:48:26,470 - INFO - ✅ Input controller loaded successfully
2025-06-04 02:48:26,485 - INFO - Loaded 0 plans from metadata
2025-06-04 02:48:26,489 - INFO - Plan persistence system initialized
2025-06-04 02:48:26,489 - WARNING - ⚠️ Plan persistence not available, plans will not persist: cannot import name 'generate_plan_id' from 'plan_persistence' (/Users/segevbin/Desktop/SensAI/Aiayer/plan_persistence.py)
2025-06-04 02:48:27,819 - INFO - Standard mouse listener started successfully
2025-06-04 02:48:27,820 - INFO - Keyboard listener started successfully
2025-06-04 02:48:27,820 - INFO - Input controller initialized (safe mode)
2025-06-04 02:48:27,820 - INFO - 🚨 Emergency shutdown: Press Ctrl+1 to immediately stop agent
2025-06-04 02:48:28,155 - INFO - Connected to Ollama API v0.6.8
2025-06-04 02:48:28,156 - INFO - LLaVA visual processor initialized for total screen analysis
2025-06-04 02:48:28,156 - INFO - Total Screen Analyzer initialized with 8s interval
2025-06-04 02:48:28,156 - INFO - 🤖 Real automation components loaded successfully
2025-06-04 02:48:28,158 - INFO - Standard mouse listener started successfully
2025-06-04 02:48:28,160 - INFO - Keyboard listener started successfully
2025-06-04 02:48:28,160 - INFO - Input controller initialized (safe mode)
2025-06-04 02:48:28,160 - INFO - 🚨 Emergency shutdown: Press Ctrl+1 to immediately stop agent
2025-06-04 02:48:28,165 - INFO - Connected to Ollama API v0.6.8
2025-06-04 02:48:28,166 - INFO - LLaVA visual processor initialized for total screen analysis
2025-06-04 02:48:28,166 - INFO - Total Screen Analyzer initialized with 8s interval
2025-06-04 02:48:28,166 - INFO - 🤖 Real automation components loaded successfully
2025-06-04 02:48:28,166 - INFO - ✅ Real agent automation handler loaded successfully
2025-06-04 02:48:28,171 - INFO - Standard mouse listener started successfully
2025-06-04 02:48:28,171 - INFO - Keyboard listener started successfully
2025-06-04 02:48:28,171 - INFO - Input controller initialized (safe mode)
2025-06-04 02:48:28,171 - INFO - 🚨 Emergency shutdown: Press Ctrl+1 to immediately stop agent
2025-06-04 02:48:28,175 - INFO - Connected to Ollama API v0.6.8
2025-06-04 02:48:28,176 - INFO - LLaVA visual processor initialized for total screen analysis
2025-06-04 02:48:28,176 - INFO - Total Screen Analyzer initialized with 8s interval
2025-06-04 02:48:28,176 - INFO - 🔄 Adaptive retry automation system loaded
2025-06-04 02:48:28,176 - INFO - ✅ Adaptive retry automation handler loaded successfully
2025-06-04 02:48:28,176 - WARNING - ⚠️ Plan persistence not available, plans will not persist: cannot import name 'generate_plan_id' from 'plan_persistence' (/Users/segevbin/Desktop/SensAI/Aiayer/plan_persistence.py)
2025-06-04 02:48:28,178 - INFO - Standard mouse listener started successfully
2025-06-04 02:48:28,179 - INFO - Keyboard listener started successfully
2025-06-04 02:48:28,179 - INFO - Input controller initialized (safe mode)
2025-06-04 02:48:28,179 - INFO - 🚨 Emergency shutdown: Press Ctrl+1 to immediately stop agent
2025-06-04 02:48:28,233 - INFO - Connected to Ollama API v0.6.8
2025-06-04 02:48:28,234 - INFO - LLaVA visual processor initialized for total screen analysis
2025-06-04 02:48:28,234 - INFO - Total Screen Analyzer initialized with 8s interval
2025-06-04 02:48:28,234 - INFO - 🤖 Universal automation components loaded successfully
2025-06-04 02:48:28,235 - INFO - ✅ Universal automation handler loaded successfully
2025-06-04 02:48:28,239 - INFO - Port 8765 is available
2025-06-04 02:48:28,240 - INFO - Starting ultimate DO button server on localhost:8765
2025-06-04 02:48:28,308 - INFO - server listening on [::1]:8765
2025-06-04 02:48:28,312 - INFO - server listening on 127.0.0.1:8765
2025-06-04 02:48:28,313 - INFO - ✅ Ultimate DO Button Server running on ws://localhost:8765
2025-06-04 02:48:28,313 - INFO - 📋 Server supports all three message formats: agent_confirmation, button_action, and do_button
2025-06-04 02:50:32,245 - INFO - connection open
2025-06-04 02:50:32,247 - INFO - Client client_4945405200 connected
2025-06-04 02:50:32,248 - INFO - Received message type: chat_message
2025-06-04 02:50:32,248 - WARNING - Unknown message type: chat_message
2025-06-04 02:53:23,718 - INFO - Detected screen size: 1470x956
2025-06-04 02:53:23,737 - INFO - Standard mouse listener started successfully
2025-06-04 02:53:23,740 - INFO - Keyboard listener started successfully
2025-06-04 02:53:23,740 - INFO - Input controller initialized (safe mode)
2025-06-04 02:53:23,740 - INFO - 🚨 Emergency shutdown: Press Ctrl+1 to immediately stop agent
2025-06-04 02:53:23,740 - INFO - ✅ Input controller loaded successfully
2025-06-04 02:53:23,758 - INFO - Loaded 0 plans from metadata
2025-06-04 02:53:23,761 - INFO - Plan persistence system initialized
2025-06-04 02:53:23,761 - WARNING - ⚠️ Plan persistence not available, plans will not persist: cannot import name 'generate_plan_id' from 'plan_persistence' (/Users/segevbin/Desktop/SensAI/Aiayer/plan_persistence.py)
2025-06-04 02:53:24,708 - INFO - Standard mouse listener started successfully
2025-06-04 02:53:24,709 - INFO - Keyboard listener started successfully
2025-06-04 02:53:24,709 - INFO - Input controller initialized (safe mode)
2025-06-04 02:53:24,709 - INFO - 🚨 Emergency shutdown: Press Ctrl+1 to immediately stop agent
2025-06-04 02:53:25,402 - INFO - Connected to Ollama API v0.6.8
2025-06-04 02:53:25,402 - INFO - LLaVA visual processor initialized for total screen analysis
2025-06-04 02:53:25,402 - INFO - Total Screen Analyzer initialized with 8s interval
2025-06-04 02:53:25,402 - INFO - 🤖 Real automation components loaded successfully
2025-06-04 02:53:25,403 - INFO - Standard mouse listener started successfully
2025-06-04 02:53:25,403 - INFO - Keyboard listener started successfully
2025-06-04 02:53:25,404 - INFO - Input controller initialized (safe mode)
2025-06-04 02:53:25,404 - INFO - 🚨 Emergency shutdown: Press Ctrl+1 to immediately stop agent
2025-06-04 02:53:25,408 - INFO - Connected to Ollama API v0.6.8
2025-06-04 02:53:25,408 - INFO - LLaVA visual processor initialized for total screen analysis
2025-06-04 02:53:25,408 - INFO - Total Screen Analyzer initialized with 8s interval
2025-06-04 02:53:25,408 - INFO - 🤖 Real automation components loaded successfully
2025-06-04 02:53:25,408 - INFO - ✅ Real agent automation handler loaded successfully
2025-06-04 02:53:25,411 - INFO - Standard mouse listener started successfully
2025-06-04 02:53:25,412 - INFO - Keyboard listener started successfully
2025-06-04 02:53:25,412 - INFO - Input controller initialized (safe mode)
2025-06-04 02:53:25,412 - INFO - 🚨 Emergency shutdown: Press Ctrl+1 to immediately stop agent
2025-06-04 02:53:25,414 - INFO - Connected to Ollama API v0.6.8
2025-06-04 02:53:25,414 - INFO - LLaVA visual processor initialized for total screen analysis
2025-06-04 02:53:25,414 - INFO - Total Screen Analyzer initialized with 8s interval
2025-06-04 02:53:25,414 - INFO - 🔄 Adaptive retry automation system loaded
2025-06-04 02:53:25,415 - INFO - ✅ Adaptive retry automation handler loaded successfully
2025-06-04 02:53:25,415 - WARNING - ⚠️ Plan persistence not available, plans will not persist: cannot import name 'generate_plan_id' from 'plan_persistence' (/Users/segevbin/Desktop/SensAI/Aiayer/plan_persistence.py)
2025-06-04 02:53:25,416 - INFO - Standard mouse listener started successfully
2025-06-04 02:53:25,417 - INFO - Keyboard listener started successfully
2025-06-04 02:53:25,417 - INFO - Input controller initialized (safe mode)
2025-06-04 02:53:25,417 - INFO - 🚨 Emergency shutdown: Press Ctrl+1 to immediately stop agent
2025-06-04 02:53:25,419 - INFO - Connected to Ollama API v0.6.8
2025-06-04 02:53:25,419 - INFO - LLaVA visual processor initialized for total screen analysis
2025-06-04 02:53:25,419 - INFO - Total Screen Analyzer initialized with 8s interval
2025-06-04 02:53:25,419 - INFO - 🤖 Universal automation components loaded successfully
2025-06-04 02:53:25,419 - INFO - ✅ Universal automation handler loaded successfully
2025-06-04 02:53:25,420 - INFO - Port 8765 is available
2025-06-04 02:53:25,420 - INFO - Starting ultimate DO button server on localhost:8765
2025-06-04 02:53:25,432 - INFO - server listening on [::1]:8765
2025-06-04 02:53:25,432 - INFO - server listening on 127.0.0.1:8765
2025-06-04 02:53:25,432 - INFO - ✅ Ultimate DO Button Server running on ws://localhost:8765
2025-06-04 02:53:25,432 - INFO - 📋 Server supports all three message formats: agent_confirmation, button_action, and do_button
2025-06-04 09:58:53,700 - INFO - connection open
2025-06-04 09:58:53,706 - INFO - Client client_5866792208 connected
2025-06-04 09:58:53,712 - INFO - Received message type: suggestion
2025-06-04 09:58:53,713 - INFO - 📢 Suggestion request received
2025-06-04 09:58:53,713 - INFO - Suggestion: Suggestion - Would you like help with this?
2025-06-04 09:58:53,713 - INFO - ✅ Sent properly formatted suggestion to overlay UI
2025-06-04 10:58:15,764 - INFO - connection open
2025-06-04 10:58:15,795 - INFO - Client client_5866998672 connected
2025-06-04 10:58:24,916 - INFO - connection open
2025-06-04 10:58:24,918 - INFO - Client client_5867000912 connected
2025-06-04 10:58:24,941 - INFO - Received message type: ping
2025-06-04 10:58:24,946 - INFO - Received message type: get_system_stats
2025-06-04 10:58:24,950 - WARNING - Unknown message type: get_system_stats
2025-06-04 10:58:29,410 - INFO - Received message type: get_system_stats
2025-06-04 10:58:29,411 - WARNING - Unknown message type: get_system_stats
2025-06-04 11:36:46,428 - INFO - Client client_5866998672 disconnected
2025-06-04 11:36:56,548 - INFO - Client client_5867000912 disconnected
2025-06-04 11:37:45,148 - INFO - connection open
2025-06-04 11:37:45,154 - INFO - Client client_5866663280 connected
2025-06-04 11:37:45,177 - INFO - Received message type: agent_confirmation
2025-06-04 11:37:45,179 - INFO - Agent confirmation received: {'type': 'agent_confirmation', 'action': 'DO', 'sessionId': 'test_plan_1749051465', 'plan': {'id': 'test_plan_1749051465', 'title': 'Test Plan After Fix', 'description': 'This is a test plan to verify the DO button fix', 'steps': [{'id': 'test_plan_1749051465_step_1', 'type': 'notification', 'action': 'notify', 'content': 'This is a test plan to verify the DO button fix', 'position': {'x': 500, 'y': 500}}], 'metadata': {'created_at': 1749051465.160806, 'test_plan': True}}}
2025-06-04 11:37:45,181 - INFO - Using universal automation handler for execute_plan on plan test_plan_1749051465
2025-06-04 11:37:45,181 - INFO - 🔘 Handling button action: execute_plan for plan: test_plan_1749051465
2025-06-04 11:37:45,182 - WARNING - ❌ Plan not found for button action: test_plan_1749051465
2025-06-04 11:37:45,182 - INFO - Universal handler result: {'success': False, 'response': '❌ Plan not found. It may have expired or been cancelled.', 'interactive': False}
2025-06-04 11:55:00,709 - INFO - connection open
2025-06-04 11:55:00,714 - INFO - Client client_5866666624 connected
2025-06-04 11:55:11,315 - INFO - connection open
2025-06-04 11:55:11,316 - INFO - Client client_5638603744 connected
2025-06-04 11:55:11,424 - INFO - Received message type: ping
2025-06-04 11:55:11,425 - INFO - Received message type: get_system_stats
2025-06-04 11:55:11,425 - WARNING - Unknown message type: get_system_stats
2025-06-04 11:55:12,172 - INFO - connection open
2025-06-04 11:55:12,173 - INFO - Client client_5638604048 connected
2025-06-04 11:55:12,173 - INFO - Received message type: agent_confirmation
2025-06-04 11:55:12,174 - INFO - Agent confirmation received: {'type': 'agent_confirmation', 'action': 'DO', 'sessionId': 'test_plan_1749052512', 'plan': {'id': 'test_plan_1749052512', 'title': 'Test Plan After Fix', 'description': 'This is a test plan to verify the DO button fix', 'steps': [{'id': 'test_plan_1749052512_step_1', 'type': 'notification', 'action': 'notify', 'content': 'This is a test plan to verify the DO button fix', 'position': {'x': 500, 'y': 500}}], 'metadata': {'created_at': 1749052512.173375, 'test_plan': True}}}
2025-06-04 11:55:12,175 - INFO - Using universal automation handler for execute_plan on plan test_plan_1749052512
2025-06-04 11:55:12,175 - INFO - 🔘 Handling button action: execute_plan for plan: test_plan_1749052512
2025-06-04 11:55:12,175 - WARNING - ❌ Plan not found for button action: test_plan_1749052512
2025-06-04 11:55:12,175 - INFO - Universal handler result: {'success': False, 'response': '❌ Plan not found. It may have expired or been cancelled.', 'interactive': False}
2025-06-04 11:58:22,886 - INFO - Client client_5638603744 disconnected
2025-06-04 11:59:16,788 - INFO - Client client_5866666624 disconnected
2025-06-04 11:59:18,910 - INFO - connection open
2025-06-04 11:59:18,917 - INFO - Client client_5638605568 connected
2025-06-04 11:59:36,026 - INFO - connection open
2025-06-04 11:59:36,028 - INFO - Client client_5638605872 connected
2025-06-04 11:59:36,032 - INFO - Received message type: agent_confirmation
2025-06-04 11:59:36,033 - INFO - Agent confirmation received: {'type': 'agent_confirmation', 'action': 'DO', 'sessionId': 'test_plan_1749052776', 'plan': {'id': 'test_plan_1749052776', 'title': 'Test Plan After Fix', 'description': 'This is a test plan to verify the DO button fix', 'steps': [{'id': 'test_plan_1749052776_step_1', 'type': 'notification', 'action': 'notify', 'content': 'This is a test plan to verify the DO button fix', 'position': {'x': 500, 'y': 500}}], 'metadata': {'created_at': 1749052776.0311391, 'test_plan': True}}}
2025-06-04 11:59:36,034 - INFO - Using universal automation handler for execute_plan on plan test_plan_1749052776
2025-06-04 11:59:36,034 - INFO - 🔘 Handling button action: execute_plan for plan: test_plan_1749052776
2025-06-04 11:59:36,034 - WARNING - ❌ Plan not found for button action: test_plan_1749052776
2025-06-04 11:59:36,034 - INFO - Universal handler result: {'success': False, 'response': '❌ Plan not found. It may have expired or been cancelled.', 'interactive': False}
2025-06-04 12:13:32,992 - INFO - connection open
2025-06-04 12:13:32,996 - INFO - Client client_5638606480 connected
2025-06-04 12:13:33,019 - INFO - Received message type: agent_confirmation
2025-06-04 12:13:33,020 - INFO - Agent confirmation received: {'type': 'agent_confirmation', 'action': 'DO', 'sessionId': 'test_plan_1749053612', 'plan': {'id': 'test_plan_1749053612', 'title': 'Test Real Automation Plan', 'description': 'This is a real automation plan with actual steps', 'steps': [{'id': 'test_plan_1749053612_step_1', 'type': 'notification', 'action': 'notify', 'content': 'Starting automation plan execution...', 'position': {'x': 500, 'y': 300}}, {'id': 'test_plan_1749053612_step_2', 'type': 'pause', 'duration': 1.0, 'description': 'Pause briefly'}, {'id': 'test_plan_1749053612_step_3', 'type': 'notification', 'action': 'notify', 'content': 'Automation plan executed successfully!', 'position': {'x': 500, 'y': 400}}], 'metadata': {'created_at': 1749053612.997775, 'test_plan': True, 'priority': 'high'}}}
2025-06-04 12:13:33,020 - INFO - Using universal automation handler for execute_plan on plan test_plan_1749053612
2025-06-04 12:13:33,020 - INFO - 🔘 Handling button action: execute_plan for plan: test_plan_1749053612
2025-06-04 12:13:33,020 - WARNING - ❌ Plan not found for button action: test_plan_1749053612
2025-06-04 12:13:33,021 - INFO - Universal handler result: {'success': False, 'response': '❌ Plan not found. It may have expired or been cancelled.', 'interactive': False}
2025-06-04 12:13:34,052 - INFO - connection open
2025-06-04 12:13:34,053 - INFO - Client client_5638607088 connected
2025-06-04 12:13:34,058 - INFO - Received message type: do_button
2025-06-04 12:13:34,058 - INFO - DO button message received: {'type': 'do_button', 'plan_id': 'test_plan_1749053614', 'plan': {'id': 'test_plan_1749053614', 'title': 'Simple Test Plan', 'description': 'This is a simple test plan', 'steps': [{'id': 'test_plan_1749053614_step_1', 'type': 'notification', 'action': 'notify', 'content': 'Simple plan executed successfully!', 'position': {'x': 500, 'y': 300}}], 'metadata': {'created_at': 1749053614.057035, 'test_plan': True}}}
2025-06-04 12:13:34,058 - INFO - Using universal automation handler for  on plan test_plan_1749053614
2025-06-04 12:13:34,058 - INFO - 🔘 Handling button action:  for plan: test_plan_1749053614
2025-06-04 12:13:34,058 - WARNING - ❌ Plan not found for button action: test_plan_1749053614
2025-06-04 12:13:34,058 - INFO - Universal handler result: {'success': False, 'response': '❌ Plan not found. It may have expired or been cancelled.', 'interactive': False}
2025-06-04 12:13:34,064 - INFO - connection open
2025-06-04 12:13:34,064 - INFO - Client client_5638607696 connected
2025-06-04 12:13:34,066 - INFO - Received message type: button_action
2025-06-04 12:13:34,066 - INFO - Button action received: {'type': 'button_action', 'action': 'execute_plan', 'plan_id': 'test_plan_1749053614', 'plan': {'id': 'test_plan_1749053614', 'title': 'Button Action Test Plan', 'description': 'This is a test plan for button_action', 'steps': [{'id': 'test_plan_1749053614_step_1', 'type': 'notification', 'action': 'notify', 'content': 'Button action executed successfully!', 'position': {'x': 500, 'y': 300}}], 'metadata': {'created_at': 1749053614.065844, 'test_plan': True}}}
2025-06-04 12:13:34,066 - INFO - Using universal automation handler for execute_plan on plan test_plan_1749053614
2025-06-04 12:13:34,066 - INFO - 🔘 Handling button action: execute_plan for plan: test_plan_1749053614
2025-06-04 12:13:34,066 - WARNING - ❌ Plan not found for button action: test_plan_1749053614
2025-06-04 12:13:34,066 - INFO - Universal handler result: {'success': False, 'response': '❌ Plan not found. It may have expired or been cancelled.', 'interactive': False}
2025-06-04 12:13:34,354 - INFO - connection open
2025-06-04 12:13:34,354 - INFO - Client client_5638608304 connected
2025-06-04 12:13:34,355 - INFO - Received message type: suggestion
2025-06-04 12:13:34,355 - INFO - 📢 Suggestion request received
2025-06-04 12:13:34,357 - INFO - Suggestion: Suggestion - 📣 URGENT: This is an emergency notification test 📣
2025-06-04 12:13:34,358 - INFO - ✅ Sent properly formatted suggestion to overlay UI
2025-06-04 12:13:34,868 - INFO - Received message type: notification
2025-06-04 12:13:34,869 - WARNING - Unknown message type: notification
2025-06-04 12:13:35,644 - INFO - Received message type: do_button
2025-06-04 12:13:35,658 - INFO - DO button message received: {'type': 'do_button', 'action': 'display', 'content': {'title': 'URGENT NOTIFICATION', 'message': '📣 URGENT: This is an emergency notification test 📣', 'buttons': [{'id': 'do_it', 'text': 'OK', 'type': 'primary'}, {'id': 'dismiss', 'text': 'Dismiss', 'type': 'secondary'}]}, 'session_id': 'acfa3190-09c9-4f78-ac03-69d84ad34c70', 'timestamp': '2025-06-04T12:13:35.591044'}
2025-06-04 12:13:35,659 - INFO - Using universal automation handler for  on plan 
2025-06-04 12:13:35,659 - INFO - 🔘 Handling button action:  for plan: 
2025-06-04 12:13:35,659 - WARNING - ❌ Plan not found for button action: 
2025-06-04 12:13:35,659 - INFO - Universal handler result: {'success': False, 'response': '❌ Plan not found. It may have expired or been cancelled.', 'interactive': False}
2025-06-04 12:13:36,182 - INFO - Received message type: chat_notification
2025-06-04 12:13:36,190 - WARNING - Unknown message type: chat_notification
2025-06-04 12:13:36,692 - INFO - Received message type: system_notification
2025-06-04 12:13:36,693 - WARNING - Unknown message type: system_notification
2025-06-04 12:13:41,672 - INFO - connection open
2025-06-04 12:13:41,673 - INFO - Client client_5638608912 connected
2025-06-04 12:14:56,794 - INFO - Client client_5638608912 disconnected
2025-06-04 12:16:05,538 - INFO - connection open
2025-06-04 12:16:05,539 - INFO - Client client_5638609520 connected
2025-06-04 12:16:05,547 - INFO - Received message type: agent_confirmation
2025-06-04 12:16:05,547 - INFO - Agent confirmation received: {'type': 'agent_confirmation', 'action': 'DO', 'sessionId': 'test_plan_1749053765', 'plan': {'id': 'test_plan_1749053765', 'title': 'Test Real Automation Plan', 'description': 'This is a real automation plan with actual steps', 'steps': [{'id': 'test_plan_1749053765_step_1', 'type': 'notification', 'action': 'notify', 'content': 'Starting automation plan execution...', 'position': {'x': 500, 'y': 300}}, {'id': 'test_plan_1749053765_step_2', 'type': 'pause', 'duration': 1.0, 'description': 'Pause briefly'}, {'id': 'test_plan_1749053765_step_3', 'type': 'notification', 'action': 'notify', 'content': 'Automation plan executed successfully!', 'position': {'x': 500, 'y': 400}}], 'metadata': {'created_at': 1749053765.540014, 'test_plan': True, 'priority': 'high'}}}
2025-06-04 12:16:05,548 - INFO - Using universal automation handler for execute_plan on plan test_plan_1749053765
2025-06-04 12:16:05,548 - INFO - 🔘 Handling button action: execute_plan for plan: test_plan_1749053765
2025-06-04 12:16:05,548 - WARNING - ❌ Plan not found for button action: test_plan_1749053765
2025-06-04 12:16:05,548 - INFO - Universal handler result: {'success': False, 'response': '❌ Plan not found. It may have expired or been cancelled.', 'interactive': False}
2025-06-04 12:16:06,563 - INFO - connection open
2025-06-04 12:16:06,564 - INFO - Client client_5638610128 connected
2025-06-04 12:16:06,565 - INFO - Received message type: do_button
2025-06-04 12:16:06,566 - INFO - DO button message received: {'type': 'do_button', 'plan_id': 'test_plan_1749053766', 'plan': {'id': 'test_plan_1749053766', 'title': 'Simple Test Plan', 'description': 'This is a simple test plan', 'steps': [{'id': 'test_plan_1749053766_step_1', 'type': 'notification', 'action': 'notify', 'content': 'Simple plan executed successfully!', 'position': {'x': 500, 'y': 300}}], 'metadata': {'created_at': 1749053766.565536, 'test_plan': True}}}
2025-06-04 12:16:06,566 - INFO - Using universal automation handler for  on plan test_plan_1749053766
2025-06-04 12:16:06,566 - INFO - 🔘 Handling button action:  for plan: test_plan_1749053766
2025-06-04 12:16:06,566 - WARNING - ❌ Plan not found for button action: test_plan_1749053766
2025-06-04 12:16:06,566 - INFO - Universal handler result: {'success': False, 'response': '❌ Plan not found. It may have expired or been cancelled.', 'interactive': False}
2025-06-04 12:16:06,569 - INFO - connection open
2025-06-04 12:16:06,569 - INFO - Client client_5638610736 connected
2025-06-04 12:16:06,570 - INFO - Received message type: button_action
2025-06-04 12:16:06,570 - INFO - Button action received: {'type': 'button_action', 'action': 'execute_plan', 'plan_id': 'test_plan_1749053766', 'plan': {'id': 'test_plan_1749053766', 'title': 'Button Action Test Plan', 'description': 'This is a test plan for button_action', 'steps': [{'id': 'test_plan_1749053766_step_1', 'type': 'notification', 'action': 'notify', 'content': 'Button action executed successfully!', 'position': {'x': 500, 'y': 300}}], 'metadata': {'created_at': 1749053766.5700312, 'test_plan': True}}}
2025-06-04 12:16:06,570 - INFO - Using universal automation handler for execute_plan on plan test_plan_1749053766
2025-06-04 12:16:06,571 - INFO - 🔘 Handling button action: execute_plan for plan: test_plan_1749053766
2025-06-04 12:16:06,571 - WARNING - ❌ Plan not found for button action: test_plan_1749053766
2025-06-04 12:16:06,571 - INFO - Universal handler result: {'success': False, 'response': '❌ Plan not found. It may have expired or been cancelled.', 'interactive': False}
2025-06-04 12:41:34,560 - INFO - connection open
2025-06-04 12:41:34,570 - INFO - Client client_5638611344 connected
2025-06-04 12:41:34,581 - INFO - Received message type: do_button
2025-06-04 12:41:34,583 - INFO - DO button message received: {'type': 'do_button', 'plan_id': 'direct_plan_1749055294', 'plan': {'id': 'direct_plan_1749055294', 'title': 'Direct Backend to DO Button Test Plan', 'description': 'This plan tests direct backend to DO button communication', 'steps': [{'id': 'direct_plan_1749055294_step_1', 'type': 'notification', 'action': 'notify', 'content': 'Testing direct backend to DO button communication...', 'position': {'x': 500, 'y': 300}}], 'metadata': {'created_at': 1749055294.5793128, 'test_plan': True}}}
2025-06-04 12:41:34,584 - INFO - Using universal automation handler for  on plan direct_plan_1749055294
2025-06-04 12:41:34,585 - INFO - 🔘 Handling button action:  for plan: direct_plan_1749055294
2025-06-04 12:41:34,585 - WARNING - ❌ Plan not found for button action: direct_plan_1749055294
2025-06-04 12:41:34,585 - INFO - Universal handler result: {'success': False, 'response': '❌ Plan not found. It may have expired or been cancelled.', 'interactive': False}
2025-06-04 12:41:40,133 - INFO - connection open
2025-06-04 12:41:40,150 - INFO - Client client_5638611952 connected
2025-06-04 12:41:40,161 - INFO - Received message type: ping
2025-06-04 12:41:40,162 - INFO - Received message type: get_system_stats
2025-06-04 12:41:40,162 - WARNING - Unknown message type: get_system_stats
2025-06-04 12:47:31,561 - INFO - connection open
2025-06-04 12:47:31,563 - INFO - Client client_5638612256 connected
2025-06-04 12:47:31,564 - INFO - Received message type: do_button
2025-06-04 12:47:31,564 - INFO - DO button message received: {'type': 'do_button', 'plan_id': 'final_test_plan_1749055651', 'plan': {'id': 'final_test_plan_1749055651', 'title': 'Final Test Plan', 'description': 'This is the final test plan', 'steps': [{'id': 'final_test_plan_1749055651_step_1', 'type': 'notification', 'action': 'notify', 'content': 'DO button system is working correctly!', 'position': {'x': 500, 'y': 300}}], 'metadata': {'created_at': 1749055651.564026, 'test_plan': True}}}
2025-06-04 12:47:31,565 - INFO - Using universal automation handler for  on plan final_test_plan_1749055651
2025-06-04 12:47:31,565 - INFO - 🔘 Handling button action:  for plan: final_test_plan_1749055651
2025-06-04 12:47:31,565 - WARNING - ❌ Plan not found for button action: final_test_plan_1749055651
2025-06-04 12:47:31,565 - INFO - Universal handler result: {'success': False, 'response': '❌ Plan not found. It may have expired or been cancelled.', 'interactive': False}
2025-06-04 13:01:23,480 - INFO - connection open
2025-06-04 13:01:23,483 - INFO - Client client_5638613168 connected
2025-06-04 13:01:23,486 - INFO - Received message type: ping
2025-06-04 13:01:23,486 - INFO - Received message type: get_system_stats
2025-06-04 13:01:23,487 - WARNING - Unknown message type: get_system_stats
2025-06-04 13:09:48,840 - INFO - Client client_5638613168 disconnected
2025-06-04 13:11:26,570 - INFO - connection open
2025-06-04 13:11:26,576 - INFO - Client client_5638613776 connected
2025-06-04 13:11:26,581 - INFO - Received message type: check_pending_plans
2025-06-04 13:11:26,581 - WARNING - Unknown message type: check_pending_plans
2025-06-04 13:17:15,977 - INFO - connection open
2025-06-04 13:17:15,981 - INFO - Client client_5638614384 connected
2025-06-04 13:17:15,990 - INFO - Received message type: ping
2025-06-04 13:17:15,990 - INFO - Received message type: get_system_stats
2025-06-04 13:17:15,990 - WARNING - Unknown message type: get_system_stats
2025-06-04 13:19:51,467 - INFO - Detected screen size: 1470x956
2025-06-04 13:19:51,469 - INFO - Standard mouse listener started successfully
2025-06-04 13:19:51,469 - INFO - Keyboard listener started successfully
2025-06-04 13:19:51,469 - INFO - Input controller initialized (safe mode)
2025-06-04 13:19:51,469 - INFO - 🚨 Emergency shutdown: Press Ctrl+1 to immediately stop agent
2025-06-04 13:19:51,469 - INFO - ✅ Input controller loaded successfully
2025-06-04 13:19:51,493 - INFO - Loaded 0 plans from metadata
2025-06-04 13:19:51,498 - INFO - Plan persistence system initialized
2025-06-04 13:19:51,498 - INFO - ✅ Plan persistence module loaded successfully
2025-06-04 13:19:51,895 - INFO - Standard mouse listener started successfully
2025-06-04 13:19:51,895 - INFO - Keyboard listener started successfully
2025-06-04 13:19:51,896 - INFO - Input controller initialized (safe mode)
2025-06-04 13:19:51,896 - INFO - 🚨 Emergency shutdown: Press Ctrl+1 to immediately stop agent
2025-06-04 13:19:53,947 - WARNING - Error checking LLaVA availability: HTTPConnectionPool(host='localhost', port=11434): Read timed out. (read timeout=2)
2025-06-04 13:19:53,950 - INFO - LLaVA visual processor initialized for total screen analysis
2025-06-04 13:19:53,959 - INFO - Total Screen Analyzer initialized with 8s interval
2025-06-04 13:19:53,960 - INFO - 🤖 Real automation components loaded successfully
2025-06-04 13:19:53,963 - INFO - Standard mouse listener started successfully
2025-06-04 13:19:53,964 - INFO - Keyboard listener started successfully
2025-06-04 13:19:53,965 - INFO - Input controller initialized (safe mode)
2025-06-04 13:19:53,965 - INFO - 🚨 Emergency shutdown: Press Ctrl+1 to immediately stop agent
2025-06-04 13:19:55,670 - INFO - Connected to Ollama API v0.6.8
2025-06-04 13:19:55,671 - INFO - LLaVA visual processor initialized for total screen analysis
2025-06-04 13:19:55,671 - INFO - Total Screen Analyzer initialized with 8s interval
2025-06-04 13:19:55,672 - INFO - 🤖 Real automation components loaded successfully
2025-06-04 13:19:55,672 - INFO - ✅ Real agent automation handler loaded successfully
2025-06-04 13:19:55,705 - INFO - Standard mouse listener started successfully
2025-06-04 13:19:55,709 - INFO - Keyboard listener started successfully
2025-06-04 13:19:55,710 - INFO - Input controller initialized (safe mode)
2025-06-04 13:19:55,710 - INFO - 🚨 Emergency shutdown: Press Ctrl+1 to immediately stop agent
2025-06-04 13:19:55,755 - INFO - Connected to Ollama API v0.6.8
2025-06-04 13:19:55,755 - INFO - LLaVA visual processor initialized for total screen analysis
2025-06-04 13:19:55,755 - INFO - Total Screen Analyzer initialized with 8s interval
2025-06-04 13:19:55,755 - INFO - 🔄 Adaptive retry automation system loaded
2025-06-04 13:19:55,755 - INFO - ✅ Adaptive retry automation handler loaded successfully
2025-06-04 13:19:55,755 - INFO - ✅ Plan persistence module loaded successfully
2025-06-04 13:19:55,761 - INFO - Standard mouse listener started successfully
2025-06-04 13:19:55,761 - INFO - Keyboard listener started successfully
2025-06-04 13:19:55,762 - INFO - Input controller initialized (safe mode)
2025-06-04 13:19:55,762 - INFO - 🚨 Emergency shutdown: Press Ctrl+1 to immediately stop agent
2025-06-04 13:19:55,777 - INFO - Connected to Ollama API v0.6.8
2025-06-04 13:19:55,777 - INFO - LLaVA visual processor initialized for total screen analysis
2025-06-04 13:19:55,777 - INFO - Total Screen Analyzer initialized with 8s interval
2025-06-04 13:19:55,777 - INFO - 🤖 Universal automation components loaded successfully
2025-06-04 13:19:55,777 - INFO - ✅ Universal automation handler loaded successfully
2025-06-04 13:19:55,778 - INFO - Port 8765 is available
2025-06-04 13:19:55,778 - INFO - Starting ultimate DO button server on localhost:8765
2025-06-04 13:19:55,786 - INFO - server listening on [::1]:8765
2025-06-04 13:19:55,787 - INFO - server listening on 127.0.0.1:8765
2025-06-04 13:19:55,787 - INFO - ✅ Ultimate DO Button Server running on ws://localhost:8765
2025-06-04 13:19:55,787 - INFO - 📋 Server supports all three message formats: agent_confirmation, button_action, and do_button
2025-06-04 13:20:07,434 - INFO - connection open
2025-06-04 13:20:07,435 - INFO - Client client_4988413200 connected
2025-06-04 13:28:31,324 - INFO - connection open
2025-06-04 13:28:31,338 - INFO - Client client_4988355600 connected
2025-06-04 13:28:31,636 - INFO - Received message type: ping
2025-06-04 13:28:31,645 - INFO - Received message type: get_system_stats
2025-06-04 13:28:31,646 - WARNING - Unknown message type: get_system_stats
2025-06-04 13:28:34,467 - INFO - Received message type: get_system_stats
2025-06-04 13:28:34,468 - WARNING - Unknown message type: get_system_stats
2025-06-04 13:29:34,699 - INFO - connection open
2025-06-04 13:29:34,700 - INFO - Client client_4988360720 connected
2025-06-04 13:29:34,718 - INFO - Received message type: ping
2025-06-04 13:29:34,720 - INFO - Received message type: get_system_stats
2025-06-04 13:29:34,720 - WARNING - Unknown message type: get_system_stats
2025-06-04 13:31:19,388 - INFO - connection open
2025-06-04 13:31:19,389 - INFO - Client client_4988187184 connected
2025-06-04 13:31:19,569 - INFO - Received message type: ping
2025-06-04 13:31:19,570 - INFO - Received message type: get_system_stats
2025-06-04 13:31:19,570 - WARNING - Unknown message type: get_system_stats
2025-06-04 13:31:25,208 - INFO - Received message type: get_system_stats
2025-06-04 13:31:25,208 - WARNING - Unknown message type: get_system_stats
2025-06-04 13:32:01,631 - INFO - connection open
2025-06-04 13:32:01,633 - INFO - Client client_4988190224 connected
2025-06-04 13:32:01,644 - INFO - Received message type: ping
2025-06-04 13:32:01,645 - INFO - Received message type: get_system_stats
2025-06-04 13:32:01,645 - WARNING - Unknown message type: get_system_stats
2025-06-04 13:32:03,236 - INFO - Received message type: get_system_stats
2025-06-04 13:32:03,236 - WARNING - Unknown message type: get_system_stats
2025-06-04 13:33:50,281 - INFO - connection open
2025-06-04 13:33:50,282 - INFO - Client client_4989241504 connected
2025-06-04 13:33:50,283 - INFO - Received message type: ping
2025-06-04 13:33:50,283 - INFO - Received message type: get_system_stats
2025-06-04 13:33:50,283 - WARNING - Unknown message type: get_system_stats
2025-06-04 13:33:53,950 - INFO - Received message type: get_system_stats
2025-06-04 13:33:53,950 - WARNING - Unknown message type: get_system_stats
2025-06-04 13:33:57,530 - ERROR - opening handshake failed
Traceback (most recent call last):
  File "/Users/segevbin/Desktop/SensAI/Aiayer/.venv/lib/python3.13/site-packages/websockets/server.py", line 545, in parse
    request = yield from Request.parse(
              ^^^^^^^^^^^^^^^^^^^^^^^^^
        self.reader.read_line,
        ^^^^^^^^^^^^^^^^^^^^^^
    )
    ^
  File "/Users/segevbin/Desktop/SensAI/Aiayer/.venv/lib/python3.13/site-packages/websockets/http11.py", line 151, in parse
    raise ValueError(f"unsupported HTTP method; expected GET; got {d(method)}")
ValueError: unsupported HTTP method; expected GET; got POST

The above exception was the direct cause of the following exception:

Traceback (most recent call last):
  File "/Users/segevbin/Desktop/SensAI/Aiayer/.venv/lib/python3.13/site-packages/websockets/asyncio/server.py", line 356, in conn_handler
    await connection.handshake(
    ...<3 lines>...
    )
  File "/Users/segevbin/Desktop/SensAI/Aiayer/.venv/lib/python3.13/site-packages/websockets/asyncio/server.py", line 207, in handshake
    raise self.protocol.handshake_exc
websockets.exceptions.InvalidMessage: did not receive a valid HTTP request
2025-06-04 13:37:56,324 - ERROR - opening handshake failed
Traceback (most recent call last):
  File "/Users/segevbin/Desktop/SensAI/Aiayer/.venv/lib/python3.13/site-packages/websockets/http11.py", line 138, in parse
    request_line = yield from parse_line(read_line)
                   ^^^^^^^^^^^^^^^^^^^^^^^^^^^^^^^^
  File "/Users/segevbin/Desktop/SensAI/Aiayer/.venv/lib/python3.13/site-packages/websockets/http11.py", line 309, in parse_line
    line = yield from read_line(MAX_LINE_LENGTH)
           ^^^^^^^^^^^^^^^^^^^^^^^^^^^^^^^^^^^^^
  File "/Users/segevbin/Desktop/SensAI/Aiayer/.venv/lib/python3.13/site-packages/websockets/streams.py", line 46, in read_line
    raise EOFError(f"stream ends after {p} bytes, before end of line")
EOFError: stream ends after 0 bytes, before end of line

The above exception was the direct cause of the following exception:

Traceback (most recent call last):
  File "/Users/segevbin/Desktop/SensAI/Aiayer/.venv/lib/python3.13/site-packages/websockets/server.py", line 545, in parse
    request = yield from Request.parse(
              ^^^^^^^^^^^^^^^^^^^^^^^^^
        self.reader.read_line,
        ^^^^^^^^^^^^^^^^^^^^^^
    )
    ^
  File "/Users/segevbin/Desktop/SensAI/Aiayer/.venv/lib/python3.13/site-packages/websockets/http11.py", line 140, in parse
    raise EOFError("connection closed while reading HTTP request line") from exc
EOFError: connection closed while reading HTTP request line

The above exception was the direct cause of the following exception:

Traceback (most recent call last):
  File "/Users/segevbin/Desktop/SensAI/Aiayer/.venv/lib/python3.13/site-packages/websockets/asyncio/server.py", line 356, in conn_handler
    await connection.handshake(
    ...<3 lines>...
    )
  File "/Users/segevbin/Desktop/SensAI/Aiayer/.venv/lib/python3.13/site-packages/websockets/asyncio/server.py", line 207, in handshake
    raise self.protocol.handshake_exc
websockets.exceptions.InvalidMessage: did not receive a valid HTTP request
2025-06-04 13:37:56,424 - INFO - connection open
2025-06-04 13:37:56,424 - INFO - Client client_4989243936 connected
2025-06-04 13:37:56,426 - INFO - Received message type: suggestion
2025-06-04 13:37:56,426 - INFO - 📢 Suggestion request received
2025-06-04 13:37:56,426 - INFO - Suggestion: Suggestion - Would you like help with this?
2025-06-04 13:37:56,426 - INFO - ✅ Sent properly formatted suggestion to overlay UI
2025-06-04 13:37:56,935 - INFO - Received message type: unknown
2025-06-04 13:37:56,935 - INFO - 📩 Direct message format received: SUGGEST
2025-06-04 13:37:56,935 - INFO - ✅ Forwarded direct message to overlay
2025-06-04 13:37:56,936 - INFO - Received message type: message
2025-06-04 13:37:56,937 - WARNING - Unknown message type: message
2025-06-04 13:37:56,937 - ERROR - Error processing message: received 1000 (OK); then sent 1000 (OK)
2025-06-04 13:37:56,937 - INFO - Client client_4989243936 disconnected
2025-06-04 13:50:13,143 - INFO - Detected screen size: 1470x956
2025-06-04 13:50:13,146 - INFO - Standard mouse listener started successfully
2025-06-04 13:50:13,146 - INFO - Keyboard listener started successfully
2025-06-04 13:50:13,146 - INFO - Input controller initialized (safe mode)
2025-06-04 13:50:13,146 - INFO - 🚨 Emergency shutdown: Press Ctrl+1 to immediately stop agent
2025-06-04 13:50:13,146 - INFO - ✅ Input controller loaded successfully
2025-06-04 13:50:13,151 - INFO - Loaded 0 plans from metadata
2025-06-04 13:50:13,151 - INFO - Plan persistence system initialized
2025-06-04 13:50:13,151 - INFO - ✅ Plan persistence module loaded successfully
2025-06-04 13:50:13,581 - INFO - Standard mouse listener started successfully
2025-06-04 13:50:13,581 - INFO - Keyboard listener started successfully
2025-06-04 13:50:13,581 - INFO - Input controller initialized (safe mode)
2025-06-04 13:50:13,581 - INFO - 🚨 Emergency shutdown: Press Ctrl+1 to immediately stop agent
2025-06-04 13:50:13,765 - INFO - Connected to Ollama API v0.6.8
2025-06-04 13:50:13,765 - INFO - LLaVA visual processor initialized for total screen analysis
2025-06-04 13:50:13,765 - INFO - Total Screen Analyzer initialized with 8s interval
2025-06-04 13:50:13,765 - INFO - 🤖 Real automation components loaded successfully
2025-06-04 13:50:13,766 - INFO - Standard mouse listener started successfully
2025-06-04 13:50:13,766 - INFO - Keyboard listener started successfully
2025-06-04 13:50:13,766 - INFO - Input controller initialized (safe mode)
2025-06-04 13:50:13,766 - INFO - 🚨 Emergency shutdown: Press Ctrl+1 to immediately stop agent
2025-06-04 13:50:13,772 - INFO - Connected to Ollama API v0.6.8
2025-06-04 13:50:13,772 - INFO - LLaVA visual processor initialized for total screen analysis
2025-06-04 13:50:13,772 - INFO - Total Screen Analyzer initialized with 8s interval
2025-06-04 13:50:13,772 - INFO - 🤖 Real automation components loaded successfully
2025-06-04 13:50:13,772 - INFO - ✅ Real agent automation handler loaded successfully
2025-06-04 13:50:13,774 - INFO - Standard mouse listener started successfully
2025-06-04 13:50:13,774 - INFO - Keyboard listener started successfully
2025-06-04 13:50:13,774 - INFO - Input controller initialized (safe mode)
2025-06-04 13:50:13,774 - INFO - 🚨 Emergency shutdown: Press Ctrl+1 to immediately stop agent
2025-06-04 13:50:13,776 - INFO - Connected to Ollama API v0.6.8
2025-06-04 13:50:13,776 - INFO - LLaVA visual processor initialized for total screen analysis
2025-06-04 13:50:13,776 - INFO - Total Screen Analyzer initialized with 8s interval
2025-06-04 13:50:13,776 - INFO - 🔄 Adaptive retry automation system loaded
2025-06-04 13:50:13,776 - INFO - ✅ Adaptive retry automation handler loaded successfully
2025-06-04 13:50:13,776 - INFO - ✅ Plan persistence module loaded successfully
2025-06-04 13:50:13,777 - INFO - Standard mouse listener started successfully
2025-06-04 13:50:13,777 - INFO - Keyboard listener started successfully
2025-06-04 13:50:13,777 - INFO - Input controller initialized (safe mode)
2025-06-04 13:50:13,777 - INFO - 🚨 Emergency shutdown: Press Ctrl+1 to immediately stop agent
2025-06-04 13:50:13,779 - INFO - Connected to Ollama API v0.6.8
2025-06-04 13:50:13,779 - INFO - LLaVA visual processor initialized for total screen analysis
2025-06-04 13:50:13,779 - INFO - Total Screen Analyzer initialized with 8s interval
2025-06-04 13:50:13,779 - INFO - 🤖 Universal automation components loaded successfully
2025-06-04 13:50:13,779 - INFO - ✅ Universal automation handler loaded successfully
2025-06-04 13:50:13,779 - WARNING - Port 8765 is already in use. Killing existing process...
2025-06-04 13:50:13,807 - INFO - Killed process on port 8765
2025-06-04 13:50:15,808 - INFO - Starting ultimate DO button server on localhost:8765
2025-06-04 13:50:15,821 - INFO - server listening on 127.0.0.1:8765
2025-06-04 13:50:15,821 - INFO - server listening on [::1]:8765
2025-06-04 13:50:15,821 - INFO - ✅ Ultimate DO Button Server running on ws://localhost:8765
2025-06-04 13:50:15,821 - INFO - 📋 Server supports all three message formats: agent_confirmation, button_action, and do_button
2025-06-04 14:01:00,835 - INFO - Detected screen size: 1470x956
2025-06-04 14:01:00,836 - INFO - Standard mouse listener started successfully
2025-06-04 14:01:00,837 - INFO - Keyboard listener started successfully
2025-06-04 14:01:00,837 - INFO - Input controller initialized (safe mode)
2025-06-04 14:01:00,837 - INFO - 🚨 Emergency shutdown: Press Ctrl+1 to immediately stop agent
2025-06-04 14:01:00,837 - INFO - ✅ Input controller loaded successfully
2025-06-04 14:01:00,842 - INFO - Loaded 0 plans from metadata
2025-06-04 14:01:00,843 - INFO - Plan persistence system initialized
2025-06-04 14:01:00,843 - INFO - ✅ Plan persistence module loaded successfully
2025-06-04 14:01:01,230 - INFO - Standard mouse listener started successfully
2025-06-04 14:01:01,230 - INFO - Keyboard listener started successfully
2025-06-04 14:01:01,230 - INFO - Input controller initialized (safe mode)
2025-06-04 14:01:01,231 - INFO - 🚨 Emergency shutdown: Press Ctrl+1 to immediately stop agent
2025-06-04 14:01:01,536 - INFO - Connected to Ollama API v0.6.8
2025-06-04 14:01:01,536 - INFO - LLaVA visual processor initialized for total screen analysis
2025-06-04 14:01:01,536 - INFO - Total Screen Analyzer initialized with 8s interval
2025-06-04 14:01:01,536 - INFO - 🤖 Real automation components loaded successfully
2025-06-04 14:01:01,537 - INFO - Standard mouse listener started successfully
2025-06-04 14:01:01,537 - INFO - Keyboard listener started successfully
2025-06-04 14:01:01,537 - INFO - Input controller initialized (safe mode)
2025-06-04 14:01:01,537 - INFO - 🚨 Emergency shutdown: Press Ctrl+1 to immediately stop agent
2025-06-04 14:01:01,542 - INFO - Connected to Ollama API v0.6.8
2025-06-04 14:01:01,542 - INFO - LLaVA visual processor initialized for total screen analysis
2025-06-04 14:01:01,542 - INFO - Total Screen Analyzer initialized with 8s interval
2025-06-04 14:01:01,542 - INFO - 🤖 Real automation components loaded successfully
2025-06-04 14:01:01,542 - INFO - ✅ Real agent automation handler loaded successfully
2025-06-04 14:01:01,545 - INFO - Standard mouse listener started successfully
2025-06-04 14:01:01,545 - INFO - Keyboard listener started successfully
2025-06-04 14:01:01,545 - INFO - Input controller initialized (safe mode)
2025-06-04 14:01:01,545 - INFO - 🚨 Emergency shutdown: Press Ctrl+1 to immediately stop agent
2025-06-04 14:01:01,547 - INFO - Connected to Ollama API v0.6.8
2025-06-04 14:01:01,547 - INFO - LLaVA visual processor initialized for total screen analysis
2025-06-04 14:01:01,547 - INFO - Total Screen Analyzer initialized with 8s interval
2025-06-04 14:01:01,547 - INFO - 🔄 Adaptive retry automation system loaded
2025-06-04 14:01:01,547 - INFO - ✅ Adaptive retry automation handler loaded successfully
2025-06-04 14:01:01,547 - INFO - ✅ Plan persistence module loaded successfully
2025-06-04 14:01:01,548 - INFO - Standard mouse listener started successfully
2025-06-04 14:01:01,548 - INFO - Keyboard listener started successfully
2025-06-04 14:01:01,548 - INFO - Input controller initialized (safe mode)
2025-06-04 14:01:01,548 - INFO - 🚨 Emergency shutdown: Press Ctrl+1 to immediately stop agent
2025-06-04 14:01:01,564 - INFO - Connected to Ollama API v0.6.8
2025-06-04 14:01:01,565 - INFO - LLaVA visual processor initialized for total screen analysis
2025-06-04 14:01:01,565 - INFO - Total Screen Analyzer initialized with 8s interval
2025-06-04 14:01:01,565 - INFO - 🤖 Universal automation components loaded successfully
2025-06-04 14:01:01,565 - INFO - ✅ Universal automation handler loaded successfully
2025-06-04 14:01:01,565 - WARNING - Port 8765 is already in use. Killing existing process...
2025-06-04 14:01:01,597 - INFO - Killed process on port 8765
2025-06-04 14:01:03,598 - INFO - Starting ultimate DO button server on localhost:8765
2025-06-04 14:01:03,610 - INFO - server listening on [::1]:8765
2025-06-04 14:01:03,610 - INFO - server listening on 127.0.0.1:8765
2025-06-04 14:01:03,610 - INFO - ✅ Ultimate DO Button Server running on ws://localhost:8765
2025-06-04 14:01:03,610 - INFO - 📋 Server supports all three message formats: agent_confirmation, button_action, and do_button
2025-06-04 14:01:04,298 - INFO - connection open
2025-06-04 14:01:04,298 - INFO - Client client_4987364960 connected
2025-06-04 14:01:04,360 - INFO - Received message type: ping
2025-06-04 14:01:04,360 - INFO - Received message type: get_system_stats
2025-06-04 14:01:04,360 - WARNING - Unknown message type: get_system_stats
2025-06-04 14:01:08,057 - INFO - connection open
2025-06-04 14:01:08,057 - INFO - Client client_4987570768 connected
2025-06-04 14:01:08,063 - INFO - Received message type: ping
2025-06-04 14:01:08,064 - INFO - Received message type: get_system_stats
2025-06-04 14:01:08,064 - WARNING - Unknown message type: get_system_stats
2025-06-04 14:04:17,963 - INFO - Detected screen size: 1470x956
2025-06-04 14:04:17,965 - INFO - Standard mouse listener started successfully
2025-06-04 14:04:17,965 - INFO - Keyboard listener started successfully
2025-06-04 14:04:17,965 - INFO - Input controller initialized (safe mode)
2025-06-04 14:04:17,965 - INFO - 🚨 Emergency shutdown: Press Ctrl+1 to immediately stop agent
2025-06-04 14:04:17,965 - INFO - ✅ Input controller loaded successfully
2025-06-04 14:04:17,972 - INFO - Loaded 0 plans from metadata
2025-06-04 14:04:17,972 - INFO - Plan persistence system initialized
2025-06-04 14:04:17,972 - INFO - ✅ Plan persistence module loaded successfully
2025-06-04 14:04:18,559 - INFO - Standard mouse listener started successfully
2025-06-04 14:04:18,559 - INFO - Keyboard listener started successfully
2025-06-04 14:04:18,559 - INFO - Input controller initialized (safe mode)
2025-06-04 14:04:18,559 - INFO - 🚨 Emergency shutdown: Press Ctrl+1 to immediately stop agent
2025-06-04 14:04:19,377 - INFO - Connected to Ollama API v0.6.8
2025-06-04 14:04:19,378 - INFO - LLaVA visual processor initialized for total screen analysis
2025-06-04 14:04:19,378 - INFO - Total Screen Analyzer initialized with 8s interval
2025-06-04 14:04:19,378 - INFO - 🤖 Real automation components loaded successfully
2025-06-04 14:04:19,384 - INFO - Standard mouse listener started successfully
2025-06-04 14:04:19,401 - INFO - Keyboard listener started successfully
2025-06-04 14:04:19,401 - INFO - Input controller initialized (safe mode)
2025-06-04 14:04:19,405 - INFO - 🚨 Emergency shutdown: Press Ctrl+1 to immediately stop agent
2025-06-04 14:04:19,426 - INFO - Connected to Ollama API v0.6.8
2025-06-04 14:04:19,427 - INFO - LLaVA visual processor initialized for total screen analysis
2025-06-04 14:04:19,427 - INFO - Total Screen Analyzer initialized with 8s interval
2025-06-04 14:04:19,427 - INFO - 🤖 Real automation components loaded successfully
2025-06-04 14:04:19,427 - INFO - ✅ Real agent automation handler loaded successfully
2025-06-04 14:04:19,463 - INFO - Standard mouse listener started successfully
2025-06-04 14:04:19,464 - INFO - Keyboard listener started successfully
2025-06-04 14:04:19,465 - INFO - Input controller initialized (safe mode)
2025-06-04 14:04:19,466 - INFO - 🚨 Emergency shutdown: Press Ctrl+1 to immediately stop agent
2025-06-04 14:04:19,526 - INFO - Connected to Ollama API v0.6.8
2025-06-04 14:04:19,529 - INFO - LLaVA visual processor initialized for total screen analysis
2025-06-04 14:04:19,529 - INFO - Total Screen Analyzer initialized with 8s interval
2025-06-04 14:04:19,529 - INFO - 🔄 Adaptive retry automation system loaded
2025-06-04 14:04:19,529 - INFO - ✅ Adaptive retry automation handler loaded successfully
2025-06-04 14:04:19,529 - INFO - ✅ Plan persistence module loaded successfully
2025-06-04 14:04:19,536 - INFO - Standard mouse listener started successfully
2025-06-04 14:04:19,539 - INFO - Keyboard listener started successfully
2025-06-04 14:04:19,539 - INFO - Input controller initialized (safe mode)
2025-06-04 14:04:19,539 - INFO - 🚨 Emergency shutdown: Press Ctrl+1 to immediately stop agent
2025-06-04 14:04:19,603 - INFO - Connected to Ollama API v0.6.8
2025-06-04 14:04:19,603 - INFO - LLaVA visual processor initialized for total screen analysis
2025-06-04 14:04:19,603 - INFO - Total Screen Analyzer initialized with 8s interval
2025-06-04 14:04:19,603 - INFO - 🤖 Universal automation components loaded successfully
2025-06-04 14:04:19,603 - INFO - ✅ Universal automation handler loaded successfully
2025-06-04 14:04:19,610 - INFO - Port 8765 is available
2025-06-04 14:04:19,610 - INFO - Starting ultimate DO button server on localhost:8765
2025-06-04 14:04:19,666 - INFO - server listening on 127.0.0.1:8765
2025-06-04 14:04:19,666 - INFO - server listening on [::1]:8765
2025-06-04 14:04:19,667 - INFO - ✅ Ultimate DO Button Server running on ws://localhost:8765
2025-06-04 14:04:19,667 - INFO - 📋 Server supports all three message formats: agent_confirmation, button_action, and do_button
2025-06-04 14:04:19,678 - INFO - connection open
2025-06-04 14:04:19,678 - INFO - Client client_4960101984 connected
2025-06-04 14:04:19,680 - INFO - Received message type: suggestion
2025-06-04 14:04:19,680 - INFO - 📢 Suggestion request received
2025-06-04 14:04:19,680 - INFO - Suggestion: Suggestion - Would you like help with this?
2025-06-04 14:04:19,680 - INFO - ✅ Sent properly formatted suggestion to overlay UI
2025-06-04 14:04:49,764 - ERROR - opening handshake failed
Traceback (most recent call last):
  File "/Users/segevbin/Desktop/SensAI/Aiayer/.venv/lib/python3.13/site-packages/websockets/http11.py", line 138, in parse
    request_line = yield from parse_line(read_line)
                   ^^^^^^^^^^^^^^^^^^^^^^^^^^^^^^^^
  File "/Users/segevbin/Desktop/SensAI/Aiayer/.venv/lib/python3.13/site-packages/websockets/http11.py", line 309, in parse_line
    line = yield from read_line(MAX_LINE_LENGTH)
           ^^^^^^^^^^^^^^^^^^^^^^^^^^^^^^^^^^^^^
  File "/Users/segevbin/Desktop/SensAI/Aiayer/.venv/lib/python3.13/site-packages/websockets/streams.py", line 46, in read_line
    raise EOFError(f"stream ends after {p} bytes, before end of line")
EOFError: stream ends after 0 bytes, before end of line

The above exception was the direct cause of the following exception:

Traceback (most recent call last):
  File "/Users/segevbin/Desktop/SensAI/Aiayer/.venv/lib/python3.13/site-packages/websockets/server.py", line 545, in parse
    request = yield from Request.parse(
              ^^^^^^^^^^^^^^^^^^^^^^^^^
        self.reader.read_line,
        ^^^^^^^^^^^^^^^^^^^^^^
    )
    ^
  File "/Users/segevbin/Desktop/SensAI/Aiayer/.venv/lib/python3.13/site-packages/websockets/http11.py", line 140, in parse
    raise EOFError("connection closed while reading HTTP request line") from exc
EOFError: connection closed while reading HTTP request line

The above exception was the direct cause of the following exception:

Traceback (most recent call last):
  File "/Users/segevbin/Desktop/SensAI/Aiayer/.venv/lib/python3.13/site-packages/websockets/asyncio/server.py", line 356, in conn_handler
    await connection.handshake(
    ...<3 lines>...
    )
  File "/Users/segevbin/Desktop/SensAI/Aiayer/.venv/lib/python3.13/site-packages/websockets/asyncio/server.py", line 207, in handshake
    raise self.protocol.handshake_exc
websockets.exceptions.InvalidMessage: did not receive a valid HTTP request
2025-06-04 14:04:49,834 - INFO - connection open
2025-06-04 14:04:49,834 - INFO - Client client_4960309712 connected
2025-06-04 14:06:44,125 - INFO - Detected screen size: 1470x956
2025-06-04 14:06:44,127 - INFO - Standard mouse listener started successfully
2025-06-04 14:06:44,127 - INFO - Keyboard listener started successfully
2025-06-04 14:06:44,127 - INFO - Input controller initialized (safe mode)
2025-06-04 14:06:44,127 - INFO - 🚨 Emergency shutdown: Press Ctrl+1 to immediately stop agent
2025-06-04 14:06:44,127 - INFO - ✅ Input controller loaded successfully
2025-06-04 14:06:44,132 - INFO - Loaded 0 plans from metadata
2025-06-04 14:06:44,132 - INFO - Plan persistence system initialized
2025-06-04 14:06:44,132 - INFO - ✅ Plan persistence module loaded successfully
2025-06-04 14:06:44,616 - INFO - Standard mouse listener started successfully
2025-06-04 14:06:44,616 - INFO - Keyboard listener started successfully
2025-06-04 14:06:44,616 - INFO - Input controller initialized (safe mode)
2025-06-04 14:06:44,616 - INFO - 🚨 Emergency shutdown: Press Ctrl+1 to immediately stop agent
2025-06-04 14:06:44,912 - INFO - Connected to Ollama API v0.6.8
2025-06-04 14:06:44,912 - INFO - LLaVA visual processor initialized for total screen analysis
2025-06-04 14:06:44,912 - INFO - Total Screen Analyzer initialized with 8s interval
2025-06-04 14:06:44,912 - INFO - 🤖 Real automation components loaded successfully
2025-06-04 14:06:44,913 - INFO - Standard mouse listener started successfully
2025-06-04 14:06:44,913 - INFO - Keyboard listener started successfully
2025-06-04 14:06:44,913 - INFO - Input controller initialized (safe mode)
2025-06-04 14:06:44,913 - INFO - 🚨 Emergency shutdown: Press Ctrl+1 to immediately stop agent
2025-06-04 14:06:44,936 - INFO - Connected to Ollama API v0.6.8
2025-06-04 14:06:44,937 - INFO - LLaVA visual processor initialized for total screen analysis
2025-06-04 14:06:44,937 - INFO - Total Screen Analyzer initialized with 8s interval
2025-06-04 14:06:44,937 - INFO - 🤖 Real automation components loaded successfully
2025-06-04 14:06:44,937 - INFO - ✅ Real agent automation handler loaded successfully
2025-06-04 14:06:44,942 - INFO - Standard mouse listener started successfully
2025-06-04 14:06:44,942 - INFO - Keyboard listener started successfully
2025-06-04 14:06:44,942 - INFO - Input controller initialized (safe mode)
2025-06-04 14:06:44,942 - INFO - 🚨 Emergency shutdown: Press Ctrl+1 to immediately stop agent
2025-06-04 14:06:44,958 - INFO - Connected to Ollama API v0.6.8
2025-06-04 14:06:44,958 - INFO - LLaVA visual processor initialized for total screen analysis
2025-06-04 14:06:44,958 - INFO - Total Screen Analyzer initialized with 8s interval
2025-06-04 14:06:44,958 - INFO - 🔄 Adaptive retry automation system loaded
2025-06-04 14:06:44,958 - INFO - ✅ Adaptive retry automation handler loaded successfully
2025-06-04 14:06:44,958 - INFO - ✅ Plan persistence module loaded successfully
2025-06-04 14:06:44,960 - INFO - Standard mouse listener started successfully
2025-06-04 14:06:44,960 - INFO - Keyboard listener started successfully
2025-06-04 14:06:44,960 - INFO - Input controller initialized (safe mode)
2025-06-04 14:06:44,960 - INFO - 🚨 Emergency shutdown: Press Ctrl+1 to immediately stop agent
2025-06-04 14:06:44,962 - INFO - Connected to Ollama API v0.6.8
2025-06-04 14:06:44,962 - INFO - LLaVA visual processor initialized for total screen analysis
2025-06-04 14:06:44,962 - INFO - Total Screen Analyzer initialized with 8s interval
2025-06-04 14:06:44,962 - INFO - 🤖 Universal automation components loaded successfully
2025-06-04 14:06:44,962 - INFO - ✅ Universal automation handler loaded successfully
2025-06-04 14:06:44,962 - INFO - Port 8768 is available
2025-06-04 14:06:44,962 - INFO - Starting ultimate DO button server on localhost:8768
2025-06-04 14:06:44,969 - INFO - server listening on 127.0.0.1:8768
2025-06-04 14:06:44,969 - INFO - server listening on [::1]:8768
2025-06-04 14:06:44,969 - INFO - ✅ Ultimate DO Button Server running on ws://localhost:8768
2025-06-04 14:06:44,969 - INFO - 📋 Server supports all three message formats: agent_confirmation, button_action, and do_button
2025-06-04 14:06:46,358 - ERROR - opening handshake failed
Traceback (most recent call last):
  File "/Users/segevbin/Desktop/SensAI/Aiayer/.venv/lib/python3.13/site-packages/websockets/http11.py", line 138, in parse
    request_line = yield from parse_line(read_line)
                   ^^^^^^^^^^^^^^^^^^^^^^^^^^^^^^^^
  File "/Users/segevbin/Desktop/SensAI/Aiayer/.venv/lib/python3.13/site-packages/websockets/http11.py", line 309, in parse_line
    line = yield from read_line(MAX_LINE_LENGTH)
           ^^^^^^^^^^^^^^^^^^^^^^^^^^^^^^^^^^^^^
  File "/Users/segevbin/Desktop/SensAI/Aiayer/.venv/lib/python3.13/site-packages/websockets/streams.py", line 46, in read_line
    raise EOFError(f"stream ends after {p} bytes, before end of line")
EOFError: stream ends after 0 bytes, before end of line

The above exception was the direct cause of the following exception:

Traceback (most recent call last):
  File "/Users/segevbin/Desktop/SensAI/Aiayer/.venv/lib/python3.13/site-packages/websockets/server.py", line 545, in parse
    request = yield from Request.parse(
              ^^^^^^^^^^^^^^^^^^^^^^^^^
        self.reader.read_line,
        ^^^^^^^^^^^^^^^^^^^^^^
    )
    ^
  File "/Users/segevbin/Desktop/SensAI/Aiayer/.venv/lib/python3.13/site-packages/websockets/http11.py", line 140, in parse
    raise EOFError("connection closed while reading HTTP request line") from exc
EOFError: connection closed while reading HTTP request line

The above exception was the direct cause of the following exception:

Traceback (most recent call last):
  File "/Users/segevbin/Desktop/SensAI/Aiayer/.venv/lib/python3.13/site-packages/websockets/asyncio/server.py", line 356, in conn_handler
    await connection.handshake(
    ...<3 lines>...
    )
  File "/Users/segevbin/Desktop/SensAI/Aiayer/.venv/lib/python3.13/site-packages/websockets/asyncio/server.py", line 207, in handshake
    raise self.protocol.handshake_exc
websockets.exceptions.InvalidMessage: did not receive a valid HTTP request
2025-06-04 14:06:46,455 - INFO - connection open
2025-06-04 14:06:46,455 - INFO - Client client_5432166992 connected
2025-06-04 14:06:50,355 - INFO - connection open
2025-06-04 14:06:50,356 - INFO - Client client_5432168912 connected
2025-06-04 14:07:35,378 - INFO - connection open
2025-06-04 14:07:35,379 - INFO - Client client_5431881376 connected
2025-06-04 14:07:35,380 - INFO - Received message type: agent_confirmation
2025-06-04 14:07:35,380 - INFO - Agent confirmation received: {'type': 'agent_confirmation', 'sessionId': 'task_1749060455_overlay_session_1749060455285', 'action': 'execute_plan'}
2025-06-04 14:07:35,381 - INFO - Using universal automation handler for execute_plan on plan task_1749060455_overlay_session_1749060455285
2025-06-04 14:07:35,381 - INFO - 🔘 Handling button action: execute_plan for plan: task_1749060455_overlay_session_1749060455285
2025-06-04 14:07:35,381 - INFO - 🔍 Loading plan with ID: task_1749060455_overlay_session_1749060455285
2025-06-04 14:07:35,382 - INFO - ✅ Loaded plan from cache/plans/task_1749060455_overlay_session_1749060455285.json
2025-06-04 14:07:35,382 - INFO - ✅ Successfully loaded plan: task_1749060455_overlay_session_1749060455285
2025-06-04 14:07:35,382 - ERROR - Error loading plan from persistent storage: UniversalAutomationPlan.__init__() got an unexpected keyword argument 'id'
2025-06-04 14:07:35,382 - WARNING - ❌ Plan not found for button action: task_1749060455_overlay_session_1749060455285
2025-06-04 14:07:35,382 - INFO - Universal handler result: {'success': False, 'response': '❌ Plan not found. It may have expired or been cancelled.', 'interactive': False}
2025-06-04 14:11:02,724 - INFO - Detected screen size: 1470x956
2025-06-04 14:11:02,725 - INFO - Standard mouse listener started successfully
2025-06-04 14:11:02,725 - INFO - Keyboard listener started successfully
2025-06-04 14:11:02,725 - INFO - Input controller initialized (safe mode)
2025-06-04 14:11:02,725 - INFO - 🚨 Emergency shutdown: Press Ctrl+1 to immediately stop agent
2025-06-04 14:11:02,725 - INFO - ✅ Input controller loaded successfully
2025-06-04 14:11:02,729 - INFO - Loaded 0 plans from metadata
2025-06-04 14:11:02,729 - INFO - Plan persistence system initialized
2025-06-04 14:11:02,729 - INFO - ✅ Plan persistence module loaded successfully
2025-06-04 14:11:03,072 - INFO - Standard mouse listener started successfully
2025-06-04 14:11:03,072 - INFO - Keyboard listener started successfully
2025-06-04 14:11:03,072 - INFO - Input controller initialized (safe mode)
2025-06-04 14:11:03,072 - INFO - 🚨 Emergency shutdown: Press Ctrl+1 to immediately stop agent
2025-06-04 14:11:03,142 - INFO - Connected to Ollama API v0.6.8
2025-06-04 14:11:03,142 - INFO - LLaVA visual processor initialized for total screen analysis
2025-06-04 14:11:03,142 - INFO - Total Screen Analyzer initialized with 8s interval
2025-06-04 14:11:03,142 - INFO - 🤖 Real automation components loaded successfully
2025-06-04 14:11:03,142 - INFO - Standard mouse listener started successfully
2025-06-04 14:11:03,142 - INFO - Keyboard listener started successfully
2025-06-04 14:11:03,142 - INFO - Input controller initialized (safe mode)
2025-06-04 14:11:03,143 - INFO - 🚨 Emergency shutdown: Press Ctrl+1 to immediately stop agent
2025-06-04 14:11:03,146 - INFO - Connected to Ollama API v0.6.8
2025-06-04 14:11:03,146 - INFO - LLaVA visual processor initialized for total screen analysis
2025-06-04 14:11:03,146 - INFO - Total Screen Analyzer initialized with 8s interval
2025-06-04 14:11:03,146 - INFO - 🤖 Real automation components loaded successfully
2025-06-04 14:11:03,146 - INFO - ✅ Real agent automation handler loaded successfully
2025-06-04 14:11:03,148 - INFO - Standard mouse listener started successfully
2025-06-04 14:11:03,148 - INFO - Keyboard listener started successfully
2025-06-04 14:11:03,148 - INFO - Input controller initialized (safe mode)
2025-06-04 14:11:03,148 - INFO - 🚨 Emergency shutdown: Press Ctrl+1 to immediately stop agent
2025-06-04 14:11:03,151 - INFO - Connected to Ollama API v0.6.8
2025-06-04 14:11:03,151 - INFO - LLaVA visual processor initialized for total screen analysis
2025-06-04 14:11:03,151 - INFO - Total Screen Analyzer initialized with 8s interval
2025-06-04 14:11:03,151 - INFO - 🔄 Adaptive retry automation system loaded
2025-06-04 14:11:03,151 - INFO - ✅ Adaptive retry automation handler loaded successfully
2025-06-04 14:11:03,151 - INFO - ✅ Plan persistence module loaded successfully
2025-06-04 14:11:03,152 - INFO - Standard mouse listener started successfully
2025-06-04 14:11:03,152 - INFO - Keyboard listener started successfully
2025-06-04 14:11:03,152 - INFO - Input controller initialized (safe mode)
2025-06-04 14:11:03,152 - INFO - 🚨 Emergency shutdown: Press Ctrl+1 to immediately stop agent
2025-06-04 14:11:03,154 - INFO - Connected to Ollama API v0.6.8
2025-06-04 14:11:03,154 - INFO - LLaVA visual processor initialized for total screen analysis
2025-06-04 14:11:03,154 - INFO - Total Screen Analyzer initialized with 8s interval
2025-06-04 14:11:03,154 - INFO - 🤖 Universal automation components loaded successfully
2025-06-04 14:11:03,154 - INFO - ✅ Universal automation handler loaded successfully
2025-06-04 14:11:03,154 - INFO - Port 8768 is available
2025-06-04 14:11:03,154 - INFO - Starting ultimate DO button server on localhost:8768
2025-06-04 14:11:03,165 - INFO - server listening on 127.0.0.1:8768
2025-06-04 14:11:03,165 - INFO - server listening on [::1]:8768
2025-06-04 14:11:03,165 - INFO - ✅ Ultimate DO Button Server running on ws://localhost:8768
2025-06-04 14:11:03,165 - INFO - 📋 Server supports all three message formats: agent_confirmation, button_action, and do_button
2025-06-04 14:11:05,182 - INFO - connection open
2025-06-04 14:11:05,182 - INFO - Client client_5248476768 connected
2025-06-04 14:11:05,183 - INFO - Received message type: agent_confirmation
2025-06-04 14:11:05,183 - INFO - Agent confirmation received: {'type': 'agent_confirmation', 'sessionId': 'task_1749060665_overlay_session_1749060665147', 'action': 'execute_plan'}
2025-06-04 14:11:05,183 - INFO - Using universal automation handler for execute_plan on plan task_1749060665_overlay_session_1749060665147
2025-06-04 14:11:05,183 - INFO - 🔘 Handling button action: execute_plan for plan: task_1749060665_overlay_session_1749060665147
2025-06-04 14:11:05,183 - INFO - 🔍 Loading plan with ID: task_1749060665_overlay_session_1749060665147
2025-06-04 14:11:05,183 - INFO - ✅ Loaded plan from cache/plans/task_1749060665_overlay_session_1749060665147.json
2025-06-04 14:11:05,183 - INFO - ✅ Successfully loaded plan: task_1749060665_overlay_session_1749060665147
2025-06-04 14:11:05,183 - ERROR - Error loading plan from persistent storage: UniversalAutomationPlan.__init__() got an unexpected keyword argument 'plan_id'
2025-06-04 14:11:05,183 - WARNING - ❌ Plan not found for button action: task_1749060665_overlay_session_1749060665147
2025-06-04 14:11:05,183 - INFO - Universal handler result: {'success': False, 'response': '❌ Plan not found. It may have expired or been cancelled.', 'interactive': False}
2025-06-04 14:11:05,902 - INFO - connection open
2025-06-04 14:11:05,902 - INFO - Client client_5248666192 connected
2025-06-04 14:13:56,137 - INFO - connection open
2025-06-04 14:13:56,139 - INFO - Client client_5248669392 connected
2025-06-04 14:13:56,141 - INFO - Received message type: unknown
2025-06-04 14:13:56,141 - INFO - 📩 Direct message format received: Suggest
2025-06-04 14:13:56,141 - INFO - ✅ Forwarded direct message to overlay
2025-06-04 14:13:56,154 - INFO - connection open
2025-06-04 14:13:56,154 - INFO - Client client_5248396048 connected
2025-06-04 14:13:56,155 - INFO - Received message type: notification
2025-06-04 14:13:56,155 - WARNING - Unknown message type: notification
2025-06-04 14:16:47,095 - INFO - connection open
2025-06-04 14:16:47,096 - INFO - Client client_5248399088 connected
2025-06-04 14:16:47,096 - INFO - Received message type: unknown
2025-06-04 14:16:47,096 - INFO - 📩 Direct message format received: Agent
2025-06-04 14:16:47,097 - INFO - ✅ Forwarded direct message to overlay
2025-06-04 14:17:58,163 - INFO - connection open
2025-06-04 14:17:58,164 - INFO - Client client_5259707056 connected
2025-06-04 14:17:58,166 - INFO - Received message type: unknown
2025-06-04 14:17:58,166 - INFO - 📩 Direct message format received: Agent
2025-06-04 14:17:58,166 - INFO - ✅ Forwarded direct message to overlay
2025-06-04 14:18:39,173 - INFO - connection open
2025-06-04 14:18:39,175 - INFO - Client client_5259707968 connected
2025-06-04 14:18:39,176 - INFO - Received message type: unknown
2025-06-04 14:18:39,177 - INFO - 📩 Direct message format received: Agent
2025-06-04 14:18:39,177 - INFO - ✅ Forwarded direct message to overlay
2025-06-04 14:18:49,305 - INFO - connection open
2025-06-04 14:18:49,306 - INFO - Client client_5259708576 connected
2025-06-04 14:18:49,306 - INFO - Received message type: unknown
2025-06-04 14:18:49,306 - INFO - 📩 Direct message format received: Ask
2025-06-04 14:18:49,306 - INFO - ✅ Forwarded direct message to overlay
2025-06-04 14:19:29,866 - INFO - connection open
2025-06-04 14:19:29,866 - INFO - Client client_5259709184 connected
2025-06-04 14:19:29,867 - INFO - Received message type: unknown
2025-06-04 14:19:29,867 - INFO - 📩 Direct message format received: Agent
2025-06-04 14:19:29,867 - INFO - ✅ Forwarded direct message to overlay
2025-06-04 14:20:20,519 - INFO - connection open
2025-06-04 14:20:20,520 - INFO - Client client_5259709792 connected
2025-06-04 14:20:20,520 - INFO - Received message type: unknown
2025-06-04 14:20:20,520 - INFO - 📩 Direct message format received: Creative
2025-06-04 14:20:20,520 - INFO - ✅ Forwarded direct message to overlay
2025-06-04 14:20:30,722 - INFO - connection open
2025-06-04 14:20:30,723 - INFO - Client client_5259710400 connected
2025-06-04 14:20:30,724 - INFO - Received message type: unknown
2025-06-04 14:20:30,724 - INFO - 📩 Direct message format received: Creative
2025-06-04 14:20:30,724 - INFO - ✅ Forwarded direct message to overlay
2025-06-04 14:20:51,238 - INFO - connection open
2025-06-04 14:20:51,246 - INFO - Client client_5259711008 connected
2025-06-04 14:20:51,256 - INFO - Received message type: unknown
2025-06-04 14:20:51,256 - INFO - 📩 Direct message format received: Creative
2025-06-04 14:20:51,256 - INFO - ✅ Forwarded direct message to overlay
2025-06-04 14:21:01,625 - INFO - connection open
2025-06-04 14:21:01,627 - INFO - Client client_5259711616 connected
2025-06-04 14:21:01,628 - INFO - Received message type: unknown
2025-06-04 14:21:01,628 - INFO - 📩 Direct message format received: Agent
2025-06-04 14:21:01,628 - INFO - ✅ Forwarded direct message to overlay
2025-06-04 14:21:21,956 - INFO - connection open
2025-06-04 14:21:21,957 - INFO - Client client_5259712224 connected
2025-06-04 14:21:21,958 - INFO - Received message type: unknown
2025-06-04 14:21:21,958 - INFO - 📩 Direct message format received: Ask
2025-06-04 14:21:21,958 - INFO - ✅ Forwarded direct message to overlay
2025-06-04 14:21:54,989 - INFO - connection open
2025-06-04 14:21:54,990 - INFO - Client client_5259712832 connected
2025-06-04 14:21:54,990 - INFO - Received message type: unknown
2025-06-04 14:21:54,991 - INFO - 📩 Direct message format received: Suggest
2025-06-04 14:21:54,991 - INFO - ✅ Forwarded direct message to overlay
2025-06-04 14:23:03,533 - INFO - connection open
2025-06-04 14:23:03,534 - INFO - Client client_5259713440 connected
2025-06-04 14:23:03,535 - INFO - Received message type: unknown
2025-06-04 14:23:03,535 - INFO - 📩 Direct message format received: Ask
2025-06-04 14:23:03,535 - INFO - ✅ Forwarded direct message to overlay
2025-06-04 14:23:13,664 - INFO - connection open
2025-06-04 14:23:13,664 - INFO - Client client_5259714048 connected
2025-06-04 14:23:13,665 - INFO - Received message type: unknown
2025-06-04 14:23:13,665 - INFO - 📩 Direct message format received: Creative
2025-06-04 14:23:13,665 - INFO - ✅ Forwarded direct message to overlay
2025-06-04 14:23:33,931 - INFO - connection open
2025-06-04 14:23:33,932 - INFO - Client client_5259714656 connected
2025-06-04 14:23:33,933 - INFO - Received message type: unknown
2025-06-04 14:23:33,933 - INFO - 📩 Direct message format received: Agent
2025-06-04 14:23:33,933 - INFO - ✅ Forwarded direct message to overlay
2025-06-04 14:24:04,588 - INFO - connection open
2025-06-04 14:24:04,588 - INFO - Client client_5259715264 connected
2025-06-04 14:24:04,589 - INFO - Received message type: unknown
2025-06-04 14:24:04,589 - INFO - 📩 Direct message format received: Ask
2025-06-04 14:24:04,589 - INFO - ✅ Forwarded direct message to overlay
2025-06-04 14:24:14,709 - INFO - connection open
2025-06-04 14:24:14,710 - INFO - Client client_5259715872 connected
2025-06-04 14:24:14,710 - INFO - Received message type: unknown
2025-06-04 14:24:14,710 - INFO - 📩 Direct message format received: Ask
2025-06-04 14:24:14,710 - INFO - ✅ Forwarded direct message to overlay
2025-06-04 14:24:45,464 - INFO - connection open
2025-06-04 14:24:45,465 - INFO - Client client_5259716480 connected
2025-06-04 14:24:45,467 - INFO - Received message type: unknown
2025-06-04 14:24:45,467 - INFO - 📩 Direct message format received: Creative
2025-06-04 14:24:45,467 - INFO - ✅ Forwarded direct message to overlay
2025-06-04 14:25:34,448 - INFO - connection open
2025-06-04 14:25:34,449 - INFO - Client client_5259717088 connected
2025-06-04 14:25:34,449 - INFO - Received message type: unknown
2025-06-04 14:25:34,450 - INFO - 📩 Direct message format received: Suggest
2025-06-04 14:25:34,450 - INFO - ✅ Forwarded direct message to overlay
2025-06-04 14:25:56,621 - INFO - connection open
2025-06-04 14:25:56,622 - INFO - Client client_5259717696 connected
2025-06-04 14:25:56,623 - INFO - Received message type: unknown
2025-06-04 14:25:56,623 - INFO - 📩 Direct message format received: Creative
2025-06-04 14:25:56,623 - INFO - ✅ Forwarded direct message to overlay
2025-06-04 14:25:59,637 - INFO - connection open
2025-06-04 14:25:59,637 - INFO - Client client_5259718304 connected
2025-06-04 14:25:59,638 - INFO - Received message type: unknown
2025-06-04 14:25:59,638 - INFO - 📩 Direct message format received: Suggest
2025-06-04 14:25:59,638 - INFO - ✅ Forwarded direct message to overlay
2025-06-04 14:26:29,867 - INFO - connection open
2025-06-04 14:26:29,868 - INFO - Client client_5259718912 connected
2025-06-04 14:26:29,868 - INFO - Received message type: agent_confirmation
2025-06-04 14:26:29,869 - INFO - Agent confirmation received: {'type': 'agent_confirmation', 'sessionId': 'task_1749061589_overlay_session_1749061589864', 'action': 'execute_plan'}
2025-06-04 14:26:29,870 - INFO - Using universal automation handler for execute_plan on plan task_1749061589_overlay_session_1749061589864
2025-06-04 14:26:29,871 - INFO - 🔘 Handling button action: execute_plan for plan: task_1749061589_overlay_session_1749061589864
2025-06-04 14:26:29,872 - INFO - 🔍 Loading plan with ID: task_1749061589_overlay_session_1749061589864
2025-06-04 14:26:29,877 - INFO - ✅ Loaded plan from cache/plans/task_1749061589_overlay_session_1749061589864.json
2025-06-04 14:26:29,877 - INFO - ✅ Successfully loaded plan: task_1749061589_overlay_session_1749061589864
2025-06-04 14:26:29,877 - ERROR - Error loading plan from persistent storage: UniversalAutomationPlan.__init__() got an unexpected keyword argument 'type'
2025-06-04 14:26:29,877 - WARNING - ❌ Plan not found for button action: task_1749061589_overlay_session_1749061589864
2025-06-04 14:26:29,878 - INFO - Universal handler result: {'success': False, 'response': '❌ Plan not found. It may have expired or been cancelled.', 'interactive': False}
2025-06-04 14:27:08,171 - INFO - connection open
2025-06-04 14:27:08,172 - INFO - Client client_5259719520 connected
2025-06-04 14:27:08,173 - INFO - Received message type: unknown
2025-06-04 14:27:08,173 - INFO - 📩 Direct message format received: Suggest
2025-06-04 14:27:08,173 - INFO - ✅ Forwarded direct message to overlay
2025-06-04 14:27:38,581 - INFO - connection open
2025-06-04 14:27:38,582 - INFO - Client client_5248399696 connected
2025-06-04 14:27:38,582 - INFO - Received message type: unknown
2025-06-04 14:27:38,583 - INFO - 📩 Direct message format received: Creative
2025-06-04 14:27:38,583 - INFO - ✅ Forwarded direct message to overlay
2025-06-04 14:27:39,188 - INFO - connection open
2025-06-04 14:27:39,189 - INFO - Client client_5248400912 connected
2025-06-04 14:27:39,189 - INFO - Received message type: unknown
2025-06-04 14:27:39,189 - INFO - 📩 Direct message format received: Suggest
2025-06-04 14:27:39,189 - INFO - ✅ Forwarded direct message to overlay
2025-06-04 14:27:57,160 - INFO - connection open
2025-06-04 14:27:57,161 - INFO - Client client_5248399392 connected
2025-06-04 14:27:57,162 - INFO - Received message type: unknown
2025-06-04 14:27:57,162 - INFO - 📩 Direct message format received: Suggest
2025-06-04 14:27:57,162 - INFO - ✅ Forwarded direct message to overlay
2025-06-04 14:28:07,952 - INFO - connection open
2025-06-04 14:28:07,953 - INFO - Client client_5248398784 connected
2025-06-04 14:28:07,954 - INFO - Received message type: unknown
2025-06-04 14:28:07,954 - INFO - 📩 Direct message format received: Suggest
2025-06-04 14:28:07,954 - INFO - ✅ Forwarded direct message to overlay
2025-06-04 14:29:41,318 - INFO - connection open
2025-06-04 14:29:41,319 - INFO - Client client_5248396048 connected
2025-06-04 14:29:41,323 - INFO - Received message type: unknown
2025-06-04 14:29:41,323 - INFO - 📩 Direct message format received: Ask
2025-06-04 14:29:41,323 - INFO - ✅ Forwarded direct message to overlay
2025-06-04 14:29:51,612 - INFO - connection open
2025-06-04 14:29:51,613 - INFO - Client client_5248396960 connected
2025-06-04 14:29:51,614 - INFO - Received message type: unknown
2025-06-04 14:29:51,614 - INFO - 📩 Direct message format received: Suggest
2025-06-04 14:29:51,614 - INFO - ✅ Forwarded direct message to overlay
2025-06-04 14:30:01,921 - INFO - connection open
2025-06-04 14:30:01,921 - INFO - Client client_5248397872 connected
2025-06-04 14:30:01,922 - INFO - Received message type: unknown
2025-06-04 14:30:01,923 - INFO - 📩 Direct message format received: Ask
2025-06-04 14:30:01,923 - INFO - ✅ Forwarded direct message to overlay
2025-06-04 14:32:14,005 - INFO - connection open
2025-06-04 14:32:14,007 - INFO - Client client_5248396352 connected
2025-06-04 14:32:14,008 - INFO - Received message type: unknown
2025-06-04 14:32:14,008 - INFO - 📩 Direct message format received: Suggest
2025-06-04 14:32:14,008 - INFO - ✅ Forwarded direct message to overlay
2025-06-04 14:32:34,295 - INFO - connection open
2025-06-04 14:32:34,296 - INFO - Client client_5248395744 connected
2025-06-04 14:32:34,297 - INFO - Received message type: unknown
2025-06-04 14:32:34,297 - INFO - 📩 Direct message format received: Agent
2025-06-04 14:32:34,297 - INFO - ✅ Forwarded direct message to overlay
2025-06-04 14:32:54,576 - INFO - connection open
2025-06-04 14:32:54,577 - INFO - Client client_5248395136 connected
2025-06-04 14:32:54,578 - INFO - Received message type: unknown
2025-06-04 14:32:54,578 - INFO - 📩 Direct message format received: Agent
2025-06-04 14:32:54,578 - INFO - ✅ Forwarded direct message to overlay
2025-06-04 14:33:14,902 - INFO - connection open
2025-06-04 14:33:14,904 - INFO - Client client_5259718912 connected
2025-06-04 14:33:14,905 - INFO - Received message type: unknown
2025-06-04 14:33:14,905 - INFO - 📩 Direct message format received: Agent
2025-06-04 14:33:14,905 - INFO - ✅ Forwarded direct message to overlay
2025-06-04 14:33:25,021 - INFO - connection open
2025-06-04 14:33:25,021 - INFO - Client client_5259718304 connected
2025-06-04 14:33:25,022 - INFO - Received message type: unknown
2025-06-04 14:33:25,022 - INFO - 📩 Direct message format received: Creative
2025-06-04 14:33:25,022 - INFO - ✅ Forwarded direct message to overlay
2025-06-04 14:34:25,989 - INFO - connection open
2025-06-04 14:34:25,990 - INFO - Client client_5259717696 connected
2025-06-04 14:34:25,990 - INFO - Received message type: unknown
2025-06-04 14:34:25,990 - INFO - 📩 Direct message format received: Ask
2025-06-04 14:34:25,990 - INFO - ✅ Forwarded direct message to overlay
2025-06-04 14:35:06,745 - INFO - connection open
2025-06-04 14:35:06,747 - INFO - Client client_5259717088 connected
2025-06-04 14:35:06,748 - INFO - Received message type: unknown
2025-06-04 14:35:06,748 - INFO - 📩 Direct message format received: Suggest
2025-06-04 14:35:06,748 - INFO - ✅ Forwarded direct message to overlay
2025-06-04 14:35:17,147 - INFO - connection open
2025-06-04 14:35:17,148 - INFO - Client client_5259716480 connected
2025-06-04 14:35:17,152 - INFO - Received message type: unknown
2025-06-04 14:35:17,152 - INFO - 📩 Direct message format received: Agent
2025-06-04 14:35:17,152 - INFO - ✅ Forwarded direct message to overlay
2025-06-04 14:35:27,368 - INFO - connection open
2025-06-04 14:35:27,369 - INFO - Client client_5259715872 connected
2025-06-04 14:35:27,369 - INFO - Received message type: unknown
2025-06-04 14:35:27,370 - INFO - 📩 Direct message format received: Creative
2025-06-04 14:35:27,370 - INFO - ✅ Forwarded direct message to overlay
2025-06-04 14:36:09,148 - INFO - connection open
2025-06-04 14:36:09,149 - INFO - Client client_5259715264 connected
2025-06-04 14:36:09,150 - INFO - Received message type: unknown
2025-06-04 14:36:09,150 - INFO - 📩 Direct message format received: Agent
2025-06-04 14:36:09,151 - INFO - ✅ Forwarded direct message to overlay
2025-06-04 14:36:40,917 - INFO - connection open
2025-06-04 14:36:40,919 - INFO - Client client_5259714656 connected
2025-06-04 14:36:40,920 - INFO - Received message type: unknown
2025-06-04 14:36:40,920 - INFO - 📩 Direct message format received: Ask
2025-06-04 14:36:40,921 - INFO - ✅ Forwarded direct message to overlay
2025-06-04 14:37:14,324 - INFO - connection open
2025-06-04 14:37:14,326 - INFO - Client client_5259714048 connected
2025-06-04 14:37:14,329 - INFO - Received message type: unknown
2025-06-04 14:37:14,330 - INFO - 📩 Direct message format received: Agent
2025-06-04 14:37:14,330 - INFO - ✅ Forwarded direct message to overlay
2025-06-04 14:37:57,013 - INFO - connection open
2025-06-04 14:37:57,017 - INFO - Client client_5259713440 connected
2025-06-04 14:37:57,019 - INFO - Received message type: unknown
2025-06-04 14:37:57,019 - INFO - 📩 Direct message format received: Agent
2025-06-04 14:37:57,019 - INFO - ✅ Forwarded direct message to overlay
2025-06-04 14:38:32,817 - INFO - connection open
2025-06-04 14:38:32,821 - INFO - Client client_5259712832 connected
2025-06-04 14:38:32,869 - INFO - Received message type: unknown
2025-06-04 14:38:32,869 - INFO - 📩 Direct message format received: Creative
2025-06-04 14:38:32,869 - INFO - ✅ Forwarded direct message to overlay
2025-06-04 14:40:16,641 - INFO - connection open
2025-06-04 14:40:16,642 - INFO - Client client_5259712224 connected
2025-06-04 14:40:16,643 - INFO - Received message type: unknown
2025-06-04 14:40:16,643 - INFO - 📩 Direct message format received: Suggest
2025-06-04 14:40:16,643 - INFO - ✅ Forwarded direct message to overlay
2025-06-04 14:42:39,883 - INFO - connection open
2025-06-04 14:42:39,885 - INFO - Client client_5259711616 connected
2025-06-04 14:42:39,889 - INFO - Received message type: unknown
2025-06-04 14:42:39,890 - INFO - 📩 Direct message format received: Ask
2025-06-04 14:42:39,890 - INFO - ✅ Forwarded direct message to overlay
2025-06-04 14:43:21,675 - INFO - connection open
2025-06-04 14:43:21,676 - INFO - Client client_5259711008 connected
2025-06-04 14:43:21,678 - INFO - Received message type: unknown
2025-06-04 14:43:21,678 - INFO - 📩 Direct message format received: Ask
2025-06-04 14:43:21,678 - INFO - ✅ Forwarded direct message to overlay
2025-06-04 14:44:03,426 - INFO - connection open
2025-06-04 14:44:03,429 - INFO - Client client_5259710400 connected
2025-06-04 14:44:03,433 - INFO - Received message type: unknown
2025-06-04 14:44:03,433 - INFO - 📩 Direct message format received: Suggest
2025-06-04 14:44:03,433 - INFO - ✅ Forwarded direct message to overlay
2025-06-04 14:45:25,777 - INFO - connection open
2025-06-04 14:45:25,778 - INFO - Client client_5259709792 connected
2025-06-04 14:45:25,779 - INFO - Received message type: unknown
2025-06-04 14:45:25,779 - INFO - 📩 Direct message format received: Ask
2025-06-04 14:45:25,779 - INFO - ✅ Forwarded direct message to overlay
2025-06-04 14:46:06,640 - INFO - connection open
2025-06-04 14:46:06,642 - INFO - Client client_5259709184 connected
2025-06-04 14:46:06,643 - INFO - Received message type: unknown
2025-06-04 14:46:06,643 - INFO - 📩 Direct message format received: Ask
2025-06-04 14:46:06,644 - INFO - ✅ Forwarded direct message to overlay
2025-06-04 14:46:37,219 - INFO - connection open
2025-06-04 14:46:37,219 - INFO - Client client_5259708576 connected
2025-06-04 14:46:37,220 - INFO - Received message type: unknown
2025-06-04 14:46:37,220 - INFO - 📩 Direct message format received: Ask
2025-06-04 14:46:37,221 - INFO - ✅ Forwarded direct message to overlay
2025-06-04 14:47:07,820 - INFO - connection open
2025-06-04 14:47:07,821 - INFO - Client client_5259707968 connected
2025-06-04 14:47:07,822 - INFO - Received message type: unknown
2025-06-04 14:47:07,822 - INFO - 📩 Direct message format received: Creative
2025-06-04 14:47:07,822 - INFO - ✅ Forwarded direct message to overlay
2025-06-04 14:47:42,480 - INFO - connection open
2025-06-04 14:47:42,484 - INFO - Client client_5259707056 connected
2025-06-04 14:47:42,488 - INFO - Received message type: unknown
2025-06-04 14:47:42,488 - INFO - 📩 Direct message format received: Suggest
2025-06-04 14:47:42,489 - INFO - ✅ Forwarded direct message to overlay
2025-06-04 14:48:23,894 - INFO - connection open
2025-06-04 14:48:23,896 - INFO - Client client_5259707360 connected
2025-06-04 14:48:23,897 - INFO - Received message type: unknown
2025-06-04 14:48:23,897 - INFO - 📩 Direct message format received: Agent
2025-06-04 14:48:23,897 - INFO - ✅ Forwarded direct message to overlay
2025-06-04 14:48:34,084 - INFO - connection open
2025-06-04 14:48:34,085 - INFO - Client client_5259706448 connected
2025-06-04 14:48:34,086 - INFO - Received message type: unknown
2025-06-04 14:48:34,086 - INFO - 📩 Direct message format received: Creative
2025-06-04 14:48:34,086 - INFO - ✅ Forwarded direct message to overlay
2025-06-04 14:49:30,016 - INFO - connection open
2025-06-04 14:49:30,017 - INFO - Client client_5259720432 connected
2025-06-04 14:49:35,644 - INFO - connection open
2025-06-04 14:49:35,644 - INFO - Client client_5248395136 connected
2025-06-04 14:49:35,645 - INFO - Received message type: unknown
2025-06-04 14:49:35,645 - INFO - 📩 Direct message format received: Suggest
2025-06-04 14:49:35,646 - INFO - ✅ Forwarded direct message to overlay
2025-06-04 14:50:13,003 - INFO - connection open
2025-06-04 14:50:13,004 - INFO - Client client_5248397264 connected
2025-06-04 14:51:51,816 - INFO - connection open
2025-06-04 14:51:51,818 - INFO - Client client_5248396352 connected
2025-06-04 14:51:51,819 - INFO - Received message type: unknown
2025-06-04 14:51:51,819 - INFO - 📩 Direct message format received: Agent
2025-06-04 14:51:51,819 - INFO - ✅ Forwarded direct message to overlay
2025-06-04 14:52:02,019 - INFO - connection open
2025-06-04 14:52:02,020 - INFO - Client client_5248397872 connected
2025-06-04 14:52:02,021 - INFO - Received message type: unknown
2025-06-04 14:52:02,021 - INFO - 📩 Direct message format received: Ask
2025-06-04 14:52:02,021 - INFO - ✅ Forwarded direct message to overlay
2025-06-04 14:52:12,194 - INFO - connection open
2025-06-04 14:52:12,195 - INFO - Client client_5248396960 connected
2025-06-04 14:52:12,196 - INFO - Received message type: unknown
2025-06-04 14:52:12,196 - INFO - 📩 Direct message format received: Agent
2025-06-04 14:52:12,196 - INFO - ✅ Forwarded direct message to overlay
2025-06-04 14:52:42,779 - INFO - connection open
2025-06-04 14:52:42,780 - INFO - Client client_5248396048 connected
2025-06-04 14:52:42,781 - INFO - Received message type: unknown
2025-06-04 14:52:42,781 - INFO - 📩 Direct message format received: Ask
2025-06-04 14:52:42,781 - INFO - ✅ Forwarded direct message to overlay
2025-06-04 14:52:53,009 - INFO - connection open
2025-06-04 14:52:53,009 - INFO - Client client_5248398784 connected
2025-06-04 14:52:53,010 - INFO - Received message type: unknown
2025-06-04 14:52:53,010 - INFO - 📩 Direct message format received: Suggest
2025-06-04 14:52:53,011 - INFO - ✅ Forwarded direct message to overlay
2025-06-04 14:53:04,076 - INFO - connection open
2025-06-04 14:53:04,082 - INFO - Client client_5248399392 connected
2025-06-04 14:53:04,088 - INFO - Received message type: unknown
2025-06-04 14:53:04,088 - INFO - 📩 Direct message format received: Suggest
2025-06-04 14:53:04,089 - INFO - ✅ Forwarded direct message to overlay
2025-06-04 14:53:14,400 - INFO - connection open
2025-06-04 14:53:14,400 - INFO - Client client_5248400912 connected
2025-06-04 14:53:14,401 - INFO - Received message type: unknown
2025-06-04 14:53:14,401 - INFO - 📩 Direct message format received: Suggest
2025-06-04 14:53:14,402 - INFO - ✅ Forwarded direct message to overlay
2025-06-04 14:53:47,070 - INFO - connection open
2025-06-04 14:53:47,071 - INFO - Client client_5248399696 connected
2025-06-04 14:53:47,072 - INFO - Received message type: unknown
2025-06-04 14:53:47,072 - INFO - 📩 Direct message format received: Ask
2025-06-04 14:53:47,073 - INFO - ✅ Forwarded direct message to overlay
2025-06-04 14:53:57,874 - INFO - connection open
2025-06-04 14:53:57,875 - INFO - Client client_5259706448 connected
2025-06-04 14:53:57,876 - INFO - Received message type: unknown
2025-06-04 14:53:57,876 - INFO - 📩 Direct message format received: Creative
2025-06-04 14:53:57,876 - INFO - ✅ Forwarded direct message to overlay
2025-06-04 14:55:09,207 - INFO - connection open
2025-06-04 14:55:09,209 - INFO - Client client_5259707360 connected
2025-06-04 14:55:09,211 - INFO - Received message type: unknown
2025-06-04 14:55:09,211 - INFO - 📩 Direct message format received: Ask
2025-06-04 14:55:09,211 - INFO - ✅ Forwarded direct message to overlay
2025-06-04 14:55:20,750 - INFO - connection open
2025-06-04 14:55:20,756 - INFO - Client client_5259707056 connected
2025-06-04 14:55:20,771 - INFO - Received message type: unknown
2025-06-04 14:55:20,771 - INFO - 📩 Direct message format received: Ask
2025-06-04 14:55:20,771 - INFO - ✅ Forwarded direct message to overlay
2025-06-04 14:55:56,798 - INFO - connection open
2025-06-04 14:55:56,799 - INFO - Client client_5259708272 connected
2025-06-04 14:55:58,429 - INFO - Received message type: unknown
2025-06-04 14:55:58,430 - WARNING - Unknown message type: unknown
2025-06-04 14:56:01,285 - INFO - Received message type: unknown
2025-06-04 14:56:01,286 - WARNING - Unknown message type: unknown
2025-06-04 14:56:12,505 - INFO - connection open
2025-06-04 14:56:12,506 - INFO - Client client_5259708576 connected
2025-06-04 14:56:12,506 - INFO - Received message type: unknown
2025-06-04 14:56:12,507 - INFO - 📩 Direct message format received: Suggest
2025-06-04 14:56:12,507 - INFO - ✅ Forwarded direct message to overlay
2025-06-04 14:56:33,129 - INFO - connection open
2025-06-04 14:56:33,129 - INFO - Client client_5259709184 connected
2025-06-04 14:56:33,130 - INFO - Received message type: unknown
2025-06-04 14:56:33,130 - INFO - 📩 Direct message format received: Agent
2025-06-04 14:56:33,130 - INFO - ✅ Forwarded direct message to overlay
2025-06-04 14:58:14,432 - INFO - connection open
2025-06-04 14:58:14,468 - INFO - Client client_5259709792 connected
2025-06-04 14:58:14,495 - INFO - Received message type: unknown
2025-06-04 14:58:14,497 - INFO - 📩 Direct message format received: Suggest
2025-06-04 14:58:14,504 - INFO - ✅ Forwarded direct message to overlay
2025-06-04 15:01:37,520 - INFO - connection open
2025-06-04 15:01:37,524 - INFO - Client client_5259710400 connected
2025-06-04 15:01:37,526 - INFO - Received message type: unknown
2025-06-04 15:01:37,526 - INFO - 📩 Direct message format received: Agent
2025-06-04 15:01:37,526 - INFO - ✅ Forwarded direct message to overlay
2025-06-04 15:01:57,880 - INFO - connection open
2025-06-04 15:01:57,880 - INFO - Client client_5259711008 connected
2025-06-04 15:01:57,881 - INFO - Received message type: unknown
2025-06-04 15:01:57,882 - INFO - 📩 Direct message format received: Suggest
2025-06-04 15:01:57,882 - INFO - ✅ Forwarded direct message to overlay
2025-06-04 15:03:09,226 - INFO - connection open
2025-06-04 15:03:09,227 - INFO - Client client_5259711616 connected
2025-06-04 15:03:09,228 - INFO - Received message type: unknown
2025-06-04 15:03:09,228 - INFO - 📩 Direct message format received: Creative
2025-06-04 15:03:09,228 - INFO - ✅ Forwarded direct message to overlay
2025-06-04 15:03:29,641 - INFO - connection open
2025-06-04 15:03:29,643 - INFO - Client client_5259712224 connected
2025-06-04 15:03:29,645 - INFO - Received message type: unknown
2025-06-04 15:03:29,645 - INFO - 📩 Direct message format received: Ask
2025-06-04 15:03:29,646 - INFO - ✅ Forwarded direct message to overlay
2025-06-04 15:05:01,332 - INFO - connection open
2025-06-04 15:05:01,333 - INFO - Client client_5259712832 connected
2025-06-04 15:05:01,335 - INFO - Received message type: unknown
2025-06-04 15:05:01,335 - INFO - 📩 Direct message format received: Agent
2025-06-04 15:05:01,335 - INFO - ✅ Forwarded direct message to overlay
2025-06-04 15:05:21,916 - INFO - connection open
2025-06-04 15:05:21,916 - INFO - Client client_5259713440 connected
2025-06-04 15:05:21,917 - INFO - Received message type: unknown
2025-06-04 15:05:21,918 - INFO - 📩 Direct message format received: Agent
2025-06-04 15:05:21,918 - INFO - ✅ Forwarded direct message to overlay
2025-06-04 15:05:52,525 - INFO - connection open
2025-06-04 15:05:52,526 - INFO - Client client_5259714048 connected
2025-06-04 15:05:52,527 - INFO - Received message type: unknown
2025-06-04 15:05:52,527 - INFO - 📩 Direct message format received: Suggest
2025-06-04 15:05:52,527 - INFO - ✅ Forwarded direct message to overlay
2025-06-04 15:07:14,142 - INFO - connection open
2025-06-04 15:07:14,143 - INFO - Client client_5259714656 connected
2025-06-04 15:07:14,144 - INFO - Received message type: unknown
2025-06-04 15:07:14,144 - INFO - 📩 Direct message format received: Creative
2025-06-04 15:07:14,145 - INFO - ✅ Forwarded direct message to overlay
2025-06-04 15:07:24,354 - INFO - connection open
2025-06-04 15:07:24,355 - INFO - Client client_5259715264 connected
2025-06-04 15:07:24,356 - INFO - Received message type: unknown
2025-06-04 15:07:24,357 - INFO - 📩 Direct message format received: Agent
2025-06-04 15:07:24,357 - INFO - ✅ Forwarded direct message to overlay
2025-06-04 15:10:07,583 - INFO - connection open
2025-06-04 15:10:07,584 - INFO - Client client_5259715872 connected
2025-06-04 15:10:07,584 - INFO - Received message type: unknown
2025-06-04 15:10:07,584 - INFO - 📩 Direct message format received: Agent
2025-06-04 15:10:07,585 - INFO - ✅ Forwarded direct message to overlay
2025-06-04 15:13:02,605 - INFO - connection open
2025-06-04 15:13:02,607 - INFO - Client client_5259716480 connected
2025-06-04 15:13:02,609 - INFO - Received message type: unknown
2025-06-04 15:13:02,609 - INFO - 📩 Direct message format received: Ask
2025-06-04 15:13:02,610 - INFO - ✅ Forwarded direct message to overlay
2025-06-04 15:14:14,016 - INFO - connection open
2025-06-04 15:14:14,017 - INFO - Client client_5259717088 connected
2025-06-04 15:14:14,019 - INFO - Received message type: unknown
2025-06-04 15:14:14,019 - INFO - 📩 Direct message format received: Ask
2025-06-04 15:14:14,019 - INFO - ✅ Forwarded direct message to overlay
2025-06-04 15:14:24,216 - INFO - connection open
2025-06-04 15:14:24,217 - INFO - Client client_5259717696 connected
2025-06-04 15:14:24,218 - INFO - Received message type: unknown
2025-06-04 15:14:24,218 - INFO - 📩 Direct message format received: Suggest
2025-06-04 15:14:24,218 - INFO - ✅ Forwarded direct message to overlay
2025-06-04 15:14:34,391 - INFO - connection open
2025-06-04 15:14:34,392 - INFO - Client client_5259718304 connected
2025-06-04 15:14:34,393 - INFO - Received message type: unknown
2025-06-04 15:14:34,393 - INFO - 📩 Direct message format received: Suggest
2025-06-04 15:14:34,393 - INFO - ✅ Forwarded direct message to overlay
2025-06-04 15:15:05,007 - INFO - connection open
2025-06-04 15:15:05,008 - INFO - Client client_5259718912 connected
2025-06-04 15:15:05,009 - INFO - Received message type: unknown
2025-06-04 15:15:05,009 - INFO - 📩 Direct message format received: Creative
2025-06-04 15:15:05,009 - INFO - ✅ Forwarded direct message to overlay
2025-06-04 15:15:15,245 - INFO - connection open
2025-06-04 15:15:15,246 - INFO - Client client_5259719824 connected
2025-06-04 15:15:15,247 - INFO - Received message type: unknown
2025-06-04 15:15:15,247 - INFO - 📩 Direct message format received: Agent
2025-06-04 15:15:15,247 - INFO - ✅ Forwarded direct message to overlay
2025-06-04 15:17:58,797 - INFO - connection open
2025-06-04 15:17:58,798 - INFO - Client client_5248400000 connected
2025-06-04 15:17:58,799 - INFO - Received message type: unknown
2025-06-04 15:17:58,799 - INFO - 📩 Direct message format received: Ask
2025-06-04 15:17:58,799 - INFO - ✅ Forwarded direct message to overlay
2025-06-04 15:18:09,019 - INFO - connection open
2025-06-04 15:18:09,020 - INFO - Client client_5248400608 connected
2025-06-04 15:18:09,021 - INFO - Received message type: unknown
2025-06-04 15:18:09,021 - INFO - 📩 Direct message format received: Creative
2025-06-04 15:18:09,021 - INFO - ✅ Forwarded direct message to overlay
2025-06-04 15:18:29,413 - INFO - connection open
2025-06-04 15:18:29,414 - INFO - Client client_5248398480 connected
2025-06-04 15:18:29,415 - INFO - Received message type: unknown
2025-06-04 15:18:29,415 - INFO - 📩 Direct message format received: Agent
2025-06-04 15:18:29,415 - INFO - ✅ Forwarded direct message to overlay
2025-06-04 15:19:10,200 - INFO - connection open
2025-06-04 15:19:10,201 - INFO - Client client_5248400304 connected
2025-06-04 15:19:10,202 - INFO - Received message type: unknown
2025-06-04 15:19:10,202 - INFO - 📩 Direct message format received: Agent
2025-06-04 15:19:10,202 - INFO - ✅ Forwarded direct message to overlay
2025-06-04 15:20:42,068 - INFO - connection open
2025-06-04 15:20:42,070 - INFO - Client client_5248396656 connected
2025-06-04 15:20:42,072 - INFO - Received message type: unknown
2025-06-04 15:20:42,072 - INFO - 📩 Direct message format received: Agent
2025-06-04 15:20:42,072 - INFO - ✅ Forwarded direct message to overlay
2025-06-04 16:36:51,031 - INFO - connection open
2025-06-04 16:36:51,032 - INFO - Client client_5248398176 connected
2025-06-04 16:36:51,034 - INFO - Received message type: unknown
2025-06-04 16:36:51,034 - INFO - 📩 Direct message format received: Suggest
2025-06-04 16:36:51,034 - INFO - ✅ Forwarded direct message to overlay
2025-06-04 16:37:01,186 - INFO - connection open
2025-06-04 16:37:01,187 - INFO - Client client_5248397568 connected
2025-06-04 16:37:01,188 - INFO - Received message type: unknown
2025-06-04 16:37:01,188 - INFO - 📩 Direct message format received: Agent
2025-06-04 16:37:01,188 - INFO - ✅ Forwarded direct message to overlay
2025-06-04 16:38:29,980 - INFO - connection open
2025-06-04 16:38:29,981 - INFO - Client client_5248395440 connected
2025-06-04 16:38:29,981 - INFO - Received message type: unknown
2025-06-04 16:38:29,982 - INFO - 📩 Direct message format received: Suggest
2025-06-04 16:38:29,982 - INFO - ✅ Forwarded direct message to overlay
2025-06-04 16:38:50,383 - INFO - connection open
2025-06-04 16:38:50,384 - INFO - Client client_5248395136 connected
2025-06-04 16:38:50,387 - INFO - Received message type: unknown
2025-06-04 16:38:50,387 - INFO - 📩 Direct message format received: Agent
2025-06-04 16:38:50,388 - INFO - ✅ Forwarded direct message to overlay
2025-06-04 16:39:00,677 - INFO - connection open
2025-06-04 16:39:00,678 - INFO - Client client_5259718912 connected
2025-06-04 16:39:00,678 - INFO - Received message type: unknown
2025-06-04 16:39:00,678 - INFO - 📩 Direct message format received: Creative
2025-06-04 16:39:00,678 - INFO - ✅ Forwarded direct message to overlay
2025-06-04 16:39:31,187 - INFO - connection open
2025-06-04 16:39:31,188 - INFO - Client client_5259718304 connected
2025-06-04 16:39:31,189 - INFO - Received message type: unknown
2025-06-04 16:39:31,189 - INFO - 📩 Direct message format received: Ask
2025-06-04 16:39:31,189 - INFO - ✅ Forwarded direct message to overlay
2025-06-04 16:39:41,382 - INFO - connection open
2025-06-04 16:39:41,382 - INFO - Client client_5259717696 connected
2025-06-04 16:39:41,383 - INFO - Received message type: unknown
2025-06-04 16:39:41,383 - INFO - 📩 Direct message format received: Creative
2025-06-04 16:39:41,383 - INFO - ✅ Forwarded direct message to overlay
2025-06-04 16:41:33,371 - INFO - connection open
2025-06-04 16:41:33,372 - INFO - Client client_5259717088 connected
2025-06-04 16:41:33,373 - INFO - Received message type: unknown
2025-06-04 16:41:33,373 - INFO - 📩 Direct message format received: Suggest
2025-06-04 16:41:33,373 - INFO - ✅ Forwarded direct message to overlay
2025-06-04 16:42:03,768 - INFO - connection open
2025-06-04 16:42:03,769 - INFO - Client client_5259716480 connected
2025-06-04 16:42:03,770 - INFO - Received message type: unknown
2025-06-04 16:42:03,770 - INFO - 📩 Direct message format received: Suggest
2025-06-04 16:42:03,770 - INFO - ✅ Forwarded direct message to overlay
2025-06-04 16:42:13,893 - INFO - connection open
2025-06-04 16:42:13,894 - INFO - Client client_5259715872 connected
2025-06-04 16:42:13,894 - INFO - Received message type: unknown
2025-06-04 16:42:13,895 - INFO - 📩 Direct message format received: Suggest
2025-06-04 16:42:13,895 - INFO - ✅ Forwarded direct message to overlay
2025-06-04 16:42:24,028 - INFO - connection open
2025-06-04 16:42:24,028 - INFO - Client client_5259715264 connected
2025-06-04 16:42:24,029 - INFO - Received message type: unknown
2025-06-04 16:42:24,029 - INFO - 📩 Direct message format received: Agent
2025-06-04 16:42:24,029 - INFO - ✅ Forwarded direct message to overlay
2025-06-04 16:42:54,420 - INFO - connection open
2025-06-04 16:42:54,420 - INFO - Client client_5259714656 connected
2025-06-04 16:42:54,421 - INFO - Received message type: unknown
2025-06-04 16:42:54,421 - INFO - 📩 Direct message format received: Ask
2025-06-04 16:42:54,421 - INFO - ✅ Forwarded direct message to overlay
2025-06-04 16:43:14,690 - INFO - connection open
2025-06-04 16:43:14,691 - INFO - Client client_5259714048 connected
2025-06-04 16:43:14,691 - INFO - Received message type: unknown
2025-06-04 16:43:14,691 - INFO - 📩 Direct message format received: Ask
2025-06-04 16:43:14,692 - INFO - ✅ Forwarded direct message to overlay
2025-06-04 16:43:45,095 - INFO - connection open
2025-06-04 16:43:45,096 - INFO - Client client_5259713440 connected
2025-06-04 16:43:45,096 - INFO - Received message type: unknown
2025-06-04 16:43:45,096 - INFO - 📩 Direct message format received: Ask
2025-06-04 16:43:45,097 - INFO - ✅ Forwarded direct message to overlay
2025-06-04 16:43:55,221 - INFO - connection open
2025-06-04 16:43:55,222 - INFO - Client client_5259712832 connected
2025-06-04 16:43:55,222 - INFO - Received message type: unknown
2025-06-04 16:43:55,222 - INFO - 📩 Direct message format received: Creative
2025-06-04 16:43:55,222 - INFO - ✅ Forwarded direct message to overlay
2025-06-04 16:45:16,459 - INFO - connection open
2025-06-04 16:45:16,460 - INFO - Client client_5259712224 connected
2025-06-04 16:45:16,460 - INFO - Received message type: unknown
2025-06-04 16:45:16,460 - INFO - 📩 Direct message format received: Suggest
2025-06-04 16:45:16,461 - INFO - ✅ Forwarded direct message to overlay
2025-06-04 16:45:37,217 - INFO - connection open
2025-06-04 16:45:37,225 - INFO - Client client_5259711616 connected
2025-06-04 16:45:37,228 - INFO - Received message type: unknown
2025-06-04 16:45:37,228 - INFO - 📩 Direct message format received: Suggest
2025-06-04 16:45:37,228 - INFO - ✅ Forwarded direct message to overlay
2025-06-04 16:45:47,485 - INFO - connection open
2025-06-04 16:45:47,487 - INFO - Client client_5259711008 connected
2025-06-04 16:45:47,488 - INFO - Received message type: unknown
2025-06-04 16:45:47,488 - INFO - 📩 Direct message format received: Ask
2025-06-04 16:45:47,488 - INFO - ✅ Forwarded direct message to overlay
2025-06-04 16:45:57,893 - INFO - connection open
2025-06-04 16:45:57,896 - INFO - Client client_5259710400 connected
2025-06-04 16:45:57,899 - INFO - Received message type: unknown
2025-06-04 16:45:57,899 - INFO - 📩 Direct message format received: Suggest
2025-06-04 16:45:57,899 - INFO - ✅ Forwarded direct message to overlay
2025-06-04 16:46:58,981 - INFO - connection open
2025-06-04 16:46:58,983 - INFO - Client client_5259709792 connected
2025-06-04 16:46:58,985 - INFO - Received message type: unknown
2025-06-04 16:46:58,986 - INFO - 📩 Direct message format received: Ask
2025-06-04 16:46:58,986 - INFO - ✅ Forwarded direct message to overlay
2025-06-04 16:47:59,811 - INFO - connection open
2025-06-04 16:47:59,812 - INFO - Client client_5259709184 connected
2025-06-04 16:47:59,813 - INFO - Received message type: unknown
2025-06-04 16:47:59,813 - INFO - 📩 Direct message format received: Creative
2025-06-04 16:47:59,813 - INFO - ✅ Forwarded direct message to overlay
2025-06-04 16:48:20,099 - INFO - connection open
2025-06-04 16:48:20,101 - INFO - Client client_5259708576 connected
2025-06-04 16:48:20,103 - INFO - Received message type: unknown
2025-06-04 16:48:20,103 - INFO - 📩 Direct message format received: Creative
2025-06-04 16:48:20,103 - INFO - ✅ Forwarded direct message to overlay
2025-06-04 16:48:30,234 - INFO - connection open
2025-06-04 16:48:30,234 - INFO - Client client_5259707056 connected
2025-06-04 16:48:30,235 - INFO - Received message type: unknown
2025-06-04 16:48:30,235 - INFO - 📩 Direct message format received: Suggest
2025-06-04 16:48:30,235 - INFO - ✅ Forwarded direct message to overlay
2025-06-04 16:48:50,510 - INFO - connection open
2025-06-04 16:48:50,511 - INFO - Client client_5259707360 connected
2025-06-04 16:48:50,511 - INFO - Received message type: unknown
2025-06-04 16:48:50,511 - INFO - 📩 Direct message format received: Creative
2025-06-04 16:48:50,511 - INFO - ✅ Forwarded direct message to overlay
2025-06-04 16:49:31,320 - INFO - connection open
2025-06-04 16:49:31,322 - INFO - Client client_5259706448 connected
2025-06-04 16:49:31,327 - INFO - Received message type: unknown
2025-06-04 16:49:31,327 - INFO - 📩 Direct message format received: Suggest
2025-06-04 16:49:31,328 - INFO - ✅ Forwarded direct message to overlay
2025-06-04 16:50:01,746 - INFO - connection open
2025-06-04 16:50:01,748 - INFO - Client client_5259707968 connected
2025-06-04 16:50:01,751 - INFO - Received message type: unknown
2025-06-04 16:50:01,751 - INFO - 📩 Direct message format received: Creative
2025-06-04 16:50:01,751 - INFO - ✅ Forwarded direct message to overlay
2025-06-04 16:50:22,013 - INFO - connection open
2025-06-04 16:50:22,013 - INFO - Client client_5259721040 connected
2025-06-04 16:50:22,014 - INFO - Received message type: unknown
2025-06-04 16:50:22,014 - INFO - 📩 Direct message format received: Ask
2025-06-04 16:50:22,014 - INFO - ✅ Forwarded direct message to overlay
2025-06-04 16:50:42,267 - INFO - connection open
2025-06-04 16:50:42,268 - INFO - Client client_5259721648 connected
2025-06-04 16:50:42,268 - INFO - Received message type: unknown
2025-06-04 16:50:42,268 - INFO - 📩 Direct message format received: Creative
2025-06-04 16:50:42,268 - INFO - ✅ Forwarded direct message to overlay
2025-06-04 16:52:13,556 - INFO - connection open
2025-06-04 16:52:13,557 - INFO - Client client_5259722256 connected
2025-06-04 16:52:13,558 - INFO - Received message type: unknown
2025-06-04 16:52:13,558 - INFO - 📩 Direct message format received: Suggest
2025-06-04 16:52:13,558 - INFO - ✅ Forwarded direct message to overlay
2025-06-04 16:53:04,238 - INFO - connection open
2025-06-04 16:53:04,238 - INFO - Client client_5260640640 connected
2025-06-04 16:53:04,239 - INFO - Received message type: unknown
2025-06-04 16:53:04,239 - INFO - 📩 Direct message format received: Ask
2025-06-04 16:53:04,239 - INFO - ✅ Forwarded direct message to overlay
2025-06-04 16:53:34,637 - INFO - connection open
2025-06-04 16:53:34,637 - INFO - Client client_5259721648 connected
2025-06-04 16:53:34,638 - INFO - Received message type: unknown
2025-06-04 16:53:34,638 - INFO - 📩 Direct message format received: Creative
2025-06-04 16:53:34,638 - INFO - ✅ Forwarded direct message to overlay
2025-06-04 16:54:35,499 - INFO - connection open
2025-06-04 16:54:35,500 - INFO - Client client_5259721040 connected
2025-06-04 16:54:35,501 - INFO - Received message type: unknown
2025-06-04 16:54:35,501 - INFO - 📩 Direct message format received: Agent
2025-06-04 16:54:35,501 - INFO - ✅ Forwarded direct message to overlay
2025-06-04 16:54:45,627 - INFO - connection open
2025-06-04 16:54:45,627 - INFO - Client client_5259707968 connected
2025-06-04 16:54:45,627 - INFO - Received message type: unknown
2025-06-04 16:54:45,627 - INFO - 📩 Direct message format received: Ask
2025-06-04 16:54:45,628 - INFO - ✅ Forwarded direct message to overlay
2025-06-04 16:55:36,289 - INFO - connection open
2025-06-04 16:55:36,290 - INFO - Client client_5259706448 connected
2025-06-04 16:55:36,290 - INFO - Received message type: unknown
2025-06-04 16:55:36,290 - INFO - 📩 Direct message format received: Suggest
2025-06-04 16:55:36,290 - INFO - ✅ Forwarded direct message to overlay
2025-06-04 16:56:37,280 - INFO - connection open
2025-06-04 16:56:37,281 - INFO - Client client_5259707360 connected
2025-06-04 16:56:37,281 - INFO - Received message type: unknown
2025-06-04 16:56:37,281 - INFO - 📩 Direct message format received: Suggest
2025-06-04 16:56:37,281 - INFO - ✅ Forwarded direct message to overlay
2025-06-04 16:58:08,521 - INFO - connection open
2025-06-04 16:58:08,522 - INFO - Client client_5259707056 connected
2025-06-04 16:58:08,522 - INFO - Received message type: unknown
2025-06-04 16:58:08,522 - INFO - 📩 Direct message format received: Ask
2025-06-04 16:58:08,523 - INFO - ✅ Forwarded direct message to overlay
2025-06-04 16:58:49,168 - INFO - connection open
2025-06-04 16:58:49,169 - INFO - Client client_5259708576 connected
2025-06-04 16:58:49,170 - INFO - Received message type: unknown
2025-06-04 16:58:49,171 - INFO - 📩 Direct message format received: Creative
2025-06-04 16:58:49,171 - INFO - ✅ Forwarded direct message to overlay
2025-06-04 16:59:50,111 - INFO - connection open
2025-06-04 16:59:50,112 - INFO - Client client_5259709184 connected
2025-06-04 16:59:50,113 - INFO - Received message type: unknown
2025-06-04 16:59:50,113 - INFO - 📩 Direct message format received: Suggest
2025-06-04 16:59:50,113 - INFO - ✅ Forwarded direct message to overlay
2025-06-04 17:00:20,551 - INFO - connection open
2025-06-04 17:00:20,551 - INFO - Client client_5259709792 connected
2025-06-04 17:00:20,552 - INFO - Received message type: unknown
2025-06-04 17:00:20,552 - INFO - 📩 Direct message format received: Suggest
2025-06-04 17:00:20,552 - INFO - ✅ Forwarded direct message to overlay
2025-06-04 17:01:51,906 - INFO - connection open
2025-06-04 17:01:51,907 - INFO - Client client_5259710400 connected
2025-06-04 17:01:51,908 - INFO - Received message type: unknown
2025-06-04 17:01:51,908 - INFO - 📩 Direct message format received: Creative
2025-06-04 17:01:51,908 - INFO - ✅ Forwarded direct message to overlay
2025-06-04 17:02:32,476 - INFO - connection open
2025-06-04 17:02:32,477 - INFO - Client client_5259711008 connected
2025-06-04 17:02:32,477 - INFO - Received message type: unknown
2025-06-04 17:02:32,477 - INFO - 📩 Direct message format received: Suggest
2025-06-04 17:02:32,477 - INFO - ✅ Forwarded direct message to overlay
2025-06-04 17:03:13,064 - INFO - connection open
2025-06-04 17:03:13,065 - INFO - Client client_5259711616 connected
2025-06-04 17:03:13,066 - INFO - Received message type: unknown
2025-06-04 17:03:13,066 - INFO - 📩 Direct message format received: Agent
2025-06-04 17:03:13,066 - INFO - ✅ Forwarded direct message to overlay
2025-06-04 17:03:33,387 - INFO - connection open
2025-06-04 17:03:33,388 - INFO - Client client_5259712224 connected
2025-06-04 17:03:33,388 - INFO - Received message type: unknown
2025-06-04 17:03:33,388 - INFO - 📩 Direct message format received: Ask
2025-06-04 17:03:33,389 - INFO - ✅ Forwarded direct message to overlay
2025-06-04 17:03:53,696 - INFO - connection open
2025-06-04 17:03:53,697 - INFO - Client client_5259712832 connected
2025-06-04 17:03:53,698 - INFO - Received message type: unknown
2025-06-04 17:03:53,698 - INFO - 📩 Direct message format received: Agent
2025-06-04 17:03:53,698 - INFO - ✅ Forwarded direct message to overlay
2025-06-04 17:04:54,527 - INFO - connection open
2025-06-04 17:04:54,528 - INFO - Client client_5259713440 connected
2025-06-04 17:04:54,529 - INFO - Received message type: unknown
2025-06-04 17:04:54,529 - INFO - 📩 Direct message format received: Creative
2025-06-04 17:04:54,529 - INFO - ✅ Forwarded direct message to overlay
2025-06-04 17:05:04,689 - INFO - connection open
2025-06-04 17:05:04,690 - INFO - Client client_5259714048 connected
2025-06-04 17:05:04,690 - INFO - Received message type: unknown
2025-06-04 17:05:04,690 - INFO - 📩 Direct message format received: Creative
2025-06-04 17:05:04,690 - INFO - ✅ Forwarded direct message to overlay
2025-06-04 17:05:14,815 - INFO - connection open
2025-06-04 17:05:14,817 - INFO - Client client_5259714656 connected
2025-06-04 17:05:14,817 - INFO - Received message type: unknown
2025-06-04 17:05:14,817 - INFO - 📩 Direct message format received: Ask
2025-06-04 17:05:14,818 - INFO - ✅ Forwarded direct message to overlay
2025-06-04 17:07:26,807 - INFO - connection open
2025-06-04 17:07:26,808 - INFO - Client client_5259715264 connected
2025-06-04 17:07:26,809 - INFO - Received message type: unknown
2025-06-04 17:07:26,809 - INFO - 📩 Direct message format received: Suggest
2025-06-04 17:07:26,809 - INFO - ✅ Forwarded direct message to overlay
2025-06-04 17:08:17,528 - INFO - connection open
2025-06-04 17:08:17,530 - INFO - Client client_5259715872 connected
2025-06-04 17:08:17,530 - INFO - Received message type: unknown
2025-06-04 17:08:17,530 - INFO - 📩 Direct message format received: Suggest
2025-06-04 17:08:17,530 - INFO - ✅ Forwarded direct message to overlay
2025-06-04 17:08:47,987 - INFO - connection open
2025-06-04 17:08:47,987 - INFO - Client client_5259716480 connected
2025-06-04 17:08:47,988 - INFO - Received message type: unknown
2025-06-04 17:08:47,988 - INFO - 📩 Direct message format received: Agent
2025-06-04 17:08:47,988 - INFO - ✅ Forwarded direct message to overlay
2025-06-04 17:09:18,404 - INFO - connection open
2025-06-04 17:09:18,405 - INFO - Client client_5259717088 connected
2025-06-04 17:09:18,406 - INFO - Received message type: unknown
2025-06-04 17:09:18,406 - INFO - 📩 Direct message format received: Creative
2025-06-04 17:09:18,406 - INFO - ✅ Forwarded direct message to overlay
2025-06-04 17:09:28,565 - INFO - connection open
2025-06-04 17:09:28,565 - INFO - Client client_5259717696 connected
2025-06-04 17:09:28,565 - INFO - Received message type: unknown
2025-06-04 17:09:28,565 - INFO - 📩 Direct message format received: Suggest
2025-06-04 17:09:28,565 - INFO - ✅ Forwarded direct message to overlay
2025-06-04 17:09:38,716 - INFO - connection open
2025-06-04 17:09:38,716 - INFO - Client client_5259718304 connected
2025-06-04 17:09:38,717 - INFO - Received message type: unknown
2025-06-04 17:09:38,717 - INFO - 📩 Direct message format received: Agent
2025-06-04 17:09:38,717 - INFO - ✅ Forwarded direct message to overlay
2025-06-04 17:09:48,865 - INFO - connection open
2025-06-04 17:09:48,866 - INFO - Client client_5259718912 connected
2025-06-04 17:09:48,867 - INFO - Received message type: unknown
2025-06-04 17:09:48,867 - INFO - 📩 Direct message format received: Suggest
2025-06-04 17:09:48,867 - INFO - ✅ Forwarded direct message to overlay
2025-06-04 17:10:19,291 - INFO - connection open
2025-06-04 17:10:19,292 - INFO - Client client_5248395136 connected
2025-06-04 17:10:19,293 - INFO - Received message type: unknown
2025-06-04 17:10:19,293 - INFO - 📩 Direct message format received: Suggest
2025-06-04 17:10:19,293 - INFO - ✅ Forwarded direct message to overlay
2025-06-04 17:10:29,423 - INFO - connection open
2025-06-04 17:10:29,424 - INFO - Client client_5248395440 connected
2025-06-04 17:10:29,425 - INFO - Received message type: unknown
2025-06-04 17:10:29,425 - INFO - 📩 Direct message format received: Suggest
2025-06-04 17:10:29,425 - INFO - ✅ Forwarded direct message to overlay
2025-06-04 17:11:10,024 - INFO - connection open
2025-06-04 17:11:10,024 - INFO - Client client_5248397568 connected
2025-06-04 17:11:10,025 - INFO - Received message type: unknown
2025-06-04 17:11:10,025 - INFO - 📩 Direct message format received: Ask
2025-06-04 17:11:10,025 - INFO - ✅ Forwarded direct message to overlay
2025-06-04 17:11:30,311 - INFO - connection open
2025-06-04 17:11:30,311 - INFO - Client client_5248398176 connected
2025-06-04 17:11:30,312 - INFO - Received message type: unknown
2025-06-04 17:11:30,312 - INFO - 📩 Direct message format received: Creative
2025-06-04 17:11:30,312 - INFO - ✅ Forwarded direct message to overlay
2025-06-04 17:12:41,408 - INFO - connection open
2025-06-04 17:12:41,410 - INFO - Client client_5248396656 connected
2025-06-04 17:12:41,410 - INFO - Received message type: unknown
2025-06-04 17:12:41,410 - INFO - 📩 Direct message format received: Suggest
2025-06-04 17:12:41,410 - INFO - ✅ Forwarded direct message to overlay
2025-06-04 17:13:11,893 - INFO - connection open
2025-06-04 17:13:11,893 - INFO - Client client_5248400304 connected
2025-06-04 17:13:11,894 - INFO - Received message type: unknown
2025-06-04 17:13:11,894 - INFO - 📩 Direct message format received: Agent
2025-06-04 17:13:11,894 - INFO - ✅ Forwarded direct message to overlay
2025-06-04 17:14:02,644 - INFO - connection open
2025-06-04 17:14:02,645 - INFO - Client client_5248398480 connected
2025-06-04 17:14:02,646 - INFO - Received message type: unknown
2025-06-04 17:14:02,646 - INFO - 📩 Direct message format received: Ask
2025-06-04 17:14:02,646 - INFO - ✅ Forwarded direct message to overlay
2025-06-04 17:14:12,798 - INFO - connection open
2025-06-04 17:14:12,798 - INFO - Client client_5248400608 connected
2025-06-04 17:14:12,799 - INFO - Received message type: unknown
2025-06-04 17:14:12,799 - INFO - 📩 Direct message format received: Ask
2025-06-04 17:14:12,799 - INFO - ✅ Forwarded direct message to overlay
2025-06-04 17:14:22,958 - INFO - connection open
2025-06-04 17:14:22,959 - INFO - Client client_5248400000 connected
2025-06-04 17:14:22,960 - INFO - Received message type: unknown
2025-06-04 17:14:22,960 - INFO - 📩 Direct message format received: Agent
2025-06-04 17:14:22,960 - INFO - ✅ Forwarded direct message to overlay
2025-06-04 17:14:33,104 - INFO - connection open
2025-06-04 17:14:33,105 - INFO - Client client_5260640336 connected
2025-06-04 17:14:33,105 - INFO - Received message type: unknown
2025-06-04 17:14:33,105 - INFO - 📩 Direct message format received: Ask
2025-06-04 17:14:33,105 - INFO - ✅ Forwarded direct message to overlay
2025-06-04 17:14:43,258 - INFO - connection open
2025-06-04 17:14:43,259 - INFO - Client client_5260641248 connected
2025-06-04 17:14:43,259 - INFO - Received message type: unknown
2025-06-04 17:14:43,260 - INFO - 📩 Direct message format received: Agent
2025-06-04 17:14:43,260 - INFO - ✅ Forwarded direct message to overlay
2025-06-04 17:14:53,408 - INFO - connection open
2025-06-04 17:14:53,409 - INFO - Client client_5248400912 connected
2025-06-04 17:14:53,409 - INFO - Received message type: unknown
2025-06-04 17:14:53,409 - INFO - 📩 Direct message format received: Agent
2025-06-04 17:14:53,409 - INFO - ✅ Forwarded direct message to overlay
2025-06-04 17:15:03,566 - INFO - connection open
2025-06-04 17:15:03,566 - INFO - Client client_5248399392 connected
2025-06-04 17:15:03,567 - INFO - Received message type: unknown
2025-06-04 17:15:03,567 - INFO - 📩 Direct message format received: Suggest
2025-06-04 17:15:03,567 - INFO - ✅ Forwarded direct message to overlay
2025-06-04 17:15:44,162 - INFO - connection open
2025-06-04 17:15:44,163 - INFO - Client client_5248398784 connected
2025-06-04 17:15:44,163 - INFO - Received message type: unknown
2025-06-04 17:15:44,163 - INFO - 📩 Direct message format received: Suggest
2025-06-04 17:15:44,163 - INFO - ✅ Forwarded direct message to overlay
2025-06-04 17:16:34,900 - INFO - connection open
2025-06-04 17:16:34,900 - INFO - Client client_5248396048 connected
2025-06-04 17:16:34,901 - INFO - Received message type: unknown
2025-06-04 17:16:34,901 - INFO - 📩 Direct message format received: Suggest
2025-06-04 17:16:34,901 - INFO - ✅ Forwarded direct message to overlay
2025-06-04 17:16:45,054 - INFO - connection open
2025-06-04 17:16:45,055 - INFO - Client client_5248396960 connected
2025-06-04 17:16:45,055 - INFO - Received message type: unknown
2025-06-04 17:16:45,055 - INFO - 📩 Direct message format received: Agent
2025-06-04 17:16:45,055 - INFO - ✅ Forwarded direct message to overlay
2025-06-04 17:17:15,520 - INFO - connection open
2025-06-04 17:17:15,521 - INFO - Client client_5248397872 connected
2025-06-04 17:17:15,521 - INFO - Received message type: unknown
2025-06-04 17:17:15,521 - INFO - 📩 Direct message format received: Agent
2025-06-04 17:17:15,521 - INFO - ✅ Forwarded direct message to overlay
2025-06-04 17:17:45,995 - INFO - connection open
2025-06-04 17:17:45,997 - INFO - Client client_5248396352 connected
2025-06-04 17:17:45,998 - INFO - Received message type: unknown
2025-06-04 17:17:45,998 - INFO - 📩 Direct message format received: Suggest
2025-06-04 17:17:45,998 - INFO - ✅ Forwarded direct message to overlay
2025-06-04 17:18:46,926 - INFO - connection open
2025-06-04 17:18:46,928 - INFO - Client client_5248397264 connected
2025-06-04 17:18:46,929 - INFO - Received message type: unknown
2025-06-04 17:18:46,929 - INFO - 📩 Direct message format received: Agent
2025-06-04 17:18:46,929 - INFO - ✅ Forwarded direct message to overlay
2025-06-04 17:19:07,229 - INFO - connection open
2025-06-04 17:19:07,230 - INFO - Client client_5248395744 connected
2025-06-04 17:19:07,230 - INFO - Received message type: unknown
2025-06-04 17:19:07,230 - INFO - 📩 Direct message format received: Suggest
2025-06-04 17:19:07,230 - INFO - ✅ Forwarded direct message to overlay
2025-06-04 17:20:38,599 - INFO - connection open
2025-06-04 17:20:38,601 - INFO - Client client_5259719216 connected
2025-06-04 17:20:38,601 - INFO - Received message type: unknown
2025-06-04 17:20:38,601 - INFO - 📩 Direct message format received: Ask
2025-06-04 17:20:38,601 - INFO - ✅ Forwarded direct message to overlay
2025-06-04 17:21:09,024 - INFO - connection open
2025-06-04 17:21:09,025 - INFO - Client client_5259718608 connected
2025-06-04 17:21:09,025 - INFO - Received message type: unknown
2025-06-04 17:21:09,025 - INFO - 📩 Direct message format received: Creative
2025-06-04 17:21:09,026 - INFO - ✅ Forwarded direct message to overlay
2025-06-04 17:22:20,105 - INFO - connection open
2025-06-04 17:22:20,106 - INFO - Client client_5259718000 connected
2025-06-04 17:22:20,107 - INFO - Received message type: unknown
2025-06-04 17:22:20,107 - INFO - 📩 Direct message format received: Agent
2025-06-04 17:22:20,107 - INFO - ✅ Forwarded direct message to overlay
2025-06-04 17:22:50,531 - INFO - connection open
2025-06-04 17:22:50,531 - INFO - Client client_5259717392 connected
2025-06-04 17:22:50,532 - INFO - Received message type: unknown
2025-06-04 17:22:50,532 - INFO - 📩 Direct message format received: Agent
2025-06-04 17:22:50,532 - INFO - ✅ Forwarded direct message to overlay
2025-06-04 17:23:00,654 - INFO - connection open
2025-06-04 17:23:00,655 - INFO - Client client_5259716784 connected
2025-06-04 17:23:00,656 - INFO - Received message type: unknown
2025-06-04 17:23:00,656 - INFO - 📩 Direct message format received: Ask
2025-06-04 17:23:00,656 - INFO - ✅ Forwarded direct message to overlay
2025-06-04 17:23:20,981 - INFO - connection open
2025-06-04 17:23:20,982 - INFO - Client client_5259716176 connected
2025-06-04 17:23:20,982 - INFO - Received message type: unknown
2025-06-04 17:23:20,982 - INFO - 📩 Direct message format received: Suggest
2025-06-04 17:23:20,982 - INFO - ✅ Forwarded direct message to overlay
2025-06-04 17:23:51,412 - INFO - connection open
2025-06-04 17:23:51,414 - INFO - Client client_5259715568 connected
2025-06-04 17:23:51,415 - INFO - Received message type: unknown
2025-06-04 17:23:51,415 - INFO - 📩 Direct message format received: Suggest
2025-06-04 17:23:51,415 - INFO - ✅ Forwarded direct message to overlay
2025-06-04 17:25:12,634 - INFO - connection open
2025-06-04 17:25:12,635 - INFO - Client client_5259714960 connected
2025-06-04 17:25:12,636 - INFO - Received message type: unknown
2025-06-04 17:25:12,636 - INFO - 📩 Direct message format received: Ask
2025-06-04 17:25:12,636 - INFO - ✅ Forwarded direct message to overlay
2025-06-04 17:25:53,229 - INFO - connection open
2025-06-04 17:25:53,230 - INFO - Client client_5259714352 connected
2025-06-04 17:25:53,231 - INFO - Received message type: unknown
2025-06-04 17:25:53,231 - INFO - 📩 Direct message format received: Agent
2025-06-04 17:25:53,231 - INFO - ✅ Forwarded direct message to overlay
2025-06-04 17:26:23,694 - INFO - connection open
2025-06-04 17:26:23,696 - INFO - Client client_5259713744 connected
2025-06-04 17:26:23,696 - INFO - Received message type: unknown
2025-06-04 17:26:23,697 - INFO - 📩 Direct message format received: Creative
2025-06-04 17:26:23,697 - INFO - ✅ Forwarded direct message to overlay
2025-06-04 17:28:56,014 - INFO - connection open
2025-06-04 17:28:56,015 - INFO - Client client_5259713136 connected
2025-06-04 17:28:56,015 - INFO - Received message type: unknown
2025-06-04 17:28:56,015 - INFO - 📩 Direct message format received: Agent
2025-06-04 17:28:56,015 - INFO - ✅ Forwarded direct message to overlay
2025-06-04 17:30:07,072 - INFO - connection open
2025-06-04 17:30:07,073 - INFO - Client client_5259712528 connected
2025-06-04 17:30:07,074 - INFO - Received message type: unknown
2025-06-04 17:30:07,074 - INFO - 📩 Direct message format received: Creative
2025-06-04 17:30:07,074 - INFO - ✅ Forwarded direct message to overlay
2025-06-04 17:31:07,988 - INFO - connection open
2025-06-04 17:31:07,989 - INFO - Client client_5259711920 connected
2025-06-04 17:31:07,990 - INFO - Received message type: unknown
2025-06-04 17:31:07,990 - INFO - 📩 Direct message format received: Suggest
2025-06-04 17:31:07,990 - INFO - ✅ Forwarded direct message to overlay
2025-06-04 17:31:28,297 - INFO - connection open
2025-06-04 17:31:28,297 - INFO - Client client_5259711312 connected
2025-06-04 17:31:28,298 - INFO - Received message type: unknown
2025-06-04 17:31:28,298 - INFO - 📩 Direct message format received: Agent
2025-06-04 17:31:28,298 - INFO - ✅ Forwarded direct message to overlay
2025-06-04 17:34:10,784 - INFO - connection open
2025-06-04 17:34:10,785 - INFO - Client client_5259710704 connected
2025-06-04 17:34:10,787 - INFO - Received message type: unknown
2025-06-04 17:34:10,787 - INFO - 📩 Direct message format received: Creative
2025-06-04 17:34:10,787 - INFO - ✅ Forwarded direct message to overlay
2025-06-04 17:34:51,390 - INFO - connection open
2025-06-04 17:34:51,391 - INFO - Client client_5259710096 connected
2025-06-04 17:34:51,392 - INFO - Received message type: unknown
2025-06-04 17:34:51,392 - INFO - 📩 Direct message format received: Suggest
2025-06-04 17:34:51,392 - INFO - ✅ Forwarded direct message to overlay
2025-06-04 17:35:11,712 - INFO - connection open
2025-06-04 17:35:11,712 - INFO - Client client_5259709488 connected
2025-06-04 17:35:11,713 - INFO - Received message type: unknown
2025-06-04 17:35:11,713 - INFO - 📩 Direct message format received: Creative
2025-06-04 17:35:11,713 - INFO - ✅ Forwarded direct message to overlay
2025-06-04 17:36:43,081 - INFO - connection open
2025-06-04 17:36:43,082 - INFO - Client client_5259708880 connected
2025-06-04 17:36:43,083 - INFO - Received message type: unknown
2025-06-04 17:36:43,083 - INFO - 📩 Direct message format received: Ask
2025-06-04 17:36:43,083 - INFO - ✅ Forwarded direct message to overlay
2025-06-04 17:37:23,678 - INFO - connection open
2025-06-04 17:37:23,679 - INFO - Client client_5259707664 connected
2025-06-04 17:37:23,680 - INFO - Received message type: unknown
2025-06-04 17:37:23,680 - INFO - 📩 Direct message format received: Ask
2025-06-04 17:37:23,680 - INFO - ✅ Forwarded direct message to overlay
2025-06-04 17:38:04,227 - INFO - connection open
2025-06-04 17:38:04,228 - INFO - Client client_5259706752 connected
2025-06-04 17:38:04,228 - INFO - Received message type: unknown
2025-06-04 17:38:04,228 - INFO - 📩 Direct message format received: Agent
2025-06-04 17:38:04,228 - INFO - ✅ Forwarded direct message to overlay
2025-06-04 17:38:44,753 - INFO - connection open
2025-06-04 17:38:44,754 - INFO - Client client_5259720128 connected
2025-06-04 17:38:44,754 - INFO - Received message type: unknown
2025-06-04 17:38:44,754 - INFO - 📩 Direct message format received: Suggest
2025-06-04 17:38:44,754 - INFO - ✅ Forwarded direct message to overlay
2025-06-04 17:38:55,137 - INFO - connection open
2025-06-04 17:38:55,138 - INFO - Client client_5259720736 connected
2025-06-04 17:38:55,139 - INFO - Received message type: unknown
2025-06-04 17:38:55,139 - INFO - 📩 Direct message format received: Suggest
2025-06-04 17:38:55,139 - INFO - ✅ Forwarded direct message to overlay
2025-06-04 17:39:05,298 - INFO - connection open
2025-06-04 17:39:05,299 - INFO - Client client_5259721344 connected
2025-06-04 17:39:05,300 - INFO - Received message type: unknown
2025-06-04 17:39:05,300 - INFO - 📩 Direct message format received: Creative
2025-06-04 17:39:05,300 - INFO - ✅ Forwarded direct message to overlay
2025-06-04 17:39:25,557 - INFO - connection open
2025-06-04 17:39:25,558 - INFO - Client client_5259721952 connected
2025-06-04 17:39:25,558 - INFO - Received message type: unknown
2025-06-04 17:39:25,558 - INFO - 📩 Direct message format received: Ask
2025-06-04 17:39:25,558 - INFO - ✅ Forwarded direct message to overlay
2025-06-04 17:39:45,896 - INFO - connection open
2025-06-04 17:39:45,896 - INFO - Client client_5260640944 connected
2025-06-04 17:39:45,897 - INFO - Received message type: unknown
2025-06-04 17:39:45,897 - INFO - 📩 Direct message format received: Suggest
2025-06-04 17:39:45,897 - INFO - ✅ Forwarded direct message to overlay
2025-06-04 17:41:27,536 - INFO - connection open
2025-06-04 17:41:27,537 - INFO - Client client_5260641856 connected
2025-06-04 17:41:27,538 - INFO - Received message type: unknown
2025-06-04 17:41:27,538 - INFO - 📩 Direct message format received: Creative
2025-06-04 17:41:27,538 - INFO - ✅ Forwarded direct message to overlay
2025-06-04 17:43:08,887 - INFO - connection open
2025-06-04 17:43:08,888 - INFO - Client client_5259721344 connected
2025-06-04 17:43:08,889 - INFO - Received message type: unknown
2025-06-04 17:43:08,889 - INFO - 📩 Direct message format received: Agent
2025-06-04 17:43:08,889 - INFO - ✅ Forwarded direct message to overlay
2025-06-04 17:43:19,008 - INFO - connection open
2025-06-04 17:43:19,010 - INFO - Client client_5259720736 connected
2025-06-04 17:43:19,011 - INFO - Received message type: unknown
2025-06-04 17:43:19,011 - INFO - 📩 Direct message format received: Agent
2025-06-04 17:43:19,011 - INFO - ✅ Forwarded direct message to overlay
2025-06-04 17:43:39,259 - INFO - connection open
2025-06-04 17:43:39,260 - INFO - Client client_5259720128 connected
2025-06-04 17:43:39,260 - INFO - Received message type: unknown
2025-06-04 17:43:39,261 - INFO - 📩 Direct message format received: Ask
2025-06-04 17:43:39,261 - INFO - ✅ Forwarded direct message to overlay
2025-06-04 17:44:29,978 - INFO - connection open
2025-06-04 17:44:29,979 - INFO - Client client_5259706752 connected
2025-06-04 17:44:29,980 - INFO - Received message type: unknown
2025-06-04 17:44:29,980 - INFO - 📩 Direct message format received: Suggest
2025-06-04 17:44:29,980 - INFO - ✅ Forwarded direct message to overlay
2025-06-04 17:45:00,360 - INFO - connection open
2025-06-04 17:45:00,361 - INFO - Client client_5259707664 connected
2025-06-04 17:45:00,361 - INFO - Received message type: unknown
2025-06-04 17:45:00,361 - INFO - 📩 Direct message format received: Ask
2025-06-04 17:45:00,362 - INFO - ✅ Forwarded direct message to overlay
2025-06-04 17:46:51,812 - INFO - connection open
2025-06-04 17:46:51,813 - INFO - Client client_5259708880 connected
2025-06-04 17:46:51,813 - INFO - Received message type: unknown
2025-06-04 17:46:51,813 - INFO - 📩 Direct message format received: Ask
2025-06-04 17:46:51,813 - INFO - ✅ Forwarded direct message to overlay
2025-06-04 17:47:01,963 - INFO - connection open
2025-06-04 17:47:01,965 - INFO - Client client_5259709488 connected
2025-06-04 17:47:01,966 - INFO - Received message type: unknown
2025-06-04 17:47:01,966 - INFO - 📩 Direct message format received: Suggest
2025-06-04 17:47:01,966 - INFO - ✅ Forwarded direct message to overlay
2025-06-04 17:47:12,089 - INFO - connection open
2025-06-04 17:47:12,089 - INFO - Client client_5259710096 connected
2025-06-04 17:47:12,090 - INFO - Received message type: unknown
2025-06-04 17:47:12,090 - INFO - 📩 Direct message format received: Agent
2025-06-04 17:47:12,090 - INFO - ✅ Forwarded direct message to overlay
2025-06-04 17:47:42,575 - INFO - connection open
2025-06-04 17:47:42,576 - INFO - Client client_5259710704 connected
2025-06-04 17:47:42,577 - INFO - Received message type: unknown
2025-06-04 17:47:42,577 - INFO - 📩 Direct message format received: Creative
2025-06-04 17:47:42,577 - INFO - ✅ Forwarded direct message to overlay
2025-06-04 17:47:52,683 - INFO - connection open
2025-06-04 17:47:52,683 - INFO - Client client_5259711312 connected
2025-06-04 17:47:52,684 - INFO - Received message type: unknown
2025-06-04 17:47:52,684 - INFO - 📩 Direct message format received: Creative
2025-06-04 17:47:52,684 - INFO - ✅ Forwarded direct message to overlay
2025-06-04 17:48:13,014 - INFO - connection open
2025-06-04 17:48:13,015 - INFO - Client client_5259711920 connected
2025-06-04 17:48:13,016 - INFO - Received message type: unknown
2025-06-04 17:48:13,016 - INFO - 📩 Direct message format received: Agent
2025-06-04 17:48:13,016 - INFO - ✅ Forwarded direct message to overlay
2025-06-04 17:49:13,847 - INFO - connection open
2025-06-04 17:49:13,848 - INFO - Client client_5259712528 connected
2025-06-04 17:49:13,848 - INFO - Received message type: unknown
2025-06-04 17:49:13,848 - INFO - 📩 Direct message format received: Suggest
2025-06-04 17:49:13,848 - INFO - ✅ Forwarded direct message to overlay
2025-06-04 17:49:24,018 - INFO - connection open
2025-06-04 17:49:24,018 - INFO - Client client_5259713136 connected
2025-06-04 17:49:24,019 - INFO - Received message type: unknown
2025-06-04 17:49:24,019 - INFO - 📩 Direct message format received: Suggest
2025-06-04 17:49:24,019 - INFO - ✅ Forwarded direct message to overlay
2025-06-04 17:49:44,269 - INFO - connection open
2025-06-04 17:49:44,269 - INFO - Client client_5259713744 connected
2025-06-04 17:49:44,270 - INFO - Received message type: unknown
2025-06-04 17:49:44,270 - INFO - 📩 Direct message format received: Agent
2025-06-04 17:49:44,270 - INFO - ✅ Forwarded direct message to overlay
2025-06-04 17:49:54,375 - INFO - connection open
2025-06-04 17:49:54,376 - INFO - Client client_5259714352 connected
2025-06-04 17:49:54,377 - INFO - Received message type: unknown
2025-06-04 17:49:54,377 - INFO - 📩 Direct message format received: Agent
2025-06-04 17:49:54,377 - INFO - ✅ Forwarded direct message to overlay
2025-06-04 17:50:24,770 - INFO - connection open
2025-06-04 17:50:24,770 - INFO - Client client_5259714960 connected
2025-06-04 17:50:24,771 - INFO - Received message type: unknown
2025-06-04 17:50:24,771 - INFO - 📩 Direct message format received: Creative
2025-06-04 17:50:24,771 - INFO - ✅ Forwarded direct message to overlay
2025-06-04 17:50:33,818 - INFO - connection open
2025-06-04 17:50:33,818 - INFO - Client client_5259715568 connected
2025-06-04 17:50:33,819 - INFO - Received message type: do_button
2025-06-04 17:50:33,819 - INFO - DO button message received: {'type': 'do_button', 'plan_id': 'test_plan_1749073833', 'plan': {'id': 'test_plan_1749073833', 'title': 'Test Plan', 'description': 'This is a test plan for DO button verification', 'steps': [{'id': 'test_plan_1749073833_step_1', 'type': 'notification', 'action': 'notify', 'content': 'DO button system is working correctly!', 'position': {'x': 500, 'y': 300}}], 'metadata': {'created_at': 1749073833.8073, 'test_plan': True, 'session_id': 'test_session_1749073833'}}, 'session_id': 'test_session_1749073833'}
2025-06-04 17:50:33,820 - INFO - Using universal automation handler for  on plan test_plan_1749073833
2025-06-04 17:50:33,820 - INFO - 🔘 Handling button action:  for plan: test_plan_1749073833
2025-06-04 17:50:33,821 - INFO - 🔍 Loading plan with ID: test_plan_1749073833
2025-06-04 17:50:33,824 - INFO - Available plan metadata: ['test_plan_1749073116', 'test_plan_1749073159']
2025-06-04 17:50:33,824 - INFO - Available plan files: ['test_plan_1749073116.json', 'task_1749073782_overlay_session_1749073782978.json', 'task_1749060404_overlay_session_1749060404964.json', 'task_1749073830_overlay_session_1749073830943.json', 'task_1749061589_overlay_session_1749061589817.json', 'metadata.json', 'task_1749060663_overlay_session_1749060663301.json', 'task_1749073734_overlay_session_1749073734671.json', 'task_1749059418_overlay_session_1749059418875.json', 'test_plan_4ff0cd54-b578-4f67-b3d5-6b00a21839e4.json', 'task_1749073557_overlay_session_1749073557689.json', 'task_1749073666_overlay_session_1749073666844.json', 'plan_metadata.json', 'task_1749060064_overlay_session_1749060064422.json', 'task_1749060665_overlay_session_1749060665147.json', 'task_1749060190_overlay_session_1749060190477.json', 'task_1749060455_overlay_session_1749060455285.json', 'test_plan_1749073159.json', 'task_1749061589_overlay_session_1749061589864.json', 'task_1749073724_overlay_session_1749073724714.json']
2025-06-04 17:50:33,824 - WARNING - Plan not found: test_plan_1749073833
2025-06-04 17:50:33,824 - INFO - 📋 Available plans in storage: ['test_plan_1749073116.json', 'task_1749073782_overlay_session_1749073782978.json', 'task_1749060404_overlay_session_1749060404964.json', 'task_1749073830_overlay_session_1749073830943.json', 'task_1749061589_overlay_session_1749061589817.json', 'metadata.json', 'task_1749060663_overlay_session_1749060663301.json', 'task_1749073734_overlay_session_1749073734671.json', 'task_1749059418_overlay_session_1749059418875.json', 'test_plan_4ff0cd54-b578-4f67-b3d5-6b00a21839e4.json', 'task_1749073557_overlay_session_1749073557689.json', 'task_1749073666_overlay_session_1749073666844.json', 'plan_metadata.json', 'task_1749060064_overlay_session_1749060064422.json', 'task_1749060665_overlay_session_1749060665147.json', 'task_1749060190_overlay_session_1749060190477.json', 'task_1749060455_overlay_session_1749060455285.json', 'test_plan_1749073159.json', 'task_1749061589_overlay_session_1749061589864.json', 'task_1749073724_overlay_session_1749073724714.json']
2025-06-04 17:50:33,824 - WARNING - ❌ Plan not found: test_plan_1749073833
2025-06-04 17:50:33,824 - WARNING - ❌ Plan not found for button action: test_plan_1749073833
2025-06-04 17:50:33,824 - INFO - Universal handler result: {'success': False, 'response': '❌ Plan not found. It may have expired or been cancelled.', 'interactive': False}
2025-06-04 17:50:34,875 - INFO - connection open
2025-06-04 17:50:34,875 - INFO - Client client_5259716176 connected
2025-06-04 17:50:34,875 - INFO - Received message type: unknown
2025-06-04 17:50:34,875 - INFO - 📩 Direct message format received: Agent
2025-06-04 17:50:34,875 - INFO - ✅ Forwarded direct message to overlay
2025-06-04 17:50:45,027 - INFO - connection open
2025-06-04 17:50:45,028 - INFO - Client client_5259716784 connected
2025-06-04 17:50:45,028 - INFO - Received message type: unknown
2025-06-04 17:50:45,028 - INFO - 📩 Direct message format received: Creative
2025-06-04 17:50:45,028 - INFO - ✅ Forwarded direct message to overlay
2025-06-04 17:50:55,396 - INFO - connection open
2025-06-04 17:50:55,398 - INFO - Client client_5259717392 connected
2025-06-04 17:50:55,404 - INFO - Received message type: unknown
2025-06-04 17:50:55,404 - INFO - 📩 Direct message format received: Suggest
2025-06-04 17:50:55,404 - INFO - ✅ Forwarded direct message to overlay
2025-06-04 17:51:05,585 - INFO - connection open
2025-06-04 17:51:05,585 - INFO - Client client_5259718000 connected
2025-06-04 17:51:05,586 - INFO - Received message type: unknown
2025-06-04 17:51:05,587 - INFO - 📩 Direct message format received: Creative
2025-06-04 17:51:05,587 - INFO - ✅ Forwarded direct message to overlay
2025-06-04 17:51:23,799 - INFO - Client client_5259720432 disconnected
2025-06-04 17:51:23,800 - INFO - Client client_5248666192 disconnected
2025-06-04 17:51:23,801 - INFO - Client client_5259708272 disconnected
2025-06-04 17:51:25,809 - INFO - connection open
2025-06-04 17:51:25,809 - INFO - Client client_5259718304 connected
2025-06-04 17:51:25,810 - INFO - Received message type: unknown
2025-06-04 17:51:25,810 - INFO - 📩 Direct message format received: Creative
2025-06-04 17:51:25,810 - INFO - ✅ Forwarded direct message to overlay
2025-06-04 17:51:28,199 - INFO - Detected screen size: 1470x956
2025-06-04 17:51:28,200 - INFO - Standard mouse listener started successfully
2025-06-04 17:51:28,200 - INFO - Keyboard listener started successfully
2025-06-04 17:51:28,200 - INFO - Input controller initialized (safe mode)
2025-06-04 17:51:28,200 - INFO - 🚨 Emergency shutdown: Press Ctrl+1 to immediately stop agent
2025-06-04 17:51:28,200 - INFO - ✅ Input controller loaded successfully
2025-06-04 17:51:28,204 - INFO - Loaded 2 plans from metadata
2025-06-04 17:51:28,204 - INFO - Plan persistence system initialized
2025-06-04 17:51:28,204 - INFO - ✅ Plan persistence module loaded successfully
2025-06-04 17:51:28,516 - INFO - Standard mouse listener started successfully
2025-06-04 17:51:28,516 - INFO - Keyboard listener started successfully
2025-06-04 17:51:28,516 - INFO - Input controller initialized (safe mode)
2025-06-04 17:51:28,516 - INFO - 🚨 Emergency shutdown: Press Ctrl+1 to immediately stop agent
2025-06-04 17:51:28,568 - INFO - Connected to Ollama API v0.6.8
2025-06-04 17:51:28,568 - INFO - LLaVA visual processor initialized for total screen analysis
2025-06-04 17:51:28,568 - INFO - Total Screen Analyzer initialized with 8s interval
2025-06-04 17:51:28,568 - INFO - 🤖 Real automation components loaded successfully
2025-06-04 17:51:28,568 - INFO - Standard mouse listener started successfully
2025-06-04 17:51:28,569 - INFO - Keyboard listener started successfully
2025-06-04 17:51:28,569 - INFO - Input controller initialized (safe mode)
2025-06-04 17:51:28,569 - INFO - 🚨 Emergency shutdown: Press Ctrl+1 to immediately stop agent
2025-06-04 17:51:28,572 - INFO - Connected to Ollama API v0.6.8
2025-06-04 17:51:28,572 - INFO - LLaVA visual processor initialized for total screen analysis
2025-06-04 17:51:28,572 - INFO - Total Screen Analyzer initialized with 8s interval
2025-06-04 17:51:28,572 - INFO - 🤖 Real automation components loaded successfully
2025-06-04 17:51:28,572 - INFO - ✅ Real agent automation handler loaded successfully
2025-06-04 17:51:28,574 - INFO - Standard mouse listener started successfully
2025-06-04 17:51:28,574 - INFO - Keyboard listener started successfully
2025-06-04 17:51:28,574 - INFO - Input controller initialized (safe mode)
2025-06-04 17:51:28,574 - INFO - 🚨 Emergency shutdown: Press Ctrl+1 to immediately stop agent
2025-06-04 17:51:28,576 - INFO - Connected to Ollama API v0.6.8
2025-06-04 17:51:28,576 - INFO - LLaVA visual processor initialized for total screen analysis
2025-06-04 17:51:28,576 - INFO - Total Screen Analyzer initialized with 8s interval
2025-06-04 17:51:28,576 - INFO - 🔄 Adaptive retry automation system loaded
2025-06-04 17:51:28,576 - INFO - ✅ Adaptive retry automation handler loaded successfully
2025-06-04 17:51:28,576 - INFO - ✅ Plan persistence module loaded successfully
2025-06-04 17:51:28,577 - INFO - Standard mouse listener started successfully
2025-06-04 17:51:28,577 - INFO - Keyboard listener started successfully
2025-06-04 17:51:28,577 - INFO - Input controller initialized (safe mode)
2025-06-04 17:51:28,577 - INFO - 🚨 Emergency shutdown: Press Ctrl+1 to immediately stop agent
2025-06-04 17:51:28,579 - INFO - Connected to Ollama API v0.6.8
2025-06-04 17:51:28,579 - INFO - LLaVA visual processor initialized for total screen analysis
2025-06-04 17:51:28,579 - INFO - Total Screen Analyzer initialized with 8s interval
2025-06-04 17:51:28,579 - INFO - 🤖 Universal automation components loaded successfully
2025-06-04 17:51:28,579 - INFO - ✅ Universal automation handler loaded successfully
2025-06-04 17:51:28,579 - INFO - Port 8768 is available
2025-06-04 17:51:28,579 - INFO - Starting ultimate DO button server on localhost:8768
2025-06-04 17:51:28,586 - INFO - server listening on 127.0.0.1:8768
2025-06-04 17:51:28,586 - INFO - server listening on [::1]:8768
2025-06-04 17:51:28,586 - INFO - ✅ Ultimate DO Button Server running on ws://localhost:8768
2025-06-04 17:51:28,586 - INFO - 📋 Server supports all three message formats: agent_confirmation, button_action, and do_button
2025-06-04 17:52:47,911 - INFO - Detected screen size: 1470x956
2025-06-04 17:52:47,912 - INFO - Standard mouse listener started successfully
2025-06-04 17:52:47,912 - INFO - Keyboard listener started successfully
2025-06-04 17:52:47,912 - INFO - Input controller initialized (safe mode)
2025-06-04 17:52:47,912 - INFO - 🚨 Emergency shutdown: Press Ctrl+1 to immediately stop agent
2025-06-04 17:52:47,912 - INFO - ✅ Input controller loaded successfully
2025-06-04 17:52:47,915 - INFO - Loaded 2 plans from metadata
2025-06-04 17:52:47,915 - INFO - Plan persistence system initialized
2025-06-04 17:52:47,915 - INFO - ✅ Plan persistence module loaded successfully
2025-06-04 17:52:48,222 - INFO - Standard mouse listener started successfully
2025-06-04 17:52:48,222 - INFO - Keyboard listener started successfully
2025-06-04 17:52:48,222 - INFO - Input controller initialized (safe mode)
2025-06-04 17:52:48,222 - INFO - 🚨 Emergency shutdown: Press Ctrl+1 to immediately stop agent
2025-06-04 17:52:48,298 - INFO - Connected to Ollama API v0.6.8
2025-06-04 17:52:48,298 - INFO - LLaVA visual processor initialized for total screen analysis
2025-06-04 17:52:48,298 - INFO - Total Screen Analyzer initialized with 8s interval
2025-06-04 17:52:48,298 - INFO - 🤖 Real automation components loaded successfully
2025-06-04 17:52:48,298 - INFO - Standard mouse listener started successfully
2025-06-04 17:52:48,299 - INFO - Keyboard listener started successfully
2025-06-04 17:52:48,299 - INFO - Input controller initialized (safe mode)
2025-06-04 17:52:48,299 - INFO - 🚨 Emergency shutdown: Press Ctrl+1 to immediately stop agent
2025-06-04 17:52:48,301 - INFO - Connected to Ollama API v0.6.8
2025-06-04 17:52:48,301 - INFO - LLaVA visual processor initialized for total screen analysis
2025-06-04 17:52:48,301 - INFO - Total Screen Analyzer initialized with 8s interval
2025-06-04 17:52:48,301 - INFO - 🤖 Real automation components loaded successfully
2025-06-04 17:52:48,301 - INFO - ✅ Real agent automation handler loaded successfully
2025-06-04 17:52:48,303 - INFO - Standard mouse listener started successfully
2025-06-04 17:52:48,303 - INFO - Keyboard listener started successfully
2025-06-04 17:52:48,303 - INFO - Input controller initialized (safe mode)
2025-06-04 17:52:48,303 - INFO - 🚨 Emergency shutdown: Press Ctrl+1 to immediately stop agent
2025-06-04 17:52:48,304 - INFO - Connected to Ollama API v0.6.8
2025-06-04 17:52:48,304 - INFO - LLaVA visual processor initialized for total screen analysis
2025-06-04 17:52:48,304 - INFO - Total Screen Analyzer initialized with 8s interval
2025-06-04 17:52:48,304 - INFO - 🔄 Adaptive retry automation system loaded
2025-06-04 17:52:48,304 - INFO - ✅ Adaptive retry automation handler loaded successfully
2025-06-04 17:52:48,305 - INFO - ✅ Plan persistence module loaded successfully
2025-06-04 17:52:48,305 - INFO - Standard mouse listener started successfully
2025-06-04 17:52:48,306 - INFO - Keyboard listener started successfully
2025-06-04 17:52:48,306 - INFO - Input controller initialized (safe mode)
2025-06-04 17:52:48,306 - INFO - 🚨 Emergency shutdown: Press Ctrl+1 to immediately stop agent
2025-06-04 17:52:48,307 - INFO - Connected to Ollama API v0.6.8
2025-06-04 17:52:48,307 - INFO - LLaVA visual processor initialized for total screen analysis
2025-06-04 17:52:48,307 - INFO - Total Screen Analyzer initialized with 8s interval
2025-06-04 17:52:48,307 - INFO - 🤖 Universal automation components loaded successfully
2025-06-04 17:52:48,307 - INFO - ✅ Universal automation handler loaded successfully
2025-06-04 17:52:48,307 - INFO - Port 8768 is available
2025-06-04 17:52:48,307 - INFO - Starting ultimate DO button server on localhost:8768
2025-06-04 17:52:48,314 - INFO - server listening on 127.0.0.1:8768
2025-06-04 17:52:48,314 - INFO - server listening on [::1]:8768
2025-06-04 17:52:48,314 - INFO - ✅ Ultimate DO Button Server running on ws://localhost:8768
2025-06-04 17:52:48,314 - INFO - 📋 Server supports all three message formats: agent_confirmation, button_action, and do_button
2025-06-04 17:53:07,170 - INFO - connection open
2025-06-04 17:53:07,171 - INFO - Client client_4696745904 connected
2025-06-04 17:53:07,172 - INFO - Received message type: unknown
2025-06-04 17:53:07,172 - INFO - 📩 Direct message format received: Suggest
2025-06-04 17:53:07,172 - INFO - ✅ Forwarded direct message to overlay
2025-06-04 17:55:33,626 - INFO - Detected screen size: 1470x956
2025-06-04 17:55:33,633 - INFO - Standard mouse listener started successfully
2025-06-04 17:55:33,633 - INFO - Keyboard listener started successfully
2025-06-04 17:55:33,633 - INFO - Input controller initialized (safe mode)
2025-06-04 17:55:33,633 - INFO - 🚨 Emergency shutdown: Press Ctrl+1 to immediately stop agent
2025-06-04 17:55:33,633 - INFO - ✅ Input controller loaded successfully
2025-06-04 17:55:33,653 - INFO - Loaded 2 plans from metadata
2025-06-04 17:55:33,653 - INFO - Plan persistence system initialized
2025-06-04 17:55:33,653 - INFO - ✅ Plan persistence module loaded successfully
2025-06-04 17:55:33,654 - INFO - 🤖 Basic automation handler initialized
2025-06-04 17:55:33,654 - INFO - 🤖 Basic automation handler initialized
2025-06-04 17:55:33,654 - INFO - ✅ Real agent automation handler loaded successfully
2025-06-04 17:55:35,001 - INFO - Standard mouse listener started successfully
2025-06-04 17:55:35,004 - INFO - Keyboard listener started successfully
2025-06-04 17:55:35,005 - INFO - Input controller initialized (safe mode)
2025-06-04 17:55:35,005 - INFO - 🚨 Emergency shutdown: Press Ctrl+1 to immediately stop agent
2025-06-04 17:55:35,192 - INFO - Connected to Ollama API v0.6.8
2025-06-04 17:55:35,193 - INFO - LLaVA visual processor initialized for total screen analysis
2025-06-04 17:55:35,193 - INFO - Total Screen Analyzer initialized with 8s interval
2025-06-04 17:55:35,193 - INFO - 🔄 Adaptive retry automation system loaded
2025-06-04 17:55:35,193 - INFO - ✅ Adaptive retry automation handler loaded successfully
2025-06-04 17:55:35,193 - INFO - ✅ Plan persistence module loaded successfully
2025-06-04 17:55:35,194 - INFO - Standard mouse listener started successfully
2025-06-04 17:55:35,194 - INFO - Keyboard listener started successfully
2025-06-04 17:55:35,194 - INFO - Input controller initialized (safe mode)
2025-06-04 17:55:35,194 - INFO - 🚨 Emergency shutdown: Press Ctrl+1 to immediately stop agent
2025-06-04 17:55:35,197 - INFO - Connected to Ollama API v0.6.8
2025-06-04 17:55:35,197 - INFO - LLaVA visual processor initialized for total screen analysis
2025-06-04 17:55:35,197 - INFO - Total Screen Analyzer initialized with 8s interval
2025-06-04 17:55:35,197 - INFO - 🤖 Universal automation components loaded successfully
2025-06-04 17:55:35,197 - INFO - ✅ Universal automation handler loaded successfully
2025-06-04 17:55:35,197 - INFO - Port 8768 is available
2025-06-04 17:55:35,197 - INFO - Starting ultimate DO button server on localhost:8768
2025-06-04 17:55:35,229 - INFO - server listening on 127.0.0.1:8768
2025-06-04 17:55:35,229 - INFO - server listening on [::1]:8768
2025-06-04 17:55:35,229 - INFO - ✅ Ultimate DO Button Server running on ws://localhost:8768
2025-06-04 17:55:35,229 - INFO - 📋 Server supports all three message formats: agent_confirmation, button_action, and do_button
2025-06-04 17:55:49,364 - INFO - connection open
2025-06-04 17:55:49,365 - INFO - Client client_4893778880 connected
2025-06-04 17:55:49,366 - INFO - Received message type: unknown
2025-06-04 17:55:49,366 - INFO - 📩 Direct message format received: Agent
2025-06-04 17:55:49,366 - INFO - ✅ Forwarded direct message to overlay
2025-06-04 17:56:22,097 - INFO - connection open
2025-06-04 17:56:22,100 - INFO - Client client_4893804176 connected
2025-06-04 17:56:22,103 - INFO - Received message type: unknown
2025-06-04 17:56:22,104 - INFO - 📩 Direct message format received: Suggest
2025-06-04 17:56:22,104 - INFO - ✅ Forwarded direct message to overlay
2025-06-04 17:57:17,960 - INFO - Detected screen size: 1470x956
2025-06-04 17:57:17,961 - INFO - Standard mouse listener started successfully
2025-06-04 17:57:17,961 - INFO - Keyboard listener started successfully
2025-06-04 17:57:17,961 - INFO - Input controller initialized (safe mode)
2025-06-04 17:57:17,961 - INFO - 🚨 Emergency shutdown: Press Ctrl+1 to immediately stop agent
2025-06-04 17:57:17,961 - INFO - ✅ Input controller loaded successfully
2025-06-04 17:57:17,965 - INFO - Loaded 2 plans from metadata
2025-06-04 17:57:17,965 - INFO - Plan persistence system initialized
2025-06-04 17:57:17,965 - INFO - ✅ Plan persistence module loaded successfully
2025-06-04 17:57:17,966 - INFO - 🤖 Basic automation handler initialized
2025-06-04 17:57:17,966 - INFO - 🤖 Basic automation handler initialized
2025-06-04 17:57:17,966 - INFO - ✅ Real agent automation handler loaded successfully
2025-06-04 17:57:18,312 - INFO - Standard mouse listener started successfully
2025-06-04 17:57:18,312 - INFO - Keyboard listener started successfully
2025-06-04 17:57:18,313 - INFO - Input controller initialized (safe mode)
2025-06-04 17:57:18,313 - INFO - 🚨 Emergency shutdown: Press Ctrl+1 to immediately stop agent
2025-06-04 17:57:18,459 - INFO - Connected to Ollama API v0.6.8
2025-06-04 17:57:18,459 - INFO - LLaVA visual processor initialized for total screen analysis
2025-06-04 17:57:18,459 - INFO - Total Screen Analyzer initialized with 8s interval
2025-06-04 17:57:18,460 - INFO - 🔄 Adaptive retry automation system loaded
2025-06-04 17:57:18,460 - INFO - ✅ Adaptive retry automation handler loaded successfully
2025-06-04 17:57:18,460 - INFO - ✅ Plan persistence module loaded successfully
2025-06-04 17:57:18,461 - INFO - Standard mouse listener started successfully
2025-06-04 17:57:18,461 - INFO - Keyboard listener started successfully
2025-06-04 17:57:18,461 - INFO - Input controller initialized (safe mode)
2025-06-04 17:57:18,461 - INFO - 🚨 Emergency shutdown: Press Ctrl+1 to immediately stop agent
2025-06-04 17:57:18,475 - INFO - Connected to Ollama API v0.6.8
2025-06-04 17:57:18,475 - INFO - LLaVA visual processor initialized for total screen analysis
2025-06-04 17:57:18,475 - INFO - Total Screen Analyzer initialized with 8s interval
2025-06-04 17:57:18,475 - INFO - 🤖 Universal automation components loaded successfully
2025-06-04 17:57:18,475 - INFO - ✅ Universal automation handler loaded successfully
2025-06-04 17:57:18,476 - INFO - Port 8768 is available
2025-06-04 17:57:18,476 - INFO - Starting ultimate DO button server on localhost:8768
2025-06-04 17:57:18,487 - INFO - server listening on [::1]:8768
2025-06-04 17:57:18,487 - INFO - server listening on 127.0.0.1:8768
2025-06-04 17:57:18,487 - INFO - ✅ Ultimate DO Button Server running on ws://localhost:8768
2025-06-04 17:57:18,487 - INFO - 📋 Server supports all three message formats: agent_confirmation, button_action, and do_button
2025-06-04 17:57:39,573 - INFO - connection open
2025-06-04 17:57:39,576 - INFO - Client client_4811842832 connected
2025-06-04 17:57:39,577 - INFO - Received message type: unknown
2025-06-04 17:57:39,577 - INFO - 📩 Direct message format received: Suggest
2025-06-04 17:57:39,577 - INFO - ✅ Forwarded direct message to overlay
2025-06-04 17:58:10,922 - INFO - connection open
2025-06-04 17:58:10,931 - INFO - Client client_4812014288 connected
2025-06-04 17:58:10,935 - INFO - Received message type: unknown
2025-06-04 17:58:10,935 - INFO - 📩 Direct message format received: Creative
2025-06-04 17:58:10,936 - INFO - ✅ Forwarded direct message to overlay
2025-06-04 18:13:32,317 - INFO - Detected screen size: 1470x956
2025-06-04 18:13:32,319 - INFO - Standard mouse listener started successfully
2025-06-04 18:13:32,319 - INFO - Keyboard listener started successfully
2025-06-04 18:13:32,319 - INFO - Input controller initialized (safe mode)
2025-06-04 18:13:32,319 - INFO - 🚨 Emergency shutdown: Press Ctrl+1 to immediately stop agent
2025-06-04 18:13:32,319 - INFO - ✅ Input controller loaded successfully
2025-06-04 18:13:32,324 - INFO - Loaded 2 plans from metadata
2025-06-04 18:13:32,324 - INFO - Plan persistence system initialized
2025-06-04 18:13:32,324 - INFO - ✅ Plan persistence module loaded successfully
2025-06-04 18:13:32,324 - INFO - 🤖 Basic automation handler initialized
2025-06-04 18:13:32,324 - INFO - 🤖 Basic automation handler initialized
2025-06-04 18:13:32,324 - INFO - ✅ Real agent automation handler loaded successfully
2025-06-04 18:13:32,767 - INFO - Standard mouse listener started successfully
2025-06-04 18:13:32,767 - INFO - Keyboard listener started successfully
2025-06-04 18:13:32,767 - INFO - Input controller initialized (safe mode)
2025-06-04 18:13:32,767 - INFO - 🚨 Emergency shutdown: Press Ctrl+1 to immediately stop agent
2025-06-04 18:13:32,835 - INFO - Connected to Ollama API v0.6.8
2025-06-04 18:13:32,836 - INFO - LLaVA visual processor initialized for total screen analysis
2025-06-04 18:13:32,836 - INFO - Total Screen Analyzer initialized with 8s interval
2025-06-04 18:13:32,836 - INFO - 🔄 Adaptive retry automation system loaded
2025-06-04 18:13:32,836 - INFO - ✅ Adaptive retry automation handler loaded successfully
2025-06-04 18:13:32,836 - INFO - ✅ Plan persistence module loaded successfully
2025-06-04 18:13:32,837 - INFO - Standard mouse listener started successfully
2025-06-04 18:13:32,837 - INFO - Keyboard listener started successfully
2025-06-04 18:13:32,837 - INFO - Input controller initialized (safe mode)
2025-06-04 18:13:32,837 - INFO - 🚨 Emergency shutdown: Press Ctrl+1 to immediately stop agent
2025-06-04 18:13:32,839 - INFO - Connected to Ollama API v0.6.8
2025-06-04 18:13:32,839 - INFO - LLaVA visual processor initialized for total screen analysis
2025-06-04 18:13:32,839 - INFO - Total Screen Analyzer initialized with 8s interval
2025-06-04 18:13:32,839 - INFO - 🤖 Universal automation components loaded successfully
2025-06-04 18:13:32,839 - INFO - ✅ Universal automation handler loaded successfully
2025-06-04 18:13:32,839 - INFO - Port 8768 is available
2025-06-04 18:13:32,839 - INFO - Starting ultimate DO button server on localhost:8768
2025-06-04 18:13:32,850 - INFO - server listening on 127.0.0.1:8768
2025-06-04 18:13:32,850 - INFO - server listening on [::1]:8768
2025-06-04 18:13:32,850 - INFO - ✅ Ultimate DO Button Server running on ws://localhost:8768
2025-06-04 18:13:32,850 - INFO - 📋 Server supports all three message formats: agent_confirmation, button_action, and do_button
2025-06-04 18:13:37,714 - INFO - connection open
2025-06-04 18:13:37,715 - INFO - Client client_5378204944 connected
2025-06-04 18:13:37,716 - INFO - Received message type: agent_confirmation
2025-06-04 18:13:37,716 - INFO - Agent confirmation received: {'type': 'agent_confirmation', 'action': 'DO', 'session_id': 'test_plan_1749075217', 'timestamp': '2025-06-04T18:13:37.676700'}
2025-06-04 18:13:37,716 - INFO - Using universal automation handler for execute_plan on plan test_plan_1749075217
2025-06-04 18:13:37,716 - INFO - 🔘 Handling button action: execute_plan for plan: test_plan_1749075217
2025-06-04 18:13:37,716 - INFO - 🔍 Loading plan with ID: test_plan_1749075217
2025-06-04 18:13:37,717 - INFO - Available plan metadata: ['test_plan_1749073116', 'test_plan_1749073159']
2025-06-04 18:13:37,717 - INFO - Available plan files: ['test_plan_1749073116.json', 'task_1749073782_overlay_session_1749073782978.json', 'task_1749060404_overlay_session_1749060404964.json', 'task_1749073830_overlay_session_1749073830943.json', 'task_1749061589_overlay_session_1749061589817.json', 'metadata.json', 'task_1749060663_overlay_session_1749060663301.json', 'task_1749073734_overlay_session_1749073734671.json', 'task_1749059418_overlay_session_1749059418875.json', 'test_plan_4ff0cd54-b578-4f67-b3d5-6b00a21839e4.json', 'task_1749073557_overlay_session_1749073557689.json', 'task_1749073666_overlay_session_1749073666844.json', 'plan_metadata.json', 'task_1749060064_overlay_session_1749060064422.json', 'task_1749060665_overlay_session_1749060665147.json', 'task_1749060190_overlay_session_1749060190477.json', 'task_1749060455_overlay_session_1749060455285.json', 'test_plan_1749073159.json', 'task_1749061589_overlay_session_1749061589864.json', 'task_1749073724_overlay_session_1749073724714.json']
2025-06-04 18:13:37,717 - WARNING - Plan not found: test_plan_1749075217
2025-06-04 18:13:37,717 - INFO - 📋 Available plans in storage: ['test_plan_1749073116.json', 'task_1749073782_overlay_session_1749073782978.json', 'task_1749060404_overlay_session_1749060404964.json', 'task_1749073830_overlay_session_1749073830943.json', 'task_1749061589_overlay_session_1749061589817.json', 'metadata.json', 'task_1749060663_overlay_session_1749060663301.json', 'task_1749073734_overlay_session_1749073734671.json', 'task_1749059418_overlay_session_1749059418875.json', 'test_plan_4ff0cd54-b578-4f67-b3d5-6b00a21839e4.json', 'task_1749073557_overlay_session_1749073557689.json', 'task_1749073666_overlay_session_1749073666844.json', 'plan_metadata.json', 'task_1749060064_overlay_session_1749060064422.json', 'task_1749060665_overlay_session_1749060665147.json', 'task_1749060190_overlay_session_1749060190477.json', 'task_1749060455_overlay_session_1749060455285.json', 'test_plan_1749073159.json', 'task_1749061589_overlay_session_1749061589864.json', 'task_1749073724_overlay_session_1749073724714.json']
2025-06-04 18:13:37,717 - WARNING - ❌ Plan not found: test_plan_1749075217
2025-06-04 18:13:37,717 - WARNING - ❌ Plan not found for button action: test_plan_1749075217
2025-06-04 18:13:37,717 - INFO - Universal handler result: {'success': False, 'response': '❌ Plan not found. It may have expired or been cancelled.', 'interactive': False}
2025-06-04 18:14:11,427 - INFO - connection open
2025-06-04 18:14:11,800 - INFO - Client client_5378377360 connected
2025-06-04 18:14:11,818 - INFO - Received message type: unknown
2025-06-04 18:14:11,822 - INFO - 📩 Direct message format received: Creative
2025-06-04 18:14:11,822 - INFO - ✅ Forwarded direct message to overlay
2025-06-04 18:14:22,196 - INFO - connection open
2025-06-04 18:14:22,197 - INFO - Client client_5378380240 connected
2025-06-04 18:14:22,198 - INFO - Received message type: unknown
2025-06-04 18:14:22,198 - INFO - 📩 Direct message format received: Ask
2025-06-04 18:14:22,199 - INFO - ✅ Forwarded direct message to overlay
2025-06-04 18:14:42,698 - INFO - connection open
2025-06-04 18:14:42,700 - INFO - Client client_5378285360 connected
2025-06-04 18:14:42,701 - INFO - Received message type: unknown
2025-06-04 18:14:42,701 - INFO - 📩 Direct message format received: Creative
2025-06-04 18:14:42,701 - INFO - ✅ Forwarded direct message to overlay
2025-06-04 18:32:04,382 - INFO - Detected screen size: 1470x956
2025-06-04 18:32:04,385 - INFO - Standard mouse listener started successfully
2025-06-04 18:32:04,385 - INFO - Keyboard listener started successfully
2025-06-04 18:32:04,385 - INFO - Input controller initialized (safe mode)
2025-06-04 18:32:04,385 - INFO - 🚨 Emergency shutdown: Press Ctrl+1 to immediately stop agent
2025-06-04 18:32:04,385 - INFO - ✅ Input controller loaded successfully
2025-06-04 18:32:04,394 - INFO - Loaded 2 plans from metadata
2025-06-04 18:32:04,394 - INFO - Plan persistence system initialized
2025-06-04 18:32:04,394 - INFO - ✅ Plan persistence module loaded successfully
2025-06-04 18:32:04,396 - INFO - 🤖 Basic automation handler initialized
2025-06-04 18:32:04,396 - INFO - 🤖 Basic automation handler initialized
2025-06-04 18:32:04,396 - INFO - ✅ Real agent automation handler loaded successfully
2025-06-04 18:32:04,900 - INFO - Standard mouse listener started successfully
2025-06-04 18:32:04,901 - INFO - Keyboard listener started successfully
2025-06-04 18:32:04,901 - INFO - Input controller initialized (safe mode)
2025-06-04 18:32:04,901 - INFO - 🚨 Emergency shutdown: Press Ctrl+1 to immediately stop agent
2025-06-04 18:32:05,745 - INFO - Connected to Ollama API v0.6.8
2025-06-04 18:32:05,746 - INFO - LLaVA visual processor initialized for total screen analysis
2025-06-04 18:32:05,746 - INFO - Total Screen Analyzer initialized with 8s interval
2025-06-04 18:32:05,746 - INFO - 🔄 Adaptive retry automation system loaded
2025-06-04 18:32:05,746 - INFO - ✅ Adaptive retry automation handler loaded successfully
2025-06-04 18:32:05,746 - INFO - ✅ Plan persistence module loaded successfully
2025-06-04 18:32:05,748 - INFO - Standard mouse listener started successfully
2025-06-04 18:32:05,748 - INFO - Keyboard listener started successfully
2025-06-04 18:32:05,748 - INFO - Input controller initialized (safe mode)
2025-06-04 18:32:05,748 - INFO - 🚨 Emergency shutdown: Press Ctrl+1 to immediately stop agent
2025-06-04 18:32:05,757 - INFO - Connected to Ollama API v0.6.8
2025-06-04 18:32:05,757 - INFO - LLaVA visual processor initialized for total screen analysis
2025-06-04 18:32:05,758 - INFO - Total Screen Analyzer initialized with 8s interval
2025-06-04 18:32:05,758 - INFO - 🤖 Universal automation components loaded successfully
2025-06-04 18:32:05,758 - INFO - ✅ Universal automation handler loaded successfully
2025-06-04 18:32:05,758 - WARNING - Port 8768 is already in use. Killing existing process...
2025-06-04 18:32:05,805 - INFO - Killed process on port 8768
2025-06-04 18:32:07,808 - INFO - Starting ultimate DO button server on localhost:8768
2025-06-04 18:32:07,822 - INFO - server listening on [::1]:8768
2025-06-04 18:32:07,823 - INFO - server listening on 127.0.0.1:8768
2025-06-04 18:32:07,823 - INFO - ✅ Ultimate DO Button Server running on ws://localhost:8768
2025-06-04 18:32:07,823 - INFO - 📋 Server supports all three message formats: agent_confirmation, button_action, and do_button
2025-06-04 18:32:15,307 - INFO - connection open
2025-06-04 18:32:15,308 - INFO - Client client_5099480336 connected
2025-06-04 18:32:15,309 - INFO - Received message type: unknown
2025-06-04 18:32:15,310 - INFO - 📩 Direct message format received: Creative
2025-06-04 18:32:15,310 - INFO - ✅ Forwarded direct message to overlay
2025-06-04 18:32:49,826 - INFO - connection open
2025-06-04 18:32:49,831 - INFO - Client client_5099636368 connected
2025-06-04 18:32:49,832 - INFO - Received message type: unknown
2025-06-04 18:32:49,832 - INFO - 📩 Direct message format received: Suggest
2025-06-04 18:32:49,832 - INFO - ✅ Forwarded direct message to overlay
2025-06-04 18:32:57,686 - INFO - connection open
2025-06-04 18:32:57,697 - INFO - Client client_5099639568 connected
2025-06-04 18:32:57,717 - INFO - Received message type: suggestion
2025-06-04 18:32:57,717 - INFO - 📢 Suggestion request received
2025-06-04 18:32:57,717 - INFO - Suggestion: Suggestion - Would you like help with this?
2025-06-04 18:32:57,718 - INFO - ✅ Sent properly formatted suggestion to overlay UI
2025-06-04 18:32:58,123 - INFO - connection open
2025-06-04 18:32:58,123 - INFO - Client client_5099544368 connected
2025-06-04 18:32:58,124 - INFO - Received message type: unknown
2025-06-04 18:32:58,124 - INFO - 📩 Direct message format received: SUGGEST
2025-06-04 18:32:58,124 - INFO - ✅ Forwarded direct message to overlay
2025-06-04 18:33:00,189 - ERROR - opening handshake failed
Traceback (most recent call last):
  File "/Users/segevbin/Desktop/SensAI/Aiayer/.venv/lib/python3.13/site-packages/websockets/http11.py", line 138, in parse
    request_line = yield from parse_line(read_line)
                   ^^^^^^^^^^^^^^^^^^^^^^^^^^^^^^^^
  File "/Users/segevbin/Desktop/SensAI/Aiayer/.venv/lib/python3.13/site-packages/websockets/http11.py", line 309, in parse_line
    line = yield from read_line(MAX_LINE_LENGTH)
           ^^^^^^^^^^^^^^^^^^^^^^^^^^^^^^^^^^^^^
  File "/Users/segevbin/Desktop/SensAI/Aiayer/.venv/lib/python3.13/site-packages/websockets/streams.py", line 46, in read_line
    raise EOFError(f"stream ends after {p} bytes, before end of line")
EOFError: stream ends after 0 bytes, before end of line

The above exception was the direct cause of the following exception:

Traceback (most recent call last):
  File "/Users/segevbin/Desktop/SensAI/Aiayer/.venv/lib/python3.13/site-packages/websockets/server.py", line 545, in parse
    request = yield from Request.parse(
              ^^^^^^^^^^^^^^^^^^^^^^^^^
        self.reader.read_line,
        ^^^^^^^^^^^^^^^^^^^^^^
    )
    ^
  File "/Users/segevbin/Desktop/SensAI/Aiayer/.venv/lib/python3.13/site-packages/websockets/http11.py", line 140, in parse
    raise EOFError("connection closed while reading HTTP request line") from exc
EOFError: connection closed while reading HTTP request line

The above exception was the direct cause of the following exception:

Traceback (most recent call last):
  File "/Users/segevbin/Desktop/SensAI/Aiayer/.venv/lib/python3.13/site-packages/websockets/asyncio/server.py", line 356, in conn_handler
    await connection.handshake(
    ...<3 lines>...
    )
  File "/Users/segevbin/Desktop/SensAI/Aiayer/.venv/lib/python3.13/site-packages/websockets/asyncio/server.py", line 207, in handshake
    raise self.protocol.handshake_exc
websockets.exceptions.InvalidMessage: did not receive a valid HTTP request
2025-06-04 18:33:00,238 - INFO - connection open
2025-06-04 18:33:00,239 - INFO - Client client_5099548928 connected
2025-06-04 18:33:00,242 - INFO - Received message type: suggestion
2025-06-04 18:33:00,242 - INFO - 📢 Suggestion request received
2025-06-04 18:33:00,242 - INFO - Suggestion: Suggestion - Would you like help with this?
2025-06-04 18:33:00,242 - INFO - ✅ Sent properly formatted suggestion to overlay UI
2025-06-04 18:33:00,781 - INFO - Received message type: unknown
2025-06-04 18:33:00,785 - INFO - 📩 Direct message format received: SUGGEST
2025-06-04 18:33:00,787 - ERROR - Error processing message: received 1000 (OK); then sent 1000 (OK)
2025-06-04 18:33:00,787 - INFO - Client client_5099548928 disconnected
2025-06-04 18:33:12,889 - INFO - connection open
2025-06-04 18:33:12,889 - INFO - Client client_5099551664 connected
2025-06-04 18:33:12,894 - INFO - Received message type: unknown
2025-06-04 18:33:12,895 - INFO - 📩 Direct message format received: Ask
2025-06-04 18:33:12,895 - INFO - ✅ Forwarded direct message to overlay
2025-06-04 18:33:46,664 - INFO - connection open
2025-06-04 18:33:46,674 - INFO - Client client_5099552272 connected
2025-06-04 18:33:46,693 - INFO - Received message type: unknown
2025-06-04 18:33:46,694 - INFO - 📩 Direct message format received: Agent
2025-06-04 18:33:46,694 - INFO - ✅ Forwarded direct message to overlay
2025-06-04 18:33:57,103 - INFO - connection open
2025-06-04 18:33:57,105 - INFO - Client client_5100257664 connected
2025-06-04 18:33:57,106 - INFO - Received message type: unknown
2025-06-04 18:33:57,107 - INFO - 📩 Direct message format received: Ask
2025-06-04 18:33:57,107 - INFO - ✅ Forwarded direct message to overlay
2025-06-04 19:27:21,958 - INFO - Detected screen size: 1470x956
2025-06-04 19:27:21,961 - INFO - Standard mouse listener started successfully
2025-06-04 19:27:21,961 - INFO - Keyboard listener started successfully
2025-06-04 19:27:21,961 - INFO - Input controller initialized (safe mode)
2025-06-04 19:27:21,961 - INFO - 🚨 Emergency shutdown: Press Ctrl+1 to immediately stop agent
2025-06-04 19:27:21,961 - INFO - ✅ Input controller loaded successfully
2025-06-04 19:27:21,979 - INFO - Loaded 2 plans from metadata
2025-06-04 19:27:21,979 - INFO - Plan persistence system initialized
2025-06-04 19:27:21,979 - INFO - ✅ Plan persistence module loaded successfully
2025-06-04 19:27:21,979 - INFO - 🤖 Basic automation handler initialized
2025-06-04 19:27:21,980 - INFO - 🤖 Basic automation handler initialized
2025-06-04 19:27:21,980 - INFO - ✅ Real agent automation handler loaded successfully
2025-06-04 19:27:22,485 - INFO - Standard mouse listener started successfully
2025-06-04 19:27:22,485 - INFO - Keyboard listener started successfully
2025-06-04 19:27:22,485 - INFO - Input controller initialized (safe mode)
2025-06-04 19:27:22,485 - INFO - 🚨 Emergency shutdown: Press Ctrl+1 to immediately stop agent
2025-06-04 19:27:22,634 - INFO - Connected to Ollama API v0.6.8
2025-06-04 19:27:22,634 - INFO - LLaVA visual processor initialized for total screen analysis
2025-06-04 19:27:22,634 - INFO - Total Screen Analyzer initialized with 8s interval
2025-06-04 19:27:22,634 - INFO - 🔄 Adaptive retry automation system loaded
2025-06-04 19:27:22,634 - INFO - ✅ Adaptive retry automation handler loaded successfully
2025-06-04 19:27:22,634 - INFO - ✅ Plan persistence module loaded successfully
2025-06-04 19:27:22,636 - INFO - Standard mouse listener started successfully
2025-06-04 19:27:22,636 - INFO - Keyboard listener started successfully
2025-06-04 19:27:22,636 - INFO - Input controller initialized (safe mode)
2025-06-04 19:27:22,636 - INFO - 🚨 Emergency shutdown: Press Ctrl+1 to immediately stop agent
2025-06-04 19:27:22,640 - INFO - Connected to Ollama API v0.6.8
2025-06-04 19:27:22,640 - INFO - LLaVA visual processor initialized for total screen analysis
2025-06-04 19:27:22,640 - INFO - Total Screen Analyzer initialized with 8s interval
2025-06-04 19:27:22,640 - INFO - 🤖 Universal automation components loaded successfully
2025-06-04 19:27:22,640 - INFO - ✅ Universal automation handler loaded successfully
2025-06-04 19:27:22,641 - INFO - Port 8768 is available
2025-06-04 19:27:22,641 - INFO - Starting ultimate DO button server on localhost:8768
2025-06-04 19:27:22,651 - INFO - server listening on [::1]:8768
2025-06-04 19:27:22,651 - INFO - server listening on 127.0.0.1:8768
2025-06-04 19:27:22,651 - INFO - ✅ Ultimate DO Button Server running on ws://localhost:8768
2025-06-04 19:27:22,651 - INFO - 📋 Server supports all three message formats: agent_confirmation, button_action, and do_button
2025-06-04 19:28:01,443 - INFO - connection open
2025-06-04 19:28:01,446 - INFO - Client client_5565310224 connected
2025-06-04 19:28:01,453 - INFO - Received message type: unknown
2025-06-04 19:28:01,453 - INFO - 📩 Direct message format received: Creative
2025-06-04 19:28:01,453 - INFO - ✅ Forwarded direct message to overlay
2025-06-04 19:28:32,362 - INFO - connection open
2025-06-04 19:28:32,375 - INFO - Client client_5565466256 connected
2025-06-04 19:28:33,726 - INFO - Received message type: unknown
2025-06-04 19:28:33,734 - WARNING - Unknown message type: unknown
2025-06-04 19:28:36,530 - INFO - Received message type: unknown
2025-06-04 19:28:36,601 - WARNING - Unknown message type: unknown
2025-06-04 19:28:38,359 - INFO - Received message type: unknown
2025-06-04 19:28:38,382 - WARNING - Unknown message type: unknown
2025-06-04 19:29:12,224 - INFO - connection open
2025-06-04 19:29:12,238 - INFO - Client client_5565468816 connected
2025-06-04 19:29:12,248 - INFO - Received message type: unknown
2025-06-04 19:29:12,248 - INFO - 📩 Direct message format received: Suggest
2025-06-04 19:29:12,251 - INFO - ✅ Forwarded direct message to overlay
2025-06-04 19:39:32,960 - INFO - Detected screen size: 1470x956
2025-06-04 19:39:32,965 - INFO - Standard mouse listener started successfully
2025-06-04 19:39:32,965 - INFO - Keyboard listener started successfully
2025-06-04 19:39:32,965 - INFO - Input controller initialized (safe mode)
2025-06-04 19:39:32,965 - INFO - 🚨 Emergency shutdown: Press Ctrl+1 to immediately stop agent
2025-06-04 19:39:32,965 - INFO - ✅ Input controller loaded successfully
2025-06-04 19:39:32,983 - INFO - Loaded 2 plans from metadata
2025-06-04 19:39:32,983 - INFO - Plan persistence system initialized
2025-06-04 19:39:32,983 - INFO - ✅ Plan persistence module loaded successfully
2025-06-04 19:39:32,983 - INFO - 🤖 Basic automation handler initialized
2025-06-04 19:39:32,984 - INFO - 🤖 Basic automation handler initialized
2025-06-04 19:39:32,984 - INFO - ✅ Real agent automation handler loaded successfully
2025-06-04 19:39:34,304 - INFO - Standard mouse listener started successfully
2025-06-04 19:39:34,307 - INFO - Keyboard listener started successfully
2025-06-04 19:39:34,307 - INFO - Input controller initialized (safe mode)
2025-06-04 19:39:34,308 - INFO - 🚨 Emergency shutdown: Press Ctrl+1 to immediately stop agent
2025-06-04 19:39:35,445 - INFO - Connected to Ollama API v0.6.8
2025-06-04 19:39:35,458 - INFO - LLaVA visual processor initialized for total screen analysis
2025-06-04 19:39:35,460 - INFO - Total Screen Analyzer initialized with 8s interval
2025-06-04 19:39:35,466 - INFO - 🔄 Adaptive retry automation system loaded
2025-06-04 19:39:35,477 - INFO - ✅ Adaptive retry automation handler loaded successfully
2025-06-04 19:39:35,478 - INFO - ✅ Plan persistence module loaded successfully
2025-06-04 19:39:35,540 - INFO - Standard mouse listener started successfully
2025-06-04 19:39:35,541 - INFO - Keyboard listener started successfully
2025-06-04 19:39:35,541 - INFO - Input controller initialized (safe mode)
2025-06-04 19:39:35,541 - INFO - 🚨 Emergency shutdown: Press Ctrl+1 to immediately stop agent
2025-06-04 19:39:35,903 - INFO - Connected to Ollama API v0.6.8
2025-06-04 19:39:35,903 - INFO - LLaVA visual processor initialized for total screen analysis
2025-06-04 19:39:35,903 - INFO - Total Screen Analyzer initialized with 8s interval
2025-06-04 19:39:35,903 - INFO - 🤖 Universal automation components loaded successfully
2025-06-04 19:39:35,903 - INFO - ✅ Universal automation handler loaded successfully
2025-06-04 19:39:35,908 - INFO - Port 8768 is available
2025-06-04 19:39:35,908 - INFO - Starting ultimate DO button server on localhost:8768
2025-06-04 19:39:36,012 - INFO - server listening on 127.0.0.1:8768
2025-06-04 19:39:36,025 - INFO - server listening on [::1]:8768
2025-06-04 19:39:36,025 - INFO - ✅ Ultimate DO Button Server running on ws://localhost:8768
2025-06-04 19:39:36,025 - INFO - 📋 Server supports all three message formats: agent_confirmation, button_action, and do_button
2025-06-04 19:39:39,570 - INFO - connection open
2025-06-04 19:39:39,620 - INFO - Client client_5558609504 connected
2025-06-04 19:39:39,639 - INFO - Received message type: unknown
2025-06-04 19:39:39,639 - INFO - 📩 Direct message format received: Suggest
2025-06-04 19:39:39,640 - INFO - ✅ Forwarded direct message to overlay
2025-06-04 19:40:01,125 - INFO - connection open
2025-06-04 19:40:01,135 - INFO - Client client_5558976912 connected
2025-06-04 19:40:01,140 - INFO - Received message type: unknown
2025-06-04 19:40:01,140 - INFO - 📩 Direct message format received: Suggest
2025-06-04 19:40:01,140 - INFO - ✅ Forwarded direct message to overlay
2025-06-04 19:40:11,556 - INFO - connection open
2025-06-04 19:40:11,557 - INFO - Client client_5558981072 connected
2025-06-04 19:40:11,558 - INFO - Received message type: unknown
2025-06-04 19:40:11,558 - INFO - 📩 Direct message format received: Creative
2025-06-04 19:40:11,558 - INFO - ✅ Forwarded direct message to overlay
2025-06-04 19:40:21,887 - INFO - connection open
2025-06-04 19:40:21,890 - INFO - Client client_5558853120 connected
2025-06-04 19:40:21,893 - INFO - Received message type: unknown
2025-06-04 19:40:21,893 - INFO - 📩 Direct message format received: Ask
2025-06-04 19:40:21,893 - INFO - ✅ Forwarded direct message to overlay
2025-06-04 19:40:51,970 - INFO - Detected screen size: 1470x956
2025-06-04 19:40:51,971 - INFO - Standard mouse listener started successfully
2025-06-04 19:40:51,971 - INFO - Keyboard listener started successfully
2025-06-04 19:40:51,971 - INFO - Input controller initialized (safe mode)
2025-06-04 19:40:51,971 - INFO - 🚨 Emergency shutdown: Press Ctrl+1 to immediately stop agent
2025-06-04 19:40:51,971 - INFO - ✅ Input controller loaded successfully
2025-06-04 19:40:51,975 - INFO - Loaded 2 plans from metadata
2025-06-04 19:40:51,975 - INFO - Plan persistence system initialized
2025-06-04 19:40:51,975 - INFO - ✅ Plan persistence module loaded successfully
2025-06-04 19:40:51,976 - INFO - 🤖 Basic automation handler initialized
2025-06-04 19:40:51,976 - INFO - 🤖 Basic automation handler initialized
2025-06-04 19:40:51,976 - INFO - ✅ Real agent automation handler loaded successfully
2025-06-04 19:40:52,302 - INFO - Standard mouse listener started successfully
2025-06-04 19:40:52,302 - INFO - Keyboard listener started successfully
2025-06-04 19:40:52,302 - INFO - Input controller initialized (safe mode)
2025-06-04 19:40:52,302 - INFO - 🚨 Emergency shutdown: Press Ctrl+1 to immediately stop agent
2025-06-04 19:40:52,408 - INFO - Connected to Ollama API v0.6.8
2025-06-04 19:40:52,408 - INFO - LLaVA visual processor initialized for total screen analysis
2025-06-04 19:40:52,409 - INFO - Total Screen Analyzer initialized with 8s interval
2025-06-04 19:40:52,409 - INFO - 🔄 Adaptive retry automation system loaded
2025-06-04 19:40:52,409 - INFO - ✅ Adaptive retry automation handler loaded successfully
2025-06-04 19:40:52,409 - INFO - ✅ Plan persistence module loaded successfully
2025-06-04 19:40:52,410 - INFO - Standard mouse listener started successfully
2025-06-04 19:40:52,410 - INFO - Keyboard listener started successfully
2025-06-04 19:40:52,410 - INFO - Input controller initialized (safe mode)
2025-06-04 19:40:52,410 - INFO - 🚨 Emergency shutdown: Press Ctrl+1 to immediately stop agent
2025-06-04 19:40:52,431 - INFO - Connected to Ollama API v0.6.8
2025-06-04 19:40:52,431 - INFO - LLaVA visual processor initialized for total screen analysis
2025-06-04 19:40:52,431 - INFO - Total Screen Analyzer initialized with 8s interval
2025-06-04 19:40:52,431 - INFO - 🤖 Universal automation components loaded successfully
2025-06-04 19:40:52,431 - INFO - ✅ Universal automation handler loaded successfully
2025-06-04 19:40:52,431 - INFO - Port 8768 is available
2025-06-04 19:40:52,432 - INFO - Starting ultimate DO button server on localhost:8768
2025-06-04 19:40:52,444 - INFO - server listening on 127.0.0.1:8768
2025-06-04 19:40:52,445 - INFO - server listening on [::1]:8768
2025-06-04 19:40:52,445 - INFO - ✅ Ultimate DO Button Server running on ws://localhost:8768
2025-06-04 19:40:52,445 - INFO - 📋 Server supports all three message formats: agent_confirmation, button_action, and do_button
2025-06-04 19:42:38,724 - INFO - Detected screen size: 1470x956
2025-06-04 19:42:38,726 - INFO - Standard mouse listener started successfully
2025-06-04 19:42:38,726 - INFO - Keyboard listener started successfully
2025-06-04 19:42:38,726 - INFO - Input controller initialized (safe mode)
2025-06-04 19:42:38,726 - INFO - 🚨 Emergency shutdown: Press Ctrl+1 to immediately stop agent
2025-06-04 19:42:38,726 - INFO - ✅ Input controller loaded successfully
2025-06-04 19:42:38,735 - INFO - Loaded 2 plans from metadata
2025-06-04 19:42:38,735 - INFO - Plan persistence system initialized
2025-06-04 19:42:38,736 - INFO - ✅ Plan persistence module loaded successfully
2025-06-04 19:42:38,739 - INFO - 🤖 Basic automation handler initialized
2025-06-04 19:42:38,739 - INFO - 🤖 Basic automation handler initialized
2025-06-04 19:42:38,739 - INFO - ✅ Real agent automation handler loaded successfully
2025-06-04 19:42:39,145 - INFO - Standard mouse listener started successfully
2025-06-04 19:42:39,145 - INFO - Keyboard listener started successfully
2025-06-04 19:42:39,145 - INFO - Input controller initialized (safe mode)
2025-06-04 19:42:39,145 - INFO - 🚨 Emergency shutdown: Press Ctrl+1 to immediately stop agent
2025-06-04 19:42:39,241 - INFO - Connected to Ollama API v0.6.8
2025-06-04 19:42:39,241 - INFO - LLaVA visual processor initialized for total screen analysis
2025-06-04 19:42:39,241 - INFO - Total Screen Analyzer initialized with 8s interval
2025-06-04 19:42:39,241 - INFO - 🔄 Adaptive retry automation system loaded
2025-06-04 19:42:39,241 - INFO - ✅ Adaptive retry automation handler loaded successfully
2025-06-04 19:42:39,241 - INFO - ✅ Plan persistence module loaded successfully
2025-06-04 19:42:39,242 - INFO - Standard mouse listener started successfully
2025-06-04 19:42:39,242 - INFO - Keyboard listener started successfully
2025-06-04 19:42:39,243 - INFO - Input controller initialized (safe mode)
2025-06-04 19:42:39,243 - INFO - 🚨 Emergency shutdown: Press Ctrl+1 to immediately stop agent
2025-06-04 19:42:39,251 - INFO - Connected to Ollama API v0.6.8
2025-06-04 19:42:39,251 - INFO - LLaVA visual processor initialized for total screen analysis
2025-06-04 19:42:39,251 - INFO - Total Screen Analyzer initialized with 8s interval
2025-06-04 19:42:39,251 - INFO - 🤖 Universal automation components loaded successfully
2025-06-04 19:42:39,251 - INFO - ✅ Universal automation handler loaded successfully
2025-06-04 19:42:39,251 - INFO - Port 8768 is available
2025-06-04 19:42:39,251 - INFO - Starting ultimate DO button server on localhost:8768
2025-06-04 19:42:39,258 - INFO - server listening on [::1]:8768
2025-06-04 19:42:39,258 - INFO - server listening on 127.0.0.1:8768
2025-06-04 19:42:39,258 - INFO - ✅ Ultimate DO Button Server running on ws://localhost:8768
2025-06-04 19:42:39,258 - INFO - 📋 Server supports all three message formats: agent_confirmation, button_action, and do_button
2025-06-04 19:42:45,628 - INFO - connection open
2025-06-04 19:42:45,629 - INFO - Client client_5803091216 connected
2025-06-04 19:42:45,630 - INFO - Received message type: unknown
2025-06-04 19:42:45,630 - INFO - 📩 Direct message format received: Creative
2025-06-04 19:42:45,630 - INFO - ✅ Forwarded direct message to overlay
2025-06-04 19:44:25,034 - INFO - Detected screen size: 1470x956
2025-06-04 19:44:25,038 - INFO - Standard mouse listener started successfully
2025-06-04 19:44:25,038 - INFO - Keyboard listener started successfully
2025-06-04 19:44:25,038 - INFO - Input controller initialized (safe mode)
2025-06-04 19:44:25,038 - INFO - 🚨 Emergency shutdown: Press Ctrl+1 to immediately stop agent
2025-06-04 19:44:25,038 - INFO - ✅ Input controller loaded successfully
2025-06-04 19:44:25,042 - INFO - Loaded 2 plans from metadata
2025-06-04 19:44:25,042 - INFO - Plan persistence system initialized
2025-06-04 19:44:25,043 - INFO - ✅ Plan persistence module loaded successfully
2025-06-04 19:44:25,043 - INFO - 🤖 Basic automation handler initialized
2025-06-04 19:44:25,043 - INFO - 🤖 Basic automation handler initialized
2025-06-04 19:44:25,043 - INFO - ✅ Real agent automation handler loaded successfully
2025-06-04 19:44:25,366 - INFO - Standard mouse listener started successfully
2025-06-04 19:44:25,366 - INFO - Keyboard listener started successfully
2025-06-04 19:44:25,366 - INFO - Input controller initialized (safe mode)
2025-06-04 19:44:25,366 - INFO - 🚨 Emergency shutdown: Press Ctrl+1 to immediately stop agent
2025-06-04 19:44:25,462 - INFO - Connected to Ollama API v0.6.8
2025-06-04 19:44:25,462 - INFO - LLaVA visual processor initialized for total screen analysis
2025-06-04 19:44:25,462 - INFO - Total Screen Analyzer initialized with 8s interval
2025-06-04 19:44:25,462 - INFO - 🔄 Adaptive retry automation system loaded
2025-06-04 19:44:25,462 - INFO - ✅ Adaptive retry automation handler loaded successfully
2025-06-04 19:44:25,462 - INFO - ✅ Plan persistence module loaded successfully
2025-06-04 19:44:25,463 - INFO - Standard mouse listener started successfully
2025-06-04 19:44:25,464 - INFO - Keyboard listener started successfully
2025-06-04 19:44:25,464 - INFO - Input controller initialized (safe mode)
2025-06-04 19:44:25,464 - INFO - 🚨 Emergency shutdown: Press Ctrl+1 to immediately stop agent
2025-06-04 19:44:25,467 - INFO - Connected to Ollama API v0.6.8
2025-06-04 19:44:25,467 - INFO - LLaVA visual processor initialized for total screen analysis
2025-06-04 19:44:25,467 - INFO - Total Screen Analyzer initialized with 8s interval
2025-06-04 19:44:25,467 - INFO - 🤖 Universal automation components loaded successfully
2025-06-04 19:44:25,467 - INFO - ✅ Universal automation handler loaded successfully
2025-06-04 19:44:25,467 - INFO - Port 8768 is available
2025-06-04 19:44:25,467 - INFO - Starting ultimate DO button server on localhost:8768
2025-06-04 19:44:25,479 - INFO - server listening on 127.0.0.1:8768
2025-06-04 19:44:25,479 - INFO - server listening on [::1]:8768
2025-06-04 19:44:25,479 - INFO - ✅ Ultimate DO Button Server running on ws://localhost:8768
2025-06-04 19:44:25,479 - INFO - 📋 Server supports all three message formats: agent_confirmation, button_action, and do_button
2025-06-04 19:44:28,076 - INFO - connection open
2025-06-04 19:44:28,076 - INFO - Client client_4987299088 connected
2025-06-04 19:44:28,077 - INFO - Received message type: unknown
2025-06-04 19:44:28,077 - INFO - 📩 Direct message format received: Creative
2025-06-04 19:44:28,077 - INFO - ✅ Forwarded direct message to overlay
2025-06-04 19:45:30,992 - INFO - connection open
2025-06-04 19:45:31,001 - INFO - Client client_4987470544 connected
2025-06-04 19:45:31,007 - INFO - Received message type: unknown
2025-06-04 19:45:31,011 - INFO - 📩 Direct message format received: Agent
2025-06-04 19:45:31,013 - INFO - ✅ Forwarded direct message to overlay
2025-06-04 19:49:56,337 - INFO - Detected screen size: 1470x956
2025-06-04 19:49:56,338 - INFO - Standard mouse listener started successfully
2025-06-04 19:49:56,338 - INFO - Keyboard listener started successfully
2025-06-04 19:49:56,338 - INFO - Input controller initialized (safe mode)
2025-06-04 19:49:56,338 - INFO - 🚨 Emergency shutdown: Press Ctrl+1 to immediately stop agent
2025-06-04 19:49:56,338 - INFO - ✅ Input controller loaded successfully
2025-06-04 19:49:56,342 - INFO - Loaded 2 plans from metadata
2025-06-04 19:49:56,342 - INFO - Plan persistence system initialized
2025-06-04 19:49:56,342 - INFO - ✅ Plan persistence module loaded successfully
2025-06-04 19:49:56,343 - INFO - 🤖 Basic automation handler initialized
2025-06-04 19:49:56,343 - INFO - 🤖 Basic automation handler initialized
2025-06-04 19:49:56,343 - INFO - ✅ Real agent automation handler loaded successfully
2025-06-04 19:49:56,692 - INFO - Standard mouse listener started successfully
2025-06-04 19:49:56,692 - INFO - Keyboard listener started successfully
2025-06-04 19:49:56,692 - INFO - Input controller initialized (safe mode)
2025-06-04 19:49:56,692 - INFO - 🚨 Emergency shutdown: Press Ctrl+1 to immediately stop agent
2025-06-04 19:49:56,780 - INFO - Connected to Ollama API v0.6.8
2025-06-04 19:49:56,780 - INFO - LLaVA visual processor initialized for total screen analysis
2025-06-04 19:49:56,780 - INFO - Total Screen Analyzer initialized with 8s interval
2025-06-04 19:49:56,780 - INFO - 🔄 Adaptive retry automation system loaded
2025-06-04 19:49:56,780 - INFO - ✅ Adaptive retry automation handler loaded successfully
2025-06-04 19:49:56,780 - INFO - ✅ Plan persistence module loaded successfully
2025-06-04 19:49:56,781 - INFO - Standard mouse listener started successfully
2025-06-04 19:49:56,782 - INFO - Keyboard listener started successfully
2025-06-04 19:49:56,782 - INFO - Input controller initialized (safe mode)
2025-06-04 19:49:56,782 - INFO - 🚨 Emergency shutdown: Press Ctrl+1 to immediately stop agent
2025-06-04 19:49:56,785 - INFO - Connected to Ollama API v0.6.8
2025-06-04 19:49:56,785 - INFO - LLaVA visual processor initialized for total screen analysis
2025-06-04 19:49:56,785 - INFO - Total Screen Analyzer initialized with 8s interval
2025-06-04 19:49:56,785 - INFO - 🤖 Universal automation components loaded successfully
2025-06-04 19:49:56,785 - INFO - ✅ Universal automation handler loaded successfully
2025-06-04 19:49:56,786 - INFO - Port 8768 is available
2025-06-04 19:49:56,786 - INFO - Starting ultimate DO button server on localhost:8768
2025-06-04 19:49:56,795 - INFO - server listening on [::1]:8768
2025-06-04 19:49:56,795 - INFO - server listening on 127.0.0.1:8768
2025-06-04 19:49:56,796 - INFO - ✅ Ultimate DO Button Server running on ws://localhost:8768
2025-06-04 19:49:56,796 - INFO - 📋 Server supports all three message formats: agent_confirmation, button_action, and do_button
2025-06-04 19:49:57,671 - INFO - connection open
2025-06-04 19:49:57,672 - INFO - Client client_5275493984 connected
2025-06-04 19:49:57,672 - INFO - Received message type: unknown
2025-06-04 19:49:57,672 - INFO - 📩 Direct message format received: Creative
2025-06-04 19:49:57,672 - INFO - ✅ Forwarded direct message to overlay
2025-06-04 19:50:38,830 - INFO - connection open
2025-06-04 19:50:38,831 - INFO - Client client_5275861392 connected
2025-06-04 19:50:38,831 - INFO - Received message type: unknown
2025-06-04 19:50:38,831 - INFO - 📩 Direct message format received: Creative
2025-06-04 19:50:38,831 - INFO - ✅ Forwarded direct message to overlay
2025-06-04 19:52:20,562 - INFO - Detected screen size: 1470x956
2025-06-04 19:52:20,564 - INFO - Standard mouse listener started successfully
2025-06-04 19:52:20,564 - INFO - Keyboard listener started successfully
2025-06-04 19:52:20,564 - INFO - Input controller initialized (safe mode)
2025-06-04 19:52:20,564 - INFO - 🚨 Emergency shutdown: Press Ctrl+1 to immediately stop agent
2025-06-04 19:52:20,564 - INFO - ✅ Input controller loaded successfully
2025-06-04 19:52:20,568 - INFO - Loaded 2 plans from metadata
2025-06-04 19:52:20,568 - INFO - Plan persistence system initialized
2025-06-04 19:52:20,568 - INFO - ✅ Plan persistence module loaded successfully
2025-06-04 19:52:20,569 - INFO - 🤖 Basic automation handler initialized
2025-06-04 19:52:20,569 - INFO - 🤖 Basic automation handler initialized
2025-06-04 19:52:20,569 - INFO - ✅ Real agent automation handler loaded successfully
2025-06-04 19:52:20,936 - INFO - Standard mouse listener started successfully
2025-06-04 19:52:20,936 - INFO - Keyboard listener started successfully
2025-06-04 19:52:20,936 - INFO - Input controller initialized (safe mode)
2025-06-04 19:52:20,936 - INFO - 🚨 Emergency shutdown: Press Ctrl+1 to immediately stop agent
2025-06-04 19:52:21,711 - INFO - Connected to Ollama API v0.6.8
2025-06-04 19:52:21,714 - INFO - LLaVA visual processor initialized for total screen analysis
2025-06-04 19:52:21,714 - INFO - Total Screen Analyzer initialized with 8s interval
2025-06-04 19:52:21,714 - INFO - 🔄 Adaptive retry automation system loaded
2025-06-04 19:52:21,715 - INFO - ✅ Adaptive retry automation handler loaded successfully
2025-06-04 19:52:21,715 - INFO - ✅ Plan persistence module loaded successfully
2025-06-04 19:52:21,719 - INFO - Standard mouse listener started successfully
2025-06-04 19:52:21,719 - INFO - Keyboard listener started successfully
2025-06-04 19:52:21,720 - INFO - Input controller initialized (safe mode)
2025-06-04 19:52:21,720 - INFO - 🚨 Emergency shutdown: Press Ctrl+1 to immediately stop agent
2025-06-04 19:52:21,726 - INFO - Connected to Ollama API v0.6.8
2025-06-04 19:52:21,726 - INFO - LLaVA visual processor initialized for total screen analysis
2025-06-04 19:52:21,726 - INFO - Total Screen Analyzer initialized with 8s interval
2025-06-04 19:52:21,726 - INFO - 🤖 Universal automation components loaded successfully
2025-06-04 19:52:21,726 - INFO - ✅ Universal automation handler loaded successfully
2025-06-04 19:52:21,727 - INFO - Port 8768 is available
2025-06-04 19:52:21,727 - INFO - Starting ultimate DO button server on localhost:8768
2025-06-04 19:52:21,749 - INFO - server listening on 127.0.0.1:8768
2025-06-04 19:52:21,749 - INFO - server listening on [::1]:8768
2025-06-04 19:52:21,749 - INFO - ✅ Ultimate DO Button Server running on ws://localhost:8768
2025-06-04 19:52:21,749 - INFO - 📋 Server supports all three message formats: agent_confirmation, button_action, and do_button
2025-06-04 19:55:50,097 - INFO - Detected screen size: 1470x956
2025-06-04 19:55:50,099 - INFO - Standard mouse listener started successfully
2025-06-04 19:55:50,099 - INFO - Keyboard listener started successfully
2025-06-04 19:55:50,099 - INFO - Input controller initialized (safe mode)
2025-06-04 19:55:50,099 - INFO - 🚨 Emergency shutdown: Press Ctrl+1 to immediately stop agent
2025-06-04 19:55:50,099 - INFO - ✅ Input controller loaded successfully
2025-06-04 19:55:50,107 - INFO - Loaded 2 plans from metadata
2025-06-04 19:55:50,107 - INFO - Plan persistence system initialized
2025-06-04 19:55:50,107 - INFO - ✅ Plan persistence module loaded successfully
2025-06-04 19:55:50,108 - INFO - 🤖 Basic automation handler initialized
2025-06-04 19:55:50,108 - INFO - 🤖 Basic automation handler initialized
2025-06-04 19:55:50,108 - INFO - ✅ Real agent automation handler loaded successfully
2025-06-04 19:55:51,279 - INFO - Standard mouse listener started successfully
2025-06-04 19:55:51,279 - INFO - Keyboard listener started successfully
2025-06-04 19:55:51,280 - INFO - Input controller initialized (safe mode)
2025-06-04 19:55:51,280 - INFO - 🚨 Emergency shutdown: Press Ctrl+1 to immediately stop agent
2025-06-04 19:55:51,453 - INFO - Connected to Ollama API v0.6.8
2025-06-04 19:55:51,453 - INFO - LLaVA visual processor initialized for total screen analysis
2025-06-04 19:55:51,453 - INFO - Total Screen Analyzer initialized with 8s interval
2025-06-04 19:55:51,453 - INFO - 🔄 Adaptive retry automation system loaded
2025-06-04 19:55:51,453 - INFO - ✅ Adaptive retry automation handler loaded successfully
2025-06-04 19:55:51,453 - INFO - ✅ Plan persistence module loaded successfully
2025-06-04 19:55:51,454 - INFO - Standard mouse listener started successfully
2025-06-04 19:55:51,455 - INFO - Keyboard listener started successfully
2025-06-04 19:55:51,455 - INFO - Input controller initialized (safe mode)
2025-06-04 19:55:51,455 - INFO - 🚨 Emergency shutdown: Press Ctrl+1 to immediately stop agent
2025-06-04 19:55:51,458 - INFO - Connected to Ollama API v0.6.8
2025-06-04 19:55:51,458 - INFO - LLaVA visual processor initialized for total screen analysis
2025-06-04 19:55:51,458 - INFO - Total Screen Analyzer initialized with 8s interval
2025-06-04 19:55:51,458 - INFO - 🤖 Universal automation components loaded successfully
2025-06-04 19:55:51,458 - INFO - ✅ Universal automation handler loaded successfully
2025-06-04 19:55:51,458 - INFO - Port 8768 is available
2025-06-04 19:55:51,458 - INFO - Starting ultimate DO button server on localhost:8768
2025-06-04 19:55:51,469 - INFO - server listening on [::1]:8768
2025-06-04 19:55:51,469 - INFO - server listening on 127.0.0.1:8768
2025-06-04 19:55:51,469 - INFO - ✅ Ultimate DO Button Server running on ws://localhost:8768
2025-06-04 19:55:51,469 - INFO - 📋 Server supports all three message formats: agent_confirmation, button_action, and do_button
2025-06-04 19:56:19,695 - INFO - connection open
2025-06-04 19:56:19,698 - INFO - Client client_5197915744 connected
2025-06-04 19:56:19,706 - INFO - Received message type: unknown
2025-06-04 19:56:19,709 - INFO - 📩 Direct message format received: Ask
2025-06-04 19:56:19,713 - INFO - ✅ Forwarded direct message to overlay
2025-06-04 19:58:07,256 - INFO - Detected screen size: 1470x956
2025-06-04 19:58:07,257 - INFO - Standard mouse listener started successfully
2025-06-04 19:58:07,258 - INFO - Keyboard listener started successfully
2025-06-04 19:58:07,258 - INFO - Input controller initialized (safe mode)
2025-06-04 19:58:07,258 - INFO - 🚨 Emergency shutdown: Press Ctrl+1 to immediately stop agent
2025-06-04 19:58:07,258 - INFO - ✅ Input controller loaded successfully
2025-06-04 19:58:07,269 - INFO - Loaded 2 plans from metadata
2025-06-04 19:58:07,269 - INFO - Plan persistence system initialized
2025-06-04 19:58:07,269 - INFO - ✅ Plan persistence module loaded successfully
2025-06-04 19:58:07,270 - INFO - 🤖 Basic automation handler initialized
2025-06-04 19:58:07,270 - INFO - 🤖 Basic automation handler initialized
2025-06-04 19:58:07,270 - INFO - ✅ Real agent automation handler loaded successfully
2025-06-04 19:58:07,867 - INFO - Standard mouse listener started successfully
2025-06-04 19:58:07,867 - INFO - Keyboard listener started successfully
2025-06-04 19:58:07,867 - INFO - Input controller initialized (safe mode)
2025-06-04 19:58:07,868 - INFO - 🚨 Emergency shutdown: Press Ctrl+1 to immediately stop agent
2025-06-04 19:58:08,838 - INFO - Connected to Ollama API v0.6.8
2025-06-04 19:58:08,838 - INFO - LLaVA visual processor initialized for total screen analysis
2025-06-04 19:58:08,838 - INFO - Total Screen Analyzer initialized with 8s interval
2025-06-04 19:58:08,838 - INFO - 🔄 Adaptive retry automation system loaded
2025-06-04 19:58:08,838 - INFO - ✅ Adaptive retry automation handler loaded successfully
2025-06-04 19:58:08,838 - INFO - ✅ Plan persistence module loaded successfully
2025-06-04 19:58:08,841 - INFO - Standard mouse listener started successfully
2025-06-04 19:58:08,842 - INFO - Keyboard listener started successfully
2025-06-04 19:58:08,842 - INFO - Input controller initialized (safe mode)
2025-06-04 19:58:08,842 - INFO - 🚨 Emergency shutdown: Press Ctrl+1 to immediately stop agent
2025-06-04 19:58:08,857 - INFO - Connected to Ollama API v0.6.8
2025-06-04 19:58:08,857 - INFO - LLaVA visual processor initialized for total screen analysis
2025-06-04 19:58:08,857 - INFO - Total Screen Analyzer initialized with 8s interval
2025-06-04 19:58:08,857 - INFO - 🤖 Universal automation components loaded successfully
2025-06-04 19:58:08,857 - INFO - ✅ Universal automation handler loaded successfully
2025-06-04 19:58:08,858 - INFO - Port 8768 is available
2025-06-04 19:58:08,858 - INFO - Starting ultimate DO button server on localhost:8768
2025-06-04 19:58:08,875 - INFO - server listening on [::1]:8768
2025-06-04 19:58:08,875 - INFO - server listening on 127.0.0.1:8768
2025-06-04 19:58:08,875 - INFO - ✅ Ultimate DO Button Server running on ws://localhost:8768
2025-06-04 19:58:08,875 - INFO - 📋 Server supports all three message formats: agent_confirmation, button_action, and do_button
2025-06-04 19:58:22,905 - INFO - connection open
2025-06-04 19:58:22,906 - INFO - Client client_5157742176 connected
2025-06-04 19:58:22,907 - INFO - Received message type: unknown
2025-06-04 19:58:22,907 - INFO - 📩 Direct message format received: Creative
2025-06-04 19:58:22,907 - INFO - ✅ Forwarded direct message to overlay
2025-06-04 19:58:33,058 - INFO - connection open
2025-06-04 19:58:33,058 - INFO - Client client_5158109584 connected
2025-06-04 19:58:33,059 - INFO - Received message type: unknown
2025-06-04 19:58:33,059 - INFO - 📩 Direct message format received: Suggest
2025-06-04 19:58:33,059 - INFO - ✅ Forwarded direct message to overlay
2025-06-04 19:58:43,215 - INFO - connection open
2025-06-04 19:58:43,216 - INFO - Client client_5158113424 connected
2025-06-04 19:58:43,216 - INFO - Received message type: unknown
2025-06-04 19:58:43,217 - INFO - 📩 Direct message format received: Creative
2025-06-04 19:58:43,217 - INFO - ✅ Forwarded direct message to overlay
2025-06-04 19:58:56,935 - INFO - Detected screen size: 1470x956
2025-06-04 19:58:56,935 - INFO - Standard mouse listener started successfully
2025-06-04 19:58:56,936 - INFO - Keyboard listener started successfully
2025-06-04 19:58:56,936 - INFO - Input controller initialized (safe mode)
2025-06-04 19:58:56,936 - INFO - 🚨 Emergency shutdown: Press Ctrl+1 to immediately stop agent
2025-06-04 19:58:56,936 - INFO - ✅ Input controller loaded successfully
2025-06-04 19:58:56,939 - INFO - Loaded 2 plans from metadata
2025-06-04 19:58:56,939 - INFO - Plan persistence system initialized
2025-06-04 19:58:56,939 - INFO - ✅ Plan persistence module loaded successfully
2025-06-04 19:58:56,940 - INFO - 🤖 Basic automation handler initialized
2025-06-04 19:58:56,940 - INFO - 🤖 Basic automation handler initialized
2025-06-04 19:58:56,940 - INFO - ✅ Real agent automation handler loaded successfully
2025-06-04 19:58:57,279 - INFO - Standard mouse listener started successfully
2025-06-04 19:58:57,279 - INFO - Keyboard listener started successfully
2025-06-04 19:58:57,279 - INFO - Input controller initialized (safe mode)
2025-06-04 19:58:57,279 - INFO - 🚨 Emergency shutdown: Press Ctrl+1 to immediately stop agent
2025-06-04 19:58:57,361 - INFO - Connected to Ollama API v0.6.8
2025-06-04 19:58:57,361 - INFO - LLaVA visual processor initialized for total screen analysis
2025-06-04 19:58:57,361 - INFO - Total Screen Analyzer initialized with 8s interval
2025-06-04 19:58:57,361 - INFO - 🔄 Adaptive retry automation system loaded
2025-06-04 19:58:57,361 - INFO - ✅ Adaptive retry automation handler loaded successfully
2025-06-04 19:58:57,361 - INFO - ✅ Plan persistence module loaded successfully
2025-06-04 19:58:57,363 - INFO - Standard mouse listener started successfully
2025-06-04 19:58:57,363 - INFO - Keyboard listener started successfully
2025-06-04 19:58:57,363 - INFO - Input controller initialized (safe mode)
2025-06-04 19:58:57,363 - INFO - 🚨 Emergency shutdown: Press Ctrl+1 to immediately stop agent
2025-06-04 19:58:57,366 - INFO - Connected to Ollama API v0.6.8
2025-06-04 19:58:57,366 - INFO - LLaVA visual processor initialized for total screen analysis
2025-06-04 19:58:57,366 - INFO - Total Screen Analyzer initialized with 8s interval
2025-06-04 19:58:57,366 - INFO - 🤖 Universal automation components loaded successfully
2025-06-04 19:58:57,366 - INFO - ✅ Universal automation handler loaded successfully
2025-06-04 19:58:57,366 - INFO - Port 8768 is available
2025-06-04 19:58:57,366 - INFO - Starting ultimate DO button server on localhost:8768
2025-06-04 19:58:57,374 - INFO - server listening on 127.0.0.1:8768
2025-06-04 19:58:57,374 - INFO - server listening on [::1]:8768
2025-06-04 19:58:57,374 - INFO - ✅ Ultimate DO Button Server running on ws://localhost:8768
2025-06-04 19:58:57,374 - INFO - 📋 Server supports all three message formats: agent_confirmation, button_action, and do_button
2025-06-04 20:00:09,781 - INFO - Detected screen size: 1470x956
2025-06-04 20:00:09,784 - INFO - Standard mouse listener started successfully
2025-06-04 20:00:09,785 - INFO - Keyboard listener started successfully
2025-06-04 20:00:09,785 - INFO - Input controller initialized (safe mode)
2025-06-04 20:00:09,785 - INFO - 🚨 Emergency shutdown: Press Ctrl+1 to immediately stop agent
2025-06-04 20:00:09,785 - INFO - ✅ Input controller loaded successfully
2025-06-04 20:00:09,792 - INFO - Loaded 2 plans from metadata
2025-06-04 20:00:09,792 - INFO - Plan persistence system initialized
2025-06-04 20:00:09,792 - INFO - ✅ Plan persistence module loaded successfully
2025-06-04 20:00:09,793 - INFO - 🤖 Basic automation handler initialized
2025-06-04 20:00:09,793 - INFO - 🤖 Basic automation handler initialized
2025-06-04 20:00:09,793 - INFO - ✅ Real agent automation handler loaded successfully
2025-06-04 20:00:10,144 - INFO - Standard mouse listener started successfully
2025-06-04 20:00:10,144 - INFO - Keyboard listener started successfully
2025-06-04 20:00:10,144 - INFO - Input controller initialized (safe mode)
2025-06-04 20:00:10,144 - INFO - 🚨 Emergency shutdown: Press Ctrl+1 to immediately stop agent
2025-06-04 20:00:10,410 - INFO - Connected to Ollama API v0.6.8
2025-06-04 20:00:10,410 - INFO - LLaVA visual processor initialized for total screen analysis
2025-06-04 20:00:10,410 - INFO - Total Screen Analyzer initialized with 8s interval
2025-06-04 20:00:10,410 - INFO - 🔄 Adaptive retry automation system loaded
2025-06-04 20:00:10,410 - INFO - ✅ Adaptive retry automation handler loaded successfully
2025-06-04 20:00:10,410 - INFO - ✅ Plan persistence module loaded successfully
2025-06-04 20:00:10,414 - INFO - Standard mouse listener started successfully
2025-06-04 20:00:10,415 - INFO - Keyboard listener started successfully
2025-06-04 20:00:10,415 - INFO - Input controller initialized (safe mode)
2025-06-04 20:00:10,415 - INFO - 🚨 Emergency shutdown: Press Ctrl+1 to immediately stop agent
2025-06-04 20:00:10,421 - INFO - Connected to Ollama API v0.6.8
2025-06-04 20:00:10,421 - INFO - LLaVA visual processor initialized for total screen analysis
2025-06-04 20:00:10,421 - INFO - Total Screen Analyzer initialized with 8s interval
2025-06-04 20:00:10,421 - INFO - 🤖 Universal automation components loaded successfully
2025-06-04 20:00:10,421 - INFO - ✅ Universal automation handler loaded successfully
2025-06-04 20:00:10,422 - INFO - Port 8768 is available
2025-06-04 20:00:10,422 - INFO - Starting ultimate DO button server on localhost:8768
2025-06-04 20:00:10,440 - INFO - server listening on [::1]:8768
2025-06-04 20:00:10,440 - INFO - server listening on 127.0.0.1:8768
2025-06-04 20:00:10,440 - INFO - ✅ Ultimate DO Button Server running on ws://localhost:8768
2025-06-04 20:00:10,440 - INFO - 📋 Server supports all three message formats: agent_confirmation, button_action, and do_button
2025-06-04 20:02:14,806 - INFO - Detected screen size: 1470x956
2025-06-04 20:02:14,807 - INFO - Standard mouse listener started successfully
2025-06-04 20:02:14,807 - INFO - Keyboard listener started successfully
2025-06-04 20:02:14,807 - INFO - Input controller initialized (safe mode)
2025-06-04 20:02:14,807 - INFO - 🚨 Emergency shutdown: Press Ctrl+1 to immediately stop agent
2025-06-04 20:02:14,808 - INFO - ✅ Input controller loaded successfully
2025-06-04 20:02:14,812 - INFO - Loaded 2 plans from metadata
2025-06-04 20:02:14,812 - INFO - Plan persistence system initialized
2025-06-04 20:02:14,812 - INFO - ✅ Plan persistence module loaded successfully
2025-06-04 20:02:14,813 - INFO - 🤖 Basic automation handler initialized
2025-06-04 20:02:14,813 - INFO - 🤖 Basic automation handler initialized
2025-06-04 20:02:14,813 - INFO - ✅ Real agent automation handler loaded successfully
2025-06-04 20:02:15,148 - INFO - Standard mouse listener started successfully
2025-06-04 20:02:15,148 - INFO - Keyboard listener started successfully
2025-06-04 20:02:15,148 - INFO - Input controller initialized (safe mode)
2025-06-04 20:02:15,148 - INFO - 🚨 Emergency shutdown: Press Ctrl+1 to immediately stop agent
2025-06-04 20:02:15,218 - INFO - Connected to Ollama API v0.6.8
2025-06-04 20:02:15,219 - INFO - LLaVA visual processor initialized for total screen analysis
2025-06-04 20:02:15,219 - INFO - Total Screen Analyzer initialized with 8s interval
2025-06-04 20:02:15,219 - INFO - 🔄 Adaptive retry automation system loaded
2025-06-04 20:02:15,219 - INFO - ✅ Adaptive retry automation handler loaded successfully
2025-06-04 20:02:15,219 - INFO - ✅ Plan persistence module loaded successfully
2025-06-04 20:02:15,220 - INFO - Standard mouse listener started successfully
2025-06-04 20:02:15,220 - INFO - Keyboard listener started successfully
2025-06-04 20:02:15,220 - INFO - Input controller initialized (safe mode)
2025-06-04 20:02:15,220 - INFO - 🚨 Emergency shutdown: Press Ctrl+1 to immediately stop agent
2025-06-04 20:02:15,241 - INFO - Connected to Ollama API v0.6.8
2025-06-04 20:02:15,241 - INFO - LLaVA visual processor initialized for total screen analysis
2025-06-04 20:02:15,241 - INFO - Total Screen Analyzer initialized with 8s interval
2025-06-04 20:02:15,241 - INFO - 🤖 Universal automation components loaded successfully
2025-06-04 20:02:15,241 - INFO - ✅ Universal automation handler loaded successfully
2025-06-04 20:02:15,242 - INFO - Port 8768 is available
2025-06-04 20:02:15,242 - INFO - Starting ultimate DO button server on localhost:8768
2025-06-04 20:02:15,252 - INFO - server listening on [::1]:8768
2025-06-04 20:02:15,252 - INFO - server listening on 127.0.0.1:8768
2025-06-04 20:02:15,253 - INFO - ✅ Ultimate DO Button Server running on ws://localhost:8768
2025-06-04 20:02:15,253 - INFO - 📋 Server supports all three message formats: agent_confirmation, button_action, and do_button
2025-06-04 20:02:30,065 - INFO - connection open
2025-06-04 20:02:30,065 - INFO - Client client_5056030304 connected
2025-06-04 20:02:33,572 - INFO - Received message type: unknown
2025-06-04 20:02:33,572 - WARNING - Unknown message type: unknown
2025-06-04 20:02:35,502 - INFO - Received message type: unknown
2025-06-04 20:02:35,503 - WARNING - Unknown message type: unknown
2025-06-04 20:08:14,852 - INFO - Detected screen size: 1470x956
2025-06-04 20:08:14,853 - INFO - Standard mouse listener started successfully
2025-06-04 20:08:14,854 - INFO - Keyboard listener started successfully
2025-06-04 20:08:14,854 - INFO - Input controller initialized (safe mode)
2025-06-04 20:08:14,854 - INFO - 🚨 Emergency shutdown: Press Ctrl+1 to immediately stop agent
2025-06-04 20:08:14,854 - INFO - ✅ Input controller loaded successfully
2025-06-04 20:08:14,858 - INFO - Loaded 2 plans from metadata
2025-06-04 20:08:14,858 - INFO - Plan persistence system initialized
2025-06-04 20:08:14,858 - INFO - ✅ Plan persistence module loaded successfully
2025-06-04 20:08:14,859 - INFO - 🤖 Basic automation handler initialized
2025-06-04 20:08:14,859 - INFO - 🤖 Basic automation handler initialized
2025-06-04 20:08:14,859 - INFO - ✅ Real agent automation handler loaded successfully
2025-06-04 20:08:15,240 - INFO - Standard mouse listener started successfully
2025-06-04 20:08:15,241 - INFO - Keyboard listener started successfully
2025-06-04 20:08:15,241 - INFO - Input controller initialized (safe mode)
2025-06-04 20:08:15,241 - INFO - 🚨 Emergency shutdown: Press Ctrl+1 to immediately stop agent
2025-06-04 20:08:15,323 - INFO - Connected to Ollama API v0.6.8
2025-06-04 20:08:15,323 - INFO - LLaVA visual processor initialized for total screen analysis
2025-06-04 20:08:15,323 - INFO - Total Screen Analyzer initialized with 8s interval
2025-06-04 20:08:15,323 - INFO - 🔄 Adaptive retry automation system loaded
2025-06-04 20:08:15,323 - INFO - ✅ Adaptive retry automation handler loaded successfully
2025-06-04 20:08:15,323 - INFO - ✅ Plan persistence module loaded successfully
2025-06-04 20:08:15,324 - INFO - Standard mouse listener started successfully
2025-06-04 20:08:15,325 - INFO - Keyboard listener started successfully
2025-06-04 20:08:15,325 - INFO - Input controller initialized (safe mode)
2025-06-04 20:08:15,325 - INFO - 🚨 Emergency shutdown: Press Ctrl+1 to immediately stop agent
2025-06-04 20:08:15,327 - INFO - Connected to Ollama API v0.6.8
2025-06-04 20:08:15,327 - INFO - LLaVA visual processor initialized for total screen analysis
2025-06-04 20:08:15,327 - INFO - Total Screen Analyzer initialized with 8s interval
2025-06-04 20:08:15,327 - INFO - 🤖 Universal automation components loaded successfully
2025-06-04 20:08:15,327 - INFO - ✅ Universal automation handler loaded successfully
2025-06-04 20:08:15,327 - INFO - Port 8768 is available
2025-06-04 20:08:15,327 - INFO - Starting ultimate DO button server on localhost:8768
2025-06-04 20:08:15,338 - INFO - server listening on [::1]:8768
2025-06-04 20:08:15,338 - INFO - server listening on 127.0.0.1:8768
2025-06-04 20:08:15,338 - INFO - ✅ Ultimate DO Button Server running on ws://localhost:8768
2025-06-04 20:08:15,338 - INFO - 📋 Server supports all three message formats: agent_confirmation, button_action, and do_button
2025-06-04 20:09:25,698 - INFO - Detected screen size: 1470x956
2025-06-04 20:09:25,700 - INFO - Standard mouse listener started successfully
2025-06-04 20:09:25,700 - INFO - Keyboard listener started successfully
2025-06-04 20:09:25,700 - INFO - Input controller initialized (safe mode)
2025-06-04 20:09:25,700 - INFO - 🚨 Emergency shutdown: Press Ctrl+1 to immediately stop agent
2025-06-04 20:09:25,700 - INFO - ✅ Input controller loaded successfully
2025-06-04 20:09:25,708 - INFO - Loaded 2 plans from metadata
2025-06-04 20:09:25,708 - INFO - Plan persistence system initialized
2025-06-04 20:09:25,708 - INFO - ✅ Plan persistence module loaded successfully
2025-06-04 20:09:25,709 - INFO - 🤖 Basic automation handler initialized
2025-06-04 20:09:25,709 - INFO - 🤖 Basic automation handler initialized
2025-06-04 20:09:25,709 - INFO - ✅ Real agent automation handler loaded successfully
2025-06-04 20:09:26,073 - INFO - Standard mouse listener started successfully
2025-06-04 20:09:26,073 - INFO - Keyboard listener started successfully
2025-06-04 20:09:26,073 - INFO - Input controller initialized (safe mode)
2025-06-04 20:09:26,073 - INFO - 🚨 Emergency shutdown: Press Ctrl+1 to immediately stop agent
2025-06-04 20:09:26,603 - INFO - Connected to Ollama API v0.6.8
2025-06-04 20:09:26,603 - INFO - LLaVA visual processor initialized for total screen analysis
2025-06-04 20:09:26,604 - INFO - Total Screen Analyzer initialized with 8s interval
2025-06-04 20:09:26,604 - INFO - 🔄 Adaptive retry automation system loaded
2025-06-04 20:09:26,604 - INFO - ✅ Adaptive retry automation handler loaded successfully
2025-06-04 20:09:26,604 - INFO - ✅ Plan persistence module loaded successfully
2025-06-04 20:09:26,605 - INFO - Standard mouse listener started successfully
2025-06-04 20:09:26,606 - INFO - Keyboard listener started successfully
2025-06-04 20:09:26,606 - INFO - Input controller initialized (safe mode)
2025-06-04 20:09:26,606 - INFO - 🚨 Emergency shutdown: Press Ctrl+1 to immediately stop agent
2025-06-04 20:09:26,610 - INFO - Connected to Ollama API v0.6.8
2025-06-04 20:09:26,610 - INFO - LLaVA visual processor initialized for total screen analysis
2025-06-04 20:09:26,610 - INFO - Total Screen Analyzer initialized with 8s interval
2025-06-04 20:09:26,610 - INFO - 🤖 Universal automation components loaded successfully
2025-06-04 20:09:26,610 - INFO - ✅ Universal automation handler loaded successfully
2025-06-04 20:09:26,611 - INFO - Port 8768 is available
2025-06-04 20:09:26,611 - INFO - Starting ultimate DO button server on localhost:8768
2025-06-04 20:09:26,623 - INFO - server listening on 127.0.0.1:8768
2025-06-04 20:09:26,623 - INFO - server listening on [::1]:8768
2025-06-04 20:09:26,623 - INFO - ✅ Ultimate DO Button Server running on ws://localhost:8768
2025-06-04 20:09:26,623 - INFO - 📋 Server supports all three message formats: agent_confirmation, button_action, and do_button
2025-06-04 20:10:49,222 - INFO - Detected screen size: 1470x956
2025-06-04 20:10:49,224 - INFO - Standard mouse listener started successfully
2025-06-04 20:10:49,224 - INFO - Keyboard listener started successfully
2025-06-04 20:10:49,224 - INFO - Input controller initialized (safe mode)
2025-06-04 20:10:49,224 - INFO - 🚨 Emergency shutdown: Press Ctrl+1 to immediately stop agent
2025-06-04 20:10:49,224 - INFO - ✅ Input controller loaded successfully
2025-06-04 20:10:49,230 - INFO - Loaded 2 plans from metadata
2025-06-04 20:10:49,230 - INFO - Plan persistence system initialized
2025-06-04 20:10:49,230 - INFO - ✅ Plan persistence module loaded successfully
2025-06-04 20:10:49,231 - INFO - 🤖 Basic automation handler initialized
2025-06-04 20:10:49,231 - INFO - 🤖 Basic automation handler initialized
2025-06-04 20:10:49,231 - INFO - ✅ Real agent automation handler loaded successfully
2025-06-04 20:10:49,649 - INFO - Standard mouse listener started successfully
2025-06-04 20:10:49,649 - INFO - Keyboard listener started successfully
2025-06-04 20:10:49,650 - INFO - Input controller initialized (safe mode)
2025-06-04 20:10:49,650 - INFO - 🚨 Emergency shutdown: Press Ctrl+1 to immediately stop agent
2025-06-04 20:10:49,751 - INFO - Connected to Ollama API v0.6.8
2025-06-04 20:10:49,751 - INFO - LLaVA visual processor initialized for total screen analysis
2025-06-04 20:10:49,752 - INFO - Total Screen Analyzer initialized with 8s interval
2025-06-04 20:10:49,752 - INFO - 🔄 Adaptive retry automation system loaded
2025-06-04 20:10:49,752 - INFO - ✅ Adaptive retry automation handler loaded successfully
2025-06-04 20:10:49,752 - INFO - ✅ Plan persistence module loaded successfully
2025-06-04 20:10:49,754 - INFO - Standard mouse listener started successfully
2025-06-04 20:10:49,754 - INFO - Keyboard listener started successfully
2025-06-04 20:10:49,754 - INFO - Input controller initialized (safe mode)
2025-06-04 20:10:49,755 - INFO - 🚨 Emergency shutdown: Press Ctrl+1 to immediately stop agent
2025-06-04 20:10:49,757 - INFO - Connected to Ollama API v0.6.8
2025-06-04 20:10:49,757 - INFO - LLaVA visual processor initialized for total screen analysis
2025-06-04 20:10:49,757 - INFO - Total Screen Analyzer initialized with 8s interval
2025-06-04 20:10:49,757 - INFO - 🤖 Universal automation components loaded successfully
2025-06-04 20:10:49,757 - INFO - ✅ Universal automation handler loaded successfully
2025-06-04 20:10:49,758 - INFO - Port 8768 is available
2025-06-04 20:10:49,758 - INFO - Starting ultimate DO button server on localhost:8768
2025-06-04 20:10:49,770 - INFO - server listening on 127.0.0.1:8768
2025-06-04 20:10:49,770 - INFO - server listening on [::1]:8768
2025-06-04 20:10:49,770 - INFO - ✅ Ultimate DO Button Server running on ws://localhost:8768
2025-06-04 20:10:49,770 - INFO - 📋 Server supports all three message formats: agent_confirmation, button_action, and do_button
2025-06-04 20:11:47,099 - INFO - Detected screen size: 1470x956
2025-06-04 20:11:47,100 - INFO - Standard mouse listener started successfully
2025-06-04 20:11:47,100 - INFO - Keyboard listener started successfully
2025-06-04 20:11:47,100 - INFO - Input controller initialized (safe mode)
2025-06-04 20:11:47,100 - INFO - 🚨 Emergency shutdown: Press Ctrl+1 to immediately stop agent
2025-06-04 20:11:47,100 - INFO - ✅ Input controller loaded successfully
2025-06-04 20:11:47,104 - INFO - Loaded 2 plans from metadata
2025-06-04 20:11:47,105 - INFO - Plan persistence system initialized
2025-06-04 20:11:47,105 - INFO - ✅ Plan persistence module loaded successfully
2025-06-04 20:11:47,106 - INFO - 🤖 Basic automation handler initialized
2025-06-04 20:11:47,106 - INFO - 🤖 Basic automation handler initialized
2025-06-04 20:11:47,107 - INFO - ✅ Real agent automation handler loaded successfully
2025-06-04 20:11:47,453 - INFO - Standard mouse listener started successfully
2025-06-04 20:11:47,453 - INFO - Keyboard listener started successfully
2025-06-04 20:11:47,453 - INFO - Input controller initialized (safe mode)
2025-06-04 20:11:47,453 - INFO - 🚨 Emergency shutdown: Press Ctrl+1 to immediately stop agent
2025-06-04 20:11:47,501 - INFO - Connected to Ollama API v0.6.8
2025-06-04 20:11:47,501 - INFO - LLaVA visual processor initialized for total screen analysis
2025-06-04 20:11:47,501 - INFO - Total Screen Analyzer initialized with 8s interval
2025-06-04 20:11:47,501 - INFO - 🔄 Adaptive retry automation system loaded
2025-06-04 20:11:47,501 - INFO - ✅ Adaptive retry automation handler loaded successfully
2025-06-04 20:11:47,501 - INFO - ✅ Plan persistence module loaded successfully
2025-06-04 20:11:47,502 - INFO - Standard mouse listener started successfully
2025-06-04 20:11:47,502 - INFO - Keyboard listener started successfully
2025-06-04 20:11:47,502 - INFO - Input controller initialized (safe mode)
2025-06-04 20:11:47,502 - INFO - 🚨 Emergency shutdown: Press Ctrl+1 to immediately stop agent
2025-06-04 20:11:47,505 - INFO - Connected to Ollama API v0.6.8
2025-06-04 20:11:47,505 - INFO - LLaVA visual processor initialized for total screen analysis
2025-06-04 20:11:47,505 - INFO - Total Screen Analyzer initialized with 8s interval
2025-06-04 20:11:47,505 - INFO - 🤖 Universal automation components loaded successfully
2025-06-04 20:11:47,505 - INFO - ✅ Universal automation handler loaded successfully
2025-06-04 20:11:47,505 - INFO - Port 8768 is available
2025-06-04 20:11:47,506 - INFO - Starting ultimate DO button server on localhost:8768
2025-06-04 20:11:47,515 - INFO - server listening on 127.0.0.1:8768
2025-06-04 20:11:47,515 - INFO - server listening on [::1]:8768
2025-06-04 20:11:47,515 - INFO - ✅ Ultimate DO Button Server running on ws://localhost:8768
2025-06-04 20:11:47,515 - INFO - 📋 Server supports all three message formats: agent_confirmation, button_action, and do_button
2025-06-04 23:40:10,716 - INFO - Detected screen size: 1470x956
2025-06-04 23:40:10,717 - INFO - Standard mouse listener started successfully
2025-06-04 23:40:10,717 - INFO - Keyboard listener started successfully
2025-06-04 23:40:10,717 - INFO - Input controller initialized (safe mode)
2025-06-04 23:40:10,717 - INFO - 🚨 Emergency shutdown: Press Ctrl+1 to immediately stop agent
2025-06-04 23:40:10,717 - INFO - ✅ Input controller loaded successfully
2025-06-04 23:40:10,723 - INFO - Loaded 2 plans from metadata
2025-06-04 23:40:10,723 - INFO - Plan persistence system initialized
2025-06-04 23:40:10,723 - INFO - ✅ Plan persistence module loaded successfully
2025-06-04 23:40:10,723 - INFO - 🤖 Basic automation handler initialized
2025-06-04 23:40:10,723 - INFO - 🤖 Basic automation handler initialized
2025-06-04 23:40:10,723 - INFO - ✅ Real agent automation handler loaded successfully
2025-06-04 23:40:11,283 - INFO - Standard mouse listener started successfully
2025-06-04 23:40:11,283 - INFO - Keyboard listener started successfully
2025-06-04 23:40:11,283 - INFO - Input controller initialized (safe mode)
2025-06-04 23:40:11,283 - INFO - 🚨 Emergency shutdown: Press Ctrl+1 to immediately stop agent
2025-06-04 23:40:11,335 - INFO - Connected to Ollama API v0.6.8
2025-06-04 23:40:11,335 - INFO - LLaVA visual processor initialized for total screen analysis
2025-06-04 23:40:11,335 - INFO - Total Screen Analyzer initialized with 8s interval
2025-06-04 23:40:11,335 - INFO - 🔄 Adaptive retry automation system loaded
2025-06-04 23:40:11,335 - INFO - ✅ Adaptive retry automation handler loaded successfully
2025-06-04 23:40:11,335 - INFO - ✅ Plan persistence module loaded successfully
2025-06-04 23:40:11,337 - INFO - Standard mouse listener started successfully
2025-06-04 23:40:11,337 - INFO - Keyboard listener started successfully
2025-06-04 23:40:11,337 - INFO - Input controller initialized (safe mode)
2025-06-04 23:40:11,337 - INFO - 🚨 Emergency shutdown: Press Ctrl+1 to immediately stop agent
2025-06-04 23:40:11,339 - INFO - Connected to Ollama API v0.6.8
2025-06-04 23:40:11,339 - INFO - LLaVA visual processor initialized for total screen analysis
2025-06-04 23:40:11,339 - INFO - Total Screen Analyzer initialized with 8s interval
2025-06-04 23:40:11,339 - INFO - 🤖 Universal automation components loaded successfully
2025-06-04 23:40:11,339 - INFO - ✅ Universal automation handler loaded successfully
2025-06-04 23:40:11,340 - INFO - Port 8768 is available
2025-06-04 23:40:11,340 - INFO - Starting ultimate DO button server on localhost:8768
2025-06-04 23:40:11,354 - INFO - server listening on [::1]:8768
2025-06-04 23:40:11,354 - INFO - server listening on 127.0.0.1:8768
2025-06-04 23:40:11,354 - INFO - ✅ Ultimate DO Button Server running on ws://localhost:8768
2025-06-04 23:40:11,354 - INFO - 📋 Server supports all three message formats: agent_confirmation, button_action, and do_button
2025-06-05 00:59:12,473 - INFO - Detected screen size: 1470x956
2025-06-05 00:59:12,474 - INFO - Standard mouse listener started successfully
2025-06-05 00:59:12,474 - INFO - Keyboard listener started successfully
2025-06-05 00:59:12,474 - INFO - Input controller initialized (safe mode)
2025-06-05 00:59:12,474 - INFO - 🚨 Emergency shutdown: Press Ctrl+1 to immediately stop agent
2025-06-05 00:59:12,474 - INFO - ✅ Input controller loaded successfully
2025-06-05 00:59:12,477 - INFO - Loaded 2 plans from metadata
2025-06-05 00:59:12,477 - INFO - Plan persistence system initialized
2025-06-05 00:59:12,477 - INFO - ✅ Plan persistence module loaded successfully
2025-06-05 00:59:12,478 - INFO - 🤖 Basic automation handler initialized
2025-06-05 00:59:12,478 - INFO - 🤖 Basic automation handler initialized
2025-06-05 00:59:12,478 - INFO - ✅ Real agent automation handler loaded successfully
2025-06-05 00:59:12,776 - INFO - Standard mouse listener started successfully
2025-06-05 00:59:12,776 - INFO - Keyboard listener started successfully
2025-06-05 00:59:12,776 - INFO - Input controller initialized (safe mode)
2025-06-05 00:59:12,776 - INFO - 🚨 Emergency shutdown: Press Ctrl+1 to immediately stop agent
2025-06-05 00:59:12,830 - INFO - Connected to Ollama API v0.6.8
2025-06-05 00:59:12,830 - INFO - LLaVA visual processor initialized for total screen analysis
2025-06-05 00:59:12,830 - INFO - Total Screen Analyzer initialized with 8s interval
2025-06-05 00:59:12,830 - INFO - 🔄 Adaptive retry automation system loaded
2025-06-05 00:59:12,830 - INFO - ✅ Adaptive retry automation handler loaded successfully
2025-06-05 00:59:12,830 - INFO - ✅ Plan persistence module loaded successfully
2025-06-05 00:59:12,832 - INFO - Standard mouse listener started successfully
2025-06-05 00:59:12,832 - INFO - Keyboard listener started successfully
2025-06-05 00:59:12,832 - INFO - Input controller initialized (safe mode)
2025-06-05 00:59:12,832 - INFO - 🚨 Emergency shutdown: Press Ctrl+1 to immediately stop agent
2025-06-05 00:59:12,834 - INFO - Connected to Ollama API v0.6.8
2025-06-05 00:59:12,834 - INFO - LLaVA visual processor initialized for total screen analysis
2025-06-05 00:59:12,834 - INFO - Total Screen Analyzer initialized with 8s interval
2025-06-05 00:59:12,834 - INFO - 🤖 Universal automation components loaded successfully
2025-06-05 00:59:12,834 - INFO - ✅ Universal automation handler loaded successfully
2025-06-05 00:59:12,835 - INFO - Port 8768 is available
2025-06-05 00:59:12,835 - INFO - Starting ultimate DO button server on localhost:8768
2025-06-05 00:59:12,845 - INFO - server listening on [::1]:8768
2025-06-05 00:59:12,845 - INFO - server listening on 127.0.0.1:8768
2025-06-05 00:59:12,845 - INFO - ✅ Ultimate DO Button Server running on ws://localhost:8768
2025-06-05 00:59:12,845 - INFO - 📋 Server supports all three message formats: agent_confirmation, button_action, and do_button
2025-06-05 01:05:10,972 - INFO - Detected screen size: 1470x956
2025-06-05 01:05:10,973 - INFO - Standard mouse listener started successfully
2025-06-05 01:05:10,973 - INFO - Keyboard listener started successfully
2025-06-05 01:05:10,973 - INFO - Input controller initialized (safe mode)
2025-06-05 01:05:10,973 - INFO - 🚨 Emergency shutdown: Press Ctrl+1 to immediately stop agent
2025-06-05 01:05:10,973 - INFO - ✅ Input controller loaded successfully
2025-06-05 01:05:10,977 - INFO - Loaded 2 plans from metadata
2025-06-05 01:05:10,977 - INFO - Plan persistence system initialized
2025-06-05 01:05:10,977 - INFO - ✅ Plan persistence module loaded successfully
2025-06-05 01:05:10,978 - INFO - 🤖 Basic automation handler initialized
2025-06-05 01:05:10,978 - INFO - 🤖 Basic automation handler initialized
2025-06-05 01:05:10,978 - INFO - ✅ Real agent automation handler loaded successfully
2025-06-05 01:05:11,263 - INFO - Standard mouse listener started successfully
2025-06-05 01:05:11,263 - INFO - Keyboard listener started successfully
2025-06-05 01:05:11,263 - INFO - Input controller initialized (safe mode)
2025-06-05 01:05:11,263 - INFO - 🚨 Emergency shutdown: Press Ctrl+1 to immediately stop agent
2025-06-05 01:05:11,326 - INFO - Connected to Ollama API v0.6.8
2025-06-05 01:05:11,326 - INFO - LLaVA visual processor initialized for total screen analysis
2025-06-05 01:05:11,326 - INFO - Total Screen Analyzer initialized with 8s interval
2025-06-05 01:05:11,326 - INFO - 🔄 Adaptive retry automation system loaded
2025-06-05 01:05:11,327 - INFO - ✅ Adaptive retry automation handler loaded successfully
2025-06-05 01:05:11,327 - INFO - ✅ Plan persistence module loaded successfully
2025-06-05 01:05:11,328 - INFO - Standard mouse listener started successfully
2025-06-05 01:05:11,328 - INFO - Keyboard listener started successfully
2025-06-05 01:05:11,328 - INFO - Input controller initialized (safe mode)
2025-06-05 01:05:11,328 - INFO - 🚨 Emergency shutdown: Press Ctrl+1 to immediately stop agent
2025-06-05 01:05:11,331 - INFO - Connected to Ollama API v0.6.8
2025-06-05 01:05:11,331 - INFO - LLaVA visual processor initialized for total screen analysis
2025-06-05 01:05:11,331 - INFO - Total Screen Analyzer initialized with 8s interval
2025-06-05 01:05:11,331 - INFO - 🤖 Universal automation components loaded successfully
2025-06-05 01:05:11,331 - INFO - ✅ Universal automation handler loaded successfully
2025-06-05 01:05:11,331 - INFO - Port 8768 is available
2025-06-05 01:05:11,331 - INFO - Starting ultimate DO button server on localhost:8768
2025-06-05 01:05:11,341 - INFO - server listening on 127.0.0.1:8768
2025-06-05 01:05:11,341 - INFO - server listening on [::1]:8768
2025-06-05 01:05:11,341 - INFO - ✅ Ultimate DO Button Server running on ws://localhost:8768
2025-06-05 01:05:11,341 - INFO - 📋 Server supports all three message formats: agent_confirmation, button_action, and do_button
